# Blender 4.4.1
# www.blender.org
mtllib Pawn.mtl
o chessKitExport.002
v -0.073125 1.371353 -0.089393
v -0.094675 1.389574 -0.115738
v -0.097170 1.371353 -0.062422
v -0.041922 1.371353 -0.107615
v -0.073125 1.356318 -0.089393
v -0.097170 1.356318 -0.062422
v -0.041922 1.356318 -0.107615
v -0.098601 1.334961 -0.120538
v -0.056527 1.334961 -0.145107
v -0.125086 1.307750 -0.152915
v -0.131023 1.334961 -0.084168
v -0.150620 1.334961 -0.039561
v -0.166216 1.307750 -0.106776
v -0.191077 1.307750 -0.050187
v -0.203401 1.284002 -0.130664
v -0.233823 1.284002 -0.061414
v -0.153069 1.284002 -0.187123
v -0.228190 1.268170 -0.146588
v -0.262321 1.268170 -0.068899
v -0.230581 1.263474 -0.148124
v -0.171724 1.268170 -0.209929
v -0.173523 1.263474 -0.212128
v -0.098448 1.268170 -0.252721
v -0.099479 1.263474 -0.255368
v -0.087753 1.284002 -0.225266
v -0.015536 1.268170 -0.270773
v 0.068898 1.268170 -0.262322
v -0.015698 1.263474 -0.273610
v -0.013848 1.284002 -0.241358
v 0.061413 1.284002 -0.233825
v -0.011316 1.307750 -0.197234
v -0.008921 1.334961 -0.155474
v 0.050187 1.307750 -0.191078
v -0.071710 1.307750 -0.184085
v 0.039560 1.334961 -0.150620
v 0.106777 1.307750 -0.166218
v 0.152913 1.307750 -0.125086
v 0.130663 1.284002 -0.203403
v 0.084168 1.334961 -0.131024
v 0.062421 1.356318 -0.097170
v 0.120537 1.334961 -0.098601
v 0.089393 1.356318 -0.073125
v 0.145106 1.334961 -0.056528
v 0.107614 1.356318 -0.041922
v 0.155473 1.334961 -0.008921
v 0.184083 1.307750 -0.071712
v 0.197233 1.307750 -0.011316
v 0.225264 1.284002 -0.087754
v 0.241357 1.284002 -0.013849
v 0.187122 1.284002 -0.153069
v 0.252718 1.268170 -0.098449
v 0.270772 1.268170 -0.015535
v 0.255365 1.263474 -0.099480
v 0.209928 1.268170 -0.171725
v 0.212127 1.263474 -0.173523
v 0.146588 1.268170 -0.228192
v 0.148123 1.263474 -0.230582
v 0.149072 1.258344 -0.232059
v 0.069620 1.263474 -0.265070
v 0.070065 1.258344 -0.266767
v 0.070216 1.252994 -0.267340
v -0.015799 1.258344 -0.275362
v -0.015832 1.252994 -0.275953
v -0.100116 1.258344 -0.257002
v -0.100331 1.252994 -0.257555
v -0.174633 1.258344 -0.213486
v -0.232057 1.258344 -0.149072
v -0.175009 1.252994 -0.213945
v -0.232556 1.252994 -0.149393
v -0.175009 1.222463 -0.213945
v -0.100332 1.222463 -0.257555
v -0.174556 1.220184 -0.213392
v -0.232556 1.222463 -0.149393
v -0.267338 1.222463 -0.070217
v -0.231954 1.220184 -0.149006
v -0.266647 1.220184 -0.070035
v -0.230389 1.218806 -0.148001
v -0.173378 1.218806 -0.211952
v -0.264847 1.218806 -0.069562
v -0.210885 1.211459 -0.135473
v -0.158702 1.211459 -0.194010
v -0.242427 1.211459 -0.063674
v -0.124204 1.210627 -0.079789
v -0.093470 1.210627 -0.114265
v -0.142782 1.210627 -0.037502
v -0.121667 1.184246 -0.078158
v -0.091560 1.184246 -0.111930
v -0.139864 1.184246 -0.036736
v -0.118013 1.142659 -0.075811
v -0.088810 1.142659 -0.108569
v -0.135663 1.142659 -0.035632
v -0.115854 1.105426 -0.074425
v -0.087186 1.105426 -0.106583
v -0.133182 1.105426 -0.034980
v -0.112955 1.064515 -0.072562
v -0.115197 1.023698 -0.074003
v -0.085003 1.064515 -0.103915
v -0.129848 1.064515 -0.034105
v -0.134032 1.064515 0.007691
v -0.132426 1.023698 -0.034782
v -0.136693 1.023698 0.007843
v -0.135481 0.976914 -0.035585
v -0.117855 0.976914 -0.075710
v -0.139848 0.976914 0.008024
v -0.140308 0.927178 -0.036853
v -0.144830 0.927178 0.008309
v -0.152742 0.881234 -0.040119
v -0.122054 0.927178 -0.078408
v -0.132870 0.881234 -0.085356
v -0.091851 0.927178 -0.112286
v -0.099991 0.881234 -0.122238
v -0.052657 0.927178 -0.135174
v -0.088692 0.976914 -0.108424
v -0.086691 1.023698 -0.105978
v -0.050846 0.976914 -0.130525
v -0.008023 0.976914 -0.139849
v -0.049699 1.023698 -0.127580
v -0.048732 1.064515 -0.125097
v -0.007843 1.023698 -0.136693
v -0.007690 1.064515 -0.134033
v 0.034783 1.023698 -0.132427
v 0.074001 1.023698 -0.115198
v 0.034105 1.064515 -0.129850
v 0.035585 0.976914 -0.135483
v 0.075709 0.976914 -0.117856
v 0.036853 0.927178 -0.140310
v -0.008309 0.927178 -0.144831
v 0.040119 0.881234 -0.152744
v 0.078406 0.927178 -0.122055
v 0.085355 0.881234 -0.132870
v 0.112285 0.927177 -0.091851
v 0.108423 0.976914 -0.088692
v 0.122235 0.881234 -0.099992
v 0.135175 0.927178 -0.052658
v 0.130525 0.976914 -0.050846
v 0.147153 0.881234 -0.057324
v 0.144831 0.927178 -0.008310
v 0.139849 0.976914 -0.008024
v 0.157665 0.881234 -0.009046
v 0.140309 0.927178 0.036852
v 0.152743 0.881234 0.040118
v 0.122054 0.927178 0.078407
v 0.135483 0.976914 0.035584
v 0.117856 0.976914 0.075710
v 0.132427 1.023698 0.034782
v 0.129848 1.064515 0.034105
v 0.115197 1.023698 0.074002
v 0.136693 1.023698 -0.007843
v 0.134033 1.064516 -0.007690
v 0.127581 1.023698 -0.049699
v 0.105977 1.023698 -0.086691
v 0.125097 1.064515 -0.048732
v 0.103914 1.064515 -0.085004
v 0.128308 1.105426 -0.049983
v 0.130698 1.142659 -0.050914
v 0.137474 1.105426 -0.007887
v 0.106582 1.105426 -0.087186
v 0.108567 1.142659 -0.088811
v 0.074423 1.105426 -0.115855
v 0.075810 1.142659 -0.118014
v 0.034980 1.105426 -0.133183
v 0.072560 1.064515 -0.112955
v -0.007887 1.105426 -0.137474
v 0.035632 1.142659 -0.135664
v 0.036736 1.184246 -0.139865
v -0.008035 1.142659 -0.140035
v -0.008283 1.184246 -0.144371
v -0.050914 1.142659 -0.130698
v -0.052490 1.184246 -0.134746
v -0.049983 1.105426 -0.128308
v -0.053586 1.210627 -0.137557
v -0.008456 1.210627 -0.147383
v -0.090982 1.211458 -0.233555
v -0.014357 1.211458 -0.250239
v -0.099397 1.218806 -0.255155
v -0.100072 1.220184 -0.256889
v -0.015685 1.218806 -0.273382
v 0.069562 1.218806 -0.264849
v -0.015791 1.220184 -0.275240
v 0.070035 1.220184 -0.266649
v -0.015832 1.222463 -0.275953
v 0.070216 1.222463 -0.267340
v 0.149392 1.222463 -0.232557
v 0.149392 1.252994 -0.232557
v 0.213944 1.222463 -0.175010
v 0.149006 1.220184 -0.231956
v 0.148000 1.218806 -0.230391
v 0.213390 1.220184 -0.174558
v 0.256887 1.220184 -0.100072
v 0.211950 1.218806 -0.173380
v 0.194008 1.211459 -0.158703
v 0.255154 1.218806 -0.099397
v 0.273380 1.218806 -0.015686
v 0.233554 1.211459 -0.090983
v 0.250238 1.211459 -0.014358
v 0.137555 1.210627 -0.053586
v 0.147382 1.210627 -0.008456
v 0.114264 1.210627 -0.093471
v 0.134745 1.184246 -0.052491
v 0.144370 1.184246 -0.008283
v 0.111929 1.184246 -0.091560
v 0.078157 1.184246 -0.121668
v 0.079788 1.210627 -0.124206
v 0.135471 1.211459 -0.210887
v 0.037502 1.210627 -0.142782
v 0.063673 1.211459 -0.242429
v 0.139864 1.184246 0.036735
v 0.140034 1.142660 -0.008035
v 0.135663 1.142659 0.035632
v 0.118013 1.142659 0.075810
v 0.133182 1.105426 0.034980
v 0.115855 1.105426 0.074423
v 0.087186 1.105426 0.106583
v 0.112955 1.064515 0.072561
v 0.085003 1.064515 0.103914
v 0.086691 1.023698 0.105978
v 0.048732 1.064516 0.125097
v 0.049984 1.105426 0.128308
v 0.049699 1.023698 0.127580
v 0.007690 1.064516 0.134033
v 0.007842 1.023698 0.136694
v -0.034105 1.064516 0.129849
v 0.007887 1.105426 0.137474
v 0.008035 1.142659 0.140035
v -0.034980 1.105426 0.133183
v -0.035632 1.142659 0.135664
v -0.074424 1.105426 0.115855
v -0.075810 1.142659 0.118013
v -0.106582 1.105426 0.087186
v -0.072561 1.064515 0.112955
v -0.074001 1.023698 0.115197
v -0.103915 1.064515 0.085004
v -0.105978 1.023698 0.086692
v -0.125097 1.064515 0.048732
v -0.127580 1.023698 0.049700
v -0.128308 1.105426 0.049984
v -0.137474 1.105426 0.007888
v -0.130698 1.142659 0.050914
v -0.134745 1.184246 0.052491
v -0.140034 1.142659 0.008035
v -0.108567 1.142659 0.088810
v -0.111929 1.184246 0.091560
v -0.114265 1.210627 0.093471
v -0.078158 1.184246 0.121666
v -0.079789 1.210627 0.124205
v -0.036735 1.184246 0.139865
v -0.037501 1.210627 0.142782
v 0.008283 1.184246 0.144371
v 0.008456 1.210627 0.147383
v 0.052491 1.184246 0.134746
v 0.091559 1.184246 0.111930
v 0.050915 1.142659 0.130699
v 0.053586 1.210627 0.137557
v 0.090983 1.211459 0.233554
v 0.093470 1.210627 0.114264
v 0.158701 1.211459 0.194009
v 0.124204 1.210627 0.079788
v 0.210885 1.211459 0.135471
v 0.142782 1.210627 0.037502
v 0.121666 1.184246 0.078158
v 0.242427 1.211459 0.063674
v 0.264847 1.218806 0.069562
v 0.230389 1.218806 0.148001
v 0.266647 1.220184 0.070035
v 0.231954 1.220184 0.149006
v 0.267339 1.222463 0.070217
v 0.275238 1.220184 -0.015792
v 0.275952 1.222463 -0.015833
v 0.275952 1.252994 -0.015833
v 0.257553 1.222463 -0.100332
v 0.257553 1.252994 -0.100333
v 0.257001 1.258344 -0.100117
v 0.213943 1.252994 -0.175010
v 0.213485 1.258344 -0.174635
v 0.275360 1.258344 -0.015799
v 0.266765 1.258344 0.070065
v 0.273609 1.263474 -0.015698
v 0.265068 1.263474 0.069620
v 0.230581 1.263474 0.148124
v 0.262321 1.268170 0.068899
v 0.228190 1.268170 0.146588
v 0.233823 1.284002 0.061413
v 0.203401 1.284002 0.130664
v 0.191077 1.307750 0.050186
v 0.150620 1.334961 0.039561
v 0.166216 1.307750 0.106776
v 0.131023 1.334961 0.084168
v 0.125086 1.307750 0.152914
v 0.098601 1.334961 0.120538
v 0.071711 1.307750 0.184084
v 0.153069 1.284002 0.187123
v 0.087754 1.284002 0.225266
v 0.171724 1.268170 0.209929
v 0.098448 1.268170 0.252720
v 0.173523 1.263474 0.212128
v 0.174633 1.258344 0.213486
v 0.099480 1.263474 0.255368
v 0.015698 1.263474 0.273609
v 0.100116 1.258344 0.257002
v 0.015798 1.258344 0.275361
v 0.100332 1.252994 0.257554
v 0.015832 1.252994 0.275953
v 0.175009 1.252994 0.213945
v 0.100332 1.222463 0.257554
v 0.175009 1.222463 0.213945
v 0.100072 1.220184 0.256889
v 0.015832 1.222463 0.275953
v -0.070216 1.222463 0.267340
v 0.015791 1.220184 0.275240
v 0.015685 1.218806 0.273382
v -0.070035 1.220184 0.266649
v -0.149005 1.220184 0.231956
v -0.069563 1.218806 0.264849
v -0.063673 1.211459 0.242428
v -0.148000 1.218806 0.230390
v -0.211950 1.218806 0.173380
v -0.135471 1.211459 0.210887
v -0.194008 1.211459 0.158702
v -0.233554 1.211459 0.090983
v -0.250237 1.211459 0.014357
v -0.255154 1.218806 0.099397
v -0.137555 1.210627 0.053585
v -0.147382 1.210627 0.008456
v -0.144370 1.184246 0.008283
v -0.273381 1.218806 0.015685
v -0.256888 1.220184 0.100073
v -0.275238 1.220184 0.015792
v -0.257553 1.222463 0.100332
v -0.213390 1.220184 0.174558
v -0.213943 1.222463 0.175010
v -0.213943 1.252994 0.175010
v -0.149392 1.222463 0.232557
v -0.149391 1.252994 0.232557
v -0.149070 1.258344 0.232058
v -0.070216 1.252994 0.267339
v -0.070065 1.258344 0.266766
v -0.069620 1.263474 0.265069
v -0.148123 1.263474 0.230582
v -0.068898 1.268170 0.262322
v 0.015535 1.268170 0.270773
v -0.061413 1.284002 0.233825
v -0.146588 1.268170 0.228192
v -0.209927 1.268170 0.171725
v -0.130663 1.284002 0.203402
v -0.106776 1.307750 0.166217
v -0.187122 1.284002 0.153069
v -0.152914 1.307750 0.125087
v -0.225264 1.284002 0.087754
v -0.241356 1.284002 0.013848
v -0.184083 1.307750 0.071711
v -0.252719 1.268170 0.098449
v -0.270772 1.268170 0.015535
v -0.255366 1.263474 0.099480
v -0.257001 1.258344 0.100117
v -0.212127 1.263474 0.173524
v -0.273608 1.263474 0.015698
v -0.265068 1.263474 -0.069620
v -0.275360 1.258344 0.015799
v -0.266764 1.258344 -0.070065
v -0.275952 1.252994 0.015832
v -0.267338 1.252994 -0.070217
v -0.257553 1.252994 0.100332
v -0.275952 1.222463 0.015833
v -0.213484 1.258344 0.174635
v -0.145107 1.334961 0.056527
v -0.197233 1.307750 0.011316
v -0.155473 1.334961 0.008920
v -0.115302 1.356318 0.006615
v -0.115302 1.371353 0.006615
v -0.111703 1.356318 -0.029339
v -0.107614 1.356318 0.041922
v -0.107614 1.371353 0.041922
v -0.089393 1.356318 0.073125
v -0.062420 1.356318 0.097170
v -0.120537 1.334961 0.098602
v -0.089393 1.371353 0.073125
v -0.115737 1.389574 0.094675
v -0.062420 1.371353 0.097170
v -0.080817 1.389574 0.125806
v -0.029339 1.371353 0.111703
v -0.037985 1.389574 0.144624
v 0.006615 1.371353 0.115303
v -0.029339 1.356318 0.111703
v 0.006615 1.356318 0.115303
v -0.039560 1.334961 0.150620
v -0.084168 1.334961 0.131023
v 0.008921 1.334961 0.155473
v -0.050186 1.307750 0.191078
v 0.011316 1.307750 0.197234
v 0.013848 1.284002 0.241358
v 0.056527 1.334961 0.145108
v 0.041922 1.356318 0.107615
v 0.073125 1.356318 0.089393
v 0.041922 1.371353 0.107615
v 0.054277 1.389574 0.139330
v 0.073125 1.371353 0.089393
v 0.094675 1.389574 0.115738
v 0.097170 1.371353 0.062421
v 0.125807 1.389574 0.080817
v 0.111703 1.371353 0.029339
v 0.097170 1.356318 0.062421
v 0.111703 1.356318 0.029339
v 0.115302 1.356318 -0.006615
v 0.115302 1.371353 -0.006615
v 0.149282 1.389574 -0.008565
v 0.107614 1.371353 -0.041922
v 0.139329 1.389574 -0.054277
v 0.089393 1.371353 -0.073125
v 0.115738 1.389574 -0.094676
v 0.062421 1.371353 -0.097170
v 0.080817 1.389574 -0.125807
v 0.029339 1.371353 -0.111704
v 0.037985 1.389574 -0.144624
v -0.006616 1.371353 -0.115303
v 0.029339 1.356318 -0.111704
v -0.006616 1.356318 -0.115303
v -0.008565 1.389574 -0.149284
v -0.054276 1.389574 -0.139330
v -0.010303 1.417306 -0.179588
v -0.065295 1.417306 -0.167615
v -0.011789 1.449775 -0.205470
v 0.045696 1.417306 -0.173982
v 0.097222 1.417306 -0.151346
v 0.052282 1.449775 -0.199057
v 0.111235 1.449775 -0.173158
v 0.057580 1.486183 -0.219230
v 0.122507 1.486183 -0.190707
v -0.012983 1.486183 -0.226294
v 0.061461 1.525632 -0.234006
v 0.130764 1.525632 -0.203560
v -0.013858 1.525632 -0.241545
v 0.063828 1.567152 -0.243019
v 0.135801 1.567152 -0.211401
v -0.014393 1.567152 -0.250849
v 0.064624 1.609720 -0.246048
v 0.137494 1.609720 -0.214036
v -0.014572 1.609720 -0.253976
v 0.063828 1.652289 -0.243019
v 0.135801 1.652289 -0.211401
v -0.014393 1.652289 -0.250849
v 0.061461 1.693809 -0.234006
v 0.130764 1.693809 -0.203560
v -0.013858 1.693809 -0.241545
v 0.057580 1.733258 -0.219230
v 0.122507 1.733258 -0.190707
v -0.012983 1.733258 -0.226294
v 0.052282 1.769666 -0.199057
v 0.111235 1.769666 -0.173158
v -0.011789 1.769666 -0.205470
v 0.045696 1.802135 -0.173982
v 0.097222 1.802135 -0.151346
v -0.010303 1.802135 -0.179588
v 0.037985 1.829867 -0.144624
v 0.080817 1.829867 -0.125808
v -0.008565 1.829867 -0.149284
v 0.029339 1.852177 -0.111704
v 0.062421 1.852177 -0.097170
v -0.006616 1.852177 -0.115303
v 0.019970 1.868518 -0.076033
v 0.042488 1.868518 -0.066141
v -0.004503 1.868518 -0.078483
v 0.010109 1.878486 -0.038490
v 0.021509 1.878486 -0.033483
v -0.002279 1.878486 -0.039732
v 0.000000 1.881836 -0.000000
v -0.038490 1.878486 -0.010110
v 0.025198 1.878486 0.030803
v -0.039731 1.878486 0.002279
v 0.033482 1.878486 0.021509
v -0.014445 1.878486 -0.037082
v -0.037082 1.878486 0.014445
v 0.038490 1.878486 0.010109
v -0.030803 1.878486 0.025197
v 0.039731 1.878486 -0.002280
v -0.021509 1.878486 0.033482
v 0.037082 1.878486 -0.014446
v -0.010109 1.878486 0.038490
v 0.030803 1.878486 -0.025197
v -0.025197 1.878486 -0.030803
v 0.002280 1.878486 0.039730
v -0.033482 1.878486 -0.021509
v 0.014446 1.878486 0.037082
v 0.028535 1.868518 0.073250
v 0.004503 1.868518 0.078482
v 0.049774 1.868518 0.060846
v 0.041922 1.852177 0.107615
v 0.054277 1.829867 0.139330
v 0.006615 1.852177 0.115303
v 0.073125 1.852177 0.089393
v 0.097170 1.852177 0.062421
v 0.094675 1.829867 0.115738
v 0.113895 1.802135 0.139233
v 0.125807 1.829867 0.080817
v 0.151345 1.802135 0.097223
v 0.144622 1.829867 0.037984
v 0.173981 1.802135 0.045696
v 0.149282 1.829867 -0.008565
v 0.111703 1.852177 0.029339
v 0.115302 1.852177 -0.006615
v 0.076033 1.868518 0.019970
v 0.066140 1.868518 0.042488
v 0.078482 1.868518 -0.004503
v 0.073250 1.868518 -0.028535
v 0.060847 1.868518 -0.049774
v 0.107614 1.852177 -0.041922
v 0.139329 1.829867 -0.054277
v 0.089393 1.852177 -0.073125
v 0.115738 1.829867 -0.094676
v 0.139232 1.802135 -0.113895
v 0.159299 1.769666 -0.130310
v 0.167613 1.802135 -0.065296
v 0.191770 1.769666 -0.074706
v 0.179587 1.802135 -0.010304
v 0.205469 1.769666 -0.011789
v 0.226293 1.733258 -0.012984
v 0.199056 1.769666 0.052282
v 0.219229 1.733258 0.057580
v 0.173157 1.769666 0.111235
v 0.190706 1.733258 0.122509
v 0.130309 1.769666 0.159300
v 0.143515 1.733258 0.175444
v 0.074705 1.769666 0.191771
v 0.011789 1.769666 0.205470
v 0.065295 1.802135 0.167614
v 0.082276 1.733258 0.211206
v 0.087822 1.693809 0.225440
v 0.012984 1.733258 0.226293
v 0.013858 1.693809 0.241545
v -0.057580 1.733258 0.219230
v -0.061461 1.693809 0.234005
v -0.122508 1.733258 0.190707
v -0.052281 1.769666 0.199057
v -0.111234 1.769666 0.173158
v -0.045695 1.802135 0.173982
v -0.097222 1.802135 0.151346
v 0.010304 1.802135 0.179588
v -0.037985 1.829867 0.144624
v -0.080817 1.829867 0.125806
v 0.008565 1.829867 0.149283
v -0.029339 1.852177 0.111703
v -0.062420 1.852177 0.097170
v -0.019970 1.868518 0.076033
v -0.042488 1.868518 0.066140
v -0.060847 1.868518 0.049773
v -0.089393 1.852177 0.073125
v -0.073250 1.868518 0.028535
v -0.107614 1.852177 0.041922
v -0.078482 1.868518 0.004503
v -0.115302 1.852177 0.006615
v -0.076032 1.868518 -0.019970
v -0.111703 1.852177 -0.029339
v -0.066140 1.868518 -0.042489
v -0.049773 1.868518 -0.060847
v -0.097170 1.852177 -0.062422
v -0.125806 1.829867 -0.080818
v -0.073125 1.852177 -0.089393
v -0.094675 1.829867 -0.115738
v -0.041922 1.852177 -0.107615
v -0.028535 1.868518 -0.073251
v -0.054276 1.829867 -0.139330
v -0.065295 1.802135 -0.167615
v -0.074705 1.769666 -0.191771
v -0.113894 1.802135 -0.139233
v -0.130309 1.769666 -0.159300
v -0.151345 1.802135 -0.097223
v -0.173157 1.769666 -0.111235
v -0.173981 1.802135 -0.045696
v -0.179587 1.802135 0.010304
v -0.144622 1.829867 -0.037986
v -0.199055 1.769666 -0.052283
v -0.219229 1.733258 -0.057581
v -0.205469 1.769666 0.011788
v -0.226293 1.733258 0.012983
v -0.191770 1.769666 0.074705
v -0.211205 1.733258 0.082276
v -0.159299 1.769666 0.130309
v -0.167613 1.802135 0.065295
v -0.139232 1.802135 0.113895
v -0.139329 1.829867 0.054276
v -0.149282 1.829867 0.008566
v -0.115737 1.829867 0.094675
v -0.175443 1.733258 0.143516
v -0.187267 1.693809 0.153188
v -0.194480 1.652289 0.159089
v -0.225439 1.693809 0.087822
v -0.130764 1.693809 0.203560
v -0.135801 1.652289 0.211400
v -0.137493 1.609720 0.214036
v -0.063828 1.652289 0.243019
v -0.064624 1.609720 0.246048
v 0.014393 1.652289 0.250849
v 0.014572 1.609720 0.253976
v 0.091204 1.652289 0.234124
v 0.092341 1.609720 0.237042
v 0.159088 1.652289 0.194481
v 0.211399 1.652289 0.135801
v 0.153187 1.693809 0.187268
v 0.161071 1.609720 0.196906
v 0.159088 1.567152 0.194481
v 0.214034 1.609720 0.137494
v 0.211399 1.567152 0.135801
v 0.246047 1.609720 0.064624
v 0.243018 1.567152 0.063828
v 0.253974 1.609720 -0.014572
v 0.243018 1.652289 0.063828
v 0.250847 1.652289 -0.014393
v 0.234004 1.693809 0.061461
v 0.203558 1.693809 0.130764
v 0.241544 1.693809 -0.013859
v 0.225439 1.693809 -0.087822
v 0.187267 1.693809 -0.153188
v 0.211205 1.733258 -0.082277
v 0.234122 1.652289 -0.091205
v 0.237040 1.609720 -0.092341
v 0.194480 1.652289 -0.159089
v 0.196904 1.609720 -0.161072
v 0.194480 1.567152 -0.159089
v 0.187267 1.525632 -0.153188
v 0.234122 1.567152 -0.091205
v 0.225439 1.525632 -0.087822
v 0.250847 1.567152 -0.014393
v 0.241544 1.525632 -0.013859
v 0.226293 1.486183 -0.012984
v 0.234004 1.525632 0.061461
v 0.219229 1.486183 0.057580
v 0.203558 1.525632 0.130764
v 0.190706 1.486183 0.122509
v 0.153187 1.525632 0.187268
v 0.143515 1.486183 0.175444
v 0.087822 1.525632 0.225440
v 0.013858 1.525632 0.241545
v 0.091204 1.567152 0.234124
v 0.082276 1.486183 0.211206
v 0.074705 1.449775 0.191771
v 0.012984 1.486183 0.226293
v 0.011789 1.449775 0.205470
v -0.057580 1.486183 0.219230
v -0.052281 1.449775 0.199057
v -0.122508 1.486183 0.190707
v -0.061461 1.525632 0.234005
v -0.130764 1.525632 0.203560
v -0.063828 1.567152 0.243019
v -0.135801 1.567152 0.211400
v 0.014393 1.567152 0.250849
v -0.194480 1.567152 0.159089
v -0.234122 1.567152 0.091204
v -0.196904 1.609720 0.161072
v -0.187267 1.525632 0.153188
v -0.175443 1.486183 0.143516
v -0.225439 1.525632 0.087822
v -0.211205 1.486183 0.082276
v -0.241543 1.525632 0.013859
v -0.226293 1.486183 0.012983
v -0.234004 1.525632 -0.061462
v -0.250847 1.567152 0.014392
v -0.243017 1.567152 -0.063829
v -0.253974 1.609720 0.014572
v -0.246047 1.609720 -0.064625
v -0.237040 1.609720 0.092341
v -0.250847 1.652289 0.014392
v -0.243017 1.652289 -0.063829
v -0.234122 1.652289 0.091204
v -0.241543 1.693809 0.013858
v -0.234004 1.693809 -0.061462
v -0.203558 1.693809 -0.130765
v -0.153188 1.693809 -0.187268
v -0.190706 1.733258 -0.122509
v -0.211399 1.652289 -0.135802
v -0.214034 1.609720 -0.137494
v -0.159088 1.652289 -0.194481
v -0.161071 1.609720 -0.196906
v -0.091204 1.652289 -0.234124
v -0.087821 1.693809 -0.225441
v -0.092341 1.609720 -0.237043
v -0.091204 1.567152 -0.234124
v -0.087821 1.525632 -0.225441
v -0.159088 1.567152 -0.194481
v -0.153188 1.525632 -0.187268
v -0.211399 1.567152 -0.135802
v -0.203558 1.525632 -0.130765
v -0.190706 1.486183 -0.122509
v -0.173157 1.449775 -0.111235
v -0.143516 1.486183 -0.175444
v -0.219229 1.486183 -0.057581
v -0.199055 1.449775 -0.052283
v -0.173981 1.417306 -0.045696
v -0.205469 1.449775 0.011789
v -0.179587 1.417306 0.010304
v -0.191770 1.449775 0.074705
v -0.167613 1.417306 0.065295
v -0.159299 1.449775 0.130309
v -0.139232 1.417306 0.113895
v -0.111234 1.449775 0.173158
v -0.097222 1.417306 0.151346
v -0.045695 1.417306 0.173982
v 0.010304 1.417306 0.179588
v 0.008565 1.389574 0.149283
v 0.065295 1.417306 0.167614
v 0.113895 1.417306 0.139233
v 0.151345 1.417306 0.097223
v 0.130309 1.449775 0.159300
v 0.173157 1.449775 0.111235
v 0.199056 1.449775 0.052282
v 0.173981 1.417306 0.045696
v 0.205469 1.449775 -0.011789
v 0.179587 1.417306 -0.010304
v 0.191770 1.449775 -0.074706
v 0.159299 1.449775 -0.130310
v 0.211205 1.486183 -0.082277
v 0.167613 1.417306 -0.065295
v 0.139232 1.417306 -0.113895
v 0.175443 1.486183 -0.143516
v 0.144622 1.389574 0.037984
v -0.139329 1.389574 0.054276
v -0.149282 1.389574 0.008566
v -0.144622 1.389574 -0.037986
v -0.111703 1.371353 -0.029339
v -0.125806 1.389574 -0.080818
v -0.151345 1.417306 -0.097223
v -0.113894 1.417306 -0.139233
v -0.130309 1.449775 -0.159300
v -0.074705 1.449775 -0.191771
v -0.082276 1.486183 -0.211206
v -0.082276 1.733258 -0.211206
v -0.143516 1.733258 -0.175445
v 0.175443 1.733258 -0.143516
v 0.014358 1.211459 0.250239
v 0.099397 1.218806 0.255155
v 0.173378 1.218806 0.211951
v 0.174557 1.220184 0.213391
v 0.232556 1.222463 0.149392
v 0.232556 1.252994 0.149392
v 0.232057 1.258344 0.149071
v 0.267338 1.252994 0.070216
v 0.088810 1.142659 0.108568
v -0.130525 0.976914 0.050847
v -0.108423 0.976914 0.088692
v -0.135174 0.927178 0.052658
v -0.147153 0.881234 0.057325
v -0.112286 0.927178 0.091852
v -0.078407 0.927178 0.122054
v -0.122237 0.881234 0.099992
v -0.085355 0.881234 0.132871
v -0.135306 0.826657 0.110682
v -0.162886 0.826657 0.063454
v -0.094481 0.826657 0.147076
v -0.150152 0.779432 0.122826
v -0.180758 0.779433 0.070415
v -0.190024 0.682847 0.155443
v -0.104848 0.779432 0.163213
v -0.132689 0.682847 0.206555
v -0.049280 0.779432 0.187625
v -0.062366 0.682847 0.237448
v 0.011111 0.779432 0.193670
v -0.044407 0.826657 0.169074
v -0.040118 0.881234 0.152743
v 0.010012 0.826657 0.174522
v 0.009045 0.881234 0.157666
v 0.063453 0.826657 0.162886
v 0.070415 0.779432 0.180758
v 0.057324 0.881234 0.147153
v 0.110681 0.826657 0.135306
v 0.147076 0.826657 0.094481
v 0.122825 0.779432 0.150152
v 0.099991 0.881234 0.122237
v 0.091851 0.927178 0.112286
v 0.132870 0.881234 0.085355
v 0.052658 0.927178 0.135174
v 0.088691 0.976914 0.108424
v 0.050847 0.976914 0.130525
v 0.008024 0.976914 0.139849
v -0.035585 0.976914 0.135483
v 0.008310 0.927178 0.144831
v -0.036852 0.927178 0.140310
v -0.075710 0.976914 0.117855
v -0.034782 1.023698 0.132427
v 0.155441 0.682847 0.190024
v 0.163213 0.779432 0.104847
v 0.206555 0.682847 0.132690
v 0.187624 0.779432 0.049280
v 0.237447 0.682847 0.062367
v 0.193671 0.779433 -0.011112
v 0.169073 0.826657 0.044408
v 0.174522 0.826657 -0.010013
v 0.162886 0.826656 -0.063453
v 0.135304 0.826656 -0.110681
v 0.180758 0.779432 -0.070415
v 0.228758 0.682846 -0.089115
v 0.150149 0.779432 -0.122825
v 0.190021 0.682846 -0.155441
v 0.104846 0.779432 -0.163214
v 0.132689 0.682846 -0.206554
v 0.049280 0.779432 -0.187626
v 0.094481 0.826656 -0.147077
v 0.044408 0.826657 -0.169075
v -0.010012 0.826656 -0.174522
v -0.063452 0.826657 -0.162886
v -0.011111 0.779432 -0.193670
v -0.009045 0.881234 -0.157666
v -0.057324 0.881234 -0.147154
v -0.014061 0.682846 -0.245099
v -0.070415 0.779432 -0.180758
v -0.122825 0.779432 -0.150152
v -0.089112 0.682846 -0.228758
v -0.155441 0.682846 -0.190025
v -0.093682 0.667647 -0.240489
v -0.014783 0.667647 -0.257668
v -0.105566 0.654113 -0.270996
v -0.163412 0.667647 -0.199769
v -0.184141 0.654113 -0.225112
v -0.217146 0.667647 -0.139494
v -0.249623 0.667647 -0.065565
v -0.206554 0.682846 -0.132690
v -0.244692 0.654113 -0.157189
v -0.281288 0.654113 -0.073882
v -0.248503 0.649204 -0.159637
v -0.285669 0.649203 -0.075033
v -0.249895 0.642575 -0.160531
v -0.187009 0.649204 -0.228617
v -0.188056 0.642575 -0.229898
v -0.107210 0.649204 -0.275216
v -0.016918 0.649203 -0.294876
v -0.107810 0.642575 -0.276757
v -0.017013 0.642575 -0.296528
v -0.107810 0.631145 -0.276757
v -0.188057 0.631145 -0.229898
v -0.017013 0.631145 -0.296528
v -0.105940 0.568559 -0.271959
v -0.184796 0.568559 -0.225911
v -0.016718 0.568558 -0.291385
v -0.108590 0.538691 -0.278760
v -0.114709 0.508824 -0.294467
v -0.189417 0.538691 -0.231561
v -0.017135 0.538691 -0.298672
v -0.018101 0.508824 -0.315501
v 0.075998 0.538691 -0.289351
v 0.074145 0.568559 -0.282291
v 0.080281 0.508824 -0.305654
v 0.161693 0.538691 -0.251702
v 0.231555 0.538691 -0.189418
v 0.170804 0.508824 -0.265884
v 0.157748 0.568558 -0.245561
v 0.160532 0.631145 -0.249894
v 0.225905 0.568558 -0.184796
v 0.229892 0.631144 -0.188058
v 0.271958 0.568558 -0.105944
v 0.276758 0.631145 -0.107814
v 0.291386 0.568559 -0.016717
v 0.278760 0.538691 -0.108594
v 0.298674 0.538692 -0.017135
v 0.294466 0.508824 -0.114713
v 0.312438 0.483224 -0.121714
v 0.244602 0.508824 -0.200090
v 0.315503 0.508825 -0.018100
v 0.334758 0.483225 -0.019205
v 0.305652 0.508825 0.080282
v 0.265885 0.508825 0.170804
v 0.289348 0.538692 0.076000
v 0.324306 0.483225 0.085182
v 0.346386 0.461891 0.090981
v 0.282112 0.483224 0.181229
v 0.301319 0.461890 0.193568
v 0.212301 0.483224 0.259536
v 0.226756 0.461890 0.277206
v 0.121710 0.483224 0.312438
v 0.200090 0.508824 0.244608
v 0.114709 0.508824 0.294467
v 0.189417 0.538691 0.231560
v 0.184795 0.568559 0.225911
v 0.251702 0.538692 0.161693
v 0.108591 0.538691 0.278760
v 0.105942 0.568559 0.271959
v 0.017134 0.538691 0.298673
v -0.075998 0.538691 0.289350
v 0.018100 0.508824 0.315503
v 0.016716 0.568559 0.291386
v 0.017012 0.631145 0.296529
v -0.074143 0.568559 0.282290
v -0.075452 0.631145 0.287271
v -0.157747 0.568559 0.245563
v -0.160531 0.631145 0.249896
v -0.225910 0.568559 0.184798
v -0.161692 0.538692 0.251704
v -0.231559 0.538692 0.189420
v -0.170803 0.508825 0.265886
v -0.181227 0.483224 0.282113
v -0.080280 0.508824 0.305653
v -0.244607 0.508825 0.200094
v -0.259535 0.483225 0.212305
v -0.294468 0.508825 0.114710
v -0.315500 0.508825 0.018098
v -0.278761 0.538692 0.108591
v -0.312439 0.483225 0.121710
v -0.333711 0.461891 0.129997
v -0.334755 0.483224 0.019202
v -0.357547 0.461891 0.020510
v -0.324305 0.483224 -0.085180
v -0.346385 0.461890 -0.090980
v -0.282112 0.483224 -0.181227
v -0.305651 0.508824 -0.080281
v -0.289347 0.538691 -0.075999
v -0.265885 0.508824 -0.170803
v -0.200090 0.508824 -0.244608
v -0.251703 0.538691 -0.161692
v -0.245562 0.568558 -0.157748
v -0.249895 0.631145 -0.160532
v -0.282287 0.568558 -0.074145
v -0.291384 0.568559 0.016715
v -0.287269 0.631145 -0.075453
v -0.296526 0.631145 0.017010
v -0.287269 0.642575 -0.075453
v -0.296526 0.642575 0.017009
v -0.294874 0.649204 0.016915
v -0.276758 0.642575 0.107812
v -0.275217 0.649204 0.107211
v -0.229896 0.642576 0.188060
v -0.276758 0.631146 0.107812
v -0.271959 0.568559 0.105942
v -0.229897 0.631146 0.188060
v -0.228615 0.649204 0.187012
v -0.160530 0.642575 0.249896
v -0.159636 0.649204 0.248504
v -0.075452 0.642575 0.287271
v -0.075031 0.649204 0.285672
v 0.017012 0.642575 0.296529
v 0.016917 0.649204 0.294877
v 0.107811 0.642575 0.276758
v 0.188056 0.642575 0.229897
v 0.107811 0.631145 0.276758
v 0.107211 0.649204 0.275217
v 0.105567 0.654113 0.270997
v 0.187009 0.649204 0.228616
v 0.184141 0.654113 0.225110
v 0.248502 0.649204 0.159638
v 0.244692 0.654113 0.157190
v 0.249895 0.642575 0.160532
v 0.285671 0.649204 0.075033
v 0.287270 0.642575 0.075454
v 0.294877 0.649204 -0.016917
v 0.281290 0.654113 0.073883
v 0.290355 0.654113 -0.016658
v 0.249624 0.667648 0.065566
v 0.217147 0.667647 0.139494
v 0.257669 0.667648 -0.014783
v 0.245100 0.682847 -0.014062
v 0.240489 0.667647 -0.093685
v 0.199765 0.667647 -0.163413
v 0.270996 0.654113 -0.105569
v 0.275215 0.649203 -0.107213
v 0.225105 0.654112 -0.184143
v 0.228612 0.649203 -0.187010
v 0.157190 0.654113 -0.244692
v 0.159637 0.649203 -0.248502
v 0.073882 0.654113 -0.281292
v 0.139494 0.667647 -0.217146
v 0.065564 0.667647 -0.249626
v 0.062366 0.682846 -0.237449
v 0.075033 0.649204 -0.285673
v -0.016658 0.654113 -0.290354
v 0.075452 0.642575 -0.287273
v 0.075452 0.631145 -0.287273
v 0.160532 0.642575 -0.249894
v 0.229892 0.642574 -0.188058
v 0.276757 0.642575 -0.107815
v 0.296529 0.642576 -0.017012
v 0.296529 0.631146 -0.017012
v 0.287270 0.631146 0.075453
v 0.249895 0.631145 0.160532
v 0.282289 0.568559 0.074145
v 0.245562 0.568559 0.157748
v 0.188056 0.631145 0.229897
v 0.163412 0.667647 0.199769
v 0.093683 0.667647 0.240489
v 0.089113 0.682847 0.228758
v 0.014782 0.667647 0.257669
v 0.014062 0.682847 0.245099
v 0.016658 0.654113 0.290355
v -0.065564 0.667647 0.249626
v -0.073881 0.654113 0.281291
v -0.139493 0.667647 0.217148
v -0.199768 0.667648 0.163414
v -0.157188 0.654113 0.244694
v -0.225110 0.654114 0.184145
v -0.270997 0.654113 0.105567
v -0.290352 0.654113 0.016656
v -0.240489 0.667648 0.093683
v -0.257666 0.667647 0.014781
v -0.228759 0.682847 0.089114
v -0.245097 0.682846 0.014060
v -0.193669 0.779432 0.011111
v -0.237446 0.682846 -0.062366
v -0.187623 0.779432 -0.049281
v -0.169072 0.826656 -0.044408
v -0.163213 0.779432 -0.104847
v -0.147076 0.826656 -0.094481
v -0.110681 0.826657 -0.135306
v -0.174521 0.826657 0.010012
v -0.157665 0.881234 0.009046
v -0.298671 0.538692 0.017133
v -0.212301 0.483224 -0.259537
v -0.226755 0.461890 -0.277207
v -0.121709 0.483224 -0.312438
v -0.129995 0.461890 -0.333711
v -0.019206 0.483224 -0.334756
v -0.020514 0.461890 -0.357548
v 0.085180 0.483224 -0.324309
v 0.090980 0.461890 -0.346389
v 0.181228 0.483224 -0.282111
v 0.259530 0.483223 -0.212302
v 0.193568 0.461890 -0.301318
v 0.208565 0.435223 -0.324663
v 0.277200 0.461889 -0.226757
v 0.298676 0.435222 -0.244325
v 0.333710 0.461890 -0.130002
v 0.359564 0.435223 -0.140074
v 0.357550 0.461891 -0.020513
v 0.385252 0.435224 -0.022102
v 0.415331 0.406653 -0.023827
v 0.373223 0.435224 0.098031
v 0.402362 0.406652 0.105684
v 0.324664 0.435223 0.208564
v 0.350012 0.406652 0.224848
v 0.244324 0.435223 0.298684
v 0.263400 0.406651 0.322003
v 0.140069 0.435223 0.359566
v 0.151004 0.406651 0.387639
v 0.022101 0.435223 0.385251
v 0.129997 0.461890 0.333710
v 0.020512 0.461890 0.357549
v -0.090980 0.461890 0.346387
v 0.019204 0.483224 0.334758
v -0.085180 0.483224 0.324307
v -0.098028 0.435223 0.373225
v -0.193565 0.461891 0.301321
v -0.208562 0.435223 0.324667
v -0.277205 0.461891 0.226759
v -0.298683 0.435224 0.244329
v -0.322002 0.406653 0.263404
v -0.359567 0.435224 0.140068
v -0.387640 0.406653 0.151004
v -0.385248 0.435223 0.022097
v -0.415327 0.406652 0.023823
v -0.373221 0.435223 -0.098029
v -0.324665 0.435223 -0.208563
v -0.402360 0.406651 -0.105682
v -0.416656 0.389914 -0.109437
v -0.350013 0.406651 -0.224846
v -0.263400 0.406651 -0.322005
v -0.362449 0.389915 -0.232834
v -0.272758 0.389915 -0.333445
v -0.373417 0.376129 -0.239880
v -0.429264 0.376129 -0.112748
v -0.380279 0.358652 -0.244288
v -0.281011 0.376129 -0.343535
v -0.286175 0.358652 -0.349848
v -0.161099 0.376129 -0.413558
v -0.156368 0.389915 -0.401411
v -0.164059 0.358652 -0.421158
v -0.025422 0.376129 -0.443098
v 0.112749 0.376129 -0.429269
v -0.024675 0.389914 -0.430084
v -0.025888 0.358652 -0.451241
v -0.026026 0.350323 -0.453630
v 0.114820 0.358652 -0.437159
v 0.244292 0.358652 -0.380276
v 0.115428 0.350324 -0.439472
v 0.115428 0.325987 -0.439472
v 0.245585 0.350323 -0.382289
v 0.245585 0.325987 -0.382289
v 0.351690 0.350322 -0.287692
v 0.351690 0.325986 -0.287692
v 0.423385 0.350323 -0.164937
v 0.349839 0.358651 -0.286178
v 0.421156 0.358652 -0.164069
v 0.343525 0.376128 -0.281013
v 0.413556 0.376129 -0.161108
v 0.333436 0.389914 -0.272759
v 0.239883 0.376129 -0.373414
v 0.232837 0.389914 -0.362447
v 0.224848 0.406651 -0.350011
v 0.109436 0.389915 -0.416662
v 0.105682 0.406651 -0.402366
v 0.098028 0.435223 -0.373226
v -0.023828 0.406651 -0.415328
v -0.151003 0.406651 -0.387639
v -0.022103 0.435223 -0.385250
v -0.140067 0.435223 -0.359565
v -0.244324 0.435223 -0.298685
v 0.321995 0.406650 -0.263401
v 0.387637 0.406651 -0.151011
v 0.401409 0.389914 -0.156376
v 0.430086 0.389916 -0.024673
v 0.416658 0.389916 0.109440
v 0.443101 0.376131 -0.025420
v 0.429266 0.376130 0.112751
v 0.451244 0.358654 -0.025887
v 0.437155 0.358653 0.114823
v 0.453632 0.350325 -0.026025
v 0.453632 0.325988 -0.026025
v 0.439468 0.350324 0.115431
v 0.439468 0.325988 0.115431
v 0.382290 0.350324 0.245584
v 0.382290 0.325987 0.245583
v 0.287690 0.350324 0.351698
v 0.380278 0.358653 0.244291
v 0.373416 0.376130 0.239882
v 0.286176 0.358652 0.349847
v 0.164062 0.358652 0.421158
v 0.281011 0.376130 0.343533
v 0.161101 0.376130 0.413558
v 0.272757 0.389915 0.333444
v 0.156369 0.389915 0.401411
v 0.362448 0.389915 0.232836
v 0.024673 0.389915 0.430085
v -0.109436 0.389915 0.416660
v 0.023826 0.406651 0.415329
v 0.025420 0.376130 0.443100
v 0.025887 0.358652 0.451243
v -0.112748 0.376130 0.429268
v -0.239879 0.376130 0.373418
v -0.114820 0.358652 0.437157
v -0.244288 0.358653 0.380281
v -0.115427 0.350324 0.439470
v 0.026024 0.350324 0.453632
v -0.115428 0.325987 0.439470
v -0.245581 0.350324 0.382294
v -0.245581 0.325988 0.382294
v -0.351697 0.350325 0.287696
v -0.351698 0.325988 0.287696
v -0.423389 0.350325 0.164930
v -0.349846 0.358654 0.286181
v -0.421159 0.358654 0.164061
v -0.343532 0.376131 0.281017
v -0.413559 0.376131 0.161100
v -0.333442 0.389916 0.272763
v -0.401413 0.389916 0.156369
v -0.232834 0.389915 0.362451
v -0.224846 0.406652 0.350015
v -0.105682 0.406651 0.402365
v -0.430082 0.389915 0.024669
v -0.443097 0.376130 0.025416
v -0.451240 0.358653 0.025883
v -0.453628 0.350324 0.026019
v -0.437152 0.358652 -0.114821
v -0.439466 0.350323 -0.115428
v -0.439466 0.325987 -0.115428
v -0.382292 0.350324 -0.245581
v -0.382292 0.325987 -0.245582
v -0.287689 0.350324 -0.351700
v -0.287689 0.325987 -0.351700
v -0.164928 0.350324 -0.423387
v -0.164928 0.325987 -0.423387
v -0.026026 0.325987 -0.453630
v -0.164928 0.301473 -0.423387
v -0.026026 0.301473 -0.453630
v -0.287689 0.301473 -0.351700
v -0.162035 0.276604 -0.415960
v -0.025569 0.276604 -0.445672
v -0.282643 0.276604 -0.345531
v -0.153355 0.239300 -0.393677
v -0.267502 0.239300 -0.327021
v -0.024199 0.239300 -0.421798
v -0.148833 0.231403 -0.382069
v -0.259615 0.231403 -0.317378
v -0.147564 0.227676 -0.378812
v -0.023486 0.231403 -0.409361
v 0.104164 0.231403 -0.396584
v -0.023285 0.227676 -0.405871
v 0.103275 0.227676 -0.393204
v -0.023205 0.222619 -0.404466
v -0.023263 0.217459 -0.405486
v -0.147053 0.222619 -0.377501
v 0.102918 0.222619 -0.391843
v 0.103178 0.217459 -0.392831
v 0.218968 0.222619 -0.340857
v 0.313575 0.222618 -0.256512
v 0.219728 0.227676 -0.342041
v 0.219521 0.217459 -0.341717
v 0.314366 0.217458 -0.257158
v 0.221251 0.213450 -0.344412
v 0.103991 0.213450 -0.395928
v 0.224175 0.209367 -0.348963
v 0.316845 0.213449 -0.259186
v 0.321032 0.209366 -0.262611
v 0.381436 0.213450 -0.148594
v 0.386477 0.209368 -0.150557
v 0.408686 0.213452 -0.023445
v 0.378452 0.217459 -0.147431
v 0.405489 0.217460 -0.023262
v 0.377499 0.222619 -0.147060
v 0.378811 0.227676 -0.147571
v 0.404469 0.222621 -0.023203
v 0.391840 0.222620 0.102921
v 0.405874 0.227678 -0.023284
v 0.393201 0.227677 0.103278
v 0.409364 0.231404 -0.023485
v 0.421801 0.239302 -0.024198
v 0.396582 0.231404 0.104166
v 0.382068 0.231403 -0.148840
v 0.393676 0.239300 -0.153362
v 0.317369 0.231402 -0.259615
v 0.327012 0.239299 -0.267504
v 0.221618 0.231403 -0.344982
v 0.314664 0.227675 -0.257402
v 0.228352 0.239300 -0.355464
v 0.241276 0.276604 -0.375583
v 0.107328 0.239300 -0.408634
v 0.113403 0.276604 -0.431763
v 0.115428 0.301473 -0.439473
v 0.245585 0.301473 -0.382289
v 0.351690 0.301472 -0.287692
v 0.423385 0.301473 -0.164937
v 0.345521 0.276603 -0.282645
v 0.415958 0.276604 -0.162043
v 0.445675 0.276606 -0.025568
v 0.453633 0.301475 -0.026024
v 0.431759 0.276605 0.113407
v 0.439469 0.301474 0.115431
v 0.375585 0.276605 0.241276
v 0.408631 0.239301 0.107331
v 0.355465 0.239301 0.228351
v 0.267503 0.239301 0.327020
v 0.344983 0.231403 0.221617
v 0.342043 0.227677 0.219728
v 0.259615 0.231403 0.317376
v 0.148835 0.231403 0.382070
v 0.257402 0.227677 0.314671
v 0.147566 0.227677 0.378813
v 0.256511 0.222619 0.313582
v 0.257158 0.217459 0.314373
v 0.340859 0.222619 0.218968
v 0.147055 0.222619 0.377501
v 0.147426 0.217459 0.378453
v 0.023203 0.222619 0.404468
v -0.102919 0.222619 0.391841
v 0.023284 0.227677 0.405873
v 0.023261 0.217459 0.405488
v -0.103179 0.217459 0.392830
v 0.023445 0.213450 0.408685
v 0.148589 0.213450 0.381437
v 0.023754 0.209368 0.414086
v -0.103992 0.213450 0.395927
v -0.105366 0.209368 0.401160
v -0.221249 0.213451 0.344415
v -0.224174 0.209368 0.348967
v -0.316851 0.213452 0.259191
v -0.219519 0.217460 0.341721
v -0.314372 0.217460 0.257163
v -0.218967 0.222620 0.340861
v -0.219727 0.227677 0.342045
v -0.313581 0.222621 0.256516
v -0.377503 0.222621 0.147056
v -0.314670 0.227678 0.257408
v -0.378814 0.227678 0.147566
v -0.317376 0.231404 0.259621
v -0.327019 0.239302 0.267508
v -0.382071 0.231404 0.148835
v -0.221616 0.231404 0.344986
v -0.228349 0.239301 0.355468
v -0.104164 0.231403 0.396583
v -0.107328 0.239301 0.408632
v 0.023484 0.231403 0.409363
v -0.103276 0.227677 0.393203
v 0.024198 0.239301 0.421800
v 0.025567 0.276605 0.445674
v 0.153357 0.239301 0.393678
v 0.162037 0.276605 0.415960
v 0.282644 0.276605 0.345529
v 0.164930 0.301474 0.423388
v 0.164930 0.325987 0.423388
v 0.026024 0.301474 0.453632
v 0.287690 0.301474 0.351699
v 0.382290 0.301474 0.245584
v 0.287690 0.325987 0.351698
v 0.026024 0.325987 0.453632
v -0.115428 0.301474 0.439471
v -0.245581 0.301474 0.382295
v -0.113403 0.276605 0.431762
v -0.241274 0.276605 0.375588
v -0.345528 0.276606 0.282650
v -0.351698 0.301475 0.287696
v -0.415962 0.276606 0.162036
v -0.423389 0.301475 0.164930
v -0.445671 0.276604 0.025563
v -0.393679 0.239302 0.153356
v -0.421797 0.239301 0.024194
v -0.408629 0.239300 -0.107329
v -0.409359 0.231403 0.023481
v -0.405870 0.227677 0.023280
v -0.396579 0.231403 -0.104164
v -0.344984 0.231403 -0.221615
v -0.393199 0.227676 -0.103277
v -0.342043 0.227676 -0.219727
v -0.391837 0.222619 -0.102919
v -0.392826 0.217459 -0.103178
v -0.404465 0.222619 0.023200
v -0.340859 0.222619 -0.218966
v -0.341719 0.217459 -0.219518
v -0.256511 0.222619 -0.313583
v -0.257401 0.227676 -0.314672
v -0.257157 0.217459 -0.314374
v -0.259185 0.213450 -0.316852
v -0.147424 0.217459 -0.378452
v -0.148587 0.213450 -0.381437
v -0.023447 0.213450 -0.408683
v -0.150550 0.209368 -0.386478
v -0.262610 0.209368 -0.321040
v -0.023757 0.209368 -0.414084
v -0.164390 0.179614 -0.422005
v -0.178597 0.154945 -0.458478
v -0.286751 0.179614 -0.350552
v -0.025940 0.179614 -0.452150
v -0.028182 0.154945 -0.491227
v 0.115051 0.179614 -0.438038
v 0.124995 0.154945 -0.475896
v 0.244783 0.179614 -0.381041
v 0.105366 0.209368 -0.401161
v 0.350542 0.179613 -0.286752
v 0.265939 0.154945 -0.413973
v 0.380838 0.154944 -0.311536
v 0.269339 0.148514 -0.419267
v 0.126593 0.148515 -0.481982
v 0.270337 0.145674 -0.420819
v 0.385708 0.148514 -0.315519
v 0.464338 0.148515 -0.180891
v 0.387136 0.145673 -0.316687
v 0.387639 0.142298 -0.317098
v 0.466057 0.145675 -0.181561
v 0.466662 0.142299 -0.181797
v 0.499354 0.145676 -0.028647
v 0.500002 0.142301 -0.028684
v 0.497512 0.148517 -0.028541
v 0.483762 0.145676 0.127065
v 0.481978 0.148516 0.126597
v 0.420821 0.145675 0.270336
v 0.484390 0.142301 0.127231
v 0.484390 0.139101 0.127231
v 0.421367 0.142300 0.270687
v 0.421367 0.139100 0.270687
v 0.317097 0.142299 0.387649
v 0.317097 0.139099 0.387649
v 0.181789 0.142299 0.466665
v 0.316686 0.145675 0.387146
v 0.315518 0.148515 0.385718
v 0.181552 0.145675 0.466059
v 0.180883 0.148515 0.464341
v 0.028646 0.145675 0.499352
v 0.028684 0.142299 0.500001
v 0.028540 0.148515 0.497511
v -0.127062 0.145675 0.483764
v -0.127227 0.142300 0.484392
v -0.126593 0.148515 0.481980
v -0.270333 0.145675 0.420824
v -0.270684 0.142300 0.421371
v -0.269336 0.148516 0.419272
v -0.387144 0.145676 0.316693
v -0.387647 0.142301 0.317104
v -0.385717 0.148517 0.315525
v -0.466062 0.145676 0.181552
v -0.464343 0.148517 0.180882
v -0.499349 0.145675 0.028642
v -0.466667 0.142301 0.181788
v -0.466667 0.139101 0.181788
v -0.499997 0.142300 0.028678
v -0.499997 0.139100 0.028678
v -0.484388 0.142299 -0.127227
v -0.484388 0.139099 -0.127227
v -0.483759 0.145675 -0.127063
v -0.421369 0.142299 -0.270684
v -0.420822 0.145674 -0.270333
v -0.317096 0.142299 -0.387650
v -0.421369 0.139099 -0.270684
v -0.420875 0.135724 -0.270368
v -0.317096 0.139099 -0.387650
v -0.316726 0.135724 -0.387197
v -0.181786 0.139099 -0.466665
v -0.181786 0.142299 -0.466664
v -0.028686 0.139099 -0.499999
v -0.181573 0.135724 -0.466119
v -0.028653 0.135724 -0.499414
v -0.180963 0.132787 -0.464553
v -0.315662 0.132787 -0.385896
v -0.028556 0.132787 -0.497736
v -0.178597 0.125012 -0.458478
v -0.311534 0.125012 -0.380850
v -0.028182 0.125012 -0.491227
v -0.147862 0.054262 -0.379578
v -0.257922 0.054262 -0.315309
v -0.023333 0.054262 -0.406692
v -0.135055 0.010722 -0.346699
v -0.131403 0.002688 -0.337323
v -0.235581 0.010722 -0.287997
v -0.021311 0.010722 -0.371465
v 0.094521 0.010722 -0.359871
v -0.020735 0.002688 -0.361419
v 0.091964 0.002688 -0.350140
v -0.020029 -0.000162 -0.349119
v -0.009427 -0.000164 -0.164361
v -0.126931 -0.000162 -0.325843
v 0.088834 -0.000162 -0.338222
v 0.189002 -0.000162 -0.294215
v 0.041823 -0.000164 -0.159230
v 0.088977 -0.000164 -0.138514
v 0.015899 -0.000164 -0.060532
v 0.033824 -0.000164 -0.052656
v -0.003586 -0.000164 -0.062481
v -0.000001 -0.000164 -0.000003
v -0.062480 -0.000164 0.003585
v -0.015897 -0.000164 0.060531
v 0.052655 -0.000164 0.033824
v 0.048441 -0.000164 -0.039626
v -0.022717 -0.000164 -0.058316
v -0.039625 -0.000164 -0.048441
v -0.058315 -0.000164 0.022717
v 0.003585 -0.000164 0.062481
v 0.060531 -0.000164 0.015897
v -0.052655 -0.000164 -0.033825
v -0.048441 -0.000164 0.039626
v 0.022718 -0.000164 0.058315
v 0.062480 -0.000164 -0.003586
v -0.060531 -0.000164 -0.015898
v -0.033825 -0.000164 0.052655
v 0.039625 -0.000164 0.048441
v 0.058315 -0.000164 -0.022717
v 0.153407 -0.000164 -0.059752
v 0.127426 -0.000164 -0.104232
v 0.325845 -0.000162 -0.126933
v 0.164365 -0.000164 -0.009431
v 0.159232 -0.000164 0.041822
v 0.349123 -0.000161 -0.020029
v 0.361422 0.002689 -0.020734
v 0.338222 -0.000161 0.088836
v 0.294216 -0.000162 0.189005
v 0.350138 0.002688 0.091966
v 0.304581 0.002688 0.195663
v 0.359869 0.010723 0.094522
v 0.313047 0.010722 0.201101
v 0.393996 0.054263 0.103487
v 0.371469 0.010723 -0.021310
v 0.406696 0.054263 -0.023332
v 0.346700 0.010722 -0.135058
v 0.287990 0.010721 -0.235580
v 0.337325 0.002688 -0.131405
v 0.379578 0.054262 -0.147868
v 0.458476 0.125013 -0.178607
v 0.315300 0.054261 -0.257922
v 0.380839 0.125011 -0.311536
v 0.220173 0.054261 -0.342733
v 0.265939 0.125012 -0.413973
v 0.103484 0.054262 -0.393999
v 0.201100 0.010721 -0.313046
v 0.195662 0.002687 -0.304580
v 0.280201 0.002686 -0.229208
v 0.270666 -0.000163 -0.221408
v 0.124995 0.125012 -0.475897
v 0.126651 0.132787 -0.482202
v 0.127078 0.135724 -0.483827
v 0.269464 0.132787 -0.419459
v 0.385885 0.132786 -0.315664
v 0.270371 0.135723 -0.420873
v 0.387186 0.135723 -0.316727
v 0.270688 0.139099 -0.421366
v 0.387639 0.139098 -0.317098
v 0.270688 0.142299 -0.421366
v 0.127227 0.139099 -0.484394
v 0.127227 0.142299 -0.484394
v 0.127062 0.145674 -0.483766
v -0.028686 0.142299 -0.499999
v -0.028649 0.145674 -0.499351
v -0.181550 0.145674 -0.466059
v -0.028543 0.148515 -0.497509
v -0.180881 0.148515 -0.464341
v -0.315518 0.148515 -0.385719
v -0.316685 0.145674 -0.387147
v -0.311534 0.154945 -0.380849
v -0.419270 0.148515 -0.269336
v -0.481976 0.148515 -0.126594
v -0.413976 0.154945 -0.265936
v -0.381045 0.179614 -0.244780
v -0.475890 0.154946 -0.124995
v -0.438033 0.179614 -0.115052
v -0.491226 0.154946 0.028175
v -0.452148 0.179615 0.025934
v -0.458480 0.154947 0.178599
v -0.497507 0.148515 0.028535
v -0.422008 0.179616 0.164392
v -0.380847 0.154947 0.311541
v -0.350550 0.179616 0.286758
v -0.265936 0.154946 0.413979
v -0.244780 0.179615 0.381046
v -0.124995 0.154946 0.475895
v -0.115051 0.179614 0.438037
v 0.028180 0.154946 0.491229
v 0.025938 0.179614 0.452152
v 0.178600 0.154946 0.458479
v 0.164392 0.179614 0.422006
v 0.311534 0.154946 0.380848
v 0.286751 0.179614 0.350552
v 0.413975 0.154946 0.265939
v 0.381043 0.179615 0.244783
v 0.475892 0.154947 0.124999
v 0.419269 0.148515 0.269340
v 0.438035 0.179615 0.115055
v 0.491231 0.154947 -0.028180
v 0.452153 0.179616 -0.025939
v 0.458476 0.154946 -0.178608
v 0.422003 0.179614 -0.164399
v 0.414088 0.209369 -0.023755
v 0.401158 0.209369 0.105369
v 0.348965 0.209368 0.224175
v 0.395925 0.213451 0.103994
v 0.392828 0.217460 0.103180
v 0.344413 0.213451 0.221251
v 0.259185 0.213450 0.316852
v 0.341719 0.217459 0.219520
v 0.262611 0.209368 0.321039
v 0.150552 0.209368 0.386479
v -0.321039 0.209369 0.262616
v -0.386480 0.209369 0.150552
v -0.414084 0.209368 0.023752
v -0.381439 0.213452 0.148589
v -0.378455 0.217460 0.147426
v -0.408682 0.213451 0.023442
v -0.395923 0.213450 -0.103992
v -0.405485 0.217459 0.023259
v -0.344413 0.213450 -0.221249
v -0.401156 0.209368 -0.105366
v -0.348965 0.209368 -0.224173
v 0.466663 0.139099 -0.181796
v 0.500003 0.139101 -0.028684
v 0.466117 0.135724 -0.181583
v 0.464551 0.132787 -0.180974
v 0.499417 0.135726 -0.028651
v 0.483823 0.135725 0.127082
v 0.497740 0.132789 -0.028554
v 0.491231 0.125014 -0.028181
v 0.482198 0.132788 0.126656
v 0.419461 0.132787 0.269462
v 0.475892 0.125014 0.124999
v 0.413975 0.125013 0.265939
v 0.311534 0.125013 0.380848
v 0.342735 0.054262 0.220173
v 0.257922 0.054262 0.315309
v 0.147864 0.054262 0.379579
v 0.235581 0.010722 0.287996
v 0.135056 0.010722 0.346699
v 0.229210 0.002688 0.280208
v 0.131404 0.002688 0.337325
v 0.221410 -0.000162 0.270672
v 0.104236 -0.000164 0.127430
v 0.126932 -0.000162 0.325844
v 0.020028 -0.000162 0.349120
v 0.059757 -0.000164 0.153404
v 0.009428 -0.000164 0.164361
v -0.041824 -0.000164 0.159230
v -0.088986 -0.000164 0.138512
v -0.088836 -0.000162 0.338222
v -0.189006 -0.000162 0.294217
v -0.091966 0.002688 0.350138
v -0.195664 0.002688 0.304583
v -0.094522 0.010722 0.359870
v 0.020733 0.002688 0.361421
v 0.021310 0.010722 0.371466
v 0.023331 0.054262 0.406694
v 0.028180 0.125013 0.491230
v -0.103486 0.054262 0.393998
v -0.124996 0.125013 0.475895
v -0.220172 0.054262 0.342737
v -0.265936 0.125014 0.413979
v -0.315308 0.054263 0.257928
v -0.201102 0.010722 0.313049
v -0.287997 0.010723 0.235586
v -0.346701 0.010723 0.135058
v -0.280209 0.002689 0.229216
v -0.270673 -0.000161 0.221415
v -0.337325 0.002689 0.131406
v -0.361418 0.002688 0.020732
v -0.325846 -0.000161 0.126934
v -0.349118 -0.000162 0.020027
v -0.153405 -0.000164 0.059761
v -0.164360 -0.000164 0.009430
v -0.127433 -0.000164 0.104240
v -0.159227 -0.000164 -0.041824
v -0.338219 -0.000162 -0.088835
v -0.138512 -0.000164 -0.088982
v -0.104237 -0.000164 -0.127430
v -0.294216 -0.000162 -0.189003
v -0.304581 0.002688 -0.195662
v -0.221409 -0.000162 -0.270672
v -0.229210 0.002688 -0.280209
v -0.313047 0.010722 -0.201100
v -0.350134 0.002688 -0.091965
v -0.359866 0.010722 -0.094522
v -0.393994 0.054262 -0.103485
v -0.371463 0.010722 0.021308
v -0.406691 0.054262 0.023328
v -0.379581 0.054263 0.147865
v -0.491226 0.125013 0.028175
v -0.475890 0.125013 -0.124995
v -0.458480 0.125014 0.178599
v -0.497734 0.132787 0.028548
v -0.464556 0.132789 0.180965
v -0.482196 0.132787 -0.126651
v -0.499412 0.135725 0.028645
v -0.483821 0.135724 -0.127079
v -0.466121 0.135726 0.181575
v -0.387194 0.135726 0.316734
v -0.387647 0.139101 0.317104
v -0.385894 0.132789 0.315670
v -0.270367 0.135725 0.420879
v -0.269459 0.132788 0.419465
v -0.127078 0.135724 0.483826
v -0.270684 0.139100 0.421371
v -0.127227 0.139100 0.484392
v 0.028684 0.139100 0.500001
v 0.181789 0.139100 0.466665
v 0.028650 0.135724 0.499417
v 0.028553 0.132787 0.497739
v 0.181576 0.135724 0.466119
v 0.180966 0.132787 0.464554
v 0.316726 0.135724 0.387196
v 0.315662 0.132787 0.385895
v 0.420875 0.135725 0.270371
v 0.178600 0.125013 0.458479
v -0.126652 0.132787 0.482201
v -0.380847 0.125014 0.311541
v -0.419462 0.132787 -0.269459
v -0.413976 0.125012 -0.265936
v -0.342735 0.054262 -0.220171
v -0.059757 -0.000164 -0.153403
v 0.138513 -0.000164 0.088981
v -0.355466 0.239300 -0.228349
v -0.375585 0.276604 -0.241273
v -0.431758 0.276604 -0.113404
v -0.382292 0.301473 -0.245582
v -0.439466 0.301473 -0.115429
v -0.453628 0.301474 0.026020
v -0.453628 0.325987 0.026020
v -0.423389 0.325988 0.164930
v 0.164930 0.350324 0.423387
v 0.423385 0.325987 -0.164937
v -0.301319 0.461890 -0.193566
vn -0.1713 -0.8816 -0.4398
vn -0.2988 -0.8816 -0.3653
vn -0.3797 -0.8002 -0.4642
vn -0.2177 -0.8002 -0.5588
vn -0.3971 -0.8816 -0.2551
vn -0.5046 -0.8002 -0.3242
vn -0.8414 -0.0000 -0.5405
vn -0.6332 -0.0000 -0.7740
vn -0.3630 -0.0000 -0.9318
vn -0.3944 0.8833 -0.2534
vn -0.2968 0.8833 -0.3629
vn -0.3276 0.8557 -0.4005
vn -0.4353 0.8557 -0.2796
vn -0.1702 0.8833 -0.4368
vn -0.1878 0.8557 -0.4821
vn -0.1825 0.8644 -0.4684
vn -0.3183 0.8645 -0.3891
vn -0.4230 0.8644 -0.2717
vn -0.4534 0.8833 -0.1191
vn -0.5004 0.8557 -0.1314
vn -0.4863 0.8644 -0.1277
vn -0.2997 0.8809 -0.3664
vn -0.3982 0.8809 -0.2558
vn -0.4578 0.8809 -0.1202
vn -0.4612 0.8364 -0.2963
vn -0.5302 0.8364 -0.1392
vn -0.3470 0.8364 -0.4243
vn -0.7640 0.4190 -0.4908
vn -0.8782 0.4190 -0.2307
vn -0.5749 0.4190 -0.7028
vn -0.1989 0.8364 -0.5108
vn -0.3296 0.4190 -0.8461
vn -0.1718 0.8809 -0.4410
vn -0.0314 0.8364 -0.5472
vn -0.0520 0.4190 -0.9065
vn -0.0271 0.8809 -0.4725
vn 0.1202 0.8809 -0.4578
vn 0.1392 0.8364 -0.5302
vn 0.2307 0.4190 -0.8782
vn -0.0288 0.8644 -0.5019
vn 0.1277 0.8645 -0.4862
vn -0.0296 0.8557 -0.5166
vn 0.1314 0.8557 -0.5004
vn 0.2797 0.8557 -0.4353
vn 0.2717 0.8645 -0.4230
vn 0.2558 0.8809 -0.3982
vn 0.3891 0.8644 -0.3183
vn 0.3664 0.8809 -0.2997
vn 0.4005 0.8558 -0.3276
vn 0.1191 0.8833 -0.4534
vn 0.2534 0.8833 -0.3944
vn 0.3629 0.8833 -0.2968
vn 0.4368 0.8833 -0.1702
vn 0.4821 0.8557 -0.1878
vn 0.4685 0.8644 -0.1825
vn 0.4680 0.8833 -0.0269
vn 0.5166 0.8557 -0.0296
vn 0.5019 0.8644 -0.0288
vn 0.4725 0.8809 -0.0271
vn 0.4410 0.8809 -0.1718
vn 0.5472 0.8364 -0.0314
vn 0.5108 0.8364 -0.1990
vn 0.4243 0.8364 -0.3471
vn 0.9065 0.4190 -0.0520
vn 0.8460 0.4190 -0.3296
vn 0.7028 0.4190 -0.5749
vn 0.4907 0.4190 -0.7639
vn 0.2962 0.8364 -0.4612
vn 0.5277 0.2159 -0.8215
vn 0.2480 0.2159 -0.9444
vn 0.7558 0.2159 -0.6182
vn -0.0559 0.2159 -0.9748
vn 0.5404 0.0163 -0.8412
vn 0.2540 0.0163 -0.9671
vn -0.0573 0.0164 -0.9982
vn -0.3544 0.2159 -0.9098
vn -0.3629 0.0164 -0.9317
vn -0.6182 0.2159 -0.7558
vn -0.6331 0.0164 -0.7739
vn -0.8215 0.2159 -0.5277
vn -0.8413 0.0164 -0.5404
vn -0.6330 -0.0212 -0.7738
vn -0.8412 -0.0212 -0.5404
vn -0.3629 -0.0212 -0.9316
vn -0.6041 -0.2993 -0.7385
vn -0.3463 -0.2994 -0.8891
vn -0.8028 -0.2993 -0.5157
vn -0.9671 0.0164 -0.2540
vn -0.9670 -0.0212 -0.2540
vn -0.9229 -0.2993 -0.2424
vn -0.5008 -0.8036 -0.3217
vn -0.2820 -0.9422 -0.1811
vn -0.3242 -0.9422 -0.0851
vn -0.5756 -0.8036 -0.1512
vn -0.3768 -0.8036 -0.4607
vn -0.2122 -0.9422 -0.2594
vn -0.0567 -0.9960 -0.0694
vn -0.0754 -0.9960 -0.0484
vn -0.0867 -0.9960 -0.0227
vn -0.0051 -1.0000 -0.0062
vn -0.0068 -1.0000 -0.0044
vn -0.0078 -1.0000 -0.0021
vn -0.8359 -0.1136 -0.5370
vn -0.6291 -0.1136 -0.7690
vn -0.6295 -0.1079 -0.7695
vn -0.8364 -0.1079 -0.5373
vn -0.9609 -0.1136 -0.2524
vn -0.9616 -0.1079 -0.2525
vn -0.6307 -0.0877 -0.7710
vn -0.8381 -0.0877 -0.5384
vn -0.9635 -0.0876 -0.2531
vn -0.6313 -0.0763 -0.7718
vn -0.8389 -0.0763 -0.5389
vn -0.9644 -0.0763 -0.2533
vn -0.6331 -0.0095 -0.7740
vn -0.8413 -0.0100 -0.5404
vn -0.9672 -0.0095 -0.2540
vn -0.8395 0.0663 -0.5393
vn -0.9651 0.0663 -0.2535
vn -0.6318 0.0663 -0.7723
vn -0.9954 -0.0763 0.0571
vn -0.9983 -0.0095 0.0573
vn -0.9962 0.0663 0.0571
vn -0.8384 0.0845 -0.5385
vn -0.9638 0.0843 -0.2531
vn -0.9948 0.0843 0.0571
vn -0.8264 0.1876 -0.5309
vn -0.9501 0.1874 -0.2495
vn -0.9807 0.1873 0.0562
vn -0.9272 0.2846 -0.2435
vn -0.9570 0.2847 0.0549
vn -0.8066 0.2847 -0.5181
vn -0.6309 0.0845 -0.7713
vn -0.6220 0.1873 -0.7603
vn -0.6070 0.2847 -0.7420
vn -0.3566 0.1869 -0.9154
vn -0.3480 0.2847 -0.8932
vn -0.3617 0.0845 -0.9285
vn -0.3622 0.0663 -0.9297
vn -0.0571 0.0838 -0.9948
vn -0.0563 0.1873 -0.9807
vn -0.0572 0.0663 -0.9962
vn -0.3630 -0.0095 -0.9318
vn -0.0573 -0.0098 -0.9983
vn 0.2540 -0.0095 -0.9672
vn 0.2535 0.0663 -0.9651
vn 0.2531 0.0846 -0.9637
vn 0.5393 0.0663 -0.8395
vn 0.5386 0.0846 -0.8383
vn 0.5405 -0.0095 -0.8413
vn 0.5309 0.1874 -0.8264
vn 0.2496 0.1869 -0.9501
vn 0.2435 0.2847 -0.9272
vn -0.0549 0.2846 -0.9571
vn 0.5181 0.2846 -0.8066
vn 0.7712 0.0846 -0.6309
vn 0.7604 0.1869 -0.6220
vn 0.7420 0.2847 -0.6070
vn 0.9285 0.0845 -0.3617
vn 0.9153 0.1874 -0.3566
vn 0.8932 0.2847 -0.3480
vn 0.9948 0.0844 -0.0571
vn 0.9807 0.1873 -0.0563
vn 0.9571 0.2847 -0.0549
vn 0.9637 0.0846 0.2531
vn 0.9501 0.1869 0.2496
vn 0.9272 0.2847 0.2435
vn 0.8265 0.1869 0.5310
vn 0.8065 0.2847 0.5181
vn 0.8383 0.0846 0.5385
vn 0.9651 0.0663 0.2535
vn 0.8395 0.0663 0.5393
vn 0.9962 0.0663 -0.0571
vn 0.9983 -0.0095 -0.0573
vn 0.9672 -0.0095 0.2540
vn 0.8413 -0.0095 0.5405
vn 0.9297 0.0663 -0.3622
vn 0.9318 -0.0095 -0.3630
vn 0.7723 0.0663 -0.6318
vn 0.7740 -0.0095 -0.6331
vn 0.7718 -0.0763 -0.6313
vn 0.9291 -0.0763 -0.3619
vn 0.9954 -0.0763 -0.0571
vn 0.7710 -0.0876 -0.6307
vn 0.9282 -0.0877 -0.3616
vn 0.9945 -0.0876 -0.0571
vn 0.5384 -0.0877 -0.8381
vn 0.5389 -0.0763 -0.8389
vn 0.2531 -0.0877 -0.9635
vn 0.2533 -0.0763 -0.9644
vn -0.0571 -0.0763 -0.9954
vn -0.0571 -0.0875 -0.9945
vn -0.0569 -0.1077 -0.9926
vn 0.2525 -0.1080 -0.9615
vn 0.5373 -0.1078 -0.8364
vn -0.3609 -0.1080 -0.9263
vn -0.3616 -0.0877 -0.9282
vn -0.3619 -0.0763 -0.9291
vn -0.3606 -0.1136 -0.9258
vn -0.0569 -0.1136 -0.9919
vn -0.0325 -0.9960 -0.0835
vn -0.0029 -1.0000 -0.0075
vn -0.0051 -0.9960 -0.0894
vn -0.0005 -1.0000 -0.0081
vn -0.1216 -0.9422 -0.3123
vn -0.0192 -0.9422 -0.3346
vn -0.2160 -0.8036 -0.5546
vn -0.0341 -0.8036 -0.5942
vn 0.1512 -0.8036 -0.5757
vn 0.0851 -0.9422 -0.3241
vn 0.0228 -0.9960 -0.0867
vn 0.2540 -0.0212 -0.9670
vn 0.2424 -0.2993 -0.9229
vn -0.0546 -0.2993 -0.9526
vn -0.0573 -0.0212 -0.9981
vn 0.5404 -0.0212 -0.8412
vn 0.5157 -0.2993 -0.8028
vn 0.7739 0.0163 -0.6331
vn 0.7739 -0.0212 -0.6330
vn 0.7385 -0.2994 -0.6041
vn 0.3217 -0.8035 -0.5008
vn 0.1811 -0.9422 -0.2820
vn 0.4607 -0.8035 -0.3769
vn 0.2594 -0.9422 -0.2122
vn 0.5546 -0.8036 -0.2161
vn 0.3123 -0.9422 -0.1217
vn 0.9316 -0.0212 -0.3629
vn 0.8890 -0.2995 -0.3463
vn 0.0693 -0.9960 -0.0567
vn 0.0484 -0.9960 -0.0754
vn 0.0835 -0.9960 -0.0325
vn 0.5942 -0.8036 -0.0341
vn 0.3346 -0.9422 -0.0192
vn 0.0894 -0.9960 -0.0051
vn 0.0081 -1.0000 -0.0005
vn 0.0075 -1.0000 -0.0029
vn 0.0062 -1.0000 -0.0051
vn 0.9258 -0.1136 -0.3606
vn 0.9919 -0.1136 -0.0569
vn 0.9926 -0.1077 -0.0569
vn 0.9264 -0.1079 -0.3609
vn 0.7690 -0.1136 -0.6291
vn 0.7695 -0.1079 -0.6295
vn 0.5370 -0.1136 -0.8359
vn 0.2524 -0.1136 -0.9609
vn 0.0044 -1.0000 -0.0068
vn 0.0021 -1.0000 -0.0078
vn 0.9609 -0.1136 0.2524
vn 0.9616 -0.1077 0.2526
vn 0.9635 -0.0877 0.2531
vn 0.9644 -0.0763 0.2533
vn 0.8364 -0.1079 0.5373
vn 0.8381 -0.0877 0.5384
vn 0.8389 -0.0763 0.5389
vn 0.6313 -0.0763 0.7718
vn 0.6331 -0.0100 0.7740
vn 0.6307 -0.0877 0.7710
vn 0.6318 0.0663 0.7723
vn 0.3619 -0.0763 0.9291
vn 0.3630 -0.0095 0.9318
vn 0.3622 0.0663 0.9297
vn 0.0571 -0.0766 0.9954
vn 0.0573 -0.0098 0.9983
vn 0.0571 0.0663 0.9962
vn -0.2540 -0.0095 0.9672
vn -0.2535 0.0663 0.9651
vn -0.2533 -0.0769 0.9643
vn 0.3616 -0.0876 0.9282
vn 0.0571 -0.0875 0.9945
vn -0.2531 -0.0876 0.9635
vn -0.5384 -0.0876 0.8381
vn -0.5389 -0.0763 0.8389
vn -0.5405 -0.0095 0.8413
vn -0.7710 -0.0876 0.6307
vn -0.7718 -0.0763 0.6313
vn -0.7740 -0.0095 0.6331
vn -0.5393 0.0663 0.8395
vn -0.7723 0.0663 0.6318
vn -0.9291 -0.0763 0.3619
vn -0.9317 -0.0100 0.3630
vn -0.9297 0.0663 0.3622
vn -0.9282 -0.0876 0.3616
vn -0.9945 -0.0876 0.0571
vn -0.7695 -0.1079 0.6295
vn -0.9263 -0.1080 0.3609
vn -0.9925 -0.1077 0.0569
vn -0.5373 -0.1081 0.8364
vn -0.5370 -0.1136 0.8359
vn -0.7690 -0.1136 0.6291
vn -0.9258 -0.1136 0.3606
vn -0.2524 -0.1136 0.9609
vn -0.2526 -0.1079 0.9615
vn 0.0569 -0.1136 0.9919
vn 0.0569 -0.1078 0.9925
vn 0.3606 -0.1136 0.9258
vn 0.3609 -0.1079 0.9263
vn 0.6295 -0.1076 0.7695
vn 0.6291 -0.1136 0.7690
vn 0.0325 -0.9960 0.0835
vn 0.0051 -0.9960 0.0894
vn 0.0005 -1.0000 0.0081
vn 0.0029 -1.0000 0.0075
vn 0.0567 -0.9960 0.0693
vn 0.0051 -1.0000 0.0062
vn 0.0754 -0.9960 0.0484
vn 0.0068 -1.0000 0.0044
vn 0.8359 -0.1136 0.5370
vn 0.0867 -0.9960 0.0227
vn 0.0078 -1.0000 0.0020
vn 0.3241 -0.9422 0.0851
vn 0.2820 -0.9422 0.1811
vn 0.5008 -0.8036 0.3217
vn 0.5757 -0.8036 0.1512
vn 0.8411 -0.0212 0.5404
vn 0.8028 -0.2995 0.5157
vn 0.9228 -0.2995 0.2424
vn 0.9670 -0.0212 0.2540
vn 0.9525 -0.2995 -0.0546
vn 0.9981 -0.0212 -0.0573
vn 0.9982 0.0164 -0.0573
vn 0.9671 0.0164 0.2540
vn 0.9317 0.0163 -0.3629
vn 0.9098 0.2159 -0.3544
vn 0.9748 0.2159 -0.0559
vn 0.8782 0.4190 0.2307
vn 0.9444 0.2158 0.2480
vn 0.5301 0.8364 0.1393
vn 0.7639 0.4190 0.4908
vn 0.8215 0.2159 0.5277
vn 0.4612 0.8364 0.2962
vn 0.4578 0.8809 0.1202
vn 0.3982 0.8809 0.2558
vn 0.4863 0.8644 0.1277
vn 0.4230 0.8644 0.2717
vn 0.5004 0.8557 0.1314
vn 0.4353 0.8557 0.2797
vn 0.3276 0.8557 0.4005
vn 0.3183 0.8644 0.3891
vn 0.2997 0.8809 0.3664
vn 0.1878 0.8557 0.4821
vn 0.1825 0.8645 0.4684
vn 0.1718 0.8809 0.4410
vn 0.1990 0.8364 0.5107
vn 0.3471 0.8364 0.4242
vn 0.3296 0.4190 0.8461
vn 0.5749 0.4190 0.7028
vn 0.6182 0.2159 0.7558
vn 0.3544 0.2159 0.9098
vn 0.0520 0.4190 0.9065
vn 0.0559 0.2159 0.9748
vn 0.0314 0.8364 0.5473
vn 0.0573 0.0164 0.9982
vn 0.3630 0.0164 0.9317
vn 0.6331 0.0164 0.7739
vn 0.0573 -0.0212 0.9981
vn 0.3629 -0.0212 0.9316
vn 0.6330 -0.0212 0.7738
vn 0.3463 -0.2993 0.8891
vn 0.6041 -0.2994 0.7385
vn 0.0547 -0.2993 0.9526
vn -0.2540 0.0163 0.9671
vn -0.2540 -0.0212 0.9670
vn -0.2424 -0.2993 0.9228
vn 0.0341 -0.8036 0.5942
vn 0.0192 -0.9422 0.3346
vn 0.1217 -0.9422 0.3123
vn 0.2160 -0.8036 0.5546
vn -0.1512 -0.8036 0.5756
vn -0.0851 -0.9422 0.3242
vn -0.3217 -0.8036 0.5008
vn -0.1811 -0.9422 0.2820
vn -0.5404 -0.0212 0.8412
vn -0.5157 -0.2994 0.8028
vn -0.0228 -0.9960 0.0867
vn -0.0484 -0.9960 0.0754
vn -0.4607 -0.8035 0.3769
vn -0.2594 -0.9422 0.2122
vn -0.0693 -0.9960 0.0567
vn -0.0063 -1.0000 0.0051
vn -0.0044 -1.0000 0.0068
vn -0.0021 -1.0000 0.0078
vn -0.3123 -0.9422 0.1217
vn -0.0835 -0.9960 0.0325
vn -0.0075 -1.0000 0.0029
vn -0.0894 -0.9960 0.0051
vn -0.0081 -1.0000 0.0005
vn -0.3346 -0.9422 0.0192
vn -0.9919 -0.1136 0.0569
vn -0.5942 -0.8036 0.0341
vn -0.5546 -0.8035 0.2161
vn -0.9981 -0.0212 0.0572
vn -0.9526 -0.2992 0.0547
vn -0.8891 -0.2992 0.3464
vn -0.9316 -0.0212 0.3629
vn -0.7385 -0.2994 0.6041
vn -0.7738 -0.0212 0.6330
vn -0.7739 0.0164 0.6331
vn -0.9317 0.0164 0.3629
vn -0.5404 0.0164 0.8412
vn -0.5277 0.2159 0.8215
vn -0.2480 0.2159 0.9444
vn -0.7558 0.2159 0.6182
vn -0.4908 0.4190 0.7639
vn -0.2307 0.4190 0.8782
vn -0.2962 0.8364 0.4612
vn -0.1392 0.8364 0.5302
vn 0.0271 0.8809 0.4725
vn -0.1202 0.8809 0.4578
vn -0.2558 0.8809 0.3982
vn -0.3664 0.8809 0.2997
vn -0.4242 0.8364 0.3471
vn -0.7028 0.4190 0.5749
vn -0.1277 0.8645 0.4862
vn -0.2717 0.8644 0.4230
vn -0.3891 0.8644 0.3183
vn -0.4684 0.8644 0.1825
vn -0.4410 0.8809 0.1718
vn -0.5107 0.8364 0.1990
vn -0.4725 0.8809 0.0271
vn -0.5472 0.8364 0.0314
vn -0.5019 0.8644 0.0288
vn -0.9065 0.4190 0.0520
vn -0.8460 0.4190 0.3296
vn -0.9098 0.2159 0.3544
vn -0.9748 0.2159 0.0559
vn -0.9444 0.2159 -0.2480
vn -0.9982 0.0163 0.0573
vn -0.4005 0.8557 0.3276
vn -0.4821 0.8557 0.1878
vn -0.5166 0.8557 0.0296
vn -0.4680 0.8833 0.0269
vn -0.4368 0.8833 0.1702
vn -0.9318 -0.0000 0.3630
vn -0.9984 -0.0000 0.0573
vn -0.9672 -0.0000 -0.2540
vn -0.7740 -0.0000 0.6332
vn -0.3629 0.8833 0.2968
vn -0.2534 0.8833 0.3944
vn -0.2796 0.8558 0.4353
vn -0.5405 -0.0000 0.8414
vn -0.4398 -0.8816 0.1713
vn -0.3653 -0.8816 0.2988
vn -0.4642 -0.8002 0.3797
vn -0.5588 -0.8002 0.2177
vn -0.2551 -0.8816 0.3971
vn -0.3242 -0.8002 0.5046
vn -0.1199 -0.8816 0.4565
vn -0.1524 -0.8002 0.5801
vn -0.2540 -0.0000 0.9672
vn 0.0270 -0.8816 0.4712
vn 0.0343 -0.8002 0.5988
vn 0.0573 -0.0000 0.9984
vn -0.1191 0.8833 0.4534
vn -0.1314 0.8557 0.5004
vn 0.0269 0.8833 0.4680
vn 0.0296 0.8557 0.5166
vn 0.0288 0.8644 0.5019
vn 0.1702 0.8833 0.4368
vn 0.2968 0.8833 0.3629
vn 0.3630 -0.0000 0.9318
vn 0.6332 -0.0000 0.7740
vn 0.1713 -0.8816 0.4398
vn 0.2177 -0.8002 0.5588
vn 0.2988 -0.8816 0.3653
vn 0.3797 -0.8002 0.4642
vn 0.3971 -0.8816 0.2551
vn 0.5046 -0.8002 0.3242
vn 0.8414 -0.0000 0.5405
vn 0.4565 -0.8816 0.1199
vn 0.5801 -0.8002 0.1524
vn 0.9672 -0.0000 0.2540
vn 0.3944 0.8833 0.2534
vn 0.4534 0.8833 0.1191
vn 0.9984 -0.0000 -0.0573
vn 0.9318 -0.0000 -0.3630
vn 0.4712 -0.8816 -0.0270
vn 0.5987 -0.8002 -0.0343
vn 0.4398 -0.8816 -0.1713
vn 0.5588 -0.8002 -0.2177
vn 0.3653 -0.8816 -0.2988
vn 0.4642 -0.8002 -0.3797
vn 0.7740 -0.0000 -0.6332
vn 0.2551 -0.8816 -0.3971
vn 0.3242 -0.8002 -0.5046
vn 0.5405 -0.0000 -0.8414
vn 0.1199 -0.8816 -0.4565
vn 0.1524 -0.8002 -0.5801
vn 0.2540 -0.0000 -0.9672
vn -0.0270 -0.8816 -0.4712
vn -0.0344 -0.8002 -0.5988
vn -0.0573 -0.0000 -0.9984
vn -0.0269 0.8833 -0.4681
vn -0.0423 -0.6745 -0.7371
vn 0.1876 -0.6745 -0.7141
vn -0.2680 -0.6745 -0.6879
vn -0.3020 -0.5546 -0.7753
vn -0.0477 -0.5547 -0.8307
vn 0.2114 -0.5547 -0.8048
vn 0.3990 -0.6745 -0.6212
vn 0.4497 -0.5547 -0.7001
vn 0.2300 -0.4244 -0.8758
vn 0.4894 -0.4244 -0.7618
vn -0.0519 -0.4244 -0.9040
vn 0.2434 -0.2868 -0.9266
vn 0.5178 -0.2868 -0.8060
vn -0.0549 -0.2869 -0.9564
vn 0.2514 -0.1446 -0.9570
vn 0.5348 -0.1446 -0.8325
vn -0.0567 -0.1446 -0.9879
vn 0.2514 0.1447 -0.9570
vn 0.5348 0.1446 -0.8325
vn -0.0567 0.1447 -0.9878
vn 0.2434 0.2868 -0.9266
vn 0.5178 0.2868 -0.8060
vn -0.0549 0.2868 -0.9564
vn 0.2300 0.4244 -0.8758
vn 0.4894 0.4244 -0.7618
vn -0.0519 0.4244 -0.9040
vn 0.2114 0.5547 -0.8048
vn 0.4497 0.5547 -0.7001
vn -0.0477 0.5547 -0.8307
vn 0.1875 0.6745 -0.7140
vn 0.3990 0.6745 -0.6212
vn -0.0423 0.6745 -0.7371
vn 0.1588 0.7804 -0.6048
vn 0.3380 0.7804 -0.5261
vn -0.0358 0.7804 -0.6243
vn 0.1259 0.8686 -0.4793
vn 0.2679 0.8686 -0.4170
vn -0.0284 0.8686 -0.4948
vn 0.0899 0.9353 -0.3423
vn 0.1913 0.9353 -0.2978
vn -0.0203 0.9353 -0.3534
vn 0.0543 0.9769 -0.2067
vn 0.1155 0.9769 -0.1798
vn -0.0122 0.9769 -0.2134
vn -0.0000 1.0000 -0.0000
vn -0.2066 0.9769 -0.0543
vn -0.2134 0.9769 0.0122
vn -0.1798 0.9769 -0.1155
vn 0.1353 0.9769 0.1654
vn 0.1798 0.9769 0.1155
vn 0.0776 0.9769 0.1991
vn -0.0776 0.9769 -0.1991
vn -0.1991 0.9769 0.0776
vn 0.2067 0.9769 0.0543
vn -0.1353 0.9769 -0.1654
vn -0.1654 0.9769 0.1353
vn 0.2134 0.9769 -0.0122
vn -0.1155 0.9769 0.1798
vn 0.1991 0.9769 -0.0776
vn -0.0543 0.9769 0.2067
vn 0.1654 0.9769 -0.1353
vn 0.0122 0.9769 0.2134
vn 0.1285 0.9353 0.3298
vn 0.2241 0.9353 0.2740
vn 0.0203 0.9353 0.3534
vn 0.0284 0.8686 0.4948
vn 0.1799 0.8686 0.4618
vn 0.3138 0.8685 0.3836
vn 0.2270 0.7804 0.5826
vn 0.3959 0.7804 0.4840
vn 0.0358 0.7804 0.6243
vn 0.4170 0.8685 0.2679
vn 0.2978 0.9353 0.1913
vn 0.5261 0.7804 0.3380
vn 0.4674 0.6745 0.5714
vn 0.6212 0.6745 0.3990
vn 0.2680 0.6745 0.6879
vn 0.7141 0.6745 0.1875
vn 0.6048 0.7804 0.1589
vn 0.4793 0.8685 0.1259
vn 0.7370 0.6745 -0.0423
vn 0.6243 0.7804 -0.0358
vn 0.4948 0.8685 -0.0284
vn 0.3423 0.9353 0.0899
vn 0.3534 0.9353 -0.0203
vn 0.4618 0.8685 -0.1799
vn 0.3298 0.9353 -0.1285
vn 0.2740 0.9353 -0.2241
vn 0.3836 0.8686 -0.3138
vn 0.5827 0.7804 -0.2270
vn 0.4840 0.7804 -0.3959
vn 0.6879 0.6745 -0.2680
vn 0.5715 0.6745 -0.4675
vn 0.6440 0.5547 -0.5268
vn 0.7753 0.5547 -0.3020
vn 0.8307 0.5547 -0.0477
vn 0.8047 0.5547 0.2114
vn 0.9040 0.4244 -0.0519
vn 0.8437 0.4244 -0.3287
vn 0.8758 0.4244 0.2300
vn 0.7618 0.4244 0.4894
vn 0.7001 0.5547 0.4497
vn 0.5733 0.4244 0.7008
vn 0.5268 0.5547 0.6440
vn 0.3287 0.4244 0.8437
vn 0.3020 0.5547 0.7753
vn 0.0477 0.5547 0.8307
vn 0.0423 0.6745 0.7370
vn 0.0519 0.4244 0.9040
vn 0.3477 0.2868 0.8927
vn 0.6066 0.2869 0.7415
vn 0.0549 0.2868 0.9564
vn -0.2434 0.2868 0.9266
vn -0.2300 0.4244 0.8758
vn -0.2114 0.5547 0.8048
vn -0.5178 0.2867 0.8060
vn -0.4894 0.4244 0.7618
vn -0.4497 0.5547 0.7001
vn -0.1876 0.6745 0.7141
vn -0.3990 0.6745 0.6212
vn -0.1589 0.7804 0.6048
vn -0.3380 0.7804 0.5261
vn -0.1259 0.8686 0.4793
vn -0.2679 0.8685 0.4170
vn -0.0899 0.9353 0.3423
vn -0.1913 0.9353 0.2978
vn -0.2740 0.9353 0.2241
vn -0.3836 0.8685 0.3138
vn -0.4618 0.8685 0.1799
vn -0.3298 0.9353 0.1285
vn -0.4948 0.8685 0.0284
vn -0.3534 0.9353 0.0203
vn -0.4793 0.8685 -0.1259
vn -0.3423 0.9353 -0.0899
vn -0.4170 0.8685 -0.2679
vn -0.2978 0.9353 -0.1913
vn -0.2241 0.9353 -0.2740
vn -0.3138 0.8685 -0.3836
vn -0.5261 0.7804 -0.3380
vn -0.6048 0.7804 -0.1588
vn -0.3959 0.7804 -0.4840
vn -0.2270 0.7804 -0.5827
vn -0.1799 0.8686 -0.4618
vn -0.1285 0.9353 -0.3298
vn -0.2680 0.6746 -0.6879
vn -0.4674 0.6745 -0.5714
vn -0.3020 0.5547 -0.7753
vn -0.5268 0.5547 -0.6440
vn -0.7001 0.5547 -0.4497
vn -0.6212 0.6745 -0.3990
vn -0.8047 0.5547 -0.2114
vn -0.7141 0.6745 -0.1875
vn -0.7371 0.6745 0.0423
vn -0.6243 0.7804 0.0358
vn -0.8307 0.5547 0.0477
vn -0.8758 0.4244 -0.2300
vn -0.9040 0.4244 0.0519
vn -0.7618 0.4245 -0.4894
vn -0.8437 0.4244 0.3287
vn -0.7753 0.5547 0.3020
vn -0.6879 0.6745 0.2680
vn -0.7009 0.4244 0.5733
vn -0.6440 0.5547 0.5268
vn -0.5715 0.6745 0.4675
vn -0.5826 0.7804 0.2270
vn -0.4840 0.7804 0.3959
vn -0.8926 0.2868 0.3477
vn -0.7415 0.2868 0.6066
vn -0.7659 0.1446 0.6265
vn -0.5348 0.1445 0.8325
vn -0.9220 0.1445 0.3592
vn -0.2514 0.1445 0.9570
vn 0.0567 0.1445 0.9879
vn 0.3592 0.1446 0.9220
vn 0.6265 0.1445 0.7659
vn 0.8325 0.1446 0.5348
vn 0.8060 0.2868 0.5178
vn 0.6265 -0.1445 0.7659
vn 0.8325 -0.1446 0.5348
vn 0.3592 -0.1445 0.9220
vn 0.9570 -0.1446 0.2514
vn 0.9570 0.1446 0.2514
vn 0.9878 -0.1448 -0.0567
vn 0.9878 0.1447 -0.0567
vn 0.9265 0.2869 0.2434
vn 0.9564 0.2868 -0.0549
vn 0.9220 0.1445 -0.3592
vn 0.8926 0.2868 -0.3477
vn 0.7415 0.2869 -0.6065
vn 0.7009 0.4244 -0.5733
vn 0.7659 0.1446 -0.6265
vn 0.9220 -0.1445 -0.3592
vn 0.7659 -0.1445 -0.6265
vn 0.7415 -0.2868 -0.6066
vn 0.8926 -0.2869 -0.3477
vn 0.9564 -0.2868 -0.0549
vn 0.9265 -0.2869 0.2434
vn 0.9040 -0.4244 -0.0519
vn 0.8437 -0.4244 -0.3287
vn 0.8758 -0.4244 0.2300
vn 0.7618 -0.4244 0.4894
vn 0.8060 -0.2869 0.5178
vn 0.5733 -0.4243 0.7009
vn 0.6066 -0.2869 0.7415
vn 0.3287 -0.4244 0.8437
vn 0.3477 -0.2868 0.8927
vn 0.0549 -0.2868 0.9564
vn 0.0567 -0.1445 0.9879
vn 0.0519 -0.4244 0.9040
vn 0.3020 -0.5547 0.7753
vn 0.5268 -0.5547 0.6440
vn 0.0477 -0.5547 0.8307
vn -0.2114 -0.5547 0.8048
vn -0.2300 -0.4244 0.8758
vn -0.2434 -0.2868 0.9266
vn -0.4497 -0.5547 0.7001
vn -0.4894 -0.4244 0.7618
vn -0.5178 -0.2869 0.8060
vn -0.2514 -0.1446 0.9570
vn -0.5348 -0.1445 0.8325
vn -0.7415 -0.2867 0.6066
vn -0.7659 -0.1446 0.6265
vn -0.9220 -0.1445 0.3592
vn -0.8927 -0.2867 0.3477
vn -0.7009 -0.4244 0.5733
vn -0.8437 -0.4244 0.3287
vn -0.9040 -0.4244 0.0519
vn -0.9564 -0.2868 0.0549
vn -0.9879 -0.1446 0.0567
vn -0.8758 -0.4244 -0.2300
vn -0.9266 -0.2868 -0.2434
vn -0.9570 -0.1447 -0.2514
vn -0.9879 0.1445 0.0567
vn -0.9570 0.1446 -0.2514
vn -0.9564 0.2869 0.0549
vn -0.9266 0.2868 -0.2434
vn -0.8325 0.1446 -0.5348
vn -0.8060 0.2868 -0.5178
vn -0.6066 0.2867 -0.7415
vn -0.5733 0.4244 -0.7009
vn -0.6265 0.1445 -0.7659
vn -0.3592 0.1445 -0.9220
vn -0.3477 0.2868 -0.8926
vn -0.3592 -0.1447 -0.9220
vn -0.6265 -0.1445 -0.7659
vn -0.3477 -0.2869 -0.8926
vn -0.6066 -0.2868 -0.7415
vn -0.8060 -0.2868 -0.5178
vn -0.8325 -0.1447 -0.5348
vn -0.5733 -0.4244 -0.7008
vn -0.7618 -0.4244 -0.4894
vn -0.7001 -0.5547 -0.4497
vn -0.8048 -0.5547 -0.2114
vn -0.5268 -0.5547 -0.6440
vn -0.8307 -0.5547 0.0477
vn -0.7141 -0.6745 -0.1876
vn -0.7370 -0.6745 0.0423
vn -0.6212 -0.6745 -0.3990
vn -0.6879 -0.6745 0.2680
vn -0.7753 -0.5547 0.3020
vn -0.5715 -0.6745 0.4675
vn -0.6440 -0.5547 0.5268
vn -0.3990 -0.6745 0.6212
vn -0.1875 -0.6745 0.7140
vn 0.0423 -0.6745 0.7371
vn 0.2680 -0.6745 0.6879
vn 0.4675 -0.6745 0.5714
vn 0.6211 -0.6745 0.3990
vn 0.7001 -0.5546 0.4497
vn 0.7141 -0.6745 0.1875
vn 0.8048 -0.5547 0.2114
vn 0.7370 -0.6745 -0.0423
vn 0.8307 -0.5547 -0.0477
vn 0.6879 -0.6745 -0.2680
vn 0.7753 -0.5547 -0.3020
vn 0.6440 -0.5547 -0.5268
vn 0.7009 -0.4244 -0.5733
vn 0.5715 -0.6745 -0.4675
vn -0.5988 -0.8002 0.0344
vn -0.4712 -0.8816 0.0270
vn -0.4565 -0.8816 -0.1199
vn -0.5801 -0.8002 -0.1524
vn -0.4675 -0.6745 -0.5714
vn -0.3287 -0.4244 -0.8437
vn -0.3287 0.4244 -0.8437
vn 0.2122 -0.9422 0.2594
vn 0.3768 -0.8036 0.4607
vn 0.8412 0.0164 0.5404
vn -0.9285 0.0845 0.3617
vn -0.7712 0.0845 0.6309
vn -0.9153 0.1874 0.3565
vn -0.7603 0.1876 0.6219
vn -0.8933 0.2845 0.3480
vn -0.7420 0.2847 0.6070
vn -0.5386 0.0844 0.8384
vn -0.5309 0.1876 0.8264
vn -0.5181 0.2847 0.8065
vn -0.8771 0.3376 0.3417
vn -0.7286 0.3376 0.5960
vn -0.5087 0.3376 0.7920
vn -0.8339 0.4461 0.3248
vn -0.6927 0.4461 0.5667
vn -0.4837 0.4461 0.7530
vn -0.8051 0.5035 0.3136
vn -0.6688 0.5035 0.5470
vn -0.4669 0.5035 0.7269
vn -0.2274 0.4461 0.8656
vn -0.2195 0.5035 0.8357
vn -0.2391 0.3376 0.9104
vn 0.0513 0.4461 0.8935
vn 0.0495 0.5035 0.8626
vn 0.0539 0.3376 0.9397
vn 0.0549 0.2846 0.9571
vn -0.2435 0.2846 0.9272
vn 0.3480 0.2847 0.8932
vn 0.3417 0.3376 0.8771
vn 0.3249 0.4461 0.8339
vn 0.5960 0.3376 0.7286
vn 0.5667 0.4461 0.6927
vn 0.6070 0.2847 0.7420
vn 0.7920 0.3376 0.5088
vn 0.7530 0.4461 0.4837
vn 0.6219 0.1874 0.7603
vn 0.3566 0.1874 0.9153
vn 0.9106 0.3371 0.2392
vn 0.6309 0.0843 0.7713
vn 0.3617 0.0844 0.9285
vn 0.0571 0.0845 0.9948
vn 0.0563 0.1874 0.9807
vn -0.2531 0.0845 0.9637
vn -0.2495 0.1875 0.9500
vn 0.3136 0.5035 0.8051
vn 0.5470 0.5035 0.6687
vn 0.7269 0.5035 0.4670
vn 0.8656 0.4461 0.2274
vn 0.8356 0.5035 0.2195
vn 0.8935 0.4461 -0.0513
vn 0.8626 0.5035 -0.0495
vn 0.9397 0.3376 -0.0539
vn 0.8773 0.3370 -0.3418
vn 0.8339 0.4461 -0.3249
vn 0.7286 0.3376 -0.5960
vn 0.6927 0.4461 -0.5667
vn 0.8051 0.5035 -0.3136
vn 0.6687 0.5035 -0.5471
vn 0.4837 0.4461 -0.7530
vn 0.4670 0.5035 -0.7269
vn 0.5089 0.3371 -0.7921
vn 0.2274 0.4461 -0.8656
vn 0.2195 0.5035 -0.8357
vn 0.2391 0.3376 -0.9104
vn -0.0539 0.3376 -0.9397
vn -0.0513 0.4461 -0.8935
vn -0.3417 0.3376 -0.8771
vn -0.3249 0.4461 -0.8339
vn -0.5960 0.3376 -0.7286
vn -0.0495 0.5035 -0.8626
vn -0.3136 0.5035 -0.8051
vn -0.5667 0.4461 -0.6927
vn -0.5471 0.5035 -0.6687
vn -0.1862 0.8583 -0.4781
vn -0.3249 0.8583 -0.3972
vn -0.0294 0.8583 -0.5123
vn -0.0261 0.8898 -0.4555
vn -0.1656 0.8898 -0.4252
vn -0.2889 0.8898 -0.3532
vn -0.7269 0.5035 -0.4670
vn -0.4317 0.8583 -0.2773
vn -0.3839 0.8898 -0.2466
vn -0.4963 0.8583 -0.1303
vn -0.4413 0.8898 -0.1159
vn -0.8356 0.5035 -0.2195
vn -0.7468 0.4606 -0.4797
vn -0.8585 0.4606 -0.2255
vn -0.5620 0.4605 -0.6871
vn -0.8380 0.0897 -0.5383
vn -0.9633 0.0897 -0.2530
vn -0.6306 0.0897 -0.7709
vn -0.3222 0.4606 -0.8271
vn -0.3615 0.0897 -0.9280
vn -0.0508 0.4606 -0.8861
vn -0.0571 0.0897 -0.9943
vn -0.3621 -0.0692 -0.9296
vn -0.6316 -0.0692 -0.7722
vn -0.0571 -0.0692 -0.9960
vn -0.3618 -0.0820 -0.9287
vn -0.6310 -0.0820 -0.7714
vn -0.0571 -0.0820 -0.9950
vn -0.6151 0.2374 -0.7519
vn -0.3526 0.2374 -0.9052
vn -0.3355 0.3820 -0.8611
vn -0.5851 0.3820 -0.7153
vn -0.0556 0.2374 -0.9698
vn -0.0529 0.3820 -0.9227
vn -0.0478 0.5504 -0.8335
vn -0.3029 0.5508 -0.7777
vn -0.5284 0.5508 -0.6460
vn 0.2468 0.2374 -0.9395
vn 0.2348 0.3819 -0.8939
vn 0.2120 0.5508 -0.8072
vn 0.5251 0.2374 -0.8173
vn 0.4995 0.3820 -0.7776
vn 0.4511 0.5508 -0.7022
vn 0.7519 0.2374 -0.6151
vn 0.7153 0.3820 -0.5852
vn 0.6460 0.5508 -0.5285
vn 0.2534 -0.0692 -0.9649
vn 0.5392 -0.0692 -0.8393
vn 0.5387 -0.0820 -0.8385
vn 0.2532 -0.0820 -0.9639
vn 0.7722 -0.0693 -0.6317
vn 0.7714 -0.0820 -0.6310
vn 0.9295 -0.0692 -0.3621
vn 0.9286 -0.0820 -0.3618
vn 0.9051 0.2374 -0.3526
vn 0.8611 0.3820 -0.3355
vn 0.9960 -0.0692 -0.0571
vn 0.9950 -0.0820 -0.0571
vn 0.9698 0.2374 -0.0556
vn 0.9227 0.3820 -0.0529
vn 0.7779 0.5506 -0.3030
vn 0.8332 0.5508 -0.0478
vn 0.7375 0.6741 -0.0423
vn 0.6882 0.6741 -0.2681
vn 0.5717 0.6741 -0.4677
vn 0.8072 0.5508 0.2120
vn 0.7144 0.6741 0.1877
vn 0.8939 0.3820 0.2348
vn 0.7776 0.3820 0.4995
vn 0.7024 0.5506 0.4512
vn 0.6215 0.6741 0.3992
vn 0.5795 0.7249 0.3723
vn 0.6661 0.7250 0.1750
vn 0.6877 0.7249 -0.0395
vn 0.4677 0.6741 0.5717
vn 0.4362 0.7249 0.5332
vn 0.5284 0.5508 0.6460
vn 0.2681 0.6741 0.6882
vn 0.2500 0.7249 0.6418
vn 0.3030 0.5508 0.7777
vn 0.5852 0.3820 0.7153
vn 0.3355 0.3820 0.8611
vn 0.6151 0.2374 0.7519
vn 0.3526 0.2374 0.9052
vn 0.8173 0.2374 0.5250
vn 0.0556 0.2374 0.9698
vn 0.0529 0.3820 0.9227
vn 0.0478 0.5506 0.8334
vn -0.2468 0.2374 0.9395
vn -0.2348 0.3820 0.8939
vn -0.2120 0.5508 0.8072
vn 0.3621 -0.0692 0.9296
vn 0.0571 -0.0692 0.9960
vn 0.0571 -0.0820 0.9950
vn 0.3618 -0.0820 0.9287
vn -0.2534 -0.0692 0.9649
vn -0.2532 -0.0820 0.9639
vn -0.5392 -0.0692 0.8393
vn -0.5387 -0.0820 0.8385
vn -0.5250 0.2374 0.8173
vn -0.4995 0.3820 0.7776
vn -0.7722 -0.0692 0.6316
vn -0.7714 -0.0820 0.6310
vn -0.7519 0.2374 0.6151
vn -0.7153 0.3820 0.5852
vn -0.4513 0.5503 0.7025
vn -0.6460 0.5508 0.5284
vn -0.5717 0.6741 0.4677
vn -0.3992 0.6742 0.6214
vn -0.1876 0.6741 0.7144
vn -0.7777 0.5508 0.3029
vn -0.6883 0.6741 0.2681
vn -0.8611 0.3820 0.3354
vn -0.9227 0.3820 0.0529
vn -0.8332 0.5508 0.0478
vn -0.7374 0.6741 0.0423
vn -0.6877 0.7249 0.0394
vn -0.6418 0.7250 0.2500
vn -0.5331 0.7250 0.4361
vn -0.7144 0.6741 -0.1876
vn -0.6664 0.7248 -0.1750
vn -0.8072 0.5508 -0.2120
vn -0.6214 0.6741 -0.3992
vn -0.5796 0.7249 -0.3723
vn -0.7022 0.5508 -0.4511
vn -0.8939 0.3820 -0.2348
vn -0.7776 0.3820 -0.4995
vn -0.4677 0.6741 -0.5718
vn -0.8173 0.2374 -0.5250
vn -0.9395 0.2374 -0.2468
vn -0.9649 -0.0692 -0.2534
vn -0.8393 -0.0692 -0.5392
vn -0.8385 -0.0820 -0.5386
vn -0.9639 -0.0820 -0.2532
vn -0.9698 0.2374 0.0556
vn -0.9960 -0.0692 0.0571
vn -0.9950 -0.0820 0.0571
vn -0.9943 0.0897 0.0570
vn -0.8861 0.4606 0.0508
vn -0.9280 0.0897 0.3615
vn -0.8271 0.4606 0.3222
vn -0.9296 -0.0692 0.3621
vn -0.7709 0.0897 0.6306
vn -0.6870 0.4606 0.5620
vn -0.9287 -0.0820 0.3617
vn -0.5383 0.0897 0.8380
vn -0.9052 0.2374 0.3526
vn -0.4797 0.4606 0.7468
vn -0.2530 0.0897 0.9633
vn -0.2255 0.4606 0.8585
vn 0.0570 0.0897 0.9943
vn 0.0508 0.4606 0.8862
vn 0.3615 0.0897 0.9280
vn 0.3222 0.4606 0.8271
vn 0.6306 0.0897 0.7709
vn 0.5620 0.4606 0.6870
vn 0.6316 -0.0692 0.7722
vn 0.0262 0.8898 0.4555
vn 0.1656 0.8898 0.4252
vn 0.2889 0.8898 0.3532
vn 0.7468 0.4606 0.4797
vn 0.3839 0.8898 0.2466
vn 0.8380 0.0897 0.5383
vn 0.8585 0.4606 0.2255
vn 0.4413 0.8898 0.1159
vn 0.9633 0.0897 0.2530
vn 0.9943 0.0897 -0.0570
vn 0.8862 0.4606 -0.0508
vn 0.4555 0.8898 -0.0261
vn 0.4963 0.8583 0.1303
vn 0.4317 0.8583 0.2773
vn 0.5122 0.8583 -0.0294
vn 0.4781 0.8583 -0.1863
vn 0.4251 0.8898 -0.1656
vn 0.3971 0.8583 -0.3249
vn 0.3532 0.8898 -0.2889
vn 0.8270 0.4607 -0.3222
vn 0.6870 0.4606 -0.5620
vn 0.4797 0.4606 -0.7468
vn 0.2466 0.8898 -0.3839
vn 0.2773 0.8583 -0.4317
vn 0.2255 0.4606 -0.8585
vn 0.1159 0.8898 -0.4413
vn 0.1303 0.8583 -0.4963
vn 0.5383 0.0897 -0.8380
vn 0.2530 0.0897 -0.9633
vn 0.7709 0.0897 -0.6306
vn 0.9280 0.0897 -0.3615
vn 0.9649 -0.0692 0.2534
vn 0.9639 -0.0820 0.2532
vn 0.8393 -0.0692 0.5392
vn 0.8385 -0.0820 0.5387
vn 0.9395 0.2374 0.2468
vn 0.6310 -0.0820 0.7714
vn 0.3249 0.8583 0.3972
vn 0.1862 0.8583 0.4781
vn 0.0294 0.8583 0.5122
vn -0.1303 0.8583 0.4963
vn -0.1159 0.8898 0.4413
vn -0.2773 0.8583 0.4317
vn -0.2466 0.8898 0.3839
vn -0.3971 0.8583 0.3249
vn -0.3532 0.8898 0.2889
vn -0.4252 0.8899 0.1656
vn -0.4781 0.8583 0.1862
vn -0.5123 0.8583 0.0294
vn -0.4555 0.8898 0.0261
vn -0.8626 0.5035 0.0495
vn -0.8935 0.4461 0.0512
vn -0.8656 0.4461 -0.2273
vn -0.7530 0.4461 -0.4837
vn -0.9398 0.3376 0.0539
vn -0.9104 0.3376 -0.2391
vn -0.7920 0.3376 -0.5087
vn -0.2681 0.6741 -0.6883
vn -0.2501 0.7247 -0.6420
vn -0.4362 0.7248 -0.5333
vn -0.0423 0.6741 -0.7374
vn -0.0395 0.7248 -0.6878
vn 0.1876 0.6741 -0.7144
vn 0.1750 0.7249 -0.6662
vn 0.3992 0.6741 -0.6214
vn 0.3724 0.7248 -0.5796
vn 0.5331 0.7250 -0.4361
vn 0.5344 0.7235 -0.4371
vn 0.3730 0.7237 -0.5806
vn 0.1754 0.7235 -0.6677
vn 0.6419 0.7249 -0.2501
vn 0.6433 0.7235 -0.2506
vn 0.6892 0.7235 -0.0395
vn 0.6677 0.7235 0.1754
vn 0.7119 0.7011 -0.0408
vn 0.6644 0.7011 -0.2589
vn 0.6897 0.7011 0.1812
vn 0.5808 0.7235 0.3731
vn 0.5999 0.7011 0.3854
vn 0.4369 0.7238 0.5341
vn 0.4515 0.7011 0.5519
vn 0.2506 0.7235 0.6433
vn 0.2588 0.7011 0.6644
vn 0.0395 0.7235 0.6892
vn 0.0408 0.7011 0.7119
vn 0.0395 0.7249 0.6877
vn 0.0423 0.6741 0.7374
vn -0.1750 0.7248 0.6664
vn -0.1754 0.7235 0.6677
vn -0.3724 0.7247 0.5797
vn -0.3730 0.7237 0.5806
vn -0.5343 0.7235 0.4371
vn -0.6433 0.7235 0.2506
vn -0.5519 0.7011 0.4515
vn -0.3854 0.7011 0.5999
vn -0.6644 0.7011 0.2588
vn -0.6892 0.7235 0.0395
vn -0.7119 0.7011 0.0408
vn -0.6675 0.7237 -0.1753
vn -0.6897 0.7011 -0.1811
vn -0.5808 0.7235 -0.3731
vn -0.5999 0.7011 -0.3854
vn -0.7139 0.6747 -0.1875
vn -0.7369 0.6747 0.0423
vn -0.6210 0.6747 -0.3989
vn -0.4371 0.7235 -0.5344
vn -0.4515 0.7011 -0.5519
vn -0.4673 0.6747 -0.5713
vn -0.7016 0.5520 -0.4507
vn -0.8065 0.5520 -0.2118
vn -0.5280 0.5520 -0.6454
vn -0.7797 0.3758 -0.5009
vn -0.8963 0.3758 -0.2354
vn -0.5868 0.3758 -0.7173
vn -0.2679 0.6747 -0.6877
vn -0.3027 0.5520 -0.7770
vn -0.3364 0.3758 -0.8635
vn -0.0423 0.6746 -0.7370
vn -0.0478 0.5520 -0.8325
vn -0.0531 0.3758 -0.9252
vn 0.2118 0.5520 -0.8065
vn 0.2354 0.3758 -0.8963
vn 0.1875 0.6747 -0.7139
vn 0.2534 0.0714 -0.9647
vn -0.0572 0.0714 -0.9958
vn -0.3621 0.0714 -0.9294
vn 0.4507 0.5520 -0.7015
vn 0.5009 0.3758 -0.7797
vn 0.5391 0.0714 -0.8392
vn 0.5405 -0.0000 -0.8413
vn 0.7720 0.0714 -0.6316
vn 0.7173 0.3758 -0.5868
vn 0.9294 0.0714 -0.3621
vn 0.8635 0.3758 -0.3364
vn 0.7770 0.5520 -0.3027
vn 0.6454 0.5520 -0.5280
vn 0.6877 0.6747 -0.2679
vn 0.5713 0.6747 -0.4673
vn 0.3990 0.6746 -0.6210
vn 0.3854 0.7011 -0.5999
vn 0.5519 0.7011 -0.4515
vn 0.1811 0.7011 -0.6897
vn -0.0408 0.7011 -0.7119
vn -0.0395 0.7235 -0.6892
vn -0.2588 0.7011 -0.6644
vn -0.2506 0.7235 -0.6433
vn 0.7369 0.6747 -0.0423
vn 0.8325 0.5520 -0.0478
vn 0.7139 0.6747 0.1875
vn 0.8065 0.5520 0.2118
vn 0.8963 0.3758 0.2354
vn 0.9252 0.3758 -0.0531
vn 0.9958 0.0714 -0.0571
vn 0.9647 0.0714 0.2534
vn 0.8392 0.0714 0.5391
vn 0.7797 0.3758 0.5009
vn 0.6315 0.0714 0.7720
vn 0.5867 0.3758 0.7173
vn 0.7016 0.5520 0.4507
vn 0.5280 0.5520 0.6454
vn 0.3364 0.3758 0.8635
vn 0.3621 0.0714 0.9294
vn 0.3027 0.5519 0.7770
vn 0.2679 0.6747 0.6878
vn 0.4673 0.6747 0.5713
vn 0.6210 0.6747 0.3989
vn 0.0423 0.6747 0.7369
vn 0.0478 0.5520 0.8325
vn -0.1875 0.6746 0.7139
vn -0.2118 0.5520 0.8065
vn -0.1811 0.7011 0.6897
vn 0.0531 0.3758 0.9252
vn -0.2354 0.3758 0.8963
vn -0.4507 0.5520 0.7016
vn -0.5009 0.3758 0.7797
vn -0.3989 0.6747 0.6210
vn -0.5391 0.0714 0.8392
vn -0.2534 0.0714 0.9647
vn 0.0571 0.0714 0.9958
vn -0.7720 0.0714 0.6315
vn -0.7173 0.3758 0.5868
vn -0.9294 0.0714 0.3620
vn -0.8635 0.3758 0.3363
vn -0.6454 0.5520 0.5280
vn -0.7770 0.5520 0.3027
vn -0.6878 0.6747 0.2679
vn -0.5713 0.6747 0.4673
vn -0.8325 0.5520 0.0477
vn -0.9252 0.3758 0.0531
vn -0.9647 0.0714 -0.2534
vn -0.9958 0.0714 0.0571
vn -0.8392 0.0714 -0.5391
vn -0.9984 -0.0000 0.0572
vn -0.6315 0.0714 -0.7720
vn -0.0566 -0.1562 -0.9861
vn -0.3585 -0.1563 -0.9203
vn -0.6254 -0.1563 -0.7645
vn -0.0512 -0.4496 -0.8917
vn -0.3242 -0.4496 -0.8323
vn -0.5655 -0.4496 -0.6914
vn -0.0451 -0.6158 -0.7866
vn -0.2860 -0.6158 -0.7342
vn -0.4989 -0.6158 -0.6099
vn -0.2114 -0.8129 -0.5427
vn -0.3688 -0.8129 -0.4508
vn -0.0334 -0.8129 -0.5815
vn -0.5491 -0.4980 -0.6712
vn -0.3148 -0.4980 -0.8080
vn -0.0497 -0.4980 -0.8658
vn 0.1480 -0.8128 -0.5634
vn 0.2203 -0.4980 -0.8388
vn 0.2002 -0.6158 -0.7621
vn 0.2538 -0.0388 -0.9665
vn -0.0572 -0.0389 -0.9976
vn -0.3627 -0.0389 -0.9311
vn -0.0518 0.4279 -0.9024
vn -0.3281 0.4279 -0.8422
vn 0.2296 0.4278 -0.8742
vn 0.4687 -0.4979 -0.7296
vn 0.5401 -0.0388 -0.8407
vn 0.4885 0.4279 -0.7604
vn 0.6712 -0.4980 -0.5491
vn 0.7734 -0.0388 -0.6327
vn 0.6996 0.4278 -0.5723
vn 0.5248 0.7351 -0.4293
vn 0.3665 0.7351 -0.5704
vn 0.1722 0.7351 -0.6557
vn 0.3318 0.7894 -0.5165
vn 0.1559 0.7894 -0.5937
vn 0.4752 0.7894 -0.3887
vn 0.6317 0.7351 -0.2461
vn 0.5720 0.7894 -0.2229
vn 0.8422 0.4279 -0.3281
vn 0.6768 0.7351 -0.0388
vn 0.6129 0.7894 -0.0352
vn 0.9023 0.4279 -0.0518
vn 0.9976 -0.0389 -0.0572
vn 0.9311 -0.0389 -0.3627
vn 0.8080 -0.4980 -0.3148
vn 0.8657 -0.4980 -0.0497
vn 0.8387 -0.4980 0.2203
vn 0.9665 -0.0388 0.2539
vn 0.8742 0.4278 0.2296
vn 0.5634 -0.8128 0.1480
vn 0.5815 -0.8128 -0.0334
vn 0.5428 -0.8128 -0.2115
vn 0.7342 -0.6158 -0.2860
vn 0.7866 -0.6158 -0.0451
vn 0.7621 -0.6158 0.2002
vn 0.6099 -0.6158 -0.4989
vn 0.4509 -0.8128 -0.3688
vn 0.4259 -0.6158 -0.6629
vn 0.3148 -0.8129 -0.4901
vn 0.4828 -0.4496 -0.7515
vn 0.6914 -0.4496 -0.5655
vn 0.2269 -0.4496 -0.8639
vn 0.2509 -0.1562 -0.9553
vn 0.5339 -0.1562 -0.8310
vn 0.7645 -0.1563 -0.6254
vn 0.9203 -0.1562 -0.3586
vn 0.8323 -0.4496 -0.3242
vn 0.8917 -0.4496 -0.0512
vn 0.9861 -0.1562 -0.0566
vn 0.8639 -0.4496 0.2269
vn 0.9553 -0.1562 0.2509
vn 0.8310 -0.1563 0.5338
vn 0.7515 -0.4496 0.4828
vn 0.6629 -0.6158 0.4259
vn 0.4901 -0.8129 0.3148
vn 0.4989 -0.6158 0.6099
vn 0.3688 -0.8128 0.4509
vn 0.5655 -0.4496 0.6914
vn 0.7296 -0.4980 0.4687
vn 0.5491 -0.4980 0.6712
vn 0.2114 -0.8129 0.5427
vn 0.3148 -0.4979 0.8081
vn 0.2861 -0.6158 0.7342
vn 0.3627 -0.0389 0.9311
vn 0.6327 -0.0388 0.7734
vn 0.8407 -0.0388 0.5401
vn 0.5723 0.4279 0.6996
vn 0.7605 0.4278 0.4885
vn 0.3281 0.4278 0.8422
vn 0.0497 -0.4980 0.8657
vn 0.0572 -0.0389 0.9976
vn 0.0518 0.4279 0.9024
vn -0.2203 -0.4981 0.8387
vn -0.2538 -0.0388 0.9665
vn -0.2296 0.4278 0.8742
vn -0.1722 0.7351 0.6557
vn 0.0388 0.7351 0.6769
vn 0.2461 0.7351 0.6317
vn 0.0352 0.7894 0.6129
vn 0.2228 0.7894 0.5720
vn -0.1559 0.7894 0.5937
vn -0.3664 0.7351 0.5704
vn -0.3318 0.7894 0.5165
vn -0.4885 0.4279 0.7605
vn -0.5247 0.7351 0.4292
vn -0.4752 0.7894 0.3887
vn -0.6996 0.4279 0.5723
vn -0.7734 -0.0388 0.6327
vn -0.5401 -0.0388 0.8407
vn -0.4687 -0.4980 0.7296
vn -0.6712 -0.4980 0.5491
vn -0.8080 -0.4980 0.3148
vn -0.9311 -0.0385 0.3627
vn -0.8422 0.4279 0.3281
vn -0.5428 -0.8128 0.2114
vn -0.4509 -0.8128 0.3688
vn -0.3148 -0.8128 0.4901
vn -0.4258 -0.6158 0.6629
vn -0.6099 -0.6158 0.4989
vn -0.7342 -0.6158 0.2860
vn -0.2002 -0.6158 0.7621
vn -0.1480 -0.8128 0.5634
vn 0.0451 -0.6158 0.7866
vn 0.0334 -0.8128 0.5816
vn 0.0512 -0.4496 0.8917
vn -0.2269 -0.4496 0.8639
vn 0.3242 -0.4496 0.8323
vn 0.3585 -0.1563 0.9203
vn 0.0566 -0.1562 0.9861
vn 0.6254 -0.1563 0.7645
vn -0.2509 -0.1563 0.9553
vn -0.5338 -0.1563 0.8310
vn -0.4828 -0.4496 0.7515
vn -0.6914 -0.4496 0.5655
vn -0.7645 -0.1563 0.6254
vn -0.8323 -0.4496 0.3242
vn -0.9204 -0.1563 0.3585
vn -0.9861 -0.1563 0.0565
vn -0.8917 -0.4496 0.0511
vn -0.7867 -0.6157 0.0451
vn -0.5815 -0.8129 0.0334
vn -0.7621 -0.6158 -0.2002
vn -0.5634 -0.8128 -0.1480
vn -0.8639 -0.4496 -0.2269
vn -0.8658 -0.4980 0.0496
vn -0.8387 -0.4980 -0.2203
vn -0.4901 -0.8128 -0.3148
vn -0.7296 -0.4980 -0.4687
vn -0.6630 -0.6157 -0.4259
vn -0.8407 -0.0389 -0.5401
vn -0.9665 -0.0389 -0.2538
vn -0.9976 -0.0388 0.0572
vn -0.8742 0.4278 -0.2296
vn -0.9024 0.4279 0.0518
vn -0.7605 0.4278 -0.4885
vn -0.6327 -0.0389 -0.7734
vn -0.5723 0.4278 -0.6996
vn -0.4293 0.7351 -0.5248
vn -0.2461 0.7351 -0.6317
vn -0.5704 0.7351 -0.3664
vn -0.0388 0.7351 -0.6769
vn -0.0352 0.7894 -0.6129
vn -0.2228 0.7894 -0.5720
vn -0.3887 0.7894 -0.4752
vn -0.2072 0.8211 -0.5319
vn -0.3615 0.8210 -0.4419
vn -0.0327 0.8211 -0.5698
vn -0.2071 0.8213 -0.5316
vn -0.3613 0.8213 -0.4416
vn -0.0327 0.8213 -0.5696
vn 0.1450 0.8211 -0.5520
vn 0.1449 0.8213 -0.5518
vn 0.3086 0.8210 -0.4803
vn 0.3084 0.8213 -0.4800
vn 0.4418 0.8211 -0.3614
vn 0.4416 0.8212 -0.3613
vn 0.5845 0.6555 -0.4782
vn 0.4082 0.6555 -0.6354
vn 0.1918 0.6555 -0.7304
vn 0.2365 0.3654 -0.9003
vn 0.5031 0.3656 -0.7831
vn 0.7205 0.3655 -0.5894
vn 0.7036 0.6555 -0.2741
vn 0.8673 0.3655 -0.3379
vn 0.5316 0.8213 -0.2071
vn 0.5379 0.0974 -0.8373
vn 0.7703 0.0973 -0.6302
vn 0.9273 0.0974 -0.3613
vn 0.9293 0.3655 -0.0533
vn 0.9936 0.0974 -0.0570
vn 0.7539 0.6555 -0.0432
vn 0.9003 0.3654 0.2365
vn 0.9626 0.0974 0.2528
vn 0.7304 0.6555 0.1919
vn 0.6354 0.6555 0.4082
vn 0.7832 0.3654 0.5031
vn 0.8373 0.0974 0.5379
vn 0.9634 -0.0880 0.2531
vn 0.9945 -0.0880 -0.0570
vn 0.8381 -0.0879 0.5384
vn 0.6301 0.0973 0.7704
vn 0.6307 -0.0879 0.7710
vn 0.5894 0.3655 0.7205
vn 0.3613 0.0973 0.9274
vn 0.3616 -0.0879 0.9282
vn 0.3379 0.3654 0.8674
vn 0.4781 0.6555 0.5845
vn 0.2741 0.6556 0.7036
vn 0.0533 0.3655 0.9293
vn 0.0570 0.0974 0.9936
vn 0.0432 0.6555 0.7540
vn -0.2365 0.3655 0.9003
vn -0.2528 0.0973 0.9626
vn -0.1918 0.6555 0.7304
vn -0.5031 0.3654 0.7832
vn -0.5379 0.0973 0.8374
vn -0.4081 0.6555 0.6354
vn -0.7205 0.3655 0.5894
vn -0.7703 0.0974 0.6302
vn -0.5845 0.6555 0.4781
vn -0.8673 0.3655 0.3379
vn -0.9274 0.0974 0.3612
vn -0.7037 0.6555 0.2741
vn -0.7539 0.6555 0.0432
vn -0.9293 0.3655 0.0533
vn -0.9936 0.0974 0.0570
vn -0.9282 -0.0879 0.3616
vn -0.7710 -0.0878 0.6307
vn -0.9945 -0.0880 0.0570
vn -0.9626 0.0974 -0.2528
vn -0.9635 -0.0879 -0.2530
vn -0.9004 0.3653 -0.2365
vn -0.8374 0.0974 -0.5379
vn -0.8381 -0.0880 -0.5384
vn -0.7832 0.3654 -0.5031
vn -0.5893 0.3655 -0.7205
vn -0.6301 0.0974 -0.7703
vn -0.6307 -0.0879 -0.7710
vn -0.7936 -0.3322 -0.5098
vn -0.5972 -0.3323 -0.7300
vn -0.9123 -0.3322 -0.2396
vn -0.3616 -0.0879 -0.9282
vn -0.3424 -0.3323 -0.8789
vn -0.3613 0.0974 -0.9274
vn -0.0570 0.0974 -0.9936
vn -0.0571 -0.0879 -0.9945
vn -0.0540 -0.3323 -0.9416
vn -0.0456 -0.6045 -0.7953
vn -0.2892 -0.6045 -0.7423
vn -0.5044 -0.6045 -0.6166
vn -0.2378 -0.7554 -0.6105
vn -0.4149 -0.7554 -0.5072
vn -0.0375 -0.7554 -0.6542
vn -0.2473 -0.7320 -0.6349
vn -0.4314 -0.7320 -0.5274
vn -0.0390 -0.7320 -0.6802
vn -0.2741 -0.6556 -0.7036
vn -0.4781 -0.6557 -0.5844
vn -0.0432 -0.6556 -0.7538
vn -0.2902 -0.8888 -0.3548
vn -0.1664 -0.8888 -0.4271
vn -0.0263 -0.8888 -0.4576
vn 0.1731 -0.7320 -0.6590
vn 0.1918 -0.6556 -0.7303
vn 0.1164 -0.8888 -0.4433
vn 0.0060 -0.9997 -0.0226
vn -0.0014 -0.9997 -0.0234
vn -0.0085 -0.9997 -0.0218
vn -0.0000 -1.0000 -0.0000
vn 0.2477 -0.8888 -0.3856
vn 0.0127 -0.9997 -0.0197
vn 0.0181 -0.9997 -0.0148
vn 0.0218 -0.9997 -0.0085
vn 0.0234 -0.9997 -0.0013
vn 0.0227 -0.9997 0.0059
vn 0.4576 -0.8888 -0.0262
vn 0.4271 -0.8888 -0.1664
vn 0.4433 -0.8888 0.1164
vn 0.3857 -0.8888 0.2477
vn 0.0197 -0.9997 0.0127
vn 0.6353 -0.6556 0.4081
vn 0.7303 -0.6556 0.1918
vn 0.7538 -0.6556 -0.0432
vn 0.6590 -0.7320 0.1731
vn 0.5733 -0.7320 0.3683
vn 0.6802 -0.7320 -0.0390
vn 0.6349 -0.7320 -0.2473
vn 0.7036 -0.6556 -0.2741
vn 0.3548 -0.8888 -0.2902
vn 0.5844 -0.6556 -0.4781
vn 0.5274 -0.7320 -0.4314
vn 0.5072 -0.7554 -0.4149
vn 0.6105 -0.7554 -0.2379
vn 0.6542 -0.7554 -0.0375
vn 0.3541 -0.7554 -0.5513
vn 0.3683 -0.7320 -0.5733
vn 0.4081 -0.6556 -0.6353
vn 0.1664 -0.7554 -0.6337
vn 0.2024 -0.6045 -0.7705
vn 0.4306 -0.6045 -0.6702
vn 0.2396 -0.3320 -0.9123
vn 0.5098 -0.3320 -0.7936
vn 0.6166 -0.6045 -0.5044
vn 0.7301 -0.3321 -0.5972
vn 0.7710 -0.0879 -0.6307
vn 0.5384 -0.0881 -0.8381
vn 0.2531 -0.0879 -0.9634
vn 0.2528 0.0974 -0.9626
vn -0.0533 0.3655 -0.9293
vn -0.3379 0.3654 -0.8674
vn -0.2741 0.6555 -0.7037
vn -0.0433 0.6555 -0.7539
vn -0.4781 0.6555 -0.5845
vn -0.6354 0.6555 -0.4082
vn -0.4800 0.8213 -0.3084
vn -0.7304 0.6555 -0.1919
vn -0.5518 0.8213 -0.1449
vn -0.5521 0.8211 -0.1450
vn -0.4804 0.8210 -0.3086
vn -0.5698 0.8211 0.0327
vn -0.5696 0.8213 0.0327
vn -0.5319 0.8211 0.2072
vn -0.5316 0.8213 0.2071
vn -0.4419 0.8210 0.3615
vn -0.4416 0.8213 0.3613
vn -0.3085 0.8211 0.4802
vn -0.3084 0.8212 0.4801
vn -0.1450 0.8211 0.5520
vn -0.1449 0.8213 0.5518
vn 0.0327 0.8211 0.5699
vn 0.0327 0.8213 0.5696
vn 0.2072 0.8211 0.5319
vn 0.2071 0.8213 0.5316
vn 0.3615 0.8210 0.4419
vn 0.3613 0.8213 0.4416
vn 0.4802 0.8211 0.3085
vn 0.4800 0.8213 0.3084
vn 0.5520 0.8211 0.1450
vn 0.5518 0.8213 0.1450
vn 0.5700 0.8210 -0.0327
vn 0.5696 0.8213 -0.0327
vn 0.5318 0.8211 -0.2072
vn 0.5938 0.7894 0.1560
vn 0.6557 0.7351 0.1722
vn 0.5704 0.7351 0.3664
vn 0.5165 0.7894 0.3318
vn 0.4293 0.7351 0.5248
vn 0.3887 0.7894 0.4752
vn -0.5720 0.7894 0.2228
vn -0.6317 0.7351 0.2461
vn -0.6768 0.7351 0.0388
vn -0.6129 0.7894 0.0351
vn -0.6557 0.7351 -0.1722
vn -0.5938 0.7894 -0.1560
vn -0.5165 0.7894 -0.3318
vn 0.9282 -0.0879 -0.3616
vn 0.8789 -0.3321 -0.3424
vn 0.9417 -0.3322 -0.0540
vn 0.7423 -0.6045 -0.2892
vn 0.7953 -0.6045 -0.0456
vn 0.9123 -0.3321 0.2396
vn 0.7705 -0.6045 0.2024
vn 0.6337 -0.7554 0.1665
vn 0.7936 -0.3322 0.5098
vn 0.6702 -0.6045 0.4305
vn 0.5513 -0.7554 0.3541
vn 0.5044 -0.6045 0.6166
vn 0.4149 -0.7554 0.5072
vn 0.4314 -0.7320 0.5274
vn 0.4781 -0.6556 0.5844
vn 0.2473 -0.7320 0.6349
vn 0.2741 -0.6557 0.7035
vn 0.2378 -0.7554 0.6105
vn 0.1664 -0.8888 0.4271
vn 0.2902 -0.8888 0.3548
vn 0.0085 -0.9997 0.0218
vn 0.0148 -0.9997 0.0181
vn 0.0263 -0.8888 0.4576
vn 0.0013 -0.9997 0.0234
vn -0.0059 -0.9997 0.0226
vn -0.0127 -0.9997 0.0197
vn -0.2477 -0.8888 0.3857
vn -0.1164 -0.8888 0.4433
vn -0.4081 -0.6557 0.6353
vn -0.1918 -0.6557 0.7303
vn 0.0432 -0.6557 0.7538
vn 0.0390 -0.7320 0.6802
vn -0.1731 -0.7320 0.6590
vn 0.0375 -0.7554 0.6542
vn -0.1665 -0.7554 0.6337
vn -0.3541 -0.7554 0.5513
vn -0.3683 -0.7320 0.5733
vn -0.5072 -0.7554 0.4149
vn -0.5274 -0.7320 0.4314
vn -0.5844 -0.6557 0.4781
vn -0.3548 -0.8888 0.2902
vn -0.6349 -0.7320 0.2473
vn -0.7036 -0.6557 0.2741
vn -0.4271 -0.8888 0.1664
vn -0.0181 -0.9997 0.0148
vn -0.0218 -0.9997 0.0085
vn -0.4576 -0.8888 0.0262
vn -0.0233 -0.9997 0.0013
vn -0.7538 -0.6557 0.0432
vn -0.0227 -0.9997 -0.0059
vn -0.0197 -0.9997 -0.0127
vn -0.0148 -0.9997 -0.0181
vn -0.3857 -0.8888 -0.2477
vn -0.4433 -0.8888 -0.1164
vn -0.6353 -0.6557 -0.4081
vn -0.7303 -0.6556 -0.1918
vn -0.6590 -0.7320 -0.1731
vn -0.5733 -0.7320 -0.3682
vn -0.6802 -0.7320 0.0390
vn -0.6542 -0.7554 0.0375
vn -0.6337 -0.7554 -0.1665
vn -0.6106 -0.7554 0.2378
vn -0.7953 -0.6045 0.0456
vn -0.7705 -0.6045 -0.2024
vn -0.7423 -0.6045 0.2891
vn -0.9417 -0.3321 0.0540
vn -0.8789 -0.3322 0.3423
vn -0.7301 -0.3321 0.5972
vn -0.6166 -0.6045 0.5044
vn -0.5098 -0.3321 0.7936
vn -0.5384 -0.0880 0.8381
vn -0.4305 -0.6045 0.6702
vn -0.2024 -0.6045 0.7705
vn -0.2396 -0.3321 0.9123
vn -0.2530 -0.0880 0.9634
vn 0.0540 -0.3319 0.9418
vn 0.0571 -0.0879 0.9945
vn 0.3424 -0.3321 0.8789
vn 0.0456 -0.6045 0.7953
vn 0.2892 -0.6045 0.7423
vn 0.5972 -0.3320 0.7301
vn -0.6702 -0.6045 -0.4305
vn -0.5513 -0.7554 -0.3541
vn -0.7515 -0.4496 -0.4828
vn -0.9553 -0.1562 -0.2509
vn -0.8310 -0.1562 -0.5338
vt 0.590109 0.202156
vt 0.590109 0.161749
vt 0.597947 0.161749
vt 0.597947 0.202156
vt 0.590109 0.121342
vt 0.597947 0.121342
vt 0.583641 0.161749
vt 0.583641 0.121342
vt 0.583641 0.202156
vt 0.574454 0.161749
vt 0.574454 0.121342
vt 0.574454 0.202156
vt 0.562748 0.202156
vt 0.562748 0.161749
vt 0.562748 0.121342
vt 0.583641 0.080934
vt 0.574454 0.080934
vt 0.562748 0.080934
vt 0.552533 0.161749
vt 0.552533 0.121342
vt 0.552533 0.080934
vt 0.545722 0.121342
vt 0.545722 0.080934
vt 0.545722 0.161749
vt 0.543702 0.121342
vt 0.543702 0.080934
vt 0.543702 0.161748
vt 0.545722 0.202156
vt 0.543702 0.202156
vt 0.552533 0.202156
vt 0.545722 0.242562
vt 0.543702 0.242562
vt 0.552533 0.242562
vt 0.552533 0.282970
vt 0.545722 0.282970
vt 0.543702 0.282970
vt 0.562748 0.242562
vt 0.562748 0.282970
vt 0.574454 0.242562
vt 0.574454 0.282970
vt 0.574454 0.323377
vt 0.562748 0.323377
vt 0.552533 0.323377
vt 0.562748 0.363784
vt 0.552533 0.363784
vt 0.574454 0.363784
vt 0.583641 0.282970
vt 0.583641 0.323377
vt 0.583641 0.363783
vt 0.583641 0.404191
vt 0.574454 0.404191
vt 0.562748 0.404191
vt 0.583641 0.444598
vt 0.574454 0.444598
vt 0.562748 0.444599
vt 0.552533 0.444599
vt 0.552533 0.404191
vt 0.545722 0.444599
vt 0.545722 0.404191
vt 0.545722 0.363784
vt 0.543702 0.444599
vt 0.543702 0.404191
vt 0.543702 0.363784
vt 0.543702 0.323377
vt 0.545722 0.323377
vt 0.541495 0.323377
vt 0.541495 0.282970
vt 0.541495 0.363784
vt 0.541495 0.242562
vt 0.539194 0.323377
vt 0.539194 0.282970
vt 0.539194 0.242562
vt 0.541495 0.202156
vt 0.539194 0.202156
vt 0.541495 0.161748
vt 0.539194 0.161749
vt 0.541495 0.121341
vt 0.539194 0.121342
vt 0.526060 0.161749
vt 0.526060 0.121342
vt 0.526060 0.202156
vt 0.525080 0.161749
vt 0.525080 0.202156
vt 0.525080 0.121342
vt 0.539194 0.080934
vt 0.526060 0.080934
vt 0.525080 0.080934
vt 0.524487 0.121342
vt 0.524487 0.080934
vt 0.524487 0.161749
vt 0.521326 0.161749
vt 0.521326 0.121342
vt 0.521326 0.080934
vt 0.520969 0.161749
vt 0.520969 0.121342
vt 0.520968 0.080934
vt 0.509620 0.161749
vt 0.509620 0.121342
vt 0.509620 0.080934
vt 0.491731 0.161749
vt 0.491731 0.121342
vt 0.491731 0.080934
vt 0.475714 0.161749
vt 0.475714 0.121342
vt 0.475714 0.080934
vt 0.458116 0.161749
vt 0.458116 0.121342
vt 0.458116 0.080935
vt 0.440557 0.121342
vt 0.440557 0.080934
vt 0.440557 0.161749
vt 0.475714 0.040527
vt 0.458116 0.040527
vt 0.440557 0.040527
vt 0.420432 0.121342
vt 0.420432 0.080935
vt 0.420432 0.040527
vt 0.399036 0.121342
vt 0.399036 0.080935
vt 0.399036 0.040527
vt 0.379273 0.080935
vt 0.379273 0.040527
vt 0.379273 0.121342
vt 0.420432 0.161749
vt 0.399036 0.161749
vt 0.379273 0.161749
vt 0.399036 0.202156
vt 0.379273 0.202156
vt 0.420432 0.202156
vt 0.440557 0.202156
vt 0.420432 0.242563
vt 0.399036 0.242563
vt 0.440557 0.242563
vt 0.458116 0.202156
vt 0.458116 0.242563
vt 0.458116 0.282970
vt 0.440557 0.282970
vt 0.420432 0.282970
vt 0.440557 0.323377
vt 0.420432 0.323377
vt 0.458116 0.323377
vt 0.399036 0.323377
vt 0.399036 0.282970
vt 0.379273 0.282970
vt 0.379273 0.242563
vt 0.379273 0.323377
vt 0.420432 0.363784
vt 0.399036 0.363784
vt 0.379272 0.363784
vt 0.420432 0.404192
vt 0.399036 0.404192
vt 0.379273 0.404192
vt 0.420432 0.444599
vt 0.399036 0.444599
vt 0.379273 0.444598
vt 0.420432 0.485005
vt 0.399036 0.485005
vt 0.379273 0.485006
vt 0.399036 0.525413
vt 0.379273 0.525413
vt 0.420432 0.525412
vt 0.440557 0.485005
vt 0.440557 0.525412
vt 0.440557 0.444598
vt 0.458116 0.444599
vt 0.458116 0.485006
vt 0.458116 0.525412
vt 0.440557 0.404192
vt 0.458116 0.404191
vt 0.440557 0.363784
vt 0.458116 0.363784
vt 0.475714 0.363784
vt 0.475714 0.404191
vt 0.475714 0.444598
vt 0.491731 0.363784
vt 0.491731 0.404191
vt 0.491731 0.444598
vt 0.491731 0.323377
vt 0.475714 0.323377
vt 0.491731 0.282970
vt 0.475714 0.282970
vt 0.475714 0.242563
vt 0.491731 0.242563
vt 0.509620 0.242562
vt 0.509620 0.282970
vt 0.509620 0.323377
vt 0.509620 0.202156
vt 0.491731 0.202156
vt 0.475714 0.202156
vt 0.520969 0.202156
vt 0.520968 0.242562
vt 0.521326 0.202156
vt 0.521326 0.242562
vt 0.524487 0.202156
vt 0.524487 0.242562
vt 0.525080 0.242562
vt 0.525080 0.282970
vt 0.524487 0.282970
vt 0.521326 0.282970
vt 0.526060 0.282970
vt 0.526060 0.242562
vt 0.526060 0.323377
vt 0.525080 0.323377
vt 0.539194 0.363784
vt 0.526060 0.363784
vt 0.525080 0.363784
vt 0.524487 0.323377
vt 0.524487 0.363784
vt 0.525080 0.404191
vt 0.524487 0.404191
vt 0.526060 0.404191
vt 0.521326 0.363784
vt 0.521326 0.323377
vt 0.521326 0.404191
vt 0.525080 0.444599
vt 0.524487 0.444599
vt 0.521326 0.444599
vt 0.520969 0.444598
vt 0.520968 0.404191
vt 0.520968 0.363784
vt 0.509620 0.444598
vt 0.509620 0.404191
vt 0.509620 0.363784
vt 0.520969 0.323377
vt 0.520969 0.282970
vt 0.520969 0.485006
vt 0.509620 0.485005
vt 0.491731 0.485005
vt 0.475714 0.485006
vt 0.509620 0.525412
vt 0.491731 0.525412
vt 0.475714 0.525412
vt 0.475714 0.565820
vt 0.458116 0.565820
vt 0.491731 0.565820
vt 0.440557 0.565820
vt 0.475714 0.606227
vt 0.458116 0.606227
vt 0.440557 0.606227
vt 0.475714 0.646635
vt 0.458116 0.646635
vt 0.440557 0.646635
vt 0.458116 0.687042
vt 0.440557 0.687042
vt 0.475714 0.687042
vt 0.491731 0.606227
vt 0.491731 0.646635
vt 0.491731 0.687042
vt 0.491731 0.727450
vt 0.475714 0.727450
vt 0.458116 0.727450
vt 0.491731 0.767857
vt 0.475714 0.767857
vt 0.458116 0.767857
vt 0.440557 0.727450
vt 0.440557 0.767857
vt 0.475714 0.808264
vt 0.458116 0.808264
vt 0.440557 0.808264
vt 0.458116 0.000120
vt 0.440557 0.000120
vt 0.475714 0.000120
vt 0.491731 0.000120
vt 0.491731 0.040527
vt 0.491731 0.808264
vt 0.509620 0.767857
vt 0.509620 0.808264
vt 0.509620 0.000120
vt 0.509620 0.040527
vt 0.509620 0.727450
vt 0.520968 0.727450
vt 0.520969 0.767857
vt 0.520969 0.808264
vt 0.520969 0.687042
vt 0.509620 0.687042
vt 0.520969 0.646635
vt 0.509620 0.646635
vt 0.520969 0.606227
vt 0.509620 0.606227
vt 0.509620 0.565820
vt 0.520969 0.565819
vt 0.521326 0.606227
vt 0.521326 0.646635
vt 0.521326 0.565820
vt 0.521326 0.525413
vt 0.520969 0.525412
vt 0.521326 0.485006
vt 0.524487 0.485006
vt 0.524487 0.525413
vt 0.525080 0.525413
vt 0.525080 0.485006
vt 0.526060 0.525413
vt 0.526060 0.485006
vt 0.526060 0.444599
vt 0.539194 0.444599
vt 0.539194 0.485006
vt 0.539194 0.404191
vt 0.541495 0.404191
vt 0.541495 0.444599
vt 0.543702 0.485006
vt 0.541495 0.485006
vt 0.545722 0.485006
vt 0.543702 0.525413
vt 0.541495 0.525413
vt 0.545723 0.525413
vt 0.552533 0.485006
vt 0.552533 0.525413
vt 0.562748 0.485005
vt 0.562748 0.525413
vt 0.574454 0.485006
vt 0.574454 0.525412
vt 0.574454 0.565820
vt 0.562748 0.565820
vt 0.552533 0.565820
vt 0.574454 0.606227
vt 0.562748 0.606227
vt 0.552533 0.606227
vt 0.545723 0.606227
vt 0.545723 0.565820
vt 0.543702 0.606227
vt 0.543702 0.565820
vt 0.541495 0.565820
vt 0.541495 0.606227
vt 0.543702 0.646635
vt 0.541495 0.646635
vt 0.545723 0.646635
vt 0.539194 0.646635
vt 0.539194 0.606227
vt 0.539194 0.565820
vt 0.526060 0.646635
vt 0.526060 0.606227
vt 0.526060 0.565820
vt 0.525080 0.606227
vt 0.525080 0.565820
vt 0.525080 0.646635
vt 0.539194 0.687042
vt 0.526060 0.687042
vt 0.525080 0.687042
vt 0.524487 0.646635
vt 0.524487 0.606227
vt 0.524487 0.687042
vt 0.525080 0.727449
vt 0.524487 0.727449
vt 0.526060 0.727449
vt 0.521326 0.687042
vt 0.521326 0.727449
vt 0.525080 0.767856
vt 0.524487 0.767856
vt 0.521326 0.767857
vt 0.524487 0.808264
vt 0.521326 0.808264
vt 0.521326 0.000119
vt 0.521326 0.040527
vt 0.520969 0.040527
vt 0.520969 0.000120
vt 0.524487 0.000119
vt 0.524487 0.040526
vt 0.525080 0.040527
vt 0.525080 0.000119
vt 0.525080 0.808264
vt 0.526060 0.040526
vt 0.526060 0.000119
vt 0.526060 0.808264
vt 0.526060 0.767856
vt 0.539194 0.767857
vt 0.539194 0.808264
vt 0.539194 0.727449
vt 0.541495 0.727449
vt 0.541495 0.687042
vt 0.541495 0.767856
vt 0.543702 0.727449
vt 0.543702 0.687042
vt 0.545723 0.727449
vt 0.545723 0.687042
vt 0.552533 0.646635
vt 0.552533 0.687042
vt 0.552533 0.727449
vt 0.552533 0.767856
vt 0.545723 0.767856
vt 0.543702 0.767856
vt 0.562748 0.687042
vt 0.562748 0.727449
vt 0.562748 0.767856
vt 0.562748 0.808264
vt 0.552533 0.808264
vt 0.545723 0.808264
vt 0.552533 0.000119
vt 0.552533 0.040526
vt 0.545722 0.040527
vt 0.545722 0.000119
vt 0.562748 0.000120
vt 0.562748 0.040527
vt 0.543702 0.040527
vt 0.543702 0.000119
vt 0.543702 0.808264
vt 0.541495 0.808264
vt 0.541495 0.040526
vt 0.541495 0.000119
vt 0.541495 0.080934
vt 0.539194 0.040527
vt 0.539194 0.000119
vt 0.574454 0.767857
vt 0.574454 0.808264
vt 0.574454 0.000120
vt 0.574454 0.040526
vt 0.583641 0.040527
vt 0.583641 0.000120
vt 0.590109 0.000120
vt 0.590109 0.040527
vt 0.590109 0.080934
vt 0.590109 0.767856
vt 0.590109 0.808264
vt 0.583641 0.808264
vt 0.583641 0.767857
vt 0.583641 0.727449
vt 0.574454 0.727449
vt 0.590109 0.727449
vt 0.597947 0.767857
vt 0.597947 0.808264
vt 0.597947 0.727449
vt 0.590109 0.687042
vt 0.597947 0.687042
vt 0.583641 0.687042
vt 0.590109 0.646635
vt 0.597947 0.646635
vt 0.583641 0.646635
vt 0.574454 0.687042
vt 0.574454 0.646635
vt 0.562748 0.646635
vt 0.583641 0.606227
vt 0.583641 0.565819
vt 0.590109 0.606227
vt 0.590109 0.565819
vt 0.597947 0.606227
vt 0.597947 0.565820
vt 0.590109 0.525412
vt 0.597947 0.525412
vt 0.583641 0.525412
vt 0.590109 0.485005
vt 0.597947 0.485005
vt 0.583641 0.485005
vt 0.590109 0.444598
vt 0.590109 0.404191
vt 0.597947 0.444598
vt 0.597947 0.404191
vt 0.590109 0.363783
vt 0.597947 0.363784
vt 0.590109 0.323377
vt 0.597947 0.323377
vt 0.590109 0.282970
vt 0.597947 0.282970
vt 0.590109 0.242563
vt 0.597947 0.242562
vt 0.583641 0.242563
vt 0.609876 0.242562
vt 0.609876 0.282970
vt 0.609876 0.202156
vt 0.623843 0.202156
vt 0.623843 0.242562
vt 0.623843 0.282970
vt 0.609876 0.323377
vt 0.623843 0.323377
vt 0.639505 0.282970
vt 0.639505 0.323377
vt 0.639505 0.242562
vt 0.656475 0.282970
vt 0.656475 0.323377
vt 0.656475 0.242562
vt 0.674336 0.282970
vt 0.674336 0.323377
vt 0.674336 0.242562
vt 0.692648 0.282970
vt 0.692648 0.323377
vt 0.692648 0.242562
vt 0.710960 0.282970
vt 0.710960 0.323377
vt 0.710960 0.242562
vt 0.728821 0.282970
vt 0.728821 0.323377
vt 0.728821 0.242562
vt 0.745791 0.282970
vt 0.745791 0.323377
vt 0.745791 0.242562
vt 0.761452 0.282970
vt 0.761452 0.323377
vt 0.761452 0.242562
vt 0.775420 0.282970
vt 0.775420 0.323377
vt 0.775420 0.242562
vt 0.787349 0.282970
vt 0.787349 0.323377
vt 0.787349 0.242562
vt 0.796946 0.282970
vt 0.796946 0.323377
vt 0.796946 0.242563
vt 0.803976 0.282970
vt 0.803976 0.323377
vt 0.803976 0.242563
vt 0.808264 0.282970
vt 0.808264 0.323377
vt 0.808264 0.242564
vt 0.808502 0.302584
vt 0.808502 0.272273
vt 0.904191 0.287427
vt 0.817867 0.243444
vt 0.919346 0.191738
vt 0.948174 0.201103
vt 0.889034 0.191737
vt 0.948176 0.373749
vt 0.919348 0.383116
vt 0.972698 0.355933
vt 0.835684 0.218922
vt 0.972696 0.218920
vt 0.889036 0.383117
vt 0.860207 0.201104
vt 0.990514 0.243442
vt 0.860208 0.373751
vt 0.999880 0.272270
vt 0.835686 0.355935
vt 0.999880 0.302582
vt 0.817868 0.331411
vt 0.990515 0.331409
vt 0.803976 0.606227
vt 0.803976 0.565819
vt 0.808264 0.565818
vt 0.808264 0.606226
vt 0.803976 0.646635
vt 0.808264 0.646634
vt 0.796946 0.646635
vt 0.796946 0.606227
vt 0.796946 0.565819
vt 0.787349 0.606227
vt 0.787349 0.565820
vt 0.787349 0.646635
vt 0.796946 0.525412
vt 0.803976 0.525412
vt 0.787349 0.525412
vt 0.775420 0.565820
vt 0.775420 0.525413
vt 0.775420 0.606227
vt 0.775420 0.485005
vt 0.787349 0.485005
vt 0.796946 0.485005
vt 0.775420 0.444598
vt 0.787349 0.444598
vt 0.796946 0.444598
vt 0.803976 0.485004
vt 0.803976 0.444598
vt 0.808264 0.485003
vt 0.808264 0.525411
vt 0.808264 0.444597
vt 0.796946 0.404191
vt 0.803976 0.404191
vt 0.808264 0.404190
vt 0.803976 0.363783
vt 0.808264 0.363782
vt 0.796946 0.363783
vt 0.787349 0.404191
vt 0.787349 0.363784
vt 0.775420 0.404191
vt 0.775420 0.363784
vt 0.761452 0.363784
vt 0.761452 0.404191
vt 0.761452 0.444599
vt 0.761452 0.485006
vt 0.745791 0.444599
vt 0.745791 0.404191
vt 0.745791 0.485005
vt 0.745791 0.525413
vt 0.761452 0.525412
vt 0.745791 0.565820
vt 0.761452 0.565820
vt 0.745791 0.606227
vt 0.761452 0.606227
vt 0.761452 0.646635
vt 0.775420 0.646635
vt 0.745791 0.646635
vt 0.728821 0.606227
vt 0.728821 0.565820
vt 0.728821 0.646635
vt 0.728821 0.687042
vt 0.745791 0.687042
vt 0.761452 0.687042
vt 0.728821 0.727449
vt 0.745791 0.727449
vt 0.761452 0.727449
vt 0.775420 0.687042
vt 0.775420 0.727449
vt 0.787349 0.687042
vt 0.787349 0.727449
vt 0.796946 0.687042
vt 0.796946 0.727449
vt 0.803976 0.687042
vt 0.803976 0.727450
vt 0.808264 0.687041
vt 0.808264 0.727450
vt 0.803976 0.767857
vt 0.808264 0.767857
vt 0.796946 0.767856
vt 0.796946 0.808264
vt 0.803976 0.808264
vt 0.808264 0.808265
vt 0.796946 0.040527
vt 0.796946 0.000120
vt 0.803976 0.000120
vt 0.803976 0.040527
vt 0.808264 0.000121
vt 0.808264 0.040529
vt 0.796946 0.080934
vt 0.803976 0.080934
vt 0.808264 0.080935
vt 0.796946 0.121342
vt 0.803976 0.121342
vt 0.808264 0.121343
vt 0.803976 0.161749
vt 0.808264 0.161750
vt 0.796946 0.161749
vt 0.787349 0.121342
vt 0.787349 0.080934
vt 0.787349 0.161749
vt 0.787349 0.202156
vt 0.796946 0.202156
vt 0.803976 0.202156
vt 0.775420 0.202156
vt 0.775420 0.161749
vt 0.761452 0.202156
vt 0.761452 0.161749
vt 0.761452 0.121342
vt 0.775420 0.121342
vt 0.761452 0.080934
vt 0.775420 0.080934
vt 0.775420 0.040527
vt 0.787349 0.040527
vt 0.761452 0.040527
vt 0.745791 0.080934
vt 0.745791 0.040527
vt 0.745791 0.121341
vt 0.745791 0.000119
vt 0.761452 0.000120
vt 0.775420 0.000120
vt 0.745791 0.808264
vt 0.745791 0.767856
vt 0.761452 0.767856
vt 0.761452 0.808264
vt 0.775420 0.767856
vt 0.775420 0.808264
vt 0.787349 0.000120
vt 0.787349 0.767857
vt 0.787349 0.808264
vt 0.728821 0.808264
vt 0.728821 0.767856
vt 0.710960 0.767856
vt 0.710960 0.727449
vt 0.710960 0.808264
vt 0.710960 0.687042
vt 0.692648 0.727449
vt 0.692648 0.687042
vt 0.692648 0.767856
vt 0.692648 0.646635
vt 0.710960 0.646635
vt 0.692648 0.606227
vt 0.710960 0.606227
vt 0.692648 0.565820
vt 0.710960 0.565820
vt 0.710960 0.525413
vt 0.728821 0.525413
vt 0.692648 0.525413
vt 0.674336 0.565820
vt 0.674336 0.525413
vt 0.674336 0.606227
vt 0.674336 0.485006
vt 0.692648 0.485006
vt 0.710960 0.485006
vt 0.674336 0.444599
vt 0.692648 0.444599
vt 0.710960 0.444599
vt 0.728821 0.485006
vt 0.728821 0.444599
vt 0.710960 0.404191
vt 0.728821 0.404191
vt 0.728821 0.363784
vt 0.745791 0.363784
vt 0.710960 0.363784
vt 0.692648 0.404191
vt 0.692648 0.363784
vt 0.674336 0.404191
vt 0.674336 0.363784
vt 0.656475 0.363784
vt 0.656475 0.404191
vt 0.656475 0.444599
vt 0.656475 0.485006
vt 0.639505 0.444599
vt 0.639505 0.404191
vt 0.639505 0.485005
vt 0.639505 0.525413
vt 0.656475 0.525413
vt 0.639505 0.565820
vt 0.656475 0.565820
vt 0.639505 0.606227
vt 0.656475 0.606227
vt 0.656475 0.646635
vt 0.674336 0.646635
vt 0.639505 0.646635
vt 0.623843 0.606227
vt 0.623843 0.565820
vt 0.623843 0.646635
vt 0.623843 0.687042
vt 0.639505 0.687042
vt 0.656475 0.687042
vt 0.623843 0.727449
vt 0.639505 0.727449
vt 0.656475 0.727449
vt 0.674336 0.687042
vt 0.674336 0.727449
vt 0.656475 0.767856
vt 0.674336 0.767856
vt 0.674336 0.808264
vt 0.692648 0.808264
vt 0.656475 0.808264
vt 0.639505 0.767856
vt 0.639505 0.808264
vt 0.639505 0.040527
vt 0.639505 0.000119
vt 0.656475 0.000119
vt 0.656475 0.040526
vt 0.674336 0.000119
vt 0.674336 0.040526
vt 0.639505 0.080934
vt 0.656475 0.080934
vt 0.674336 0.080934
vt 0.692648 0.040526
vt 0.692648 0.080934
vt 0.692648 0.000119
vt 0.710960 0.040526
vt 0.710960 0.080934
vt 0.710960 0.000119
vt 0.728821 0.040526
vt 0.728821 0.080934
vt 0.728821 0.000119
vt 0.710960 0.121341
vt 0.728821 0.121341
vt 0.728821 0.161749
vt 0.745791 0.161748
vt 0.710960 0.161749
vt 0.692648 0.121341
vt 0.692648 0.161748
vt 0.692648 0.202155
vt 0.710960 0.202155
vt 0.728821 0.202155
vt 0.674336 0.202155
vt 0.674336 0.161749
vt 0.656475 0.202155
vt 0.656475 0.161749
vt 0.656475 0.121341
vt 0.674336 0.121341
vt 0.639505 0.161748
vt 0.639505 0.121341
vt 0.623843 0.121342
vt 0.623843 0.080934
vt 0.623843 0.161749
vt 0.623843 0.040527
vt 0.609876 0.080934
vt 0.609876 0.040527
vt 0.609876 0.121342
vt 0.609876 0.000120
vt 0.623843 0.000120
vt 0.609876 0.808264
vt 0.609876 0.767856
vt 0.623843 0.767856
vt 0.623843 0.808264
vt 0.609876 0.727449
vt 0.609876 0.687042
vt 0.609876 0.646635
vt 0.609876 0.606227
vt 0.609876 0.565820
vt 0.609876 0.525413
vt 0.623843 0.525412
vt 0.609876 0.485005
vt 0.623843 0.485006
vt 0.609876 0.444598
vt 0.623843 0.444599
vt 0.609876 0.404191
vt 0.623843 0.404191
vt 0.623843 0.363784
vt 0.639505 0.363784
vt 0.609876 0.363784
vt 0.597947 0.040527
vt 0.597947 0.000120
vt 0.597947 0.080934
vt 0.609876 0.161749
vt 0.639505 0.202155
vt 0.745791 0.202155
vt 0.808264 0.202157
vt 0.524487 0.565820
vt 0.539194 0.525413
vt 0.420432 0.000120
vt 0.420432 0.808264
vt 0.420432 0.767857
vt 0.399036 0.000120
vt 0.399036 0.808264
vt 0.399036 0.767857
vt 0.379273 0.808264
vt 0.379273 0.767857
vt 0.379273 0.000120
vt 0.420432 0.727450
vt 0.399036 0.727450
vt 0.379273 0.727450
vt 0.355795 0.808264
vt 0.355795 0.767857
vt 0.355795 0.727450
vt 0.335480 0.808264
vt 0.335480 0.767857
vt 0.335480 0.727450
vt 0.293932 0.808264
vt 0.293932 0.767857
vt 0.293932 0.727450
vt 0.335480 0.687042
vt 0.293932 0.687042
vt 0.355795 0.687042
vt 0.335480 0.646635
vt 0.293932 0.646636
vt 0.355795 0.646635
vt 0.379273 0.646635
vt 0.379273 0.687042
vt 0.379273 0.606227
vt 0.355795 0.606227
vt 0.335480 0.606227
vt 0.355795 0.565820
vt 0.335480 0.565820
vt 0.379273 0.565820
vt 0.355795 0.525413
vt 0.335480 0.525413
vt 0.399036 0.565820
vt 0.399036 0.606227
vt 0.355795 0.485006
vt 0.420432 0.565820
vt 0.420432 0.606227
vt 0.420432 0.646635
vt 0.399036 0.646635
vt 0.420432 0.687042
vt 0.399036 0.687042
vt 0.293932 0.606227
vt 0.293932 0.565821
vt 0.293932 0.525413
vt 0.335480 0.485006
vt 0.293932 0.485006
vt 0.335480 0.444599
vt 0.293932 0.444599
vt 0.355795 0.444599
vt 0.355795 0.404192
vt 0.335480 0.404192
vt 0.355795 0.363784
vt 0.335480 0.363784
vt 0.293931 0.404191
vt 0.293931 0.363784
vt 0.335480 0.323377
vt 0.293931 0.323378
vt 0.355795 0.323378
vt 0.335480 0.282970
vt 0.293932 0.282970
vt 0.355795 0.282970
vt 0.355795 0.242563
vt 0.335480 0.242563
vt 0.355795 0.202156
vt 0.335480 0.202156
vt 0.355795 0.161749
vt 0.293931 0.242563
vt 0.293932 0.202156
vt 0.335480 0.161749
vt 0.293932 0.161749
vt 0.287393 0.202156
vt 0.287393 0.161749
vt 0.287393 0.242563
vt 0.281572 0.242563
vt 0.281572 0.202156
vt 0.281572 0.161749
vt 0.293931 0.121342
vt 0.287393 0.121342
vt 0.281572 0.121341
vt 0.287393 0.080934
vt 0.281572 0.080934
vt 0.293931 0.080934
vt 0.279459 0.121342
vt 0.279459 0.080934
vt 0.279459 0.161749
vt 0.276608 0.121341
vt 0.276608 0.080934
vt 0.276608 0.161749
vt 0.279459 0.202156
vt 0.276608 0.202156
vt 0.279459 0.242563
vt 0.276608 0.242563
vt 0.271691 0.202156
vt 0.271691 0.161749
vt 0.271691 0.242562
vt 0.244768 0.202156
vt 0.244768 0.161749
vt 0.244768 0.242563
vt 0.231920 0.202156
vt 0.231920 0.161749
vt 0.231920 0.242563
vt 0.219072 0.242563
vt 0.219072 0.202156
vt 0.219072 0.161749
vt 0.244768 0.282970
vt 0.231920 0.282970
vt 0.219072 0.282970
vt 0.244768 0.323378
vt 0.231920 0.323379
vt 0.219072 0.323379
vt 0.244768 0.363784
vt 0.231920 0.363784
vt 0.219072 0.363784
vt 0.271691 0.282970
vt 0.271691 0.323378
vt 0.271691 0.363784
vt 0.271691 0.404191
vt 0.244768 0.404191
vt 0.231920 0.404191
vt 0.271691 0.444599
vt 0.244769 0.444599
vt 0.231921 0.444599
vt 0.219072 0.404191
vt 0.219072 0.444599
vt 0.208060 0.444599
vt 0.208060 0.404191
vt 0.208060 0.363784
vt 0.219072 0.485007
vt 0.208060 0.485007
vt 0.231920 0.485007
vt 0.231920 0.525413
vt 0.219072 0.525413
vt 0.208060 0.525413
vt 0.198882 0.525413
vt 0.198883 0.485007
vt 0.198883 0.444599
vt 0.208060 0.565821
vt 0.198882 0.565821
vt 0.219072 0.565821
vt 0.208060 0.606228
vt 0.198882 0.606228
vt 0.219072 0.606228
vt 0.231920 0.565821
vt 0.231920 0.606227
vt 0.244768 0.565821
vt 0.244768 0.606227
vt 0.244768 0.525413
vt 0.244768 0.646636
vt 0.231920 0.646636
vt 0.219072 0.646636
vt 0.244768 0.687043
vt 0.231920 0.687043
vt 0.219072 0.687043
vt 0.271691 0.606227
vt 0.271691 0.646636
vt 0.271691 0.687042
vt 0.271691 0.727450
vt 0.244768 0.727450
vt 0.231920 0.727450
vt 0.271691 0.767856
vt 0.244769 0.767856
vt 0.231921 0.767856
vt 0.219072 0.727450
vt 0.219072 0.767856
vt 0.208060 0.767856
vt 0.208060 0.727449
vt 0.208060 0.687043
vt 0.219072 0.808265
vt 0.208060 0.808265
vt 0.231921 0.808265
vt 0.231921 0.000121
vt 0.231920 0.040528
vt 0.219072 0.040528
vt 0.219072 0.000121
vt 0.208060 0.040528
vt 0.208060 0.000121
vt 0.198882 0.040529
vt 0.198883 0.000121
vt 0.198883 0.808265
vt 0.198883 0.767856
vt 0.208060 0.080934
vt 0.198882 0.080934
vt 0.219072 0.080934
vt 0.208060 0.121341
vt 0.198882 0.121341
vt 0.219072 0.121341
vt 0.231920 0.080934
vt 0.231920 0.121342
vt 0.208060 0.161749
vt 0.244768 0.121342
vt 0.244768 0.080934
vt 0.271691 0.080934
vt 0.271691 0.121342
vt 0.244768 0.040528
vt 0.271691 0.040528
vt 0.276608 0.040528
vt 0.279460 0.040528
vt 0.276608 0.000120
vt 0.279460 0.000120
vt 0.271691 0.000120
vt 0.279460 0.808264
vt 0.276608 0.808264
vt 0.276608 0.767856
vt 0.279460 0.767856
vt 0.271691 0.808264
vt 0.244769 0.000120
vt 0.244769 0.808264
vt 0.276608 0.727450
vt 0.279460 0.727450
vt 0.276608 0.687042
vt 0.279460 0.687042
vt 0.276608 0.646636
vt 0.279460 0.646636
vt 0.276608 0.606227
vt 0.279460 0.606227
vt 0.276608 0.565820
vt 0.279460 0.565821
vt 0.271691 0.565821
vt 0.281572 0.646636
vt 0.281572 0.606227
vt 0.281572 0.565820
vt 0.279460 0.525413
vt 0.281572 0.525413
vt 0.276608 0.525413
vt 0.279460 0.485007
vt 0.281572 0.485007
vt 0.276608 0.485007
vt 0.276608 0.444599
vt 0.279460 0.444599
vt 0.281572 0.444599
vt 0.287393 0.485007
vt 0.287393 0.525413
vt 0.287393 0.444599
vt 0.287393 0.404191
vt 0.281572 0.404191
vt 0.287393 0.363784
vt 0.281571 0.363784
vt 0.279459 0.404191
vt 0.279459 0.363784
vt 0.279459 0.323378
vt 0.281572 0.323378
vt 0.287393 0.323378
vt 0.279459 0.282970
vt 0.281572 0.282970
vt 0.287393 0.282970
vt 0.276608 0.323378
vt 0.276608 0.282970
vt 0.276608 0.363784
vt 0.276608 0.404191
vt 0.271691 0.485007
vt 0.244769 0.485007
vt 0.271691 0.525413
vt 0.287393 0.565820
vt 0.287393 0.606227
vt 0.287393 0.646636
vt 0.287393 0.687043
vt 0.281572 0.687043
vt 0.287393 0.727450
vt 0.281572 0.727449
vt 0.287393 0.767856
vt 0.281572 0.767856
vt 0.281572 0.808264
vt 0.287393 0.808264
vt 0.287393 0.000120
vt 0.287393 0.040528
vt 0.281572 0.040528
vt 0.281572 0.000120
vt 0.293932 0.000120
vt 0.293932 0.040528
vt 0.335480 0.000120
vt 0.335480 0.040527
vt 0.335480 0.080935
vt 0.335480 0.121342
vt 0.355795 0.040527
vt 0.355795 0.080935
vt 0.355795 0.121342
vt 0.355795 0.000120
vt 0.208060 0.202156
vt 0.198882 0.202156
vt 0.198882 0.161750
vt 0.208060 0.242563
vt 0.198882 0.242562
vt 0.208060 0.282970
vt 0.198882 0.282970
vt 0.208060 0.323379
vt 0.198882 0.323379
vt 0.198882 0.363784
vt 0.187411 0.363784
vt 0.187411 0.323379
vt 0.187411 0.282970
vt 0.198882 0.404191
vt 0.187411 0.404191
vt 0.187411 0.444599
vt 0.187411 0.485007
vt 0.175120 0.444599
vt 0.175120 0.404191
vt 0.175120 0.485007
vt 0.187411 0.525414
vt 0.175120 0.525414
vt 0.187411 0.565821
vt 0.175120 0.565821
vt 0.187411 0.606228
vt 0.175120 0.606228
vt 0.187411 0.646636
vt 0.175120 0.646636
vt 0.198882 0.646636
vt 0.208060 0.646636
vt 0.198882 0.687043
vt 0.187411 0.687043
vt 0.198882 0.727449
vt 0.187411 0.727450
vt 0.187411 0.767856
vt 0.187411 0.808265
vt 0.175120 0.767856
vt 0.175120 0.727449
vt 0.175120 0.808265
vt 0.187411 0.000121
vt 0.187411 0.040529
vt 0.175120 0.040529
vt 0.175120 0.000121
vt 0.187411 0.080934
vt 0.175120 0.080934
vt 0.187411 0.121341
vt 0.175120 0.121341
vt 0.167921 0.080934
vt 0.167921 0.040529
vt 0.167921 0.121341
vt 0.187411 0.161750
vt 0.175120 0.161749
vt 0.167921 0.161749
vt 0.161990 0.121341
vt 0.161990 0.080934
vt 0.161990 0.161750
vt 0.154472 0.121341
vt 0.154472 0.080934
vt 0.154472 0.161750
vt 0.167921 0.202157
vt 0.161990 0.202157
vt 0.154472 0.202157
vt 0.167921 0.242562
vt 0.161990 0.242562
vt 0.154472 0.242563
vt 0.161990 0.282970
vt 0.154472 0.282970
vt 0.167921 0.282970
vt 0.150889 0.282970
vt 0.150889 0.242562
vt 0.150889 0.202157
vt 0.161990 0.323379
vt 0.154472 0.323379
vt 0.150889 0.323379
vt 0.140420 0.282970
vt 0.140420 0.242563
vt 0.140420 0.323379
vt 0.150889 0.363783
vt 0.140420 0.363783
vt 0.154471 0.363783
vt 0.150889 0.404191
vt 0.140420 0.404191
vt 0.154472 0.404191
vt 0.161990 0.404191
vt 0.161990 0.363783
vt 0.167921 0.404191
vt 0.167920 0.363783
vt 0.167920 0.323379
vt 0.175120 0.323379
vt 0.175120 0.363783
vt 0.175120 0.282970
vt 0.175120 0.242562
vt 0.187411 0.242563
vt 0.175120 0.202157
vt 0.187411 0.202156
vt 0.167921 0.444599
vt 0.161991 0.444599
vt 0.167921 0.485007
vt 0.161990 0.485007
vt 0.154472 0.485007
vt 0.154473 0.444599
vt 0.150890 0.444599
vt 0.150890 0.485007
vt 0.140421 0.444599
vt 0.140421 0.485007
vt 0.150890 0.525414
vt 0.140420 0.525414
vt 0.154472 0.525414
vt 0.150890 0.565821
vt 0.140420 0.565821
vt 0.154472 0.565821
vt 0.161990 0.525414
vt 0.161990 0.565821
vt 0.154472 0.606228
vt 0.150890 0.606228
vt 0.161990 0.606228
vt 0.167921 0.606228
vt 0.167921 0.565821
vt 0.167921 0.525414
vt 0.167921 0.646636
vt 0.161990 0.646636
vt 0.167921 0.687043
vt 0.161990 0.687043
vt 0.175120 0.687043
vt 0.154472 0.646636
vt 0.154472 0.687043
vt 0.161990 0.727449
vt 0.154472 0.727449
vt 0.167921 0.727449
vt 0.150890 0.727449
vt 0.150890 0.687043
vt 0.150890 0.646636
vt 0.140420 0.687043
vt 0.140420 0.646636
vt 0.140421 0.727449
vt 0.150890 0.767856
vt 0.140421 0.767856
vt 0.154473 0.767856
vt 0.150890 0.808265
vt 0.140421 0.808265
vt 0.154473 0.808265
vt 0.161991 0.767856
vt 0.161991 0.808265
vt 0.167921 0.808265
vt 0.167921 0.767856
vt 0.161990 0.040529
vt 0.161991 0.000121
vt 0.167921 0.000121
vt 0.154472 0.040529
vt 0.154473 0.000121
vt 0.150889 0.080934
vt 0.150890 0.040529
vt 0.150890 0.000121
vt 0.150889 0.121341
vt 0.140420 0.080934
vt 0.140420 0.040529
vt 0.140420 0.121341
vt 0.150889 0.161750
vt 0.140420 0.161750
vt 0.140420 0.202157
vt 0.129876 0.242563
vt 0.129876 0.202157
vt 0.129876 0.161750
vt 0.119177 0.242562
vt 0.119177 0.202157
vt 0.119177 0.161750
vt 0.103130 0.242563
vt 0.103130 0.202157
vt 0.103130 0.161750
vt 0.099733 0.202157
vt 0.099733 0.161750
vt 0.099733 0.242563
vt 0.098130 0.161750
vt 0.098130 0.202157
vt 0.098130 0.242563
vt 0.099733 0.282970
vt 0.098130 0.282970
vt 0.103130 0.282970
vt 0.095955 0.282970
vt 0.095955 0.242563
vt 0.095955 0.202157
vt 0.093735 0.242563
vt 0.093735 0.202157
vt 0.093735 0.282970
vt 0.098130 0.323379
vt 0.095955 0.323379
vt 0.093735 0.323379
vt 0.098129 0.363784
vt 0.095954 0.363784
vt 0.093734 0.363784
vt 0.092010 0.363784
vt 0.092010 0.323379
vt 0.092010 0.282970
vt 0.090254 0.323379
vt 0.090254 0.282970
vt 0.090253 0.363784
vt 0.092010 0.404191
vt 0.090254 0.404191
vt 0.093735 0.404191
vt 0.092011 0.444599
vt 0.090255 0.444599
vt 0.093735 0.444599
vt 0.095955 0.444599
vt 0.095955 0.404191
vt 0.098130 0.404191
vt 0.098131 0.444599
vt 0.098130 0.485007
vt 0.095955 0.485007
vt 0.093735 0.485007
vt 0.099733 0.485007
vt 0.099733 0.444599
vt 0.099733 0.404191
vt 0.103130 0.404191
vt 0.103131 0.444599
vt 0.103131 0.485007
vt 0.103130 0.363784
vt 0.099733 0.363784
vt 0.103130 0.323379
vt 0.099733 0.323379
vt 0.119177 0.323379
vt 0.119177 0.363784
vt 0.119177 0.282970
vt 0.129876 0.282970
vt 0.129875 0.323379
vt 0.129875 0.363784
vt 0.129876 0.404191
vt 0.119177 0.404191
vt 0.119178 0.444599
vt 0.129876 0.444599
vt 0.119177 0.485007
vt 0.129876 0.485007
vt 0.129876 0.525414
vt 0.119177 0.525414
vt 0.103130 0.525414
vt 0.099733 0.525414
vt 0.103130 0.565821
vt 0.099733 0.565821
vt 0.119177 0.565821
vt 0.098130 0.525414
vt 0.098130 0.565821
vt 0.099733 0.606228
vt 0.098130 0.606228
vt 0.103130 0.606228
vt 0.095955 0.606228
vt 0.095955 0.565821
vt 0.095955 0.525414
vt 0.093735 0.565821
vt 0.093735 0.525414
vt 0.093735 0.606228
vt 0.098130 0.646636
vt 0.095955 0.646636
vt 0.093735 0.646636
vt 0.098130 0.687043
vt 0.095955 0.687043
vt 0.093735 0.687043
vt 0.092010 0.687043
vt 0.092010 0.646636
vt 0.092010 0.606228
vt 0.090254 0.646636
vt 0.090254 0.606228
vt 0.090254 0.687043
vt 0.092011 0.727450
vt 0.090254 0.727450
vt 0.093735 0.727450
vt 0.092011 0.767856
vt 0.090255 0.767856
vt 0.093735 0.767856
vt 0.095955 0.767856
vt 0.095955 0.727450
vt 0.098130 0.727450
vt 0.098131 0.767856
vt 0.098131 0.808265
vt 0.095955 0.808265
vt 0.093735 0.808265
vt 0.099733 0.808265
vt 0.099733 0.767856
vt 0.099733 0.727450
vt 0.103131 0.727450
vt 0.103131 0.767856
vt 0.103131 0.808265
vt 0.103130 0.687043
vt 0.099733 0.687043
vt 0.103130 0.646636
vt 0.099733 0.646636
vt 0.119177 0.646636
vt 0.119177 0.687043
vt 0.119177 0.606228
vt 0.129876 0.606228
vt 0.129876 0.646636
vt 0.129876 0.565821
vt 0.140420 0.606228
vt 0.129876 0.687043
vt 0.129876 0.727449
vt 0.119177 0.727449
vt 0.119178 0.767856
vt 0.129876 0.767856
vt 0.119178 0.808265
vt 0.129876 0.808265
vt 0.129876 0.000121
vt 0.129876 0.040529
vt 0.119177 0.040529
vt 0.119178 0.000121
vt 0.103130 0.040529
vt 0.103131 0.000121
vt 0.099733 0.040529
vt 0.099733 0.000121
vt 0.103130 0.080934
vt 0.099733 0.080934
vt 0.119177 0.080934
vt 0.098130 0.040529
vt 0.098131 0.000121
vt 0.098130 0.080934
vt 0.099733 0.121341
vt 0.098130 0.121341
vt 0.103130 0.121341
vt 0.095955 0.121341
vt 0.095955 0.080934
vt 0.095955 0.040529
vt 0.093735 0.080934
vt 0.093735 0.040529
vt 0.093735 0.121341
vt 0.095955 0.161749
vt 0.093735 0.161749
vt 0.092010 0.161750
vt 0.092010 0.202157
vt 0.092010 0.121341
vt 0.092010 0.242563
vt 0.090254 0.242563
vt 0.090254 0.202157
vt 0.090254 0.161750
vt 0.077454 0.202157
vt 0.077454 0.161750
vt 0.077454 0.242563
vt 0.066843 0.202157
vt 0.066843 0.161750
vt 0.066843 0.242563
vt 0.077454 0.282970
vt 0.066843 0.282970
vt 0.077454 0.323379
vt 0.066843 0.323379
vt 0.077454 0.363784
vt 0.066843 0.363784
vt 0.064076 0.363784
vt 0.064076 0.323379
vt 0.064076 0.282970
vt 0.062855 0.282970
vt 0.062855 0.323379
vt 0.062855 0.363784
vt 0.064076 0.404191
vt 0.062855 0.404191
vt 0.066843 0.404191
vt 0.061402 0.323379
vt 0.061402 0.363784
vt 0.061403 0.404191
vt 0.062855 0.444599
vt 0.061404 0.444599
vt 0.064077 0.444599
vt 0.062855 0.485007
vt 0.061403 0.485007
vt 0.064077 0.485007
vt 0.064077 0.525414
vt 0.062855 0.525414
vt 0.061403 0.525414
vt 0.060027 0.485007
vt 0.060027 0.444599
vt 0.060027 0.525414
vt 0.061403 0.565821
vt 0.060026 0.565821
vt 0.062855 0.565821
vt 0.061403 0.606228
vt 0.060026 0.606228
vt 0.062855 0.606228
vt 0.064076 0.565821
vt 0.064076 0.606228
vt 0.062855 0.646636
vt 0.061403 0.646636
vt 0.064076 0.646636
vt 0.062855 0.687043
vt 0.061403 0.687043
vt 0.064076 0.687043
vt 0.062855 0.727449
vt 0.061403 0.727449
vt 0.064077 0.727449
vt 0.062855 0.767856
vt 0.061404 0.767856
vt 0.064077 0.767856
vt 0.062855 0.808265
vt 0.061404 0.808265
vt 0.064077 0.808265
vt 0.062855 0.000121
vt 0.064077 0.000121
vt 0.064077 0.040529
vt 0.062855 0.040529
vt 0.061404 0.000121
vt 0.061403 0.040529
vt 0.060027 0.808265
vt 0.060027 0.767856
vt 0.060027 0.040529
vt 0.060027 0.000121
vt 0.061403 0.080934
vt 0.060026 0.080934
vt 0.062855 0.080934
vt 0.061403 0.121341
vt 0.060026 0.121341
vt 0.062855 0.121341
vt 0.062855 0.161750
vt 0.061403 0.161750
vt 0.060026 0.161750
vt 0.058575 0.121341
vt 0.058575 0.161750
vt 0.058575 0.080934
vt 0.060026 0.202157
vt 0.058575 0.202157
vt 0.061403 0.202157
vt 0.061403 0.242563
vt 0.060026 0.242563
vt 0.058575 0.242563
vt 0.057311 0.242563
vt 0.057311 0.202157
vt 0.057311 0.161750
vt 0.053967 0.202157
vt 0.053967 0.161750
vt 0.053967 0.242563
vt 0.023532 0.202157
vt 0.023532 0.161750
vt 0.023532 0.242563
vt 0.004801 0.202157
vt 0.004801 0.161750
vt 0.004801 0.242563
vt 0.001346 0.161750
vt 0.001346 0.202157
vt 0.001346 0.242563
vt 0.023532 0.282970
vt 0.004801 0.282970
vt 0.001346 0.282970
vt 0.000120 0.282970
vt 0.000120 0.242563
vt 0.000120 0.202157
vt 0.000119 0.242565
vt 0.000119 0.202157
vt 0.000119 0.282970
vt 0.001346 0.323378
vt 0.000120 0.323378
vt 0.000119 0.323375
vt 0.000119 0.242561
vt 0.948178 0.009485
vt 0.972698 0.027303
vt 0.904190 0.095804
vt 0.919347 0.000119
vt 0.808502 0.110965
vt 0.808502 0.080653
vt 0.817868 0.051826
vt 0.889035 0.191499
vt 0.860209 0.182132
vt 0.835684 0.164315
vt 0.990515 0.139793
vt 0.972698 0.164316
vt 0.948175 0.182133
vt 0.990515 0.051826
vt 0.999881 0.080654
vt 0.860208 0.009486
vt 0.889037 0.000119
vt 0.835685 0.027303
vt 0.817868 0.139792
vt 0.919348 0.191499
vt 0.999881 0.110965
vt 0.000119 0.444596
vt 0.000119 0.404190
vt 0.000119 0.404198
vt 0.000119 0.444598
vt 0.000119 0.363783
vt 0.000119 0.363787
vt 0.000120 0.363785
vt 0.000120 0.404192
vt 0.000121 0.444599
vt 0.000119 0.485006
vt 0.000120 0.485007
vt 0.000119 0.485003
vt 0.001347 0.444599
vt 0.001346 0.404192
vt 0.001346 0.485007
vt 0.001346 0.525414
vt 0.000120 0.525413
vt 0.000119 0.525413
vt 0.004801 0.525413
vt 0.004802 0.485007
vt 0.004802 0.444599
vt 0.023532 0.485007
vt 0.023532 0.525414
vt 0.023532 0.444599
vt 0.023532 0.404191
vt 0.004801 0.404192
vt 0.001345 0.363785
vt 0.004801 0.363785
vt 0.023531 0.363784
vt 0.053966 0.363784
vt 0.053967 0.404191
vt 0.053967 0.444599
vt 0.053967 0.323379
vt 0.023531 0.323379
vt 0.004801 0.323378
vt 0.053967 0.282970
vt 0.057311 0.282970
vt 0.057311 0.323379
vt 0.058575 0.282970
vt 0.058574 0.323379
vt 0.057311 0.363784
vt 0.058574 0.363784
vt 0.060026 0.363784
vt 0.060026 0.323379
vt 0.060026 0.282970
vt 0.061403 0.282970
vt 0.062855 0.242563
vt 0.062855 0.202157
vt 0.064076 0.202157
vt 0.064076 0.242563
vt 0.064076 0.161750
vt 0.064076 0.121341
vt 0.066843 0.121341
vt 0.064076 0.080934
vt 0.066843 0.080934
vt 0.077454 0.080934
vt 0.077454 0.121341
vt 0.077455 0.040529
vt 0.066844 0.040529
vt 0.077455 0.000121
vt 0.066844 0.000121
vt 0.077455 0.767856
vt 0.077455 0.808265
vt 0.066844 0.808265
vt 0.066844 0.767856
vt 0.077455 0.727449
vt 0.066844 0.727449
vt 0.077454 0.687043
vt 0.066843 0.687043
vt 0.077454 0.646636
vt 0.066843 0.646636
vt 0.077454 0.606228
vt 0.066843 0.606228
vt 0.077454 0.565821
vt 0.066843 0.565821
vt 0.077455 0.525414
vt 0.066844 0.525414
vt 0.077455 0.485007
vt 0.066844 0.485007
vt 0.077455 0.444599
vt 0.066844 0.444599
vt 0.077454 0.404191
vt 0.090255 0.485007
vt 0.092011 0.485007
vt 0.092010 0.525414
vt 0.090254 0.525414
vt 0.092010 0.565821
vt 0.090254 0.565821
vt 0.090255 0.808265
vt 0.092011 0.808265
vt 0.092011 0.000121
vt 0.092010 0.040529
vt 0.090254 0.040529
vt 0.090255 0.000121
vt 0.093735 0.000121
vt 0.092010 0.080934
vt 0.090254 0.080934
vt 0.095955 0.000121
vt 0.090254 0.121341
vt 0.060026 0.404191
vt 0.058575 0.404191
vt 0.058575 0.444599
vt 0.057311 0.404191
vt 0.057311 0.444599
vt 0.058575 0.485007
vt 0.057311 0.485007
vt 0.053967 0.485007
vt 0.058575 0.525414
vt 0.057311 0.525414
vt 0.053967 0.525414
vt 0.057311 0.565821
vt 0.053967 0.565821
vt 0.023532 0.565821
vt 0.004801 0.565821
vt 0.023532 0.606228
vt 0.004801 0.606228
vt 0.053967 0.606228
vt 0.001346 0.606228
vt 0.001346 0.565821
vt 0.000120 0.606228
vt 0.000120 0.565821
vt 0.000119 0.565822
vt 0.000119 0.606228
vt 0.001346 0.646636
vt 0.000120 0.646636
vt 0.000119 0.646636
vt 0.000119 0.646632
vt 0.000119 0.606224
vt 0.000119 0.565819
vt 0.000119 0.687044
vt 0.000120 0.687043
vt 0.000119 0.687039
vt 0.000119 0.727454
vt 0.000120 0.727451
vt 0.000119 0.727449
vt 0.001346 0.727451
vt 0.001346 0.687043
vt 0.004802 0.727451
vt 0.004801 0.687043
vt 0.004801 0.646636
vt 0.023532 0.646636
vt 0.023532 0.687043
vt 0.053967 0.646636
vt 0.053967 0.687043
vt 0.053967 0.727450
vt 0.023532 0.727450
vt 0.053967 0.767856
vt 0.023532 0.767856
vt 0.004802 0.767857
vt 0.001346 0.767857
vt 0.023532 0.808265
vt 0.004802 0.808264
vt 0.001346 0.808264
vt 0.000121 0.767857
vt 0.000121 0.808264
vt 0.001346 0.040528
vt 0.000120 0.040528
vt 0.000121 0.000120
vt 0.001346 0.000120
vt 0.004801 0.040528
vt 0.004802 0.000120
vt 0.000119 0.040527
vt 0.000119 0.000119
vt 0.000119 0.808264
vt 0.000119 0.767859
vt 0.000119 0.040526
vt 0.000119 0.767856
vt 0.000119 0.080936
vt 0.000120 0.080934
vt 0.000119 0.080934
vt 0.000119 0.121343
vt 0.000120 0.121342
vt 0.000119 0.121341
vt 0.000119 0.161749
vt 0.000119 0.161750
vt 0.000120 0.161750
vt 0.001346 0.121342
vt 0.001346 0.080934
vt 0.004801 0.121341
vt 0.004801 0.080934
vt 0.023532 0.080934
vt 0.023532 0.121341
vt 0.023532 0.040529
vt 0.023532 0.000121
vt 0.053967 0.040529
vt 0.053967 0.080934
vt 0.053967 0.000121
vt 0.057311 0.040529
vt 0.057311 0.080934
vt 0.057311 0.000121
vt 0.058575 0.040529
vt 0.058575 0.000121
vt 0.058575 0.808265
vt 0.058575 0.767856
vt 0.057311 0.808265
vt 0.057311 0.767856
vt 0.058575 0.727449
vt 0.060027 0.727449
vt 0.057311 0.727449
vt 0.057311 0.687043
vt 0.058575 0.687043
vt 0.060026 0.687043
vt 0.058575 0.646636
vt 0.060026 0.646636
vt 0.058575 0.606228
vt 0.057311 0.646636
vt 0.057311 0.606228
vt 0.058575 0.565821
vt 0.053967 0.808265
vt 0.057311 0.121341
vt 0.053967 0.121341
vt 0.000119 0.202158
vt 0.000119 0.525411
vt 0.119177 0.121341
vt 0.129876 0.080934
vt 0.129876 0.121341
vt 0.140421 0.000121
s 1
usemtl initialShadingGroup
f 4/1/1 1/2/2 2/3/3 418/4/4
f 1/2/2 3/5/5 718/6/6 2/3/3
f 3/5/7 1/2/8 5/7/8 6/8/7
f 1/2/8 4/1/9 7/9/9 5/7/8
f 6/8/10 5/7/11 8/10/12 11/11/13
f 5/7/11 7/9/14 9/12/15 8/10/12
f 8/10/12 9/12/15 34/13/16 10/14/17
f 11/11/13 8/10/12 10/14/17 13/15/18
f 370/16/19 6/8/10 11/11/13 12/17/20
f 12/17/20 11/11/13 13/15/18 14/18/21
f 13/15/18 10/14/17 17/19/22 15/20/23
f 14/18/21 13/15/18 15/20/23 16/21/24
f 16/21/24 15/20/23 18/22/25 19/23/26
f 15/20/23 17/19/22 21/24/27 18/22/25
f 18/22/25 20/25/28 357/26/29 19/23/26
f 20/25/28 18/22/25 21/24/27 22/27/30
f 22/27/30 21/24/27 23/28/31 24/29/32
f 17/19/22 25/30/33 23/28/31 21/24/27
f 26/31/34 28/32/35 24/29/32 23/28/31
f 25/30/33 29/33/36 26/31/34 23/28/31
f 29/33/36 30/34/37 27/35/38 26/31/34
f 27/35/38 59/36/39 28/32/35 26/31/34
f 31/37/40 33/38/41 30/34/37 29/33/36
f 34/13/16 31/37/40 29/33/36 25/30/33
f 9/12/15 32/39/42 31/37/40 34/13/16
f 32/39/42 35/40/43 33/38/41 31/37/40
f 10/14/17 34/13/16 25/30/33 17/19/22
f 35/40/43 39/41/44 36/42/45 33/38/41
f 33/38/41 36/42/45 38/43/46 30/34/37
f 36/42/45 37/44/47 50/45/48 38/43/46
f 39/41/44 41/46/49 37/44/47 36/42/45
f 415/47/50 40/48/51 39/41/44 35/40/43
f 40/48/51 42/49/52 41/46/49 39/41/44
f 42/49/52 44/50/53 43/51/54 41/46/49
f 41/46/49 43/51/54 46/52/55 37/44/47
f 44/50/53 403/53/56 45/54/57 43/51/54
f 43/51/54 45/54/57 47/55/58 46/52/55
f 46/52/55 47/55/58 49/56/59 48/57/60
f 37/44/47 46/52/55 48/57/60 50/45/48
f 48/57/60 49/56/59 52/58/61 51/59/62
f 50/45/48 48/57/60 51/59/62 54/60/63
f 52/58/61 277/61/64 53/62/65 51/59/62
f 51/59/62 53/62/65 55/63/66 54/60/63
f 54/60/63 55/63/66 57/64/67 56/65/68
f 38/43/46 50/45/48 54/60/63 56/65/68
f 56/65/68 57/64/67 59/36/39 27/35/38
f 30/34/37 38/43/46 56/65/68 27/35/38
f 57/64/67 58/66/69 60/67/70 59/36/39
f 55/63/66 274/68/71 58/66/69 57/64/67
f 59/36/39 60/67/70 62/69/72 28/32/35
f 58/66/69 184/70/73 61/71/74 60/67/70
f 60/67/70 61/71/74 63/72/75 62/69/72
f 28/32/35 62/69/72 64/73/76 24/29/32
f 62/69/72 63/72/75 65/74/77 64/73/76
f 66/75/78 22/27/30 24/29/32 64/73/76
f 68/76/79 66/75/78 64/73/76 65/74/77
f 67/77/80 20/25/28 22/27/30 66/75/78
f 69/78/81 67/77/80 66/75/78 68/76/79
f 69/78/81 68/76/79 70/79/82 73/80/83
f 68/76/79 65/74/77 71/81/84 70/79/82
f 72/82/85 70/79/82 71/81/84 176/83/86
f 75/84/87 73/80/83 70/79/82 72/82/85
f 361/85/88 69/78/81 73/80/83 74/86/89
f 73/80/83 75/84/87 76/87/90 74/86/89
f 75/84/91 77/88/92 79/89/93 76/87/94
f 77/88/92 75/84/91 72/82/95 78/90/96
f 77/88/92 78/90/96 81/91/97 80/92/98
f 79/89/93 77/88/92 80/92/98 82/93/99
f 80/92/98 81/91/97 84/94/100 83/95/101
f 82/93/99 80/92/98 83/95/101 85/96/102
f 83/95/103 84/94/104 87/97/105 86/98/106
f 85/96/107 83/95/103 86/98/106 88/99/108
f 86/98/106 87/97/105 90/100/109 89/101/110
f 88/99/108 86/98/106 89/101/110 91/102/111
f 89/101/110 90/100/109 93/103/112 92/104/113
f 91/102/111 89/101/110 92/104/113 94/105/114
f 92/104/113 93/103/112 97/106/115 95/107/116
f 94/105/114 92/104/113 95/107/116 98/108/117
f 98/108/117 95/107/116 96/109/118 100/110/119
f 95/107/116 97/106/115 114/111/120 96/109/118
f 237/112/121 94/105/114 98/108/117 99/113/122
f 99/113/122 98/108/117 100/110/119 101/114/123
f 100/110/119 96/109/118 103/115/124 102/116/125
f 101/114/123 100/110/119 102/116/125 104/117/126
f 102/116/125 103/115/124 108/118/127 105/119/128
f 104/117/126 102/116/125 105/119/128 106/120/129
f 106/120/129 105/119/128 107/121/130 998/122/131
f 105/119/128 108/118/127 109/123/132 107/121/130
f 103/115/124 113/124/133 110/125/134 108/118/127
f 108/118/127 110/125/134 111/126/135 109/123/132
f 110/125/134 112/127/136 800/128/137 111/126/135
f 113/124/133 115/129/138 112/127/136 110/125/134
f 96/109/118 114/111/120 113/124/133 103/115/124
f 114/111/120 117/130/139 115/129/138 113/124/133
f 115/129/138 116/131/140 127/132/141 112/127/136
f 117/130/139 119/133/142 116/131/140 115/129/138
f 97/106/115 118/134/143 117/130/139 114/111/120
f 118/134/143 120/135/144 119/133/142 117/130/139
f 120/135/144 123/136/145 121/137/146 119/133/142
f 119/133/142 121/137/146 124/138/147 116/131/140
f 121/137/146 122/139/148 125/140/149 124/138/147
f 123/136/145 162/141/150 122/139/148 121/137/146
f 124/138/147 125/140/149 129/142/151 126/143/152
f 116/131/140 124/138/147 126/143/152 127/132/141
f 127/132/141 126/143/152 128/144/153 799/145/154
f 126/143/152 129/142/151 130/146/155 128/144/153
f 125/140/149 132/147/156 131/148/157 129/142/151
f 129/142/151 131/148/157 133/149/158 130/146/155
f 132/147/156 135/150/159 134/151/160 131/148/157
f 131/148/157 134/151/160 136/152/161 133/149/158
f 135/150/159 138/153/162 137/154/163 134/151/160
f 134/151/160 137/154/163 139/155/164 136/152/161
f 138/153/162 143/156/165 140/157/166 137/154/163
f 137/154/163 140/157/166 141/158/167 139/155/164
f 140/157/166 142/159/168 767/160/169 141/158/167
f 143/156/165 144/161/170 142/159/168 140/157/166
f 145/162/171 147/163/172 144/161/170 143/156/165
f 148/164/173 145/162/171 143/156/165 138/153/162
f 149/165/174 146/166/175 145/162/171 148/164/173
f 146/166/175 214/167/176 147/163/172 145/162/171
f 150/168/177 148/164/173 138/153/162 135/150/159
f 152/169/178 149/165/174 148/164/173 150/168/177
f 151/170/179 150/168/177 135/150/159 132/147/156
f 153/171/180 152/169/178 150/168/177 151/170/179
f 157/172/181 154/173/182 152/169/178 153/171/180
f 154/173/182 156/174/183 149/165/174 152/169/178
f 158/175/184 155/176/185 154/173/182 157/172/181
f 155/176/185 208/177/186 156/174/183 154/173/182
f 160/178/187 158/175/184 157/172/181 159/179/188
f 159/179/188 157/172/181 153/171/180 162/141/150
f 164/180/189 160/178/187 159/179/188 161/181/190
f 161/181/190 159/179/188 162/141/150 123/136/145
f 162/141/150 153/171/180 151/170/179 122/139/148
f 163/182/191 161/181/190 123/136/145 120/135/144
f 166/183/192 164/180/189 161/181/190 163/182/191
f 167/184/193 165/185/194 164/180/189 166/183/192
f 165/185/194 202/186/195 160/178/187 164/180/189
f 169/187/196 167/184/193 166/183/192 168/188/197
f 168/188/197 166/183/192 163/182/191 170/189/198
f 87/97/105 169/187/196 168/188/197 90/100/109
f 90/100/109 168/188/197 170/189/198 93/103/112
f 93/103/112 170/189/198 118/134/143 97/106/115
f 170/189/198 163/182/191 120/135/144 118/134/143
f 84/94/104 171/190/199 169/187/196 87/97/105
f 171/190/199 172/191/200 167/184/193 169/187/196
f 81/91/97 173/192/201 171/190/202 84/94/100
f 173/192/201 174/193/203 172/191/204 171/190/202
f 78/90/96 175/194/205 173/192/201 81/91/97
f 175/194/205 177/195/206 174/193/203 173/192/201
f 78/90/96 72/82/95 176/83/207 175/194/205
f 179/196/208 177/195/206 175/194/205 176/83/207
f 180/197/209 178/198/210 177/195/206 179/196/208
f 177/195/206 178/198/210 206/199/211 174/193/203
f 182/200/212 180/197/213 179/196/214 181/201/215
f 181/201/215 179/196/214 176/83/86 71/81/84
f 65/74/77 63/72/75 181/201/215 71/81/84
f 63/72/75 61/71/74 182/200/212 181/201/215
f 183/202/216 186/203/217 180/197/213 182/200/212
f 61/71/74 184/70/73 183/202/216 182/200/212
f 184/70/73 273/204/218 185/205/219 183/202/216
f 185/205/219 188/206/220 186/203/217 183/202/216
f 186/203/221 187/207/222 178/198/210 180/197/209
f 188/206/223 190/208/224 187/207/222 186/203/221
f 189/209/225 192/210/226 190/208/224 188/206/223
f 270/211/227 189/209/228 188/206/220 185/205/219
f 187/207/222 190/208/224 191/212/229 204/213/230
f 190/208/224 192/210/226 194/214/231 191/212/229
f 267/215/232 193/216/233 192/210/226 189/209/225
f 192/210/226 193/216/233 195/217/234 194/214/231
f 194/214/231 195/217/234 197/218/235 196/219/236
f 191/212/229 194/214/231 196/219/236 198/220/237
f 196/219/238 197/218/239 200/221/240 199/222/241
f 198/220/242 196/219/238 199/222/241 201/223/243
f 199/222/241 200/221/240 208/177/186 155/176/185
f 201/223/243 199/222/241 155/176/185 158/175/184
f 203/224/244 198/220/242 201/223/243 202/186/195
f 202/186/195 201/223/243 158/175/184 160/178/187
f 205/225/245 203/224/244 202/186/195 165/185/194
f 204/213/230 191/212/229 198/220/237 203/224/246
f 206/199/211 204/213/230 203/224/246 205/225/247
f 174/193/203 206/199/211 205/225/247 172/191/204
f 172/191/200 205/225/245 165/185/194 167/184/193
f 178/198/210 187/207/222 204/213/230 206/199/211
f 197/218/239 259/226/248 207/227/249 200/221/240
f 200/221/240 207/227/249 209/228/250 208/177/186
f 208/177/186 209/228/250 211/229/251 156/174/183
f 207/227/249 260/230/252 210/231/253 209/228/250
f 209/228/250 210/231/253 212/232/254 211/229/251
f 211/229/251 212/232/254 214/167/176 146/166/175
f 156/174/183 211/229/251 146/166/175 149/165/174
f 212/232/254 213/233/255 215/234/256 214/167/176
f 210/231/253 735/235/257 213/233/255 212/232/254
f 214/167/176 215/234/256 216/236/258 147/163/172
f 213/233/255 218/237/259 217/238/260 215/234/256
f 215/234/256 217/238/260 219/239/261 216/236/258
f 218/237/259 223/240/262 220/241/263 217/238/260
f 217/238/260 220/241/263 221/242/264 219/239/261
f 220/241/263 222/243/265 776/244/266 221/242/264
f 223/240/262 225/245/267 222/243/265 220/241/263
f 252/246/268 224/247/269 223/240/262 218/237/259
f 224/247/269 226/248/270 225/245/267 223/240/262
f 226/248/270 228/249/271 227/250/272 225/245/267
f 225/245/267 227/250/272 230/251/273 222/243/265
f 228/249/271 241/252/274 229/253/275 227/250/272
f 227/250/272 229/253/275 232/254/276 230/251/273
f 222/243/265 230/251/273 231/255/277 776/244/266
f 230/251/273 232/254/276 233/256/278 231/255/277
f 229/253/275 236/257/279 234/258/280 232/254/276
f 232/254/276 234/258/280 235/259/281 233/256/278
f 234/260/280 99/113/122 101/114/123 235/261/281
f 236/262/279 237/112/121 99/113/122 234/260/280
f 238/263/282 240/264/283 237/112/121 236/262/279
f 241/252/274 238/265/282 236/257/279 229/253/275
f 242/266/284 239/267/285 238/265/282 241/252/274
f 239/268/285 324/269/286 240/264/283 238/263/282
f 244/270/287 242/266/284 241/252/274 228/249/271
f 245/271/288 243/272/289 242/266/284 244/270/287
f 243/272/289 322/273/290 239/267/285 242/266/284
f 247/274/291 245/271/288 244/270/287 246/275/292
f 246/275/292 244/270/287 228/249/271 226/248/270
f 249/276/293 247/274/291 246/275/292 248/277/294
f 248/277/294 246/275/292 226/248/270 224/247/269
f 253/278/295 249/276/293 248/277/294 250/279/296
f 250/279/296 248/277/294 224/247/269 252/246/268
f 251/280/297 250/279/296 252/246/268 735/235/257
f 255/281/298 253/278/295 250/279/296 251/280/297
f 254/282/299 727/283/300 249/276/301 253/278/302
f 256/284/303 254/282/299 253/278/302 255/281/304
f 258/285/305 256/284/303 255/281/304 257/286/306
f 257/286/307 255/281/298 251/280/297 260/230/252
f 261/287/308 258/285/305 257/286/306 259/226/309
f 259/226/248 257/286/307 260/230/252 207/227/249
f 260/230/252 251/280/297 735/235/257 210/231/253
f 195/217/234 261/287/308 259/226/309 197/218/235
f 262/288/310 263/289/311 258/285/305 261/287/308
f 193/216/233 262/288/310 261/287/308 195/217/234
f 265/290/312 263/289/311 262/288/310 264/291/313
f 264/291/313 262/288/310 193/216/233 267/215/232
f 731/292/314 265/290/315 264/291/316 266/293/317
f 266/293/317 264/291/316 267/215/318 268/294/319
f 268/294/319 267/215/318 189/209/228 270/211/227
f 269/295/320 734/296/321 266/293/317 268/294/319
f 271/297/322 269/295/320 268/294/319 270/211/227
f 273/204/218 271/297/322 270/211/227 185/205/219
f 272/298/323 271/297/322 273/204/218 274/68/71
f 275/299/324 269/295/320 271/297/322 272/298/323
f 274/68/71 273/204/218 184/70/73 58/66/69
f 53/62/65 272/298/323 274/68/71 55/63/66
f 277/61/64 275/299/324 272/298/323 53/62/65
f 278/300/325 276/301/326 275/299/324 277/61/64
f 276/301/326 734/296/321 269/295/320 275/299/324
f 280/302/327 278/300/325 277/61/64 52/58/61
f 279/303/328 733/304/329 276/301/326 278/300/325
f 281/305/330 279/303/328 278/300/325 280/302/327
f 282/306/331 283/307/332 281/305/330 280/302/327
f 49/56/59 282/306/331 280/302/327 52/58/61
f 284/308/333 286/309/334 283/307/332 282/306/331
f 47/55/58 284/308/333 282/306/331 49/56/59
f 45/54/57 285/310/335 284/308/333 47/55/58
f 285/310/335 287/311/336 286/309/334 284/308/333
f 287/311/336 289/312/337 288/313/338 286/309/334
f 286/309/334 288/313/338 291/314/339 283/307/332
f 289/312/337 391/315/340 290/316/341 288/313/338
f 288/313/338 290/316/341 292/317/342 291/314/339
f 291/314/339 292/317/342 294/318/343 293/319/344
f 283/307/332 291/314/339 293/319/344 281/305/330
f 294/318/343 297/320/345 295/321/346 293/319/344
f 293/319/344 295/321/346 279/303/328 281/305/330
f 295/321/346 296/322/347 733/304/329 279/303/328
f 297/320/345 299/323/348 296/322/347 295/321/346
f 298/324/349 300/325/350 299/323/348 297/320/345
f 340/326/351 298/324/349 297/320/345 294/318/343
f 300/325/350 302/327/352 301/328/353 299/323/348
f 299/323/348 301/328/353 303/329/354 296/322/347
f 301/328/353 302/327/352 307/330/355 304/331/356
f 303/329/354 301/328/353 304/331/356 305/332/357
f 304/331/356 306/333/358 730/334/359 305/332/357
f 307/330/355 309/335/360 306/333/358 304/331/356
f 302/327/352 335/336/361 308/337/362 307/330/355
f 308/337/362 311/338/363 309/335/360 307/330/355
f 309/335/364 310/339/365 728/340/366 306/333/367
f 311/338/368 313/341/369 310/339/365 309/335/364
f 312/342/370 315/343/371 313/341/369 311/338/368
f 332/344/372 312/342/373 311/338/363 308/337/362
f 310/339/365 313/341/369 314/345/374 727/283/300
f 313/341/369 315/343/371 317/346/375 314/345/374
f 329/347/376 316/348/377 315/343/371 312/342/370
f 315/343/371 316/348/377 318/349/378 317/346/375
f 317/346/375 318/349/378 243/272/379 245/271/380
f 314/345/374 317/346/375 245/271/380 247/274/381
f 316/348/377 321/350/382 319/351/383 318/349/378
f 318/349/378 319/351/383 322/273/384 243/272/379
f 319/352/383 320/353/385 323/354/386 322/355/384
f 321/356/382 325/357/387 320/353/385 319/352/383
f 322/355/290 323/354/388 324/269/286 239/268/285
f 323/354/388 85/96/107 88/99/108 324/269/286
f 320/353/385 82/93/99 85/96/102 323/354/386
f 324/269/286 88/99/108 91/102/111 240/264/283
f 327/358/389 325/357/387 321/356/382 326/359/390
f 326/360/390 321/350/382 316/348/377 329/347/376
f 363/361/391 327/358/392 326/359/393 328/362/394
f 328/363/394 326/360/393 329/347/395 330/364/396
f 330/364/396 329/347/395 312/342/373 332/344/372
f 331/365/397 362/366/398 328/363/394 330/364/396
f 333/367/399 331/365/397 330/364/396 332/344/372
f 335/336/361 333/367/399 332/344/372 308/337/362
f 334/368/400 333/367/399 335/336/361 336/369/401
f 364/370/402 331/365/397 333/367/399 334/368/400
f 336/369/401 335/336/361 302/327/352 300/325/350
f 338/371/403 334/368/400 336/369/401 337/372/404
f 337/372/404 336/369/401 300/325/350 298/324/349
f 342/373/405 338/371/403 337/372/404 339/374/406
f 339/374/406 337/372/404 298/324/349 340/326/351
f 390/375/407 341/376/408 339/374/406 340/326/351
f 341/376/408 344/377/409 342/373/405 339/374/406
f 344/377/409 346/378/410 343/379/411 342/373/405
f 343/379/411 355/380/412 338/371/403 342/373/405
f 388/381/413 345/382/414 344/377/409 341/376/408
f 345/382/414 347/383/415 346/378/410 344/377/409
f 347/383/415 350/384/416 348/385/417 346/378/410
f 346/378/410 348/385/417 351/386/418 343/379/411
f 348/387/417 349/388/419 352/389/420 351/390/418
f 350/391/416 366/392/421 349/388/419 348/387/417
f 352/389/420 356/393/422 353/394/423 351/390/418
f 351/386/418 353/395/423 355/380/412 343/379/411
f 353/395/423 354/396/424 364/370/402 355/380/412
f 356/393/422 358/397/425 354/398/424 353/394/423
f 357/26/29 359/399/426 358/397/425 356/393/422
f 19/23/26 357/26/29 356/393/422 352/389/420
f 359/399/426 361/85/88 360/400/427 358/397/425
f 358/397/425 360/400/427 362/401/398 354/398/424
f 360/400/427 361/85/88 74/86/89 363/361/391
f 362/401/398 360/400/427 363/361/391 328/362/394
f 74/86/89 76/87/90 327/358/392 363/361/391
f 354/396/424 362/366/398 331/365/397 364/370/402
f 67/77/80 69/78/81 361/85/88 359/399/426
f 20/25/28 67/77/80 359/399/426 357/26/29
f 355/380/412 364/370/402 334/368/400 338/371/403
f 349/388/419 16/21/24 19/23/26 352/389/420
f 375/402/428 365/403/429 350/384/416 347/383/415
f 365/404/429 367/405/430 366/392/421 350/391/416
f 367/405/430 12/17/20 14/18/21 366/392/421
f 366/392/421 14/18/21 16/21/24 349/388/419
f 368/406/431 370/16/19 12/17/20 367/405/430
f 371/407/432 368/406/431 367/405/430 365/404/429
f 372/408/433 369/409/434 368/406/434 371/407/433
f 369/409/434 717/410/435 370/16/435 368/406/434
f 376/411/436 372/412/433 371/413/433 373/414/436
f 373/414/437 371/413/432 365/403/429 375/402/428
f 374/415/438 373/414/437 375/402/428 386/416/439
f 378/417/440 376/411/436 373/414/436 374/415/440
f 372/412/441 376/411/442 377/418/443 714/419/444
f 376/411/442 378/417/445 379/420/446 377/418/443
f 378/417/445 380/421/447 381/422/448 379/420/446
f 380/421/449 378/417/440 374/415/440 383/423/449
f 380/421/447 382/424/450 697/425/451 381/422/448
f 382/424/452 380/421/449 383/423/449 384/426/452
f 383/423/453 374/415/438 386/416/439 385/427/454
f 384/426/455 383/423/453 385/427/454 387/428/456
f 385/427/454 386/416/439 345/382/414 388/381/413
f 387/428/456 385/427/454 388/381/413 389/429/457
f 389/429/457 388/381/413 341/376/408 390/375/407
f 290/316/341 389/429/457 390/375/407 292/317/342
f 391/315/340 387/428/456 389/429/457 290/316/341
f 292/317/342 390/375/407 340/326/351 294/318/343
f 392/430/458 384/426/455 387/428/456 391/315/340
f 393/431/459 392/430/458 391/315/340 289/312/337
f 394/432/460 382/424/452 384/426/452 392/430/460
f 396/433/461 394/432/460 392/430/460 393/431/461
f 382/424/450 394/432/462 395/434/463 697/425/451
f 394/432/462 396/433/464 397/435/465 395/434/463
f 396/433/464 398/436/466 399/437/467 397/435/465
f 398/436/468 396/433/461 393/431/461 401/438/468
f 398/436/466 400/439/469 713/440/470 399/437/467
f 400/439/471 398/436/468 401/438/468 402/441/471
f 401/438/472 393/431/459 289/312/337 287/311/336
f 402/441/473 401/438/472 287/311/336 285/310/335
f 404/442/474 400/439/471 402/441/471 403/53/474
f 403/53/56 402/441/473 285/310/335 45/54/57
f 406/443/475 404/442/474 403/53/474 44/50/475
f 400/439/469 404/442/476 405/444/477 713/440/470
f 404/442/476 406/443/478 407/445/479 405/444/477
f 406/443/478 408/446/480 409/447/481 407/445/479
f 408/446/482 406/443/475 44/50/475 42/49/482
f 408/446/480 410/448/483 411/449/484 409/447/481
f 410/448/485 408/446/482 42/49/482 40/48/485
f 410/448/483 412/450/486 413/451/487 411/449/484
f 412/450/488 410/448/485 40/48/485 415/47/488
f 412/450/486 414/452/489 417/453/490 413/451/487
f 414/452/491 412/450/488 415/47/488 416/454/491
f 416/454/492 415/47/50 35/40/43 32/39/42
f 4/1/9 414/452/491 416/454/491 7/9/9
f 7/9/14 416/454/492 32/39/42 9/12/15
f 414/452/489 4/1/1 418/4/4 417/453/490
f 413/451/487 417/453/490 419/455/493 422/456/494
f 417/453/490 418/4/4 420/457/495 419/455/493
f 419/455/493 420/457/495 722/458/496 421/459/497
f 422/456/494 419/455/493 421/459/497 424/460/498
f 411/449/484 413/451/487 422/456/494 423/461/499
f 423/461/499 422/456/494 424/460/498 425/462/500
f 425/462/500 424/460/498 426/463/501 427/464/502
f 424/460/498 421/459/497 428/465/503 426/463/501
f 427/464/502 426/463/501 429/466/504 430/467/505
f 426/463/501 428/465/503 431/468/506 429/466/504
f 430/467/505 429/466/504 432/469/507 433/470/508
f 429/466/504 431/468/506 434/471/509 432/469/507
f 433/470/508 432/469/507 435/472/488 436/473/485
f 432/469/507 434/471/509 437/474/491 435/472/488
f 436/473/485 435/472/488 438/475/510 439/476/511
f 435/472/488 437/474/491 440/477/512 438/475/510
f 439/476/511 438/475/510 441/478/513 442/479/514
f 438/475/510 440/477/512 443/480/515 441/478/513
f 442/479/514 441/478/513 444/481/516 445/482/517
f 441/478/513 443/480/515 446/483/518 444/481/516
f 445/482/517 444/481/516 447/484/519 448/485/520
f 444/481/516 446/483/518 449/486/521 447/484/519
f 448/485/520 447/484/519 450/487/522 451/488/523
f 447/484/519 449/486/521 452/489/524 450/487/522
f 451/488/523 450/487/522 453/490/525 454/491/526
f 450/487/522 452/489/524 455/492/527 453/490/525
f 454/491/526 453/490/525 456/493/528 457/494/529
f 453/490/525 455/492/527 458/495/530 456/493/528
f 457/494/529 456/493/528 459/496/531 460/497/532
f 456/493/528 458/495/530 461/498/533 459/496/531
f 460/497/532 459/496/531 462/499/534 463/500/535
f 459/496/531 461/498/533 464/501/536 462/499/534
f 463/502/535 462/503/534 465/504/537
f 462/503/534 464/505/536 465/504/537
f 466/506/538 468/507/539 465/504/537
f 481/508/540 466/506/538 465/504/537
f 467/509/541 469/510/542 465/504/537
f 482/511/543 467/509/541 465/504/537
f 464/505/536 470/512/544 465/504/537
f 468/507/539 471/513/545 465/504/537
f 469/510/542 472/514/546 465/504/537
f 470/512/544 479/515/547 465/504/537
f 471/513/545 473/516/548 465/504/537
f 472/514/546 474/517/549 465/504/537
f 473/516/548 475/518/550 465/504/537
f 474/517/549 476/519/551 465/504/537
f 475/518/550 477/520/552 465/504/537
f 476/519/551 478/521/553 465/504/537
f 477/520/552 480/522/554 465/504/537
f 478/521/553 463/502/535 465/504/537
f 479/515/547 481/508/540 465/504/537
f 480/522/554 482/511/543 465/504/537
f 483/523/555 485/524/556 467/525/541 482/526/543
f 484/527/557 483/523/555 482/526/543 480/528/554
f 488/529/558 486/530/559 483/523/555 484/527/557
f 486/530/559 489/531/560 485/524/556 483/523/555
f 487/532/561 491/533/562 489/531/560 486/530/559
f 539/534/563 487/532/561 486/530/559 488/529/558
f 489/531/560 490/535/564 501/536/565 485/524/556
f 491/533/562 493/537/566 490/535/564 489/531/560
f 492/538/567 494/539/568 493/537/566 491/533/562
f 524/540/569 492/538/567 491/533/562 487/532/561
f 494/539/568 496/541/570 495/542/571 493/537/566
f 493/537/566 495/542/571 498/543/572 490/535/564
f 496/541/570 513/544/573 497/545/574 495/542/571
f 495/542/571 497/545/574 499/546/575 498/543/572
f 490/535/564 498/543/572 500/547/576 501/536/565
f 498/543/572 499/546/575 502/548/577 500/547/576
f 501/536/565 500/547/576 472/549/546 469/550/542
f 500/547/576 502/548/577 474/551/549 472/549/546
f 499/546/575 505/552/578 503/553/579 502/548/577
f 502/548/577 503/553/579 476/554/551 474/551/549
f 503/553/579 504/555/580 478/556/553 476/554/551
f 505/552/578 507/557/581 504/555/580 503/553/579
f 506/558/582 508/559/583 507/557/581 505/552/578
f 497/545/574 506/558/582 505/552/578 499/546/575
f 508/559/583 454/491/526 457/494/529 507/557/581
f 507/557/581 457/494/529 460/497/532 504/555/580
f 511/560/584 509/561/585 508/559/583 506/558/582
f 509/561/585 451/488/523 454/491/526 508/559/583
f 510/562/586 448/485/520 451/488/523 509/561/585
f 512/563/587 510/562/586 509/561/585 511/560/584
f 514/564/588 512/563/587 511/560/584 513/544/573
f 513/544/573 511/560/584 506/558/582 497/545/574
f 516/565/589 514/564/588 513/544/573 496/541/570
f 515/566/590 612/567/591 512/563/587 514/564/588
f 517/568/592 515/566/590 514/564/588 516/565/589
f 519/569/593 517/568/592 516/565/589 518/570/594
f 518/570/594 516/565/589 496/541/570 494/539/568
f 521/571/595 519/569/593 518/570/594 520/572/596
f 520/572/596 518/570/594 494/539/568 492/538/567
f 525/573/597 521/571/595 520/572/596 522/574/598
f 522/574/598 520/572/596 492/538/567 524/540/569
f 523/575/599 522/574/598 524/540/569 536/576/600
f 527/577/601 525/573/597 522/574/598 523/575/599
f 526/578/602 597/579/603 521/571/595 525/573/597
f 528/580/604 526/578/602 525/573/597 527/577/601
f 530/581/605 528/580/604 527/577/601 529/582/606
f 529/582/606 527/577/601 523/575/599 532/583/607
f 586/584/608 530/581/605 529/582/606 531/585/609
f 531/585/609 529/582/606 532/583/607 533/586/610
f 533/586/610 532/583/607 534/587/611 535/588/612
f 532/583/607 523/575/599 536/576/600 534/587/611
f 535/588/612 534/587/611 537/589/613 538/590/614
f 534/587/611 536/576/600 539/534/563 537/589/613
f 538/590/614 537/589/613 540/591/615 541/592/616
f 537/589/613 539/534/563 488/529/558 540/591/615
f 541/592/616 540/591/615 542/593/617 543/594/618
f 540/591/615 488/529/558 484/527/557 542/593/617
f 543/594/618 542/593/617 477/595/552 475/596/550
f 542/593/617 484/527/557 480/528/554 477/595/552
f 544/597/619 543/594/618 475/596/550 473/598/548
f 545/599/620 541/592/616 543/594/618 544/597/619
f 547/600/621 545/599/620 544/597/619 546/601/622
f 546/601/622 544/597/619 473/598/548 471/602/545
f 549/603/623 547/604/621 546/605/622 548/606/624
f 548/606/624 546/605/622 471/607/545 468/608/539
f 551/609/625 549/603/623 548/606/624 550/610/626
f 550/610/626 548/606/624 468/608/539 466/611/538
f 554/612/627 551/609/625 550/610/626 552/613/628
f 552/613/628 550/610/626 466/611/538 481/614/540
f 553/615/629 552/613/628 481/614/540 479/616/547
f 556/617/630 554/612/627 552/613/628 553/615/629
f 555/618/631 569/619/632 551/609/625 554/612/627
f 557/620/633 555/618/631 554/612/627 556/617/630
f 560/621/634 557/620/633 556/617/630 558/622/635
f 558/622/635 556/617/630 553/615/629 559/623/636
f 458/495/530 558/622/635 559/623/636 461/498/533
f 455/492/527 560/621/634 558/622/635 458/495/530
f 561/624/637 563/625/638 557/620/633 560/621/634
f 452/489/524 561/624/637 560/621/634 455/492/527
f 449/486/521 562/626/639 561/624/637 452/489/524
f 562/626/639 564/627/640 563/625/638 561/624/637
f 564/627/640 566/628/641 565/629/642 563/625/638
f 563/625/638 565/629/642 555/618/631 557/620/633
f 566/628/641 570/630/643 567/631/644 565/629/642
f 565/629/642 567/631/644 569/619/632 555/618/631
f 567/631/644 568/632/645 580/633/646 569/619/632
f 570/630/643 572/634/647 568/632/645 567/631/644
f 571/635/648 573/636/649 572/634/647 570/630/643
f 667/637/650 571/635/648 570/630/643 566/628/641
f 573/636/649 575/638/651 574/639/652 572/634/647
f 572/634/647 574/639/652 577/640/653 568/632/645
f 575/641/651 582/642/654 576/643/655 574/644/652
f 574/644/652 576/643/655 578/645/656 577/646/653
f 568/632/645 577/640/653 579/647/657 580/633/646
f 577/646/653 578/645/656 581/648/658 579/649/657
f 580/633/646 579/647/657 547/604/621 549/603/623
f 579/649/657 581/648/658 545/599/620 547/600/621
f 578/645/656 535/588/612 538/590/614 581/648/658
f 581/648/658 538/590/614 541/592/616 545/599/620
f 569/619/632 580/633/646 549/603/623 551/609/625
f 576/643/655 533/586/610 535/588/612 578/645/656
f 582/642/654 531/585/609 533/586/610 576/643/655
f 585/650/659 583/651/660 582/642/654 575/641/651
f 583/651/660 586/584/608 531/585/609 582/642/654
f 584/652/661 587/653/662 586/584/608 583/651/660
f 662/654/663 584/652/661 583/651/660 585/650/659
f 587/653/662 589/655/664 530/581/605 586/584/608
f 588/656/440 590/657/449 589/655/664 587/653/662
f 647/658/436 588/656/440 587/653/662 584/652/661
f 590/657/449 592/659/452 591/660/665 589/655/664
f 589/655/664 591/660/665 528/580/604 530/581/605
f 592/659/452 594/661/460 593/662/666 591/660/665
f 591/660/665 593/662/666 526/578/602 528/580/604
f 594/661/460 598/663/461 595/664/667 593/662/666
f 593/662/666 595/664/667 597/579/603 526/578/602
f 595/664/667 596/665/668 608/666/669 597/579/603
f 598/663/461 600/667/468 596/665/668 595/664/667
f 599/668/670 601/669/671 600/667/468 598/663/461
f 632/670/672 599/668/670 598/663/461 594/661/460
f 601/669/671 603/671/673 602/672/471 600/667/468
f 600/667/468 602/672/471 605/673/674 596/665/668
f 603/671/673 621/674/675 604/675/474 602/672/471
f 602/672/471 604/675/474 606/676/676 605/673/674
f 596/665/668 605/673/674 607/677/677 608/666/669
f 605/673/674 606/676/676 609/678/678 607/677/677
f 608/666/669 607/677/677 517/568/592 519/569/593
f 607/677/677 609/678/678 515/566/590 517/568/592
f 606/676/676 613/679/679 610/680/680 609/678/678
f 609/678/678 610/680/680 612/567/591 515/566/590
f 610/680/680 611/681/681 726/682/682 612/567/591
f 613/679/679 615/683/683 611/681/681 610/680/680
f 614/684/475 616/685/482 615/683/683 613/679/679
f 604/675/474 614/684/475 613/679/679 606/676/676
f 616/685/482 436/473/485 439/476/511 615/683/683
f 615/683/683 439/476/511 442/479/514 611/681/681
f 619/686/684 617/687/685 616/685/482 614/684/475
f 617/687/685 433/470/508 436/473/485 616/685/482
f 618/688/686 430/467/505 433/470/508 617/687/685
f 620/689/687 618/688/686 617/687/685 619/686/684
f 622/690/688 620/689/687 619/686/684 621/674/675
f 621/674/675 619/686/684 614/684/475 604/675/474
f 624/691/689 622/690/688 621/674/675 603/671/673
f 623/692/690 709/693/691 620/689/687 622/690/688
f 625/694/692 623/692/690 622/690/688 624/691/689
f 627/695/693 625/694/692 624/691/689 626/696/694
f 626/696/694 624/691/689 603/671/673 601/669/671
f 629/697/695 627/695/693 626/696/694 628/698/696
f 628/698/696 626/696/694 601/669/671 599/668/670
f 633/699/697 629/697/695 628/698/696 630/700/698
f 630/700/698 628/698/696 599/668/670 632/670/672
f 631/701/699 630/700/698 632/670/672 644/702/700
f 635/703/701 633/699/697 630/700/698 631/701/699
f 634/704/702 701/705/703 629/697/695 633/699/697
f 636/706/704 634/704/702 633/699/697 635/703/701
f 638/707/705 636/706/704 635/703/701 637/708/706
f 637/708/706 635/703/701 631/701/699 640/709/707
f 693/710/708 638/707/705 637/708/706 639/711/709
f 639/711/709 637/708/706 640/709/707 641/712/710
f 641/712/710 640/709/707 642/713/711 643/714/712
f 640/709/707 631/701/699 644/702/700 642/713/711
f 643/714/712 642/713/711 590/657/449 588/656/440
f 642/713/711 644/702/700 592/659/452 590/657/449
f 644/702/700 632/670/672 594/661/460 592/659/452
f 648/715/713 641/712/710 643/714/712 645/716/714
f 645/716/714 643/714/712 588/656/440 647/658/436
f 646/717/715 645/716/714 647/658/436 659/718/433
f 650/719/716 648/715/713 645/716/714 646/717/715
f 649/720/717 639/711/709 641/712/710 648/715/713
f 651/721/718 649/720/717 648/715/713 650/719/716
f 653/722/719 651/723/718 650/724/716 652/725/720
f 652/725/720 650/724/716 646/726/715 655/727/721
f 684/728/722 653/722/719 652/725/720 654/729/723
f 654/729/723 652/725/720 655/727/721 656/730/724
f 656/730/724 655/727/721 657/731/434 658/732/435
f 655/727/721 646/726/715 659/733/433 657/731/434
f 658/732/435 657/731/434 660/734/725 661/735/726
f 657/731/434 659/733/433 662/736/663 660/734/725
f 661/735/726 660/734/725 663/737/727 664/738/728
f 660/734/725 662/736/663 585/739/659 663/737/727
f 664/738/728 663/737/727 573/636/649 571/635/648
f 663/737/727 585/739/659 575/638/651 573/636/649
f 668/740/729 661/735/726 664/738/728 665/741/730
f 665/741/730 664/738/728 571/635/648 667/637/650
f 666/742/731 665/741/730 667/637/650 725/743/732
f 670/744/733 668/740/729 665/741/730 666/742/731
f 669/745/7 658/732/435 661/735/726 668/740/729
f 671/746/8 669/745/7 668/740/729 670/744/733
f 674/747/9 671/746/8 670/744/733 672/748/734
f 672/748/734 670/744/733 666/742/731 673/749/735
f 440/477/512 672/748/734 673/749/735 443/480/515
f 437/474/491 674/747/9 672/748/734 440/477/512
f 675/750/736 677/751/737 671/746/8 674/747/9
f 434/471/509 675/750/736 674/747/9 437/474/491
f 431/468/506 676/752/738 675/750/736 434/471/509
f 676/752/738 678/753/739 677/751/737 675/750/736
f 678/753/739 680/754/740 679/755/741 677/751/737
f 677/751/737 679/755/741 669/745/7 671/746/8
f 680/754/740 654/729/723 656/730/724 679/755/741
f 679/755/741 656/730/724 658/732/435 669/745/7
f 683/756/742 681/757/743 680/754/740 678/753/739
f 681/757/743 684/728/722 654/729/723 680/754/740
f 682/758/744 685/759/745 684/728/722 681/757/743
f 721/760/746 682/758/744 681/757/743 683/756/742
f 685/759/745 687/761/747 653/722/719 684/728/722
f 686/762/748 688/763/749 687/761/747 685/759/745
f 719/764/750 686/762/748 685/759/745 682/758/744
f 688/763/749 690/765/751 689/766/752 687/761/747
f 687/761/747 689/766/752 651/723/718 653/722/719
f 690/767/751 692/768/753 691/769/754 689/770/752
f 689/770/752 691/769/754 649/720/717 651/721/718
f 692/768/753 694/771/755 693/710/708 691/769/754
f 691/769/754 693/710/708 639/711/709 649/720/717
f 694/771/755 695/772/756 638/707/705 693/710/708
f 379/420/446 381/422/448 695/772/756 694/771/755
f 377/418/443 379/420/446 694/771/755 692/768/753
f 381/422/448 697/425/451 696/773/757 695/772/756
f 695/772/756 696/773/757 636/706/704 638/707/705
f 697/425/451 395/434/463 698/774/758 696/773/757
f 696/773/757 698/774/758 634/704/702 636/706/704
f 395/434/463 397/435/465 699/775/759 698/774/758
f 698/774/758 699/775/759 701/705/703 634/704/702
f 699/775/759 700/776/760 702/777/761 701/705/703
f 397/435/465 399/437/467 700/776/760 699/775/759
f 701/705/703 702/777/761 627/695/693 629/697/695
f 700/776/760 704/778/762 703/779/763 702/777/761
f 702/777/761 703/779/763 625/694/692 627/695/693
f 704/778/762 706/780/764 705/781/765 703/779/763
f 703/779/763 705/781/765 623/692/690 625/694/692
f 706/780/764 710/782/766 707/783/767 705/781/765
f 705/781/765 707/783/767 709/693/691 623/692/690
f 707/783/767 708/784/768 712/785/769 709/693/691
f 710/782/766 711/786/770 708/784/768 707/783/767
f 407/445/479 409/447/481 711/786/770 710/782/766
f 405/444/477 407/445/479 710/782/766 706/780/764
f 409/447/481 411/449/484 423/461/499 711/786/770
f 711/786/770 423/461/499 425/462/500 708/784/768
f 709/693/691 712/785/769 618/688/686 620/689/687
f 708/784/768 425/462/500 427/464/502 712/785/769
f 712/785/769 427/464/502 430/467/505 618/688/686
f 713/440/470 405/444/477 706/780/764 704/778/762
f 399/437/467 713/440/470 704/778/762 700/776/760
f 714/419/444 377/418/443 692/768/753 690/767/751
f 715/787/771 714/788/444 690/765/751 688/763/749
f 369/409/772 372/408/441 714/788/444 715/787/771
f 717/410/773 369/409/772 715/787/771 716/789/774
f 716/789/774 715/787/771 688/763/749 686/762/748
f 3/5/5 717/410/773 716/789/774 718/6/6
f 718/6/6 716/789/774 686/762/748 719/764/750
f 2/3/3 718/6/6 719/764/750 720/790/775
f 720/790/775 719/764/750 682/758/744 721/760/746
f 418/4/4 2/3/3 720/790/775 420/457/495
f 420/457/495 720/790/775 721/760/746 722/458/496
f 722/458/496 721/760/746 683/756/742 723/791/776
f 421/459/497 722/458/496 723/791/776 428/465/503
f 428/465/503 723/791/776 676/752/738 431/468/506
f 723/791/776 683/756/742 678/753/739 676/752/738
f 717/410/435 3/5/7 6/8/7 370/16/435
f 673/749/735 666/742/731 725/743/732 724/792/777
f 443/480/515 673/749/735 724/792/777 446/483/518
f 446/483/518 724/792/777 562/626/639 449/486/521
f 724/792/777 725/743/732 564/627/640 562/626/639
f 725/743/732 667/637/650 566/628/641 564/627/640
f 659/718/433 647/658/436 584/652/661 662/654/663
f 612/567/591 726/682/682 510/562/586 512/563/587
f 611/681/681 442/479/514 445/482/517 726/682/682
f 726/682/682 445/482/517 448/485/520 510/562/586
f 597/579/603 608/666/669 519/569/593 521/571/595
f 559/623/636 553/615/629 479/616/547 470/793/544
f 461/498/533 559/623/636 470/793/544 464/501/536
f 536/576/600 524/540/569 487/532/561 539/534/563
f 504/555/580 460/497/532 463/500/535 478/556/553
f 485/524/556 501/536/565 469/550/542 467/525/541
f 386/416/439 375/402/428 347/383/415 345/382/414
f 76/87/94 79/89/93 325/357/387 327/358/389
f 325/357/387 79/89/93 82/93/99 320/353/385
f 727/283/300 314/345/374 247/274/381 249/276/301
f 728/340/366 310/339/365 727/283/300 254/282/299
f 306/333/367 728/340/366 729/794/778 730/334/779
f 729/794/778 728/340/366 254/282/299 256/284/303
f 263/289/311 729/794/778 256/284/303 258/285/305
f 730/334/779 729/794/778 263/289/311 265/290/312
f 305/332/357 730/334/359 265/290/315 731/292/314
f 732/795/780 303/329/354 305/332/357 731/292/314
f 734/296/321 732/795/780 731/292/314 266/293/317
f 296/322/347 303/329/354 732/795/780 733/304/329
f 733/304/329 732/795/780 734/296/321 276/301/326
f 735/235/257 252/246/268 218/237/259 213/233/255
f 240/264/283 91/102/111 94/105/114 237/112/121
f 235/261/281 101/114/123 104/117/126 736/796/781
f 233/256/278 235/259/281 736/797/781 737/798/782
f 736/796/781 104/117/126 106/120/129 738/799/783
f 737/798/782 736/797/781 738/800/783 740/801/784
f 740/801/784 738/800/783 739/802/785 742/803/786
f 738/799/783 106/120/129 998/122/131 739/804/785
f 775/805/787 737/798/782 740/801/784 741/806/788
f 741/806/788 740/801/784 742/803/786 743/807/789
f 742/803/786 739/802/785 745/808/790 744/809/791
f 743/807/789 742/803/786 744/809/791 746/810/792
f 744/809/791 745/808/790 748/811/793 747/812/794
f 746/810/792 744/809/791 747/812/794 750/813/795
f 747/812/794 748/811/793 988/814/796 749/815/797
f 750/813/795 747/812/794 749/815/797 751/816/798
f 752/817/799 750/813/795 751/816/798 753/818/800
f 755/819/801 746/810/792 750/813/795 752/817/799
f 754/820/802 752/817/799 753/818/800 976/821/803
f 757/822/804 755/819/801 752/817/799 754/820/802
f 758/823/805 756/824/806 755/819/801 757/822/804
f 756/824/806 743/807/789 746/810/792 755/819/801
f 761/825/807 758/823/805 757/822/804 759/826/808
f 759/826/808 757/822/804 754/820/802 760/827/809
f 762/828/810 759/826/808 760/827/809 764/829/811
f 765/830/812 761/825/807 759/826/808 762/828/810
f 763/831/813 762/828/810 764/829/811 778/832/814
f 767/160/169 765/830/812 762/828/810 763/831/813
f 142/159/168 766/833/815 765/830/812 767/160/169
f 766/833/815 768/834/816 761/825/807 765/830/812
f 141/158/167 767/160/169 763/831/813 783/835/817
f 144/161/170 769/836/818 766/833/815 142/159/168
f 769/836/818 770/837/819 768/834/816 766/833/815
f 216/236/258 219/239/261 770/837/819 769/836/818
f 147/163/172 216/236/258 769/836/818 144/161/170
f 770/837/819 771/838/820 773/839/821 768/834/816
f 219/239/261 221/242/264 771/838/820 770/837/819
f 771/838/820 772/840/822 774/841/823 773/839/821
f 221/242/264 776/244/266 772/840/822 771/838/820
f 768/834/816 773/839/821 758/823/805 761/825/807
f 773/839/821 774/841/823 756/824/806 758/823/805
f 772/840/822 775/805/787 741/806/788 774/841/823
f 774/841/823 741/806/788 743/807/789 756/824/806
f 776/244/266 231/255/277 775/805/787 772/840/822
f 231/255/277 233/256/278 737/798/782 775/805/787
f 764/829/811 760/827/809 974/842/824 777/843/825
f 778/832/814 764/829/811 777/843/825 779/844/826
f 780/845/827 778/832/814 779/844/826 781/846/828
f 783/835/817 763/831/813 778/832/814 780/845/827
f 782/847/829 780/845/827 781/846/828 945/848/830
f 784/849/831 783/835/817 780/845/827 782/847/829
f 139/155/164 141/158/167 783/835/817 784/849/831
f 785/850/832 784/849/831 782/847/829 787/851/833
f 136/152/161 139/155/164 784/849/831 785/850/832
f 133/149/158 136/152/161 785/850/832 786/852/834
f 786/852/834 785/850/832 787/851/833 789/853/835
f 787/851/833 782/847/829 945/848/830 788/854/836
f 789/853/835 787/851/833 788/854/836 790/855/837
f 791/856/838 789/853/835 790/855/837 792/857/839
f 794/858/840 786/852/834 789/853/835 791/856/838
f 793/859/841 791/856/838 792/857/839 957/860/842
f 795/861/843 794/858/840 791/856/838 793/859/841
f 128/144/153 130/146/155 794/858/840 795/861/843
f 130/146/155 133/149/158 786/852/834 794/858/840
f 796/862/844 795/861/843 793/859/841 798/863/845
f 799/145/154 128/144/153 795/861/843 796/862/844
f 797/864/846 796/862/844 798/863/845 802/865/847
f 800/128/137 799/145/154 796/862/844 797/864/846
f 112/127/136 127/132/141 799/145/154 800/128/137
f 111/126/135 800/128/137 797/864/846 996/866/848
f 798/863/845 793/859/841 957/860/842 801/867/849
f 802/865/847 798/863/845 801/867/849 804/868/850
f 996/866/848 797/864/846 802/865/847 803/869/851
f 803/869/851 802/865/847 804/868/850 805/870/852
f 805/870/852 804/868/850 806/871/853 809/872/854
f 804/868/850 801/867/849 807/873/855 806/871/853
f 806/871/853 807/873/855 959/874/856 808/875/857
f 809/872/854 806/871/853 808/875/857 810/876/858
f 813/877/859 805/870/852 809/872/854 811/878/860
f 811/878/860 809/872/854 810/876/858 814/879/861
f 812/880/862 811/878/860 814/879/861 815/881/863
f 991/882/864 813/877/859 811/878/860 812/880/862
f 814/879/861 816/883/865 817/884/866 815/881/863
f 816/883/865 814/879/861 810/876/858 819/885/867
f 816/883/865 818/886/868 911/887/869 817/884/866
f 818/886/868 816/883/865 819/885/867 820/888/870
f 819/885/867 810/876/858 808/875/857 821/889/871
f 820/888/870 819/885/867 821/889/871 823/890/872
f 822/891/873 824/892/874 823/890/872 821/889/871
f 959/874/856 822/891/873 821/889/871 808/875/857
f 820/888/870 823/890/872 825/893/875 826/894/876
f 823/890/872 824/892/874 827/895/877 825/893/875
f 826/894/876 825/893/875 828/896/878 829/897/879
f 825/893/875 827/895/877 830/898/880 828/896/878
f 829/897/881 828/896/882 831/899/883 833/900/884
f 828/896/882 830/898/885 834/901/886 831/899/883
f 831/899/883 834/901/886 835/902/887 832/903/888
f 833/900/884 831/899/883 832/903/888 903/904/889
f 830/898/885 837/905/890 836/906/891 834/901/886
f 834/901/886 836/906/891 838/907/892 835/902/887
f 837/905/890 842/908/893 839/909/894 836/906/891
f 836/906/891 839/909/894 841/910/895 838/907/892
f 842/908/893 844/911/896 840/912/897 839/909/894
f 839/909/894 840/912/897 853/913/898 841/910/895
f 961/914/899 843/915/900 842/908/901 837/905/902
f 843/915/900 845/916/903 844/911/904 842/908/901
f 845/916/903 847/917/905 846/918/906 844/911/904
f 844/911/896 846/918/907 849/919/908 840/912/897
f 847/917/905 966/920/909 848/921/910 846/918/906
f 846/918/907 848/921/911 850/922/912 849/919/908
f 840/912/897 849/919/908 851/923/913 853/913/898
f 849/919/908 850/922/912 854/924/914 851/923/913
f 851/923/913 854/924/914 855/925/915 852/926/916
f 853/913/898 851/923/913 852/926/916 1009/927/917
f 854/924/914 856/928/918 859/929/919 855/925/915
f 850/922/912 858/930/920 856/928/918 854/924/914
f 858/930/920 870/931/921 857/932/922 856/928/918
f 856/928/918 857/932/922 861/933/923 859/929/919
f 859/929/919 861/933/923 862/934/924 860/935/925
f 855/925/915 859/929/919 860/935/925 1016/936/926
f 861/933/923 863/937/927 864/938/928 862/934/924
f 857/932/922 866/939/929 863/937/927 861/933/923
f 863/937/927 865/940/930 1028/941/931 864/938/928
f 866/939/929 867/942/932 865/940/930 863/937/927
f 870/931/921 868/943/933 866/939/929 857/932/922
f 868/943/933 871/944/934 867/942/932 866/939/929
f 869/945/935 872/946/936 871/944/934 868/943/933
f 970/947/937 869/945/935 868/943/933 870/931/921
f 872/946/936 876/948/938 873/949/939 871/944/934
f 871/944/934 873/949/939 875/950/940 867/942/932
f 876/948/938 878/951/941 874/952/942 873/949/939
f 873/949/939 874/952/942 887/953/943 875/950/940
f 929/954/944 877/955/945 876/948/946 872/946/947
f 877/955/945 879/956/948 878/951/949 876/948/946
f 879/956/948 881/957/950 880/958/951 878/951/949
f 878/951/941 880/958/952 883/959/953 874/952/942
f 881/957/950 919/960/954 882/961/955 880/958/951
f 880/958/952 882/961/956 884/962/957 883/959/953
f 874/952/942 883/959/953 885/963/958 887/953/943
f 883/959/953 884/962/957 888/964/959 885/963/958
f 885/963/958 888/964/959 889/965/960 886/966/961
f 887/953/943 885/963/958 886/966/961 1032/967/962
f 888/964/959 890/968/963 893/969/964 889/965/960
f 884/962/957 892/970/965 890/968/963 888/964/959
f 892/971/965 999/972/966 891/973/967 890/974/963
f 890/974/963 891/973/967 895/975/968 893/976/964
f 893/976/964 895/975/968 896/977/969 894/978/970
f 889/965/960 893/969/964 894/979/970 1036/980/971
f 895/975/968 897/981/972 898/982/973 896/977/969
f 891/973/967 900/983/974 897/981/972 895/975/968
f 897/981/972 899/984/975 1642/985/976 898/982/973
f 900/983/974 902/986/977 899/984/975 897/981/972
f 999/972/966 901/987/978 900/983/974 891/973/967
f 901/987/978 904/988/979 902/986/977 900/983/974
f 902/986/977 903/904/889 1000/989/980 899/984/975
f 904/988/979 833/900/884 903/904/889 902/986/977
f 905/990/981 829/897/881 833/900/884 904/988/979
f 907/991/982 905/990/981 904/988/979 901/987/978
f 909/992/983 906/993/984 905/990/985 907/991/986
f 906/993/984 826/894/876 829/897/879 905/990/985
f 908/994/987 907/991/982 901/987/978 999/972/966
f 910/995/988 909/992/983 907/991/986 908/994/989
f 911/887/869 818/886/868 906/993/984 909/992/983
f 912/996/990 911/887/869 909/992/983 910/995/988
f 817/884/866 911/887/869 912/996/990 913/997/991
f 913/997/991 912/996/990 914/998/992 915/999/993
f 914/998/992 912/996/990 910/995/988 917/1000/994
f 915/1001/993 914/1002/992 916/1003/995 920/1004/996
f 916/1003/995 914/1002/992 917/1005/994 919/960/954
f 917/1000/994 910/995/988 908/994/989 918/1006/997
f 919/960/954 917/1005/994 918/1007/997 882/961/955
f 921/1008/998 916/1003/995 919/960/954 881/957/950
f 918/1006/999 908/994/987 999/972/966 892/971/965
f 882/961/956 918/1007/999 892/970/965 884/962/957
f 920/1004/996 916/1003/995 921/1008/998 922/1009/1000
f 923/1010/1001 921/1008/998 881/957/950 879/956/948
f 922/1009/1000 921/1008/998 923/1010/1001 924/1011/1002
f 924/1011/1002 923/1010/1001 925/1012/1003 926/1013/1004
f 925/1012/1003 923/1010/1001 879/956/948 877/955/945
f 927/1014/1005 925/1012/1003 877/955/945 929/954/944
f 926/1013/1004 925/1012/1003 927/1014/1005 930/1015/1006
f 930/1015/1006 927/1014/1005 928/1016/1007 932/1017/1008
f 928/1016/1007 927/1014/1005 929/954/944 971/1018/1009
f 977/1019/1010 926/1013/1004 930/1015/1006 931/1020/1011
f 931/1020/1011 930/1015/1006 932/1017/1008 933/1021/1012
f 933/1021/1012 932/1017/1008 934/1022/1013 935/1023/1014
f 932/1017/1008 928/1016/1007 936/1024/1015 934/1022/1013
f 935/1023/1014 934/1022/1013 937/1025/1016 940/1026/1017
f 934/1022/1013 936/1024/1015 938/1027/1018 937/1025/1016
f 937/1025/1016 938/1027/1018 965/1028/1019 939/1029/1020
f 940/1026/1017 937/1025/1016 939/1029/1020 941/1030/1021
f 942/1031/1022 943/1032/1023 935/1023/1014 940/1026/1017
f 944/1033/1024 942/1031/1022 940/1026/1017 941/1030/1021
f 781/846/828 779/844/826 943/1032/1023 942/1031/1022
f 945/848/830 781/846/828 942/1031/1022 944/1033/1024
f 788/854/836 945/848/830 944/1033/1024 946/1034/1025
f 946/1034/1025 944/1033/1024 941/1030/1021 948/1035/1026
f 790/855/837 788/854/836 946/1034/1025 947/1036/1027
f 947/1036/1027 946/1034/1025 948/1035/1026 950/1037/1028
f 941/1030/1021 939/1029/1020 949/1038/1029 948/1035/1026
f 948/1035/1026 949/1038/1029 951/1039/1030 950/1037/1028
f 950/1037/1028 951/1039/1030 953/1040/1031 952/1041/1032
f 955/1042/1033 947/1036/1027 950/1037/1028 952/1041/1032
f 952/1041/1032 953/1040/1031 958/1043/1034 954/1044/1035
f 956/1045/1036 955/1042/1033 952/1041/1032 954/1044/1035
f 957/860/842 792/857/839 955/1042/1033 956/1045/1036
f 792/857/839 790/855/837 947/1036/1027 955/1042/1033
f 807/873/855 956/1045/1036 954/1044/1035 959/874/856
f 801/867/849 957/860/842 956/1045/1036 807/873/855
f 954/1044/1035 958/1043/1034 822/891/873 959/874/856
f 953/1040/1031 962/1046/1037 960/1047/1038 958/1043/1034
f 958/1043/1034 960/1047/1038 824/892/874 822/891/873
f 824/892/874 960/1047/1038 961/914/899 827/895/877
f 960/1047/1038 962/1046/1037 843/915/900 961/914/899
f 951/1039/1030 963/1048/1039 962/1046/1037 953/1040/1031
f 962/1046/1037 963/1048/1039 845/916/903 843/915/900
f 949/1038/1029 964/1049/1040 963/1048/1039 951/1039/1030
f 963/1048/1039 964/1049/1040 847/917/905 845/916/903
f 964/1049/1040 965/1028/1019 966/920/909 847/917/905
f 939/1029/1020 965/1028/1019 964/1049/1040 949/1038/1029
f 965/1028/1019 938/1027/1018 967/1050/1041 966/920/909
f 966/920/909 967/1050/1041 969/1051/1042 848/921/910
f 938/1027/1018 936/1024/1015 968/1052/1043 967/1050/1041
f 967/1050/1041 968/1052/1043 970/947/1044 969/1051/1042
f 969/1051/1045 970/947/937 870/931/921 858/930/920
f 848/921/911 969/1051/1045 858/930/920 850/922/912
f 968/1052/1043 971/1018/1009 869/945/1046 970/947/1044
f 936/1024/1015 928/1016/1007 971/1018/1009 968/1052/1043
f 971/1018/1009 929/954/944 872/946/947 869/945/1046
f 827/895/877 961/914/899 837/905/902 830/898/880
f 943/1032/1023 972/1053/1047 933/1021/1012 935/1023/1014
f 779/844/826 777/843/825 972/1053/1047 943/1032/1023
f 972/1053/1047 973/1054/1048 931/1020/1011 933/1021/1012
f 777/843/825 974/842/824 973/1054/1048 972/1053/1047
f 974/842/824 976/821/803 975/1055/1049 973/1054/1048
f 973/1054/1048 975/1055/1049 977/1019/1010 931/1020/1011
f 976/821/803 753/818/800 978/1056/1050 975/1055/1049
f 975/1055/1049 978/1056/1050 979/1057/1051 977/1019/1010
f 978/1056/1050 980/1058/1052 982/1059/1053 979/1057/1051
f 753/818/800 751/816/798 980/1058/1052 978/1056/1050
f 751/816/798 749/815/797 981/1060/1054 980/1058/1052
f 980/1058/1052 981/1060/1054 983/1061/1055 982/1059/1053
f 983/1061/1055 920/1004/996 922/1009/1000 982/1059/1053
f 982/1059/1053 922/1009/1000 924/1011/1002 979/1057/1051
f 984/1062/1056 915/1001/993 920/1004/996 983/1061/1055
f 981/1060/1054 986/1063/1057 984/1062/1056 983/1061/1055
f 986/1064/1057 987/1065/1058 985/1066/1059 984/1067/1056
f 985/1066/1059 913/997/991 915/999/993 984/1067/1056
f 988/1068/796 989/1069/1060 987/1065/1058 986/1064/1057
f 749/815/797 988/814/796 986/1063/1057 981/1060/1054
f 748/1070/793 990/1071/1061 989/1069/1060 988/1068/796
f 990/1071/1061 992/1072/1062 991/882/864 989/1069/1060
f 989/1069/1060 991/882/864 812/880/862 987/1065/1058
f 992/1072/1062 994/1073/1063 813/877/859 991/882/864
f 997/1074/1064 993/1075/1065 992/1072/1062 990/1071/1061
f 993/1075/1065 995/1076/1066 994/1073/1063 992/1072/1062
f 994/1073/1063 803/869/851 805/870/852 813/877/859
f 995/1076/1066 996/866/848 803/869/851 994/1073/1063
f 109/123/132 111/126/135 996/866/848 995/1076/1066
f 107/121/130 109/123/132 995/1076/1066 993/1075/1065
f 998/122/131 107/121/130 993/1075/1065 997/1074/1064
f 745/1077/790 997/1074/1064 990/1071/1061 748/1070/793
f 739/804/785 998/122/131 997/1074/1064 745/1077/790
f 987/1065/1058 812/880/862 815/881/863 985/1066/1059
f 815/881/863 817/884/866 913/997/991 985/1066/1059
f 979/1057/1051 924/1011/1002 926/1013/1004 977/1019/1010
f 760/827/809 754/820/802 976/821/803 974/842/824
f 818/886/868 820/888/870 826/894/876 906/993/984
f 903/904/889 832/903/888 1002/1078/1067 1000/989/980
f 1000/989/980 1002/1078/1067 1003/1079/1068 1001/1080/1069
f 899/984/975 1000/989/980 1001/1080/1069 1642/985/976
f 1002/1078/1067 1004/1081/1070 1005/1082/1071 1003/1079/1068
f 832/903/888 835/902/887 1004/1081/1070 1002/1078/1067
f 1004/1081/1070 1006/1083/1072 1007/1084/1073 1005/1082/1071
f 835/902/887 838/907/892 1006/1083/1072 1004/1081/1070
f 1006/1083/1072 1008/1085/1074 1010/1086/1075 1007/1084/1073
f 838/907/892 841/910/895 1008/1085/1074 1006/1083/1072
f 841/910/895 853/913/898 1009/927/917 1008/1085/1074
f 1008/1085/1074 1009/927/917 1012/1087/1076 1010/1086/1075
f 1010/1086/1075 1012/1087/1076 1013/1088/1077 1011/1089/1078
f 1007/1084/1073 1010/1086/1075 1011/1089/1078 1083/1090/1079
f 1012/1087/1076 1014/1091/1080 1015/1092/1081 1013/1088/1077
f 1009/927/917 852/926/916 1014/1091/1080 1012/1087/1076
f 1014/1091/1080 1016/936/926 1017/1093/1082 1015/1092/1081
f 852/926/916 855/925/915 1016/936/926 1014/1091/1080
f 1016/936/926 860/935/925 1019/1094/1083 1017/1093/1082
f 1015/1092/1081 1017/1093/1082 1018/1095/1084 1090/1096/1085
f 1017/1093/1082 1019/1094/1083 1020/1097/1086 1018/1095/1084
f 1019/1094/1083 1021/1098/1087 1022/1099/1088 1020/1097/1086
f 860/935/925 862/934/924 1021/1098/1087 1019/1094/1083
f 1021/1098/1087 1023/1100/1089 1024/1101/1090 1022/1099/1088
f 862/934/924 864/938/928 1023/1100/1089 1021/1098/1087
f 1023/1100/1089 1025/1102/1091 1026/1103/1092 1024/1101/1090
f 864/938/928 1028/941/931 1025/1102/1091 1023/1100/1089
f 1025/1102/1091 1027/1104/1093 1116/1105/1094 1026/1103/1092
f 1028/941/931 1029/1106/1095 1027/1104/1093 1025/1102/1091
f 865/940/930 1031/1107/1096 1029/1106/1095 1028/941/931
f 1029/1106/1095 1030/1108/1097 1033/1109/1098 1027/1104/1093
f 1031/1107/1096 1032/967/962 1030/1108/1097 1029/1106/1095
f 875/950/940 887/953/943 1032/967/962 1031/1107/1096
f 867/942/932 875/950/940 1031/1107/1096 865/940/930
f 1032/967/962 886/966/961 1034/1110/1099 1030/1108/1097
f 1030/1108/1097 1034/1110/1099 1035/1111/1100 1033/1109/1098
f 1034/1110/1099 1036/980/971 1037/1112/1101 1035/1111/1100
f 886/966/961 889/965/960 1036/980/971 1034/1110/1099
f 1036/980/971 894/979/970 1039/1113/1102 1037/1112/1101
f 1035/1111/1100 1037/1112/1101 1038/1114/1103 1138/1115/1104
f 1037/1112/1101 1039/1113/1102 1040/1116/1105 1038/1114/1103
f 1039/1117/1102 1041/1118/1106 1042/1119/1107 1040/1120/1105
f 894/978/970 896/977/969 1041/1118/1106 1039/1117/1102
f 1041/1118/1106 1043/1121/1108 1045/1122/1109 1042/1119/1107
f 896/977/969 898/982/973 1043/1121/1108 1041/1118/1106
f 898/982/973 1642/985/976 1044/1123/1110 1043/1121/1108
f 1043/1121/1108 1044/1123/1110 1047/1124/1111 1045/1122/1109
f 1042/1119/1107 1045/1122/1109 1046/1125/1112 1140/1126/1113
f 1045/1122/1109 1047/1124/1111 1049/1127/1114 1046/1125/1112
f 1044/1123/1110 1088/1128/1115 1048/1129/1116 1047/1124/1111
f 1047/1124/1111 1048/1129/1116 1050/1130/1117 1049/1127/1114
f 1049/1127/1114 1051/1131/1118 1052/1132/1119 1046/1125/1112
f 1051/1131/1118 1049/1127/1114 1050/1130/1117 1054/1133/1120
f 1051/1131/1118 1053/1134/1121 1144/1135/1122 1052/1132/1119
f 1053/1134/1121 1051/1131/1118 1054/1133/1120 1055/1136/1123
f 1054/1133/1120 1050/1130/1117 1057/1137/1124 1056/1138/1125
f 1055/1136/1123 1054/1133/1120 1056/1138/1125 1058/1139/1126
f 1061/1140/1127 1059/1141/1128 1056/1138/1125 1057/1137/1124
f 1059/1141/1128 1062/1142/1129 1058/1139/1126 1056/1138/1125
f 1060/1143/1130 1064/1144/1131 1062/1142/1129 1059/1141/1128
f 1081/1145/1132 1060/1143/1130 1059/1141/1128 1061/1140/1127
f 1062/1142/1129 1064/1144/1131 1066/1146/1133 1063/1147/1134
f 1058/1139/1126 1062/1142/1129 1063/1147/1134 1151/1148/1135
f 1078/1149/1136 1065/1150/1137 1064/1144/1131 1060/1143/1130
f 1064/1144/1131 1065/1150/1137 1068/1151/1138 1066/1146/1133
f 1063/1147/1134 1066/1146/1133 1067/1152/488 1153/1153/491
f 1066/1146/1133 1068/1151/1138 1069/1154/1139 1067/1152/488
f 1068/1151/1138 1070/1155/1140 1071/1156/482 1069/1154/1139
f 1065/1150/1137 1073/1157/1141 1070/1155/1140 1068/1151/1138
f 1070/1155/1140 1072/1158/1142 1641/1159/475 1071/1156/482
f 1073/1157/1141 1074/1160/1143 1072/1158/1142 1070/1155/1140
f 1076/1161/1144 1074/1160/1143 1073/1157/1141 1075/1162/1145
f 1075/1162/1145 1073/1157/1141 1065/1150/1137 1078/1149/1136
f 1091/1163/1146 1076/1161/1144 1075/1162/1145 1077/1164/1147
f 1077/1164/1147 1075/1162/1145 1078/1149/1136 1079/1165/1148
f 1079/1165/1148 1078/1149/1136 1060/1143/1130 1081/1145/1132
f 1080/1166/1149 1089/1167/1150 1077/1164/1147 1079/1165/1148
f 1082/1168/1151 1080/1166/1149 1079/1165/1148 1081/1145/1132
f 1084/1169/1152 1082/1168/1151 1081/1145/1132 1061/1140/1127
f 1083/1090/1079 1011/1089/1078 1080/1166/1149 1082/1168/1151
f 1086/1170/1153 1083/1090/1079 1082/1168/1151 1084/1169/1152
f 1085/1171/1154 1084/1169/1152 1061/1140/1127 1057/1137/1124
f 1087/1172/1155 1086/1170/1153 1084/1169/1152 1085/1171/1154
f 1003/1079/1068 1005/1082/1071 1086/1170/1153 1087/1172/1155
f 1005/1082/1071 1007/1084/1073 1083/1090/1079 1086/1170/1153
f 1001/1080/1069 1003/1079/1068 1087/1172/1155 1088/1128/1115
f 1088/1128/1115 1087/1172/1155 1085/1171/1154 1048/1129/1116
f 1642/985/976 1001/1080/1069 1088/1128/1115 1044/1123/1110
f 1048/1129/1116 1085/1171/1154 1057/1137/1124 1050/1130/1117
f 1011/1089/1078 1013/1088/1077 1089/1167/1150 1080/1166/1149
f 1013/1088/1077 1015/1092/1081 1090/1096/1085 1089/1167/1150
f 1089/1167/1150 1090/1096/1085 1091/1163/1146 1077/1164/1147
f 1090/1096/1085 1018/1095/1084 1092/1173/1156 1091/1163/1146
f 1092/1173/1156 1094/1174/1157 1076/1161/1144 1091/1163/1146
f 1018/1095/1084 1020/1097/1086 1093/1175/1158 1092/1173/1156
f 1093/1175/1158 1095/1176/1159 1094/1174/1157 1092/1173/1156
f 1095/1176/1159 1097/1177/1160 1096/1178/1161 1094/1174/1157
f 1094/1174/1157 1096/1178/1161 1074/1160/1143 1076/1161/1144
f 1074/1160/1143 1096/1178/1161 1098/1179/1162 1072/1158/1142
f 1096/1178/1161 1097/1177/1160 1100/1180/1163 1098/1179/1162
f 1072/1158/1142 1098/1179/1162 1099/1181/474 1641/1159/475
f 1098/1179/1162 1100/1180/1163 1101/1182/471 1099/1181/474
f 1100/1180/1163 1102/1183/1164 1103/1184/468 1101/1182/471
f 1097/1177/1160 1105/1185/1165 1102/1183/1164 1100/1180/1163
f 1102/1183/1164 1104/1186/1166 1274/1187/461 1103/1184/468
f 1105/1185/1165 1107/1188/1167 1104/1186/1166 1102/1183/1164
f 1106/1189/1168 1105/1185/1165 1097/1177/1160 1095/1176/1159
f 1109/1190/1169 1107/1188/1167 1105/1185/1165 1106/1189/1168
f 1107/1188/1167 1108/1191/1170 1640/1192/1171 1104/1186/1166
f 1110/1193/1172 1108/1191/1170 1107/1188/1167 1109/1190/1169
f 1112/1194/1173 1110/1193/1172 1109/1190/1169 1111/1195/1174
f 1111/1195/1174 1109/1190/1169 1106/1189/1168 1113/1196/1175
f 1022/1099/1088 1024/1101/1090 1111/1195/1174 1113/1196/1175
f 1024/1101/1090 1026/1103/1092 1112/1194/1173 1111/1195/1174
f 1113/1196/1175 1106/1189/1168 1095/1176/1159 1093/1175/1158
f 1020/1097/1086 1022/1099/1088 1113/1196/1175 1093/1175/1158
f 1114/1197/1176 1117/1198/1177 1110/1193/1172 1112/1194/1173
f 1026/1103/1092 1116/1105/1094 1114/1197/1176 1112/1194/1173
f 1115/1199/1178 1119/1200/1179 1117/1198/1177 1114/1197/1176
f 1116/1105/1094 1139/1201/1180 1115/1199/1178 1114/1197/1176
f 1117/1198/1177 1118/1202/1181 1108/1191/1170 1110/1193/1172
f 1119/1200/1179 1121/1203/1182 1118/1202/1181 1117/1198/1177
f 1120/1204/1183 1122/1205/1184 1121/1203/1182 1119/1200/1179
f 1137/1206/1185 1120/1204/1183 1119/1200/1179 1115/1199/1178
f 1121/1203/1182 1122/1205/1184 1126/1207/1186 1123/1208/1187
f 1118/1202/1181 1121/1203/1182 1123/1208/1187 1124/1209/1188
f 1124/1209/1188 1123/1208/1187 1125/1210/449 1275/1211/452
f 1123/1208/1187 1126/1207/1186 1127/1212/440 1125/1210/449
f 1126/1207/1186 1128/1213/1189 1129/1214/436 1127/1212/440
f 1122/1205/1184 1131/1215/1190 1128/1213/1189 1126/1207/1186
f 1128/1213/1189 1130/1216/1191 1639/1217/433 1129/1214/436
f 1131/1215/1190 1132/1218/1192 1130/1216/1191 1128/1213/1189
f 1133/1219/1193 1131/1215/1190 1122/1205/1184 1120/1204/1183
f 1134/1220/1194 1132/1218/1192 1131/1215/1190 1133/1219/1193
f 1136/1221/1195 1134/1220/1194 1133/1219/1193 1135/1222/1196
f 1135/1222/1196 1133/1219/1193 1120/1204/1183 1137/1206/1185
f 1138/1115/1104 1038/1114/1103 1135/1222/1196 1137/1206/1185
f 1038/1114/1103 1040/1116/1105 1136/1221/1195 1135/1222/1196
f 1139/1201/1180 1138/1115/1104 1137/1206/1185 1115/1199/1178
f 1033/1109/1098 1035/1111/1100 1138/1115/1104 1139/1201/1180
f 1027/1104/1093 1033/1109/1098 1139/1201/1180 1116/1105/1094
f 1140/1126/1113 1141/1223/1197 1134/1224/1194 1136/1225/1195
f 1040/1120/1105 1042/1119/1107 1140/1126/1113 1136/1225/1195
f 1046/1125/1112 1052/1132/1119 1141/1223/1197 1140/1126/1113
f 1141/1223/1197 1142/1226/1198 1132/1227/1192 1134/1224/1194
f 1052/1132/1119 1144/1135/1122 1142/1226/1198 1141/1223/1197
f 1142/1226/1198 1144/1135/1122 1145/1228/1199 1143/1229/1200
f 1132/1227/1192 1142/1226/1198 1143/1229/1200 1130/1230/1191
f 1144/1135/1122 1053/1134/1121 1147/1231/1201 1145/1228/1199
f 1143/1229/1200 1145/1228/1199 1146/1232/435 1638/1233/1202
f 1145/1228/1199 1147/1231/1201 1148/1234/7 1146/1232/435
f 1147/1231/1201 1149/1235/1203 1150/1236/8 1148/1234/7
f 1053/1134/1121 1055/1136/1123 1149/1235/1203 1147/1231/1201
f 1149/1235/1203 1151/1148/1135 1152/1237/9 1150/1236/8
f 1055/1136/1123 1058/1139/1126 1151/1148/1135 1149/1235/1203
f 1151/1148/1135 1063/1147/1134 1153/1153/491 1152/1237/9
f 1152/1237/9 1153/1153/491 1155/1238/1204 1154/1239/1205
f 1150/1236/8 1152/1237/9 1154/1239/1205 1156/1240/1206
f 1154/1239/1205 1155/1238/1204 1158/1241/1207 1157/1242/1208
f 1156/1240/1206 1154/1239/1205 1157/1242/1208 1159/1243/1209
f 1157/1242/1208 1158/1241/1207 1162/1244/1210 1160/1245/1211
f 1159/1243/1209 1157/1242/1208 1160/1245/1211 1161/1246/1212
f 1161/1246/1212 1160/1245/1211 1163/1247/1213 1164/1248/1214
f 1160/1245/1211 1162/1244/1210 1166/1249/1215 1163/1247/1213
f 1300/1250/1216 1164/1248/1214 1163/1247/1213 1165/1251/1217
f 1166/1249/1215 1168/1252/1218 1165/1251/1217 1163/1247/1213
f 1167/1253/1219 1169/1254/1220 1168/1252/1218 1166/1249/1215
f 1162/1244/1210 1207/1255/1221 1167/1253/1219 1166/1249/1215
f 1169/1254/1220 1173/1256/1222 1170/1257/1223 1168/1252/1218
f 1168/1252/1218 1170/1257/1223 1172/1258/1224 1165/1251/1217
f 1170/1257/1223 1171/1259/1225 1303/1260/1226 1172/1258/1224
f 1173/1256/1222 1174/1261/1227 1171/1259/1225 1170/1257/1223
f 1177/1262/1228 1175/1263/1229 1173/1256/1222 1169/1254/1220
f 1175/1263/1229 1178/1264/1230 1174/1261/1227 1173/1256/1222
f 1204/1265/1231 1176/1266/1232 1175/1263/1229 1177/1262/1228
f 1176/1266/1232 1179/1267/1233 1178/1264/1230 1175/1263/1229
f 1179/1267/1233 1183/1268/1234 1180/1269/1235 1178/1264/1230
f 1178/1264/1230 1180/1269/1235 1181/1270/1236 1174/1261/1227
f 1181/1270/1236 1180/1269/1235 1182/1271/1237 1317/1272/1238
f 1180/1269/1235 1183/1268/1234 1184/1273/1239 1182/1271/1237
f 1183/1268/1234 1185/1274/1240 1186/1275/1241 1184/1273/1239
f 1188/1276/1242 1185/1274/1240 1183/1268/1234 1179/1267/1233
f 1185/1274/1240 1187/1277/1243 1508/1278/1244 1186/1275/1241
f 1189/1279/1245 1187/1277/1243 1185/1274/1240 1188/1276/1242
f 1192/1280/1246 1189/1279/1245 1188/1276/1242 1190/1281/1247
f 1190/1281/1247 1188/1276/1242 1179/1267/1233 1176/1266/1232
f 1191/1282/1248 1190/1281/1247 1176/1266/1232 1204/1265/1231
f 1194/1283/1249 1192/1280/1246 1190/1281/1247 1191/1282/1248
f 1195/1284/1250 1193/1285/1251 1192/1280/1246 1194/1283/1249
f 1193/1285/1251 1512/1286/1252 1189/1279/1245 1192/1280/1246
f 1198/1287/1253 1195/1284/1250 1194/1283/1249 1196/1288/1254
f 1196/1288/1254 1194/1283/1249 1191/1282/1248 1199/1289/1255
f 1200/1290/1256 1197/1291/1257 1196/1288/1254 1199/1289/1255
f 1197/1291/1257 1220/1292/1258 1198/1287/1253 1196/1288/1254
f 1202/1293/1259 1200/1290/1256 1199/1289/1255 1201/1294/1260
f 1199/1289/1255 1191/1282/1248 1204/1265/1231 1201/1294/1260
f 1205/1295/1261 1202/1293/1259 1201/1294/1260 1203/1296/1262
f 1201/1294/1260 1204/1265/1231 1177/1262/1228 1203/1296/1262
f 1207/1255/1221 1205/1295/1261 1203/1296/1262 1167/1253/1219
f 1203/1296/1262 1177/1262/1228 1169/1254/1220 1167/1253/1219
f 1206/1297/1263 1213/1298/1264 1202/1293/1259 1205/1295/1261
f 1208/1299/1265 1206/1297/1263 1205/1295/1261 1207/1255/1221
f 1158/1241/1207 1208/1299/1265 1207/1255/1221 1162/1244/1210
f 1209/1300/1266 1210/1301/1267 1206/1297/1263 1208/1299/1265
f 1155/1238/1204 1209/1300/1266 1208/1299/1265 1158/1241/1207
f 1153/1153/491 1067/1152/488 1209/1300/1266 1155/1238/1204
f 1067/1152/488 1069/1154/1139 1210/1301/1267 1209/1300/1266
f 1069/1154/1139 1071/1156/482 1211/1302/1268 1210/1301/1267
f 1210/1301/1267 1211/1302/1268 1213/1298/1264 1206/1297/1263
f 1071/1156/482 1641/1159/475 1212/1303/1269 1211/1302/1268
f 1211/1302/1268 1212/1303/1269 1214/1304/1270 1213/1298/1264
f 1213/1298/1264 1214/1304/1270 1200/1290/1256 1202/1293/1259
f 1214/1304/1270 1215/1305/1271 1197/1291/1257 1200/1290/1256
f 1212/1303/1269 1216/1306/1272 1215/1305/1271 1214/1304/1270
f 1215/1305/1271 1217/1307/1273 1220/1292/1258 1197/1291/1257
f 1216/1306/1272 1218/1308/1274 1217/1307/1273 1215/1305/1271
f 1218/1308/1274 1273/1309/1275 1219/1310/1276 1217/1307/1273
f 1217/1307/1273 1219/1310/1276 1221/1311/1277 1220/1292/1258
f 1220/1292/1258 1221/1311/1277 1223/1312/1278 1198/1287/1253
f 1221/1311/1277 1222/1313/1279 1225/1314/1280 1223/1312/1278
f 1219/1310/1276 1268/1315/1281 1222/1313/1279 1221/1311/1277
f 1223/1312/1278 1224/1316/1282 1195/1284/1250 1198/1287/1253
f 1225/1314/1280 1227/1317/1283 1224/1316/1282 1223/1312/1278
f 1226/1318/1284 1228/1319/1285 1227/1317/1283 1225/1314/1280
f 1222/1313/1279 1266/1320/1286 1226/1318/1284 1225/1314/1280
f 1228/1319/1285 1232/1321/1287 1229/1322/1288 1227/1317/1283
f 1227/1317/1283 1229/1322/1288 1231/1323/1289 1224/1316/1282
f 1229/1322/1288 1230/1324/1290 1515/1325/1291 1231/1323/1289
f 1232/1321/1287 1233/1326/1292 1230/1324/1290 1229/1322/1288
f 1236/1327/1293 1234/1328/1294 1232/1321/1287 1228/1319/1285
f 1234/1328/1294 1237/1329/1295 1233/1326/1292 1232/1321/1287
f 1263/1330/1296 1235/1331/1297 1234/1328/1294 1236/1327/1293
f 1235/1331/1297 1238/1332/1298 1237/1329/1295 1234/1328/1294
f 1238/1332/1298 1242/1333/1299 1239/1334/1300 1237/1329/1295
f 1237/1329/1295 1239/1334/1300 1240/1335/1301 1233/1326/1292
f 1240/1335/1301 1239/1334/1300 1241/1336/1302 1517/1337/1303
f 1239/1334/1300 1242/1333/1299 1243/1338/1304 1241/1336/1302
f 1242/1333/1299 1244/1339/1305 1245/1340/1306 1243/1338/1304
f 1247/1341/1307 1244/1339/1305 1242/1333/1299 1238/1332/1298
f 1244/1339/1305 1246/1342/1308 1518/1343/1309 1245/1340/1306
f 1248/1344/1310 1246/1342/1308 1244/1339/1305 1247/1341/1307
f 1251/1345/1311 1248/1344/1310 1247/1341/1307 1249/1346/1312
f 1249/1346/1312 1247/1341/1307 1238/1332/1298 1235/1331/1297
f 1250/1347/1313 1249/1346/1312 1235/1331/1297 1263/1330/1296
f 1253/1348/1314 1251/1345/1311 1249/1346/1312 1250/1347/1313
f 1254/1349/1315 1252/1350/1316 1251/1345/1311 1253/1348/1314
f 1252/1350/1316 1522/1351/1317 1248/1344/1310 1251/1345/1311
f 1257/1352/1318 1254/1349/1315 1253/1348/1314 1255/1353/1319
f 1255/1353/1319 1253/1348/1314 1250/1347/1313 1258/1354/1320
f 1259/1355/1321 1256/1356/1322 1255/1353/1319 1258/1354/1320
f 1256/1356/1322 1285/1357/1323 1257/1352/1318 1255/1353/1319
f 1261/1358/1324 1259/1355/1321 1258/1354/1320 1260/1359/1325
f 1258/1354/1320 1250/1347/1313 1263/1330/1296 1260/1359/1325
f 1264/1360/1326 1261/1358/1324 1260/1359/1325 1262/1361/1327
f 1260/1359/1325 1263/1330/1296 1236/1327/1293 1262/1361/1327
f 1266/1320/1286 1264/1360/1326 1262/1361/1327 1226/1318/1284
f 1262/1361/1327 1236/1327/1293 1228/1319/1285 1226/1318/1284
f 1265/1362/1328 1278/1363/1329 1261/1358/1324 1264/1360/1326
f 1267/1364/1330 1265/1362/1328 1264/1360/1326 1266/1320/1286
f 1268/1315/1281 1267/1364/1330 1266/1320/1286 1222/1313/1279
f 1269/1365/1331 1271/1366/1332 1265/1362/1328 1267/1364/1330
f 1272/1367/1333 1269/1365/1331 1267/1364/1330 1268/1315/1281
f 1274/1187/461 1270/1368/460 1269/1365/1331 1272/1367/1333
f 1270/1368/460 1275/1211/452 1271/1366/1332 1269/1365/1331
f 1273/1309/1275 1272/1367/1333 1268/1315/1281 1219/1310/1276
f 1103/1184/468 1274/1187/461 1272/1367/1333 1273/1309/1275
f 1104/1186/1166 1640/1192/1171 1270/1368/460 1274/1187/461
f 1101/1182/471 1103/1184/468 1273/1309/1275 1218/1308/1274
f 1275/1211/452 1125/1210/449 1276/1369/1334 1271/1366/1332
f 1271/1366/1332 1276/1369/1334 1278/1363/1329 1265/1362/1328
f 1125/1210/449 1127/1212/440 1277/1370/1335 1276/1369/1334
f 1276/1369/1334 1277/1370/1335 1279/1371/1336 1278/1363/1329
f 1278/1363/1329 1279/1371/1336 1259/1355/1321 1261/1358/1324
f 1279/1371/1336 1280/1372/1337 1256/1356/1322 1259/1355/1321
f 1277/1370/1335 1281/1373/1338 1280/1372/1337 1279/1371/1336
f 1280/1372/1337 1282/1374/1339 1285/1357/1323 1256/1356/1322
f 1281/1373/1338 1283/1375/1340 1282/1374/1339 1280/1372/1337
f 1283/1376/1340 1637/1377/1341 1284/1378/1342 1282/1379/1339
f 1282/1379/1339 1284/1378/1342 1286/1380/1343 1285/1381/1323
f 1285/1381/1323 1286/1380/1343 1288/1382/1344 1257/1383/1318
f 1286/1380/1343 1287/1384/1345 1290/1385/1346 1288/1382/1344
f 1284/1378/1342 1634/1386/1347 1287/1384/1345 1286/1380/1343
f 1288/1382/1344 1289/1387/1348 1254/1388/1315 1257/1383/1318
f 1290/1385/1346 1292/1389/1349 1289/1387/1348 1288/1382/1344
f 1291/1390/1350 1293/1391/1351 1292/1389/1349 1290/1385/1346
f 1287/1384/1345 1632/1392/1352 1291/1390/1350 1290/1385/1346
f 1293/1391/1351 1297/1393/1353 1294/1394/1354 1292/1389/1349
f 1292/1389/1349 1294/1394/1354 1296/1395/1355 1289/1387/1348
f 1294/1394/1354 1295/1396/1356 1525/1397/1357 1296/1395/1355
f 1297/1393/1353 1298/1398/1358 1295/1396/1356 1294/1394/1354
f 1297/1393/1353 1293/1391/1351 1300/1250/1216 1299/1399/1359
f 1298/1398/1358 1297/1393/1353 1299/1399/1359 1301/1400/1360
f 1299/1399/1359 1300/1250/1216 1165/1251/1217 1172/1258/1224
f 1301/1400/1360 1299/1399/1359 1172/1258/1224 1303/1260/1226
f 1302/1401/1361 1301/1400/1360 1303/1260/1226 1304/1402/1362
f 1526/1403/1363 1298/1398/1358 1301/1400/1360 1302/1401/1361
f 1171/1259/1225 1305/1404/1364 1304/1402/1362 1303/1260/1226
f 1304/1402/1362 1305/1404/1364 1308/1405/1365 1306/1406/1366
f 1302/1401/1361 1304/1402/1362 1306/1406/1366 1307/1407/1367
f 1307/1407/1367 1306/1406/1366 1309/1408/1368 1311/1409/1369
f 1306/1406/1366 1308/1405/1365 1312/1410/1370 1309/1408/1368
f 1311/1409/1369 1309/1408/1368 1310/1411/1371 1475/1412/1372
f 1309/1408/1368 1312/1410/1370 1313/1413/1373 1310/1411/1371
f 1312/1410/1370 1314/1414/1374 1315/1415/1375 1313/1413/1373
f 1308/1405/1365 1317/1272/1238 1314/1414/1374 1312/1410/1370
f 1314/1414/1374 1316/1416/1376 1319/1417/1377 1315/1415/1375
f 1317/1272/1238 1182/1271/1237 1316/1416/1376 1314/1414/1374
f 1305/1404/1364 1181/1270/1236 1317/1272/1238 1308/1405/1365
f 1182/1271/1237 1184/1273/1239 1318/1418/1378 1316/1416/1376
f 1316/1416/1376 1318/1418/1378 1320/1419/1379 1319/1417/1377
f 1319/1417/1377 1320/1419/1379 1324/1420/1380 1321/1421/1381
f 1315/1415/1375 1319/1417/1377 1321/1421/1381 1322/1422/1382
f 1467/1423/1383 1322/1422/1382 1321/1421/1381 1323/1424/1384
f 1323/1424/1384 1321/1421/1381 1324/1420/1380 1326/1425/1385
f 1326/1425/1385 1324/1420/1380 1325/1426/1386 1328/1427/1387
f 1320/1419/1379 1506/1428/1388 1325/1426/1386 1324/1420/1380
f 1464/1429/1389 1323/1424/1384 1326/1425/1385 1327/1430/1390
f 1327/1430/1390 1326/1425/1385 1328/1427/1387 1329/1431/1391
f 1329/1431/1391 1328/1427/1387 1330/1432/1392 1331/1433/1393
f 1328/1427/1387 1325/1426/1386 1332/1434/1394 1330/1432/1392
f 1331/1433/1393 1330/1432/1392 1333/1435/1395 1336/1436/1396
f 1330/1432/1392 1332/1434/1394 1334/1437/1397 1333/1435/1395
f 1333/1435/1395 1334/1437/1397 1502/1438/1398 1335/1439/1399
f 1336/1436/1396 1333/1435/1395 1335/1439/1399 1338/1440/1400
f 1331/1433/1393 1336/1436/1396 1337/1441/1401 1530/1442/1402
f 1336/1436/1396 1338/1440/1400 1339/1443/1403 1337/1441/1401
f 1338/1440/1400 1340/1444/1404 1341/1445/1405 1339/1443/1403
f 1338/1440/1400 1335/1439/1399 1343/1446/1406 1340/1444/1404
f 1340/1444/1404 1342/1447/1407 1616/1448/1408 1341/1445/1405
f 1340/1444/1404 1343/1446/1406 1345/1449/1409 1342/1447/1407
f 1335/1439/1399 1502/1438/1398 1344/1450/1410 1343/1446/1406
f 1343/1446/1406 1344/1450/1410 1346/1451/1411 1345/1449/1409
f 1342/1447/1407 1345/1449/1409 1347/1452/1412 1348/1453/1413
f 1345/1449/1409 1346/1451/1411 1349/1454/1414 1347/1452/1412
f 1348/1453/1413 1347/1452/1412 1350/1455/1415 1351/1456/1416
f 1347/1452/1412 1349/1454/1414 1352/1457/1417 1350/1455/1415
f 1351/1456/1416 1350/1455/1415 1353/1458/1418 1354/1459/1419
f 1350/1455/1415 1352/1457/1417 1355/1460/1420 1353/1458/1418
f 1354/1459/1419 1353/1458/1418 1356/1461/1421 1357/1462/1422
f 1353/1458/1418 1355/1460/1420 1358/1463/1423 1356/1461/1421
f 1357/1462/1422 1356/1461/1421 1359/1464/1424 1362/1465/1425
f 1356/1461/1421 1358/1463/1423 1360/1466/1426 1359/1464/1424
f 1359/1467/1424 1360/1468/1426 1485/1469/1427 1361/1470/1428
f 1362/1471/1425 1359/1467/1424 1361/1470/1428 1364/1472/1429
f 1357/1462/1422 1362/1465/1425 1363/1473/1430 1608/1474/1431
f 1362/1471/1425 1364/1472/1429 1365/1475/1432 1363/1476/1430
f 1364/1472/1429 1366/1477/1433 1367/1478/1434 1365/1475/1432
f 1364/1472/1429 1361/1470/1428 1368/1479/1435 1366/1477/1433
f 1366/1477/1433 1369/1480/1436 1372/1481/1437 1367/1478/1434
f 1370/1482/1438 1369/1480/1436 1366/1477/1433 1368/1479/1435
f 1369/1480/1436 1370/1482/1438 1474/1483/1439 1371/1484/1440
f 1369/1480/1436 1371/1484/1440 1374/1485/1441 1372/1481/1437
f 1373/1486/1442 1372/1481/1437 1374/1485/1441 1375/1487/1443
f 1372/1481/1437 1373/1486/1442 1605/1488/1444 1367/1478/1434
f 1376/1489/1445 1379/1490/1446 1375/1487/1443 1374/1485/1441
f 1371/1484/1440 1377/1491/1447 1376/1489/1445 1374/1485/1441
f 1377/1491/1447 1468/1492/1448 1378/1493/1449 1376/1489/1445
f 1378/1493/1449 1380/1494/1450 1379/1490/1446 1376/1489/1445
f 1380/1494/1450 1383/1495/1451 1381/1496/1452 1379/1490/1446
f 1379/1490/1446 1381/1496/1452 1382/1497/1453 1375/1487/1443
f 1382/1497/1453 1381/1496/1452 1384/1498/1454 1385/1499/1455
f 1381/1496/1452 1383/1495/1451 1386/1500/1456 1384/1498/1454
f 1385/1499/1455 1384/1498/1454 1387/1501/1457 1388/1502/1458
f 1384/1498/1454 1386/1500/1456 1389/1503/1459 1387/1501/1457
f 1388/1502/1458 1387/1501/1457 1390/1504/1460 1392/1505/1461
f 1387/1501/1457 1389/1503/1459 1393/1506/1462 1390/1504/1460
f 1590/1507/1463 1392/1505/1461 1390/1504/1460 1391/1508/1464
f 1393/1506/1462 1395/1509/1465 1391/1508/1464 1390/1504/1460
f 1389/1503/1459 1450/1510/1466 1394/1511/1467 1393/1506/1462
f 1394/1511/1467 1396/1512/1468 1395/1509/1465 1393/1506/1462
f 1396/1512/1468 1400/1513/1469 1397/1514/1470 1395/1509/1465
f 1395/1509/1465 1397/1514/1470 1399/1515/1471 1391/1508/1464
f 1398/1516/1472 1630/1517/1472 1399/1515/1471 1397/1514/1470
f 1402/1518/1472 1398/1516/1472 1397/1514/1470 1400/1513/1469
f 1452/1519/1473 1401/1520/1474 1400/1513/1469 1396/1512/1468
f 1403/1521/1472 1402/1518/1472 1400/1513/1469 1401/1520/1474
f 1405/1521/1472 1404/1518/1472 1402/1518/1472 1403/1521/1472
f 1404/1518/1472 1406/1522/1472 1398/1516/1472 1402/1518/1472
f 1404/1523/1472 1405/1524/1472 1407/1525/1472
f 1406/1526/1472 1404/1523/1472 1407/1525/1472
f 1414/1527/1472 1408/1528/1472 1407/1525/1472
f 1408/1528/1472 1421/1529/1472 1407/1525/1472
f 1415/1530/1472 1409/1531/1472 1407/1525/1472
f 1409/1531/1472 1422/1532/1472 1407/1525/1472
f 1416/1533/1472 1410/1534/1472 1407/1525/1472
f 1410/1534/1472 1423/1535/1472 1407/1525/1472
f 1405/1524/1472 1411/1536/1472 1407/1525/1472
f 1411/1536/1472 1424/1537/1472 1407/1525/1472
f 1413/1538/1472 1412/1539/1472 1407/1525/1472
f 1412/1539/1472 1406/1526/1472 1407/1525/1472
f 1417/1540/1472 1413/1538/1472 1407/1525/1472
f 1418/1541/1472 1414/1527/1472 1407/1525/1472
f 1419/1542/1472 1415/1530/1472 1407/1525/1472
f 1420/1543/1472 1416/1533/1472 1407/1525/1472
f 1421/1529/1472 1417/1540/1472 1407/1525/1472
f 1422/1532/1472 1418/1541/1472 1407/1525/1472
f 1423/1535/1472 1419/1542/1472 1407/1525/1472
f 1424/1537/1472 1420/1543/1472 1407/1525/1472
f 1420/1544/1472 1424/1545/1472 1425/1546/1472 1428/1547/1472
f 1424/1545/1472 1411/1548/1472 1426/1549/1472 1425/1546/1472
f 1425/1546/1472 1426/1549/1472 1454/1550/1475 1427/1551/1476
f 1428/1547/1472 1425/1546/1472 1427/1551/1476 1430/1552/1477
f 1429/1553/1472 1428/1547/1472 1430/1552/1477 1432/1554/1478
f 1416/1555/1472 1420/1544/1472 1428/1547/1472 1429/1553/1472
f 1431/1556/1479 1430/1552/1477 1427/1551/1476 1443/1557/1480
f 1434/1558/1481 1432/1554/1478 1430/1552/1477 1431/1556/1479
f 1435/1559/1482 1433/1560/1483 1432/1554/1478 1434/1558/1481
f 1631/1561/1472 1429/1553/1472 1432/1554/1478 1433/1560/1483
f 1437/1562/1484 1435/1559/1482 1434/1558/1481 1436/1563/1485
f 1436/1563/1485 1434/1558/1481 1431/1556/1479 1439/1564/1486
f 1438/1565/1487 1542/1566/1488 1437/1562/1484 1436/1563/1485
f 1440/1567/1489 1438/1565/1487 1436/1563/1485 1439/1564/1486
f 1444/1568/1490 1440/1567/1489 1439/1564/1486 1441/1569/1491
f 1439/1564/1486 1431/1556/1479 1443/1557/1480 1441/1569/1491
f 1441/1569/1491 1443/1557/1480 1453/1570/1492 1442/1571/1493
f 1446/1572/1494 1444/1568/1490 1441/1569/1491 1442/1571/1493
f 1447/1573/1495 1445/1574/1496 1444/1568/1490 1446/1572/1494
f 1445/1574/1496 1536/1575/1497 1440/1567/1489 1444/1568/1490
f 1449/1576/1498 1447/1573/1495 1446/1572/1494 1448/1577/1499
f 1448/1577/1499 1446/1572/1494 1442/1571/1493 1451/1578/1500
f 1455/1579/1501 1449/1576/1498 1448/1577/1499 1450/1510/1466
f 1450/1510/1466 1448/1577/1499 1451/1578/1500 1394/1511/1467
f 1451/1578/1500 1452/1519/1473 1396/1512/1468 1394/1511/1467
f 1442/1571/1493 1453/1570/1492 1452/1519/1473 1451/1578/1500
f 1453/1570/1492 1454/1550/1475 1401/1520/1474 1452/1519/1473
f 1443/1557/1480 1427/1551/1476 1454/1550/1475 1453/1570/1492
f 1426/1549/1472 1403/1521/1472 1401/1520/1474 1454/1550/1475
f 1386/1500/1456 1455/1579/1501 1450/1510/1466 1389/1503/1459
f 1456/1580/1502 1458/1581/1503 1449/1576/1498 1455/1579/1501
f 1383/1495/1451 1456/1580/1502 1455/1579/1501 1386/1500/1456
f 1457/1582/1504 1456/1580/1502 1383/1495/1451 1380/1494/1450
f 1460/1583/1505 1458/1581/1503 1456/1580/1502 1457/1582/1504
f 1458/1581/1503 1459/1584/1506 1447/1573/1495 1449/1576/1498
f 1461/1585/1507 1459/1584/1506 1458/1581/1503 1460/1583/1505
f 1463/1586/1508 1461/1585/1507 1460/1583/1505 1462/1587/1509
f 1462/1587/1509 1460/1583/1505 1457/1582/1504 1465/1588/1510
f 1464/1429/1389 1327/1430/1390 1463/1586/1508 1462/1587/1509
f 1466/1589/1511 1464/1429/1389 1462/1587/1509 1465/1588/1510
f 1468/1492/1448 1466/1589/1511 1465/1588/1510 1378/1493/1449
f 1465/1588/1510 1457/1582/1504 1380/1494/1450 1378/1493/1449
f 1466/1589/1511 1467/1423/1383 1323/1424/1384 1464/1429/1389
f 1468/1492/1448 1469/1590/1512 1467/1423/1383 1466/1589/1511
f 1377/1491/1447 1470/1591/1513 1469/1590/1512 1468/1492/1448
f 1470/1591/1513 1472/1592/1514 1471/1593/1515 1469/1590/1512
f 1469/1590/1512 1471/1593/1515 1322/1422/1382 1467/1423/1383
f 1313/1413/1373 1315/1415/1375 1322/1422/1382 1471/1593/1515
f 1310/1411/1371 1313/1413/1373 1471/1593/1515 1472/1592/1514
f 1474/1483/1439 1473/1594/1516 1472/1592/1514 1470/1591/1513
f 1475/1412/1372 1310/1411/1371 1472/1592/1514 1473/1594/1516
f 1370/1482/1438 1476/1595/1517 1473/1594/1516 1474/1483/1439
f 1478/1596/1518 1475/1412/1372 1473/1594/1516 1476/1595/1517
f 1476/1595/1517 1370/1482/1438 1368/1479/1435 1477/1597/1519
f 1480/1598/1520 1478/1596/1518 1476/1595/1517 1477/1597/1519
f 1481/1599/1521 1479/1600/1522 1478/1596/1518 1480/1598/1520
f 1479/1600/1522 1311/1409/1369 1475/1412/1372 1478/1596/1518
f 1483/1601/1523 1481/1599/1521 1480/1598/1520 1482/1602/1524
f 1482/1602/1524 1480/1598/1520 1477/1597/1519 1485/1469/1427
f 1486/1603/1525 1483/1601/1523 1482/1602/1524 1484/1604/1526
f 1484/1604/1526 1482/1602/1524 1485/1469/1427 1360/1468/1426
f 1361/1470/1428 1485/1469/1427 1477/1597/1519 1368/1479/1435
f 1488/1605/1527 1486/1606/1525 1484/1607/1526 1487/1608/1528
f 1487/1608/1528 1484/1607/1526 1360/1466/1426 1358/1463/1423
f 1490/1609/1529 1488/1605/1527 1487/1608/1528 1489/1610/1530
f 1489/1610/1530 1487/1608/1528 1358/1463/1423 1355/1460/1420
f 1492/1611/1531 1490/1609/1529 1489/1610/1530 1491/1612/1532
f 1491/1612/1532 1489/1610/1530 1355/1460/1420 1352/1457/1417
f 1494/1613/1533 1492/1611/1531 1491/1612/1532 1493/1614/1534
f 1493/1614/1534 1491/1612/1532 1352/1457/1417 1349/1454/1414
f 1496/1615/1535 1494/1613/1533 1493/1614/1534 1495/1616/1536
f 1495/1616/1536 1493/1614/1534 1349/1454/1414 1346/1451/1411
f 1498/1617/1537 1496/1615/1535 1495/1616/1536 1497/1618/1538
f 1497/1618/1538 1495/1616/1536 1346/1451/1411 1344/1450/1410
f 1500/1619/1539 1498/1617/1537 1497/1618/1538 1499/1620/1540
f 1499/1620/1540 1497/1618/1538 1344/1450/1410 1502/1438/1398
f 1503/1621/1541 1500/1619/1539 1499/1620/1540 1501/1622/1542
f 1501/1622/1542 1499/1620/1540 1502/1438/1398 1334/1437/1397
f 1505/1623/1543 1503/1621/1541 1501/1622/1542 1504/1624/1544
f 1504/1624/1544 1501/1622/1542 1334/1437/1397 1332/1434/1394
f 1507/1625/1545 1505/1623/1543 1504/1624/1544 1506/1428/1388
f 1506/1428/1388 1504/1624/1544 1332/1434/1394 1325/1426/1386
f 1318/1418/1378 1507/1625/1545 1506/1428/1388 1320/1419/1379
f 1186/1275/1241 1508/1278/1244 1505/1623/1543 1507/1625/1545
f 1184/1273/1239 1186/1275/1241 1507/1625/1545 1318/1418/1378
f 1508/1278/1244 1509/1626/1546 1503/1621/1541 1505/1623/1543
f 1187/1277/1243 1511/1627/1547 1509/1626/1546 1508/1278/1244
f 1511/1627/1547 1513/1628/1548 1510/1629/1549 1509/1626/1546
f 1509/1626/1546 1510/1629/1549 1500/1619/1539 1503/1621/1541
f 1512/1286/1252 1511/1627/1547 1187/1277/1243 1189/1279/1245
f 1515/1325/1291 1513/1628/1548 1511/1627/1547 1512/1286/1252
f 1230/1324/1290 1514/1630/1550 1513/1628/1548 1515/1325/1291
f 1513/1628/1548 1514/1630/1550 1516/1631/1551 1510/1629/1549
f 1231/1323/1289 1515/1325/1291 1512/1286/1252 1193/1285/1251
f 1233/1326/1292 1240/1335/1301 1514/1630/1550 1230/1324/1290
f 1514/1630/1550 1240/1335/1301 1517/1337/1303 1516/1631/1551
f 1516/1631/1551 1517/1337/1303 1496/1615/1535 1498/1617/1537
f 1510/1629/1549 1516/1631/1551 1498/1617/1537 1500/1619/1539
f 1517/1337/1303 1241/1336/1302 1494/1613/1533 1496/1615/1535
f 1241/1336/1302 1243/1338/1304 1492/1611/1531 1494/1613/1533
f 1243/1338/1304 1245/1340/1306 1490/1609/1529 1492/1611/1531
f 1245/1340/1306 1518/1343/1309 1488/1605/1527 1490/1609/1529
f 1518/1343/1309 1519/1632/1552 1486/1606/1525 1488/1605/1527
f 1246/1342/1308 1521/1633/1553 1519/1632/1552 1518/1343/1309
f 1521/1634/1553 1523/1635/1554 1520/1636/1555 1519/1637/1552
f 1519/1637/1552 1520/1636/1555 1483/1601/1523 1486/1603/1525
f 1522/1351/1317 1521/1633/1553 1246/1342/1308 1248/1344/1310
f 1525/1397/1357 1523/1635/1554 1521/1634/1553 1522/1638/1317
f 1295/1396/1356 1524/1639/1556 1523/1635/1554 1525/1397/1357
f 1523/1635/1554 1524/1639/1556 1527/1640/1557 1520/1636/1555
f 1296/1395/1355 1525/1397/1357 1522/1638/1317 1252/1641/1316
f 1298/1398/1358 1526/1403/1363 1524/1639/1556 1295/1396/1356
f 1524/1639/1556 1526/1403/1363 1528/1642/1558 1527/1640/1557
f 1527/1640/1557 1528/1642/1558 1479/1600/1522 1481/1599/1521
f 1520/1636/1555 1527/1640/1557 1481/1599/1521 1483/1601/1523
f 1528/1642/1558 1307/1407/1367 1311/1409/1369 1479/1600/1522
f 1526/1403/1363 1302/1401/1361 1307/1407/1367 1528/1642/1558
f 1371/1484/1440 1474/1483/1439 1470/1591/1513 1377/1491/1447
f 1529/1643/1559 1531/1644/1560 1461/1585/1507 1463/1586/1508
f 1327/1430/1390 1329/1431/1391 1529/1643/1559 1463/1586/1508
f 1329/1431/1391 1331/1433/1393 1530/1442/1402 1529/1643/1559
f 1530/1442/1402 1533/1645/1561 1531/1644/1560 1529/1643/1559
f 1531/1644/1560 1532/1646/1562 1459/1584/1506 1461/1585/1507
f 1533/1645/1561 1535/1647/1563 1532/1646/1562 1531/1644/1560
f 1534/1648/1564 1537/1649/1565 1535/1647/1563 1533/1645/1561
f 1337/1441/1401 1534/1648/1564 1533/1645/1561 1530/1442/1402
f 1532/1646/1562 1535/1647/1563 1536/1575/1497 1445/1574/1496
f 1535/1647/1563 1537/1649/1565 1539/1650/1566 1536/1575/1497
f 1623/1651/1567 1538/1652/1568 1537/1649/1565 1534/1648/1564
f 1537/1649/1565 1538/1652/1568 1540/1653/1569 1539/1650/1566
f 1539/1650/1566 1540/1653/1569 1542/1566/1488 1438/1565/1487
f 1536/1575/1497 1539/1650/1566 1438/1565/1487 1440/1567/1489
f 1538/1652/1568 1622/1654/1570 1541/1655/1571 1540/1653/1569
f 1540/1653/1569 1541/1655/1571 1543/1656/1572 1542/1566/1488
f 1542/1566/1488 1543/1656/1572 1545/1657/1573 1437/1562/1484
f 1543/1656/1572 1544/1658/1574 1546/1659/1575 1545/1657/1573
f 1541/1655/1571 1624/1660/1576 1544/1658/1574 1543/1656/1572
f 1546/1659/1575 1548/1661/1577 1547/1662/1578 1545/1657/1573
f 1545/1657/1573 1547/1662/1578 1435/1559/1482 1437/1562/1484
f 1548/1661/1577 1551/1663/1579 1549/1664/1580 1547/1662/1578
f 1547/1662/1578 1549/1664/1580 1433/1560/1483 1435/1559/1482
f 1550/1665/1472 1631/1561/1472 1433/1560/1483 1549/1664/1580
f 1553/1666/1472 1550/1665/1472 1549/1664/1580 1551/1663/1579
f 1562/1667/1581 1552/1668/1582 1551/1663/1579 1548/1661/1577
f 1554/1669/1472 1553/1666/1472 1551/1663/1579 1552/1668/1582
f 1415/1670/1472 1419/1671/1472 1553/1666/1472 1554/1669/1472
f 1419/1671/1472 1423/1672/1472 1550/1665/1472 1553/1666/1472
f 1555/1673/1472 1554/1669/1472 1552/1668/1582 1557/1674/1583
f 1409/1675/1472 1415/1670/1472 1554/1669/1472 1555/1673/1472
f 1556/1676/1472 1555/1673/1472 1557/1674/1583 1558/1677/1584
f 1422/1678/1472 1409/1675/1472 1555/1673/1472 1556/1676/1472
f 1560/1679/1585 1558/1677/1584 1557/1674/1583 1559/1680/1586
f 1559/1680/1586 1557/1674/1583 1552/1668/1582 1562/1667/1581
f 1571/1681/1587 1560/1679/1585 1559/1680/1586 1561/1682/1588
f 1561/1682/1588 1559/1680/1586 1562/1667/1581 1563/1683/1589
f 1563/1683/1589 1562/1667/1581 1548/1661/1577 1546/1659/1575
f 1544/1658/1574 1564/1684/1590 1563/1683/1589 1546/1659/1575
f 1564/1684/1590 1566/1685/1591 1561/1682/1588 1563/1683/1589
f 1624/1660/1576 1565/1686/1592 1564/1684/1590 1544/1658/1574
f 1565/1686/1592 1567/1687/1593 1566/1685/1591 1564/1684/1590
f 1567/1687/1593 1569/1688/1594 1568/1689/1595 1566/1685/1591
f 1566/1685/1591 1568/1689/1595 1571/1681/1587 1561/1682/1588
f 1569/1688/1594 1626/1690/1596 1570/1691/1597 1568/1689/1595
f 1568/1689/1595 1570/1691/1597 1572/1692/1598 1571/1681/1587
f 1572/1692/1598 1574/1693/1599 1560/1679/1585 1571/1681/1587
f 1570/1691/1597 1597/1694/1600 1573/1695/1601 1572/1692/1598
f 1573/1695/1601 1576/1696/1602 1574/1693/1599 1572/1692/1598
f 1574/1693/1599 1575/1697/1603 1558/1677/1584 1560/1679/1585
f 1576/1696/1602 1578/1698/1604 1575/1697/1603 1574/1693/1599
f 1577/1699/1605 1579/1700/1606 1578/1701/1604 1576/1702/1602
f 1595/1703/1607 1577/1699/1605 1576/1702/1602 1573/1704/1601
f 1581/1705/1472 1580/1706/1472 1578/1701/1604 1579/1700/1606
f 1580/1707/1472 1582/1708/1472 1575/1697/1603 1578/1698/1604
f 1408/1709/1472 1414/1706/1472 1580/1706/1472 1581/1705/1472
f 1414/1707/1472 1418/1710/1472 1582/1708/1472 1580/1707/1472
f 1418/1710/1472 1422/1678/1472 1556/1676/1472 1582/1708/1472
f 1582/1708/1472 1556/1676/1472 1558/1677/1584 1575/1697/1603
f 1583/1711/1472 1581/1705/1472 1579/1700/1606 1584/1712/1608
f 1421/1713/1472 1408/1709/1472 1581/1705/1472 1583/1711/1472
f 1585/1714/1472 1583/1711/1472 1584/1712/1608 1587/1715/1609
f 1417/1716/1472 1421/1713/1472 1583/1711/1472 1585/1714/1472
f 1413/1717/1472 1417/1716/1472 1585/1714/1472 1586/1718/1472
f 1586/1718/1472 1585/1714/1472 1587/1715/1609 1589/1719/1610
f 1588/1720/1611 1587/1715/1609 1584/1712/1608 1592/1721/1612
f 1587/1715/1609 1588/1720/1611 1590/1507/1463 1589/1719/1610
f 1589/1719/1610 1590/1507/1463 1391/1508/1464 1399/1515/1471
f 1630/1517/1472 1586/1718/1472 1589/1719/1610 1399/1515/1471
f 1588/1720/1611 1591/1722/1613 1392/1505/1461 1590/1507/1463
f 1591/1722/1613 1588/1720/1611 1592/1721/1612 1593/1723/1614
f 1593/1723/1614 1592/1721/1612 1577/1699/1605 1595/1703/1607
f 1592/1721/1612 1584/1712/1608 1579/1700/1606 1577/1699/1605
f 1594/1724/1615 1629/1725/1616 1591/1722/1613 1593/1723/1614
f 1596/1726/1617 1594/1724/1615 1593/1723/1614 1595/1703/1607
f 1597/1727/1600 1596/1726/1617 1595/1703/1607 1573/1704/1601
f 1598/1728/1618 1599/1729/1619 1594/1724/1615 1596/1726/1617
f 1600/1730/1620 1598/1728/1618 1596/1726/1617 1597/1727/1600
f 1601/1731/1621 1603/1732/1622 1599/1729/1619 1598/1728/1618
f 1602/1733/1623 1601/1731/1621 1598/1728/1618 1600/1730/1620
f 1604/1734/1624 1601/1731/1621 1602/1733/1623 1606/1735/1625
f 1605/1488/1444 1603/1732/1622 1601/1731/1621 1604/1734/1624
f 1367/1478/1434 1605/1488/1444 1604/1734/1624 1365/1475/1432
f 1365/1475/1432 1604/1734/1624 1606/1735/1625 1363/1476/1430
f 1363/1473/1430 1606/1736/1625 1607/1737/1626 1608/1474/1431
f 1606/1736/1625 1602/1738/1623 1609/1739/1627 1607/1737/1626
f 1608/1474/1431 1607/1737/1626 1610/1740/1628 1613/1741/1629
f 1607/1737/1626 1609/1739/1627 1611/1742/1630 1610/1740/1628
f 1610/1740/1628 1611/1742/1630 1625/1743/1631 1612/1744/1632
f 1613/1741/1629 1610/1740/1628 1612/1744/1632 1614/1745/1633
f 1351/1456/1416 1354/1459/1419 1613/1741/1629 1614/1745/1633
f 1354/1459/1419 1357/1462/1422 1608/1474/1431 1613/1741/1629
f 1614/1745/1633 1612/1744/1632 1617/1746/1634 1615/1747/1635
f 1348/1453/1413 1351/1456/1416 1614/1745/1633 1615/1747/1635
f 1342/1447/1407 1348/1453/1413 1615/1747/1635 1616/1448/1408
f 1615/1747/1635 1617/1746/1634 1619/1748/1636 1616/1448/1408
f 1612/1744/1632 1625/1743/1631 1618/1749/1637 1617/1746/1634
f 1617/1746/1634 1618/1749/1637 1620/1750/1638 1619/1748/1636
f 1616/1448/1408 1619/1748/1636 1621/1751/1639 1341/1445/1405
f 1619/1748/1636 1620/1750/1638 1622/1654/1570 1621/1751/1639
f 1341/1445/1405 1621/1751/1639 1623/1651/1567 1339/1443/1403
f 1621/1751/1639 1622/1654/1570 1538/1652/1568 1623/1651/1567
f 1339/1443/1403 1623/1651/1567 1534/1648/1564 1337/1441/1401
f 1622/1654/1570 1620/1750/1638 1624/1660/1576 1541/1655/1571
f 1620/1750/1638 1618/1749/1637 1565/1686/1592 1624/1660/1576
f 1618/1749/1637 1625/1743/1631 1567/1687/1593 1565/1686/1592
f 1625/1743/1631 1611/1742/1630 1569/1688/1594 1567/1687/1593
f 1611/1742/1630 1609/1739/1627 1626/1690/1596 1569/1688/1594
f 1609/1739/1627 1602/1738/1623 1600/1752/1620 1626/1690/1596
f 1626/1690/1596 1600/1752/1620 1597/1694/1600 1570/1691/1597
f 1373/1486/1442 1627/1753/1640 1603/1732/1622 1605/1488/1444
f 1603/1732/1622 1627/1753/1640 1628/1754/1641 1599/1729/1619
f 1627/1753/1640 1373/1486/1442 1375/1487/1443 1382/1497/1453
f 1627/1753/1640 1382/1497/1453 1385/1499/1455 1628/1754/1641
f 1599/1729/1619 1628/1754/1641 1629/1725/1616 1594/1724/1615
f 1628/1754/1641 1385/1499/1455 1388/1502/1458 1629/1725/1616
f 1629/1725/1616 1388/1502/1458 1392/1505/1461 1591/1722/1613
f 1412/1755/1472 1413/1717/1472 1586/1718/1472 1630/1517/1472
f 1406/1522/1472 1412/1755/1472 1630/1517/1472 1398/1516/1472
f 1423/1672/1472 1410/1756/1472 1631/1561/1472 1550/1665/1472
f 1410/1756/1472 1416/1555/1472 1429/1553/1472 1631/1561/1472
f 1459/1584/1506 1532/1646/1562 1445/1574/1496 1447/1573/1495
f 1411/1548/1472 1405/1521/1472 1403/1521/1472 1426/1549/1472
f 1174/1261/1227 1181/1270/1236 1305/1404/1364 1171/1259/1225
f 1293/1391/1351 1291/1390/1350 1164/1248/1214 1300/1250/1216
f 1289/1387/1348 1296/1395/1355 1252/1641/1316 1254/1388/1315
f 1632/1392/1352 1161/1246/1212 1164/1248/1214 1291/1390/1350
f 1633/1757/1642 1159/1243/1209 1161/1246/1212 1632/1392/1352
f 1634/1386/1347 1633/1757/1642 1632/1392/1352 1287/1384/1345
f 1636/1758/1643 1635/1759/1644 1633/1757/1642 1634/1386/1347
f 1635/1759/1644 1156/1240/1206 1159/1243/1209 1633/1757/1642
f 1148/1234/7 1150/1236/8 1156/1240/1206 1635/1759/1644
f 1146/1232/435 1148/1234/7 1635/1759/1644 1636/1758/1643
f 1637/1377/1341 1636/1758/1643 1634/1386/1347 1284/1378/1342
f 1638/1233/1202 1146/1232/435 1636/1758/1643 1637/1377/1341
f 1639/1760/433 1638/1233/1202 1637/1377/1341 1283/1376/1340
f 1130/1230/1191 1143/1229/1200 1638/1233/1202 1639/1760/433
f 1129/1214/436 1639/1217/433 1283/1375/1340 1281/1373/1338
f 1127/1212/440 1129/1214/436 1281/1373/1338 1277/1370/1335
f 1640/1192/1171 1124/1209/1188 1275/1211/452 1270/1368/460
f 1108/1191/1170 1118/1202/1181 1124/1209/1188 1640/1192/1171
f 1224/1316/1282 1231/1323/1289 1193/1285/1251 1195/1284/1250
f 1099/1181/474 1101/1182/471 1218/1308/1274 1216/1306/1272
f 1641/1159/475 1099/1181/474 1216/1306/1272 1212/1303/1269
f 122/139/148 151/170/179 132/147/156 125/140/149
