# Blender 4.4.1
# www.blender.org
mtllib Knight.mtl
o chessKitExport.004
v 0.204445 0.463910 0.128875
v 0.213522 0.516234 0.128875
v 0.204445 0.463910 -0.128878
v -0.061205 0.463910 0.128875
v -0.065743 0.516234 0.128875
v -0.238305 0.463910 0.128875
v -0.061205 0.463910 -0.128878
v -0.238305 0.463910 -0.128878
v -0.065743 0.516234 -0.128878
v 0.213522 0.516234 -0.128878
v -0.251920 0.516234 -0.128878
v -0.066651 0.533004 -0.128878
v -0.260997 0.533004 -0.128878
v -0.066651 0.549774 -0.128878
v 0.224868 0.533004 -0.128878
v 0.224868 0.533004 0.128875
v 0.235079 0.549774 -0.128878
v 0.235079 0.549774 0.128875
v 0.246424 0.566544 -0.128878
v 0.246424 0.566544 0.128875
v 0.255501 0.583314 -0.128878
v -0.069601 0.566544 -0.128878
v -0.280284 0.566544 -0.128878
v -0.074820 0.583314 -0.128878
v -0.079812 0.600084 -0.128878
v -0.295033 0.583314 -0.128878
v -0.295033 0.583314 0.128875
v -0.310917 0.600084 -0.128878
v -0.310917 0.600084 0.128875
v -0.332474 0.616853 -0.128878
v -0.088661 0.616853 -0.128878
v -0.332474 0.616853 0.128875
v -0.356299 0.633623 -0.128878
v -0.098872 0.633623 -0.128878
v -0.356299 0.633623 0.128875
v -0.382394 0.650393 -0.128878
v -0.109537 0.650393 -0.128878
v -0.382394 0.650393 0.128875
v -0.440257 0.664571 -0.128878
v -0.139716 0.665608 -0.128878
v -0.440257 0.664571 0.128875
v -0.466309 0.682636 -0.128878
v -0.151281 0.682636 -0.128878
v -0.466309 0.682636 0.128875
v -0.466309 0.699406 -0.128878
v -0.147650 0.699406 -0.128878
v -0.466309 0.699406 0.128875
v -0.466222 0.716176 -0.128878
v -0.145329 0.716176 -0.128878
v -0.466222 0.716176 0.128875
v -0.465327 0.732946 -0.128878
v -0.147378 0.732946 -0.128878
v -0.465327 0.732946 0.128875
v -0.464980 0.749716 -0.128878
v -0.160654 0.749716 -0.128878
v -0.464980 0.749716 0.128875
v -0.464284 0.766486 -0.128878
v -0.172928 0.766486 -0.128878
v -0.464284 0.766486 0.128875
v -0.463966 0.783256 -0.128878
v -0.182652 0.783256 -0.128878
v -0.463966 0.783256 0.128875
v -0.463537 0.800026 -0.128878
v -0.192707 0.800026 -0.128878
v -0.463537 0.800026 0.128875
v -0.463095 0.816795 -0.128878
v -0.199562 0.816796 -0.128878
v -0.463095 0.816795 0.128875
v -0.462281 0.833565 -0.128878
v -0.206612 0.833565 -0.128878
v -0.462281 0.833565 0.128875
v -0.462281 0.850335 -0.128878
v -0.213314 0.850335 -0.128878
v -0.462281 0.850335 0.128875
v -0.461732 0.867105 -0.128878
v -0.220524 0.867105 -0.128878
v -0.461732 0.867105 0.128875
v -0.461002 0.883875 -0.128878
v -0.226369 0.883875 -0.128878
v -0.461002 0.883875 0.128875
v -0.460340 0.900645 -0.128878
v -0.232673 0.900645 -0.128878
v -0.460340 0.900645 0.128875
v -0.459448 0.917415 -0.128878
v -0.238002 0.917415 -0.128878
v -0.459448 0.917415 0.128875
v -0.458345 0.934184 -0.128878
v -0.243204 0.934184 -0.128878
v -0.458345 0.934184 0.128875
v -0.457688 0.950955 -0.128878
v -0.248326 0.950955 -0.128878
v -0.457688 0.950955 0.128875
v -0.456364 0.967724 -0.128878
v -0.253574 0.967724 -0.128878
v -0.456364 0.967724 0.128875
v -0.455077 0.984494 -0.128878
v -0.257530 0.984494 -0.128878
v -0.455077 0.984494 0.128875
v -0.453709 1.001264 -0.128878
v -0.262225 1.001264 -0.128878
v -0.453709 1.001264 0.128875
v -0.452099 1.018034 -0.128878
v -0.265463 1.018034 -0.128878
v -0.452099 1.018034 0.128875
v -0.450007 1.034804 -0.128878
v -0.268148 1.034804 -0.128878
v -0.450007 1.034804 0.128875
v -0.448076 1.051574 -0.128878
v -0.270667 1.051574 -0.128878
v -0.448076 1.051574 0.128875
v -0.445743 1.068344 -0.128878
v -0.271631 1.068344 -0.128878
v -0.445743 1.068344 0.128875
v -0.443088 1.085113 -0.128878
v -0.272139 1.085114 -0.128878
v -0.443088 1.085113 0.128875
v -0.440432 1.101883 -0.128878
v -0.271072 1.101883 -0.128878
v -0.440432 1.101883 0.128875
v -0.436845 1.118653 -0.128878
v -0.268304 1.118653 -0.128878
v -0.436845 1.118653 0.128875
v -0.435147 1.127986 -0.128878
v -0.264663 1.127986 -0.128878
v -0.435147 1.127986 0.128875
v -0.432299 1.144756 -0.128878
v -0.262954 1.144756 -0.128878
v -0.432299 1.144756 0.128875
v -0.427952 1.161525 -0.128878
v -0.260346 1.161525 -0.128878
v -0.427952 1.161525 0.128875
v -0.425171 1.178295 -0.128878
v -0.258677 1.178295 -0.128878
v -0.425171 1.178295 0.128875
v -0.421635 1.195065 -0.128878
v -0.256555 1.195065 -0.128878
v -0.421635 1.195065 0.128875
v -0.418339 1.211835 -0.128878
v -0.254578 1.211835 -0.128878
v -0.418339 1.211835 0.128875
v -0.415397 1.228605 -0.128878
v -0.252813 1.228605 -0.128878
v -0.415397 1.228605 0.128875
v -0.412123 1.245375 -0.128878
v -0.250848 1.245375 -0.128878
v -0.412123 1.245375 0.128875
v -0.408848 1.262145 -0.128878
v -0.248883 1.262145 -0.128878
v -0.408848 1.262145 0.128875
v -0.405574 1.278914 -0.128878
v -0.246919 1.278914 -0.128878
v -0.405574 1.278914 0.128875
v -0.400663 1.295684 -0.128878
v -0.243972 1.295684 -0.128878
v -0.400663 1.295684 0.128875
v -0.396181 1.312454 -0.128878
v -0.241283 1.312454 -0.128878
v -0.396181 1.312454 0.128875
v -0.391700 1.329224 -0.128878
v -0.238595 1.329224 -0.128878
v -0.391700 1.329224 0.128875
v -0.383634 1.345994 -0.128878
v -0.233755 1.345994 -0.128878
v -0.383634 1.345994 0.128875
v -0.375568 1.362764 -0.128878
v -0.228915 1.362764 -0.128878
v -0.375568 1.362764 0.128875
v -0.365709 1.379534 -0.128878
v -0.223000 1.379534 -0.128878
v -0.365709 1.379534 0.128875
v -0.361228 1.396304 -0.128878
v -0.220311 1.396304 -0.128878
v -0.361228 1.396304 0.128875
v -0.350473 1.413074 -0.128878
v -0.213858 1.413074 -0.128878
v -0.350473 1.413074 0.128875
v -0.338822 1.429844 -0.128878
v -0.206868 1.429844 -0.128878
v -0.338822 1.429844 0.128875
v -0.328964 1.446613 -0.128878
v -0.200953 1.446613 -0.128878
v -0.328964 1.446613 0.128875
v -0.319105 1.463384 -0.128878
v -0.195037 1.463384 -0.128878
v -0.319105 1.463384 0.128875
v -0.306558 1.480154 -0.128878
v -0.187509 1.480154 -0.128878
v -0.306558 1.480154 0.128875
v -0.294907 1.496923 -0.128878
v -0.180519 1.496923 -0.128878
v -0.294907 1.496923 0.128875
v -0.280416 1.513693 -0.128878
v -0.171824 1.513693 -0.128878
v -0.280416 1.513693 0.128875
v -0.262705 1.530463 -0.128878
v -0.161198 1.530463 -0.128878
v -0.262705 1.530463 0.128875
v -0.253766 1.537866 -0.128878
v -0.155834 1.537866 -0.128878
v -0.253766 1.537866 0.128875
v -0.250401 1.539543 -0.128878
v -0.175652 1.539543 -0.128878
v -0.250401 1.539543 0.128875
v -0.246189 1.541220 -0.128878
v -0.186064 1.541220 -0.128878
v -0.246189 1.541220 0.128875
v -0.240223 1.542897 -0.128878
v -0.197295 1.542897 -0.128878
v -0.240223 1.542897 0.128875
v -0.232888 1.545095 -0.128878
v -0.215240 1.545095 -0.128878
v -0.232888 1.545095 0.128875
v -0.215240 1.545095 0.128875
v -0.197295 1.542897 0.128875
v -0.186064 1.541220 0.128875
v -0.175652 1.539543 0.128875
v -0.155834 1.537866 0.128875
v -0.008936 1.537866 0.128875
v -0.161198 1.530463 0.128875
v -0.117383 1.546251 0.128875
v -0.008936 1.546251 0.128875
v -0.117383 1.546251 -0.128878
v -0.102378 1.554636 0.128875
v -0.008936 1.554636 0.128875
v -0.102378 1.554636 -0.128878
v -0.089717 1.563021 0.128875
v -0.008936 1.563021 0.128875
v -0.089717 1.563021 -0.128878
v -0.070023 1.579791 0.128875
v -0.008936 1.579791 0.128875
v -0.070023 1.579791 -0.128878
v -0.054155 1.596561 0.128875
v -0.008936 1.596561 0.128875
v -0.054155 1.596561 -0.128878
v -0.041893 1.613331 0.128875
v -0.008936 1.613331 0.128875
v -0.041893 1.613331 -0.128878
v -0.032454 1.630101 0.128875
v -0.008936 1.630101 0.128875
v -0.032454 1.630101 -0.128878
v -0.024903 1.646871 0.128875
v -0.008936 1.646871 0.128875
v -0.024903 1.646871 -0.128878
v -0.011354 1.663641 0.128875
v 0.004613 1.663641 0.128875
v -0.011354 1.663641 -0.128878
v 0.001495 1.680411 0.128875
v 0.017462 1.680411 0.128875
v 0.001495 1.680411 -0.128878
v 0.020417 1.697181 0.128875
v 0.036384 1.697181 0.128875
v 0.020417 1.697181 -0.128878
v 0.033032 1.705566 0.128875
v 0.048999 1.705566 0.128875
v 0.033032 1.705566 -0.128878
v 0.038872 1.708920 0.128875
v 0.054839 1.708920 0.128875
v 0.038872 1.708920 -0.128878
v 0.045179 1.712274 0.128875
v 0.061146 1.712274 0.128875
v 0.045179 1.712274 -0.128878
v 0.052196 1.715628 0.128875
v 0.068163 1.715628 0.128875
v 0.052196 1.715628 -0.128878
v 0.061274 1.718982 0.128875
v 0.068629 1.718982 0.128875
v 0.061274 1.718982 -0.128878
v 0.065977 1.720659 0.128875
v 0.068629 1.720659 0.128875
v 0.065977 1.720659 -0.128878
v 0.068629 1.720659 -0.128878
v 0.070537 1.720659 -0.128878
v 0.068629 1.718982 -0.128878
v 0.074227 1.718982 -0.128878
v 0.068163 1.715628 -0.128878
v 0.078320 1.715628 -0.128878
v 0.061146 1.712274 -0.128878
v 0.079928 1.712274 -0.128878
v 0.054839 1.708920 -0.128878
v 0.080805 1.708920 -0.128878
v 0.048999 1.705566 -0.128878
v 0.080104 1.705566 -0.128878
v 0.036384 1.697181 -0.128878
v 0.077067 1.697181 -0.128878
v 0.017462 1.680411 -0.128878
v 0.076600 1.680411 -0.128878
v 0.004613 1.663641 -0.128878
v 0.078702 1.663641 -0.128878
v -0.008936 1.646871 -0.128878
v 0.081973 1.646871 -0.128878
v -0.008936 1.630101 -0.128878
v 0.084332 1.630101 -0.128878
v -0.008936 1.613331 -0.128878
v 0.087164 1.613331 -0.128878
v -0.008936 1.596561 -0.128878
v 0.087164 1.596561 -0.128878
v -0.008936 1.579791 -0.128878
v 0.087164 1.579791 -0.128878
v -0.008936 1.563021 -0.128878
v 0.087164 1.563021 -0.128878
v -0.008936 1.554636 -0.128878
v 0.087164 1.554636 -0.128878
v -0.008936 1.546251 -0.128878
v 0.087164 1.546251 -0.128878
v -0.008936 1.537866 -0.128878
v -0.008936 1.530463 -0.128878
v 0.087164 1.537866 -0.128878
v 0.087164 1.530463 -0.128878
v 0.121822 1.537866 -0.128878
v 0.121822 1.537866 0.128875
v 0.132434 1.530463 -0.128878
v 0.111975 1.546251 -0.128878
v 0.111975 1.546251 0.128875
v 0.101659 1.554636 -0.128878
v 0.101659 1.554636 0.128875
v 0.093687 1.563021 -0.128878
v 0.093687 1.563021 0.128875
v 0.093218 1.579791 -0.128878
v 0.093218 1.579791 0.128875
v 0.092858 1.596561 -0.128878
v 0.092858 1.596561 0.128875
v 0.090694 1.613331 -0.128878
v 0.090694 1.613331 0.128875
v 0.087862 1.630101 -0.128878
v 0.087862 1.630101 0.128875
v 0.085503 1.646871 -0.128878
v 0.085503 1.646871 0.128875
v 0.082232 1.663641 -0.128878
v 0.082232 1.663641 0.128875
v 0.080130 1.680411 -0.128878
v 0.080130 1.680411 0.128875
v 0.080597 1.697181 -0.128878
v 0.080597 1.697181 0.128875
v 0.083634 1.705566 -0.128878
v 0.083634 1.705566 0.128875
v 0.084335 1.708920 -0.128878
v 0.084335 1.708920 0.128875
v 0.083458 1.712274 -0.128878
v 0.083458 1.712274 0.128875
v 0.081850 1.715628 -0.128878
v 0.081850 1.715628 0.128875
v 0.077757 1.718982 -0.128878
v 0.077757 1.718982 0.128875
v 0.074066 1.720659 -0.128878
v 0.074066 1.720659 0.128875
v 0.070537 1.720659 0.128875
v 0.074227 1.718982 0.128875
v 0.078320 1.715628 0.128875
v 0.079928 1.712274 0.128875
v 0.080805 1.708920 0.128875
v 0.080104 1.705566 0.128875
v 0.077067 1.697181 0.128875
v 0.076600 1.680411 0.128875
v 0.078702 1.663641 0.128875
v 0.081973 1.646871 0.128875
v 0.084332 1.630101 0.128875
v 0.087164 1.613331 0.128875
v 0.087164 1.596561 0.128875
v 0.087164 1.579791 0.128875
v 0.087164 1.563021 0.128875
v 0.087164 1.554636 0.128875
v 0.087164 1.546251 0.128875
v 0.087164 1.537866 0.128875
v 0.087164 1.530463 0.128875
v -0.008936 1.530463 0.128875
v 0.087164 1.513693 0.128875
v 0.132434 1.530463 0.128875
v 0.154975 1.513693 0.128875
v 0.181541 1.496923 0.128875
v 0.154975 1.513693 -0.128878
v 0.087164 1.513693 -0.128878
v 0.181541 1.496923 -0.128878
v 0.087164 1.496923 -0.128878
v 0.203947 1.480154 -0.128878
v 0.087164 1.480154 -0.128878
v 0.203947 1.480154 0.128875
v 0.226353 1.463384 -0.128878
v 0.087164 1.463384 -0.128878
v 0.226353 1.463384 0.128875
v 0.252344 1.446613 -0.128878
v 0.087164 1.446613 -0.128878
v 0.252344 1.446613 0.128875
v 0.273854 1.429844 -0.128878
v 0.087164 1.429844 -0.128878
v 0.273854 1.429844 0.128875
v 0.297156 1.413074 -0.128878
v 0.087164 1.413074 -0.128878
v 0.297156 1.413074 0.128875
v 0.317769 1.396304 -0.128878
v 0.087164 1.396304 -0.128878
v 0.317769 1.396304 0.128875
v 0.341071 1.379534 -0.128878
v 0.087164 1.379534 -0.128878
v 0.341071 1.379534 0.128875
v 0.359892 1.362764 -0.128878
v 0.087164 1.362764 -0.128878
v 0.359892 1.362764 0.128875
v 0.380506 1.345994 -0.128878
v 0.087164 1.345994 -0.128878
v 0.380506 1.345994 0.128875
v 0.399326 1.329224 -0.128878
v 0.087164 1.329224 -0.128878
v 0.399326 1.329224 0.128875
v 0.417251 1.312454 -0.128878
v 0.087164 1.312454 -0.128878
v 0.417251 1.312454 0.128875
v 0.432487 1.295684 -0.128878
v 0.087164 1.295684 -0.128878
v 0.432487 1.295684 0.128875
v 0.450496 1.278914 -0.128878
v 0.087164 1.278914 -0.128878
v 0.450496 1.278914 0.128875
v 0.466049 1.262145 -0.128878
v 0.087164 1.262145 -0.128878
v 0.466049 1.262145 0.128875
v 0.478327 1.245375 -0.128878
v 0.087164 1.245375 -0.128878
v 0.478327 1.245375 0.128875
v 0.491425 1.228605 -0.128878
v 0.087164 1.228605 -0.128878
v 0.491425 1.228605 0.128875
v 0.504663 1.211835 -0.128878
v 0.087164 1.211835 -0.128878
v 0.504663 1.211835 0.128875
v 0.515210 1.195065 -0.128878
v 0.087164 1.195065 -0.128878
v 0.515210 1.195065 0.128875
v 0.520772 1.178295 -0.128878
v 0.087164 1.178295 -0.128878
v 0.520772 1.178295 0.128875
v 0.524247 1.161525 -0.128878
v 0.529378 1.144756 -0.128878
v 0.087164 1.161526 -0.128878
v 0.524247 1.161525 0.128875
v 0.529378 1.144756 0.128875
v 0.087164 1.161526 0.128875
v -0.008936 1.161525 0.128875
v 0.087164 1.144756 0.128875
v 0.087164 1.178295 0.128875
v -0.008936 1.178295 0.128875
v 0.087164 1.195065 0.128875
v -0.008936 1.195065 0.128875
v 0.087164 1.211835 0.128875
v -0.008936 1.211835 0.128875
v 0.087164 1.228605 0.128875
v -0.008936 1.228605 0.128875
v 0.087164 1.245375 0.128875
v -0.008936 1.245375 0.128875
v 0.087164 1.262145 0.128875
v -0.008936 1.262145 0.128875
v 0.087164 1.278914 0.128875
v -0.008936 1.278914 0.128875
v 0.087164 1.295684 0.128875
v -0.008936 1.295684 0.128875
v 0.087164 1.312454 0.128875
v -0.008936 1.312454 0.128875
v 0.087164 1.329224 0.128875
v -0.008936 1.329224 0.128875
v 0.087164 1.345994 0.128875
v -0.008936 1.345994 0.128875
v 0.087164 1.362764 0.128875
v -0.008936 1.362764 0.128875
v 0.087164 1.379534 0.128875
v -0.008936 1.379534 0.128875
v 0.087164 1.396304 0.128875
v -0.008936 1.396304 0.128875
v 0.087164 1.413074 0.128875
v -0.008936 1.413074 0.128875
v 0.087164 1.429844 0.128875
v -0.008936 1.429844 0.128875
v 0.087164 1.446613 0.128875
v -0.008936 1.446613 0.128875
v 0.087164 1.463384 0.128875
v -0.008936 1.463384 0.128875
v 0.087164 1.480154 0.128875
v -0.008936 1.480154 0.128875
v 0.087164 1.496923 0.128875
v -0.008936 1.496923 0.128875
v -0.008936 1.513693 0.128875
v -0.180519 1.496923 0.128875
v -0.187509 1.480154 0.128875
v -0.171824 1.513693 0.128875
v -0.195037 1.463384 0.128875
v -0.200953 1.446613 0.128875
v -0.206868 1.429844 0.128875
v -0.213858 1.413074 0.128875
v -0.220311 1.396304 0.128875
v -0.223000 1.379534 0.128875
v -0.228915 1.362764 0.128875
v -0.233755 1.345994 0.128875
v -0.238595 1.329224 0.128875
v -0.241283 1.312454 0.128875
v -0.243972 1.295684 0.128875
v -0.246919 1.278914 0.128875
v -0.248883 1.262145 0.128875
v -0.250848 1.245375 0.128875
v -0.252813 1.228605 0.128875
v -0.254578 1.211835 0.128875
v -0.256555 1.195065 0.128875
v -0.258677 1.178295 0.128875
v -0.260346 1.161525 0.128875
v -0.262954 1.144756 0.128875
v -0.008936 1.144756 0.128875
v -0.264663 1.127986 0.128875
v -0.268304 1.118653 0.128875
v -0.008936 1.127986 0.128875
v -0.015493 1.118653 0.128875
v -0.008936 1.127986 -0.128878
v -0.000730 1.124632 0.128875
v 0.153852 1.128189 0.128875
v 0.159398 1.124632 0.128875
v 0.533691 1.128662 0.128875
v 0.533691 1.128662 -0.128878
v 0.533029 1.124632 0.128875
v 0.533029 1.124632 -0.128878
v 0.529751 1.107862 0.128875
v 0.529751 1.107862 -0.128878
v 0.169338 1.107862 0.128875
v 0.527326 1.091092 0.128875
v 0.527326 1.091092 -0.128878
v 0.176874 1.091092 0.128875
v 0.524533 1.074322 0.128875
v 0.524533 1.074322 -0.128878
v 0.186371 1.074322 0.128875
v 0.514564 1.057552 0.128875
v 0.514564 1.057552 -0.128878
v 0.197669 1.057552 0.128875
v 0.504900 1.040782 0.128875
v 0.504900 1.040782 -0.128878
v 0.219981 1.040782 0.128875
v 0.503436 1.037428 0.128875
v 0.219981 1.037646 0.128875
v 0.503436 1.037428 -0.128878
v 0.502107 1.035751 0.128875
v 0.259466 1.035969 0.128875
v 0.502107 1.035751 -0.128878
v 0.500172 1.032398 0.128875
v 0.269366 1.032615 0.128875
v 0.500172 1.032398 -0.128878
v 0.498383 1.029043 0.128875
v 0.275812 1.029261 0.128875
v 0.498383 1.029043 -0.128878
v 0.482349 1.012274 0.128875
v 0.304300 1.012491 0.128875
v 0.482349 1.012274 -0.128878
v 0.465333 0.995504 0.128875
v 0.326785 0.995721 0.128875
v 0.465333 0.995504 -0.128878
v 0.442562 0.978734 0.128875
v 0.344265 0.978951 0.128875
v 0.442562 0.978734 -0.128878
v 0.412033 0.961964 0.128875
v 0.362488 0.962181 0.128875
v 0.412033 0.961964 -0.128878
v 0.399506 0.957359 0.128875
v 0.379059 0.956146 0.128875
v 0.399506 0.957359 -0.128878
v 0.379059 0.956146 -0.128878
v 0.362488 0.962181 -0.128878
v 0.344265 0.978951 -0.128878
v 0.326785 0.995721 -0.128878
v 0.304300 1.012491 -0.128878
v 0.275812 1.029261 -0.128878
v 0.269366 1.032615 -0.128878
v 0.259466 1.035969 -0.128878
v 0.219981 1.037646 -0.128878
v 0.219981 1.040782 -0.128878
v 0.107540 1.037428 -0.128878
v 0.211073 1.035969 -0.128878
v 0.113977 1.035751 -0.128878
v 0.211073 1.035969 0.128875
v 0.194937 1.034292 -0.128878
v 0.122336 1.034074 -0.128878
v 0.194937 1.034292 0.128875
v 0.179949 1.032615 -0.128878
v 0.132334 1.032398 -0.128878
v 0.179949 1.032615 0.128875
v 0.157099 1.030938 -0.128878
v 0.150772 1.030721 -0.128878
v 0.157099 1.030938 0.128875
v 0.150772 1.030721 0.128875
v 0.132334 1.032398 0.128875
v 0.122336 1.034074 0.128875
v 0.113977 1.035751 0.128875
v 0.107540 1.037428 0.128875
v 0.098411 1.040782 0.128875
v 0.061857 1.057552 0.128875
v 0.098411 1.040782 -0.128878
v 0.061857 1.057552 -0.128878
v 0.197669 1.057552 -0.128878
v 0.041444 1.074322 -0.128878
v 0.026681 1.091092 -0.128878
v 0.041444 1.074322 0.128875
v 0.186371 1.074322 -0.128878
v 0.176874 1.091092 -0.128878
v 0.169338 1.107862 -0.128878
v 0.159398 1.124632 -0.128878
v 0.014875 1.107862 -0.128878
v -0.000730 1.124632 -0.128878
v 0.014875 1.107862 0.128875
v 0.026681 1.091092 0.128875
v 0.153852 1.128189 -0.128878
v 0.087164 1.144756 -0.128878
v -0.008936 1.144756 -0.128878
v -0.008936 1.161525 -0.128878
v -0.008936 1.178295 -0.128878
v -0.008936 1.195065 -0.128878
v -0.008936 1.211835 -0.128878
v -0.008936 1.228605 -0.128878
v -0.008936 1.245375 -0.128878
v -0.008936 1.262145 -0.128878
v -0.008936 1.278914 -0.128878
v -0.008936 1.295684 -0.128878
v -0.008936 1.312454 -0.128878
v -0.008936 1.329224 -0.128878
v -0.008936 1.345994 -0.128878
v -0.008936 1.362764 -0.128878
v -0.008936 1.379534 -0.128878
v -0.008936 1.396304 -0.128878
v -0.008936 1.413074 -0.128878
v -0.008936 1.429844 -0.128878
v -0.008936 1.446613 -0.128878
v -0.008936 1.463384 -0.128878
v -0.008936 1.480154 -0.128878
v -0.008936 1.496923 -0.128878
v -0.008936 1.513693 -0.128878
v -0.015493 1.118653 -0.128878
v -0.017031 1.101883 -0.128878
v -0.015717 1.085114 -0.128878
v -0.017031 1.101883 0.128875
v -0.015717 1.085114 0.128875
v -0.271072 1.101883 0.128875
v -0.272139 1.085114 0.128875
v -0.271631 1.068344 0.128875
v -0.270667 1.051574 0.128875
v -0.010463 1.068344 0.128875
v -0.004553 1.051574 0.128875
v -0.010463 1.068344 -0.128878
v -0.004553 1.051574 -0.128878
v 0.004641 1.034804 -0.128878
v 0.014492 1.018034 -0.128878
v 0.004641 1.034804 0.128875
v 0.014492 1.018034 0.128875
v -0.268148 1.034804 0.128875
v -0.265463 1.018034 0.128875
v -0.262225 1.001264 0.128875
v -0.257530 0.984494 0.128875
v 0.025000 1.001264 0.128875
v 0.038791 0.984494 0.128875
v 0.025000 1.001264 -0.128878
v 0.038791 0.984494 -0.128878
v 0.050612 0.967724 -0.128878
v 0.065716 0.950955 -0.128878
v 0.050612 0.967724 0.128875
v 0.065716 0.950955 0.128875
v -0.253574 0.967724 0.128875
v -0.248326 0.950955 0.128875
v -0.243204 0.934184 0.128875
v -0.238002 0.917415 0.128875
v 0.079507 0.934185 0.128875
v 0.094167 0.917415 0.128875
v 0.079507 0.934185 -0.128878
v 0.094167 0.917415 -0.128878
v 0.108827 0.900645 -0.128878
v 0.125581 0.883875 -0.128878
v 0.108827 0.900645 0.128875
v 0.125581 0.883875 0.128875
v -0.232673 0.900645 0.128875
v -0.226369 0.883875 0.128875
v -0.220524 0.867105 0.128875
v -0.213314 0.850335 0.128875
v 0.141288 0.867105 0.128875
v 0.160136 0.850335 0.128875
v 0.141288 0.867105 -0.128878
v 0.160136 0.850335 -0.128878
v 0.176890 0.833565 -0.128878
v 0.195739 0.816796 -0.128878
v 0.176890 0.833565 0.128875
v 0.195739 0.816796 0.128875
v -0.206612 0.833565 0.128875
v -0.199562 0.816796 0.128875
v -0.192707 0.800026 0.128875
v -0.182652 0.783256 0.128875
v 0.213540 0.800026 0.128875
v 0.239319 0.783256 0.128875
v 0.213540 0.800026 -0.128878
v 0.239319 0.783256 -0.128878
v 0.264107 0.766486 -0.128878
v 0.295836 0.749716 -0.128878
v 0.264107 0.766486 0.128875
v 0.295836 0.749716 0.128875
v -0.172928 0.766486 0.128875
v -0.160654 0.749716 0.128875
v -0.147378 0.732946 0.128875
v -0.145329 0.716176 0.128875
v 0.329547 0.732946 0.128875
v 0.336010 0.716176 0.128875
v 0.329547 0.732946 -0.128878
v 0.336010 0.716176 -0.128878
v 0.330337 0.699407 -0.128878
v 0.321260 0.682636 -0.128878
v 0.330337 0.699407 0.128875
v 0.321260 0.682636 0.128875
v -0.147650 0.699406 0.128875
v -0.151281 0.682636 0.128875
v -0.139716 0.665608 0.128875
v -0.109537 0.650393 0.128875
v 0.311094 0.667163 0.128875
v 0.299748 0.650393 0.128875
v 0.311094 0.667163 -0.128878
v 0.299748 0.650393 -0.128878
v 0.287268 0.633623 -0.128878
v 0.277057 0.616853 -0.128878
v 0.287268 0.633623 0.128875
v 0.277057 0.616853 0.128875
v -0.098872 0.633623 0.128875
v -0.088661 0.616853 0.128875
v -0.079812 0.600084 0.128875
v -0.074820 0.583314 0.128875
v 0.266846 0.600084 0.128875
v 0.255501 0.583314 0.128875
v 0.266846 0.600084 -0.128878
v -0.069601 0.566544 0.128875
v -0.280284 0.566544 0.128875
v -0.066651 0.549774 0.128875
v -0.066651 0.533004 0.128875
v -0.267804 0.549774 0.128875
v -0.260997 0.533004 0.128875
v -0.267804 0.549774 -0.128878
v -0.251920 0.516234 0.128875
v 0.015627 0.485156 -0.000001
v -0.077297 0.485156 -0.290833
v -0.161125 0.485156 -0.247398
v -0.227651 0.485156 -0.179745
v -0.270364 0.485156 -0.094499
v -0.285082 0.485156 -0.000001
v -0.270364 0.485156 0.094495
v -0.227651 0.485156 0.179742
v -0.161125 0.485156 0.247394
v -0.077297 0.485156 0.290830
v 0.015627 0.485156 0.305797
v 0.108551 0.485156 0.290830
v 0.192379 0.485156 0.247394
v 0.258905 0.485156 0.179742
v 0.301617 0.485156 0.094495
v 0.316335 0.485156 -0.000001
v 0.301617 0.485156 -0.094498
v 0.258905 0.485156 -0.179745
v 0.192379 0.485156 -0.247397
v 0.108551 0.485156 -0.290833
v 0.015627 0.485156 -0.305799
v 0.015627 0.484284 -0.308905
v -0.078241 0.484284 -0.293787
v 0.109495 0.484284 -0.293786
v 0.015627 0.481902 -0.311179
v 0.015627 0.478649 -0.312011
v -0.078932 0.481902 -0.295949
v 0.110185 0.481902 -0.295949
v 0.195488 0.481902 -0.251749
v 0.110438 0.478649 -0.296740
v 0.195969 0.478649 -0.252423
v 0.110438 0.449275 -0.296740
v 0.195969 0.449275 -0.252423
v 0.015627 0.449275 -0.312011
v 0.110685 0.429802 -0.297512
v 0.196438 0.429802 -0.253079
v 0.111423 0.410445 -0.299823
v 0.015627 0.429802 -0.312823
v 0.015627 0.410445 -0.315253
v -0.079431 0.429802 -0.297512
v -0.079185 0.449275 -0.296741
v -0.165184 0.429802 -0.253079
v -0.080170 0.410445 -0.299823
v -0.166589 0.410445 -0.255045
v -0.081395 0.391319 -0.303660
v -0.168920 0.391319 -0.258308
v 0.015627 0.391319 -0.319286
v -0.091768 0.257187 -0.336123
v -0.188650 0.257187 -0.285924
v -0.091633 0.254076 -0.335702
v 0.015627 0.257187 -0.353420
v 0.015627 0.254076 -0.352977
v 0.123022 0.257187 -0.336123
v 0.219904 0.257187 -0.285924
v 0.122887 0.254076 -0.335702
v 0.112649 0.391319 -0.303659
v 0.200174 0.391319 -0.258308
v 0.269634 0.391319 -0.187672
v 0.197843 0.410445 -0.255045
v 0.266426 0.410445 -0.185301
v 0.310458 0.410445 -0.097419
v 0.264492 0.429802 -0.183873
v 0.308186 0.429802 -0.096669
v 0.263847 0.449275 -0.183396
v 0.307427 0.449275 -0.096418
v 0.263847 0.478649 -0.183396
v 0.307427 0.478649 -0.096418
v 0.263185 0.481902 -0.182907
v 0.306649 0.481902 -0.096161
v 0.261376 0.484284 -0.181571
v 0.194174 0.484284 -0.249910
v 0.304522 0.484284 -0.095458
v 0.319390 0.484284 -0.000001
v 0.304522 0.484284 0.095455
v 0.321625 0.481902 -0.000001
v 0.306649 0.481902 0.096158
v 0.322443 0.478649 -0.000001
v 0.307427 0.478649 0.096415
v 0.322443 0.449275 -0.000001
v 0.307427 0.449275 0.096415
v 0.323242 0.429802 -0.000001
v 0.308186 0.429802 0.096665
v 0.325631 0.410445 -0.000001
v 0.329598 0.391319 -0.000001
v 0.310458 0.410445 0.097417
v 0.266426 0.410445 0.185299
v 0.314231 0.391319 0.098663
v 0.269634 0.391319 0.187669
v 0.346154 0.257187 0.109211
v 0.345740 0.254076 0.109074
v 0.363164 0.257187 -0.000001
v 0.296790 0.257187 0.207733
v 0.219904 0.257187 0.285920
v 0.296437 0.254076 0.207473
v 0.219648 0.254076 0.285562
v 0.295403 0.251175 0.206709
v 0.293761 0.248686 0.205495
v 0.344524 0.251175 0.108672
v 0.218897 0.251175 0.284510
v 0.122492 0.251175 0.334462
v 0.217703 0.248686 0.282840
v 0.121865 0.248686 0.332499
v 0.212567 0.240468 0.275651
v 0.119164 0.240468 0.324047
v 0.211607 0.238163 0.274307
v 0.286691 0.240468 0.200272
v 0.285370 0.238163 0.199295
v 0.334282 0.240468 0.105288
v 0.332729 0.238163 0.104775
v 0.350681 0.240468 -0.000001
v 0.342593 0.248686 0.108034
v 0.359419 0.248686 -0.000001
v 0.361450 0.251175 -0.000001
v 0.342593 0.248686 -0.108037
v 0.334282 0.240468 -0.105291
v 0.344524 0.251175 -0.108675
v 0.293761 0.248686 -0.205498
v 0.295404 0.251175 -0.206712
v 0.217703 0.248686 -0.282843
v 0.286691 0.240468 -0.200275
v 0.285370 0.238163 -0.199298
v 0.212567 0.240468 -0.275654
v 0.211607 0.238163 -0.274310
v 0.119164 0.240468 -0.324050
v 0.118659 0.238163 -0.322470
v 0.015627 0.240468 -0.340726
v 0.121865 0.248686 -0.332502
v 0.122492 0.251175 -0.334466
v 0.015627 0.248686 -0.349613
v -0.090611 0.248686 -0.332502
v 0.015627 0.251175 -0.351678
v -0.091238 0.251175 -0.334466
v -0.187643 0.251175 -0.284514
v -0.188394 0.254076 -0.285565
v -0.186449 0.248686 -0.282843
v -0.264150 0.251175 -0.206712
v -0.262507 0.248686 -0.205498
v -0.313270 0.251175 -0.108675
v -0.265184 0.254076 -0.207476
v -0.265536 0.257187 -0.207736
v -0.314486 0.254076 -0.109077
v -0.314900 0.257187 -0.109214
v -0.331474 0.254076 -0.000001
v -0.331910 0.257187 -0.000001
v -0.330196 0.251175 -0.000001
v -0.314486 0.254076 0.109074
v -0.314900 0.257187 0.109211
v -0.313270 0.251175 0.108673
v -0.265184 0.254076 0.207473
v -0.265536 0.257187 0.207733
v -0.264150 0.251175 0.206709
v -0.188394 0.254076 0.285562
v -0.188650 0.257187 0.285920
v -0.187643 0.251175 0.284510
v -0.091633 0.254076 0.335699
v -0.091768 0.257187 0.336120
v -0.091238 0.251175 0.334462
v 0.015627 0.254076 0.352974
v 0.015627 0.257187 0.353418
v 0.015627 0.251175 0.351675
v 0.122887 0.254076 0.335699
v 0.123022 0.257187 0.336120
v 0.112649 0.391319 0.303656
v 0.111423 0.410445 0.299820
v 0.200174 0.391319 0.258305
v 0.015627 0.391319 0.319283
v -0.081395 0.391319 0.303656
v 0.015627 0.410445 0.315250
v -0.080170 0.410445 0.299820
v 0.015627 0.429802 0.312820
v 0.015627 0.449275 0.312008
v 0.110685 0.429802 0.297509
v -0.079431 0.429802 0.297509
v -0.165184 0.429802 0.253076
v -0.079185 0.449275 0.296737
v -0.164715 0.449275 0.252420
v -0.079185 0.478649 0.296737
v -0.164715 0.478649 0.252420
v -0.078932 0.481902 0.295946
v 0.015627 0.478649 0.312008
v 0.015627 0.481902 0.311176
v 0.110438 0.478649 0.296737
v 0.110185 0.481902 0.295946
v 0.195969 0.478649 0.252420
v 0.110438 0.449275 0.296737
v 0.195969 0.449275 0.252420
v 0.263847 0.449275 0.183393
v 0.196438 0.429802 0.253076
v 0.197843 0.410445 0.255042
v 0.264492 0.429802 0.183870
v 0.263847 0.478649 0.183393
v 0.263185 0.481902 0.182904
v 0.195488 0.481902 0.251746
v 0.261376 0.484284 0.181568
v 0.194174 0.484284 0.249907
v 0.109495 0.484284 0.293784
v 0.015627 0.484284 0.308902
v -0.078241 0.484284 0.293784
v -0.162920 0.484284 0.249907
v -0.230122 0.484284 0.181568
v -0.164234 0.481902 0.251746
v -0.231931 0.481902 0.182904
v -0.275395 0.481902 0.096158
v -0.232593 0.478649 0.183393
v -0.276173 0.478649 0.096415
v -0.232593 0.449275 0.183393
v -0.276173 0.449275 0.096415
v -0.233238 0.429802 0.183870
v -0.276932 0.429802 0.096665
v -0.235172 0.410445 0.185299
v -0.238381 0.391319 0.187669
v -0.166589 0.410445 0.255042
v -0.279205 0.410445 0.097417
v -0.294377 0.410445 -0.000001
v -0.282977 0.391319 0.098663
v -0.298344 0.391319 -0.000001
v -0.282977 0.391319 -0.098666
v -0.238381 0.391319 -0.187672
v -0.279205 0.410445 -0.097419
v -0.235172 0.410445 -0.185302
v -0.276932 0.429802 -0.096669
v -0.276173 0.449275 -0.096418
v -0.291988 0.429802 -0.000001
v -0.233239 0.429802 -0.183873
v -0.232593 0.449275 -0.183396
v -0.164715 0.449275 -0.252423
v -0.232593 0.478649 -0.183396
v -0.164715 0.478649 -0.252423
v -0.231931 0.481902 -0.182907
v -0.276173 0.478649 -0.096418
v -0.275395 0.481902 -0.096161
v -0.291190 0.478649 -0.000001
v -0.290371 0.481902 -0.000001
v -0.291190 0.449275 -0.000001
v -0.288136 0.484284 -0.000001
v -0.273269 0.484284 0.095455
v -0.273269 0.484284 -0.095458
v -0.230122 0.484284 -0.181571
v -0.162920 0.484284 -0.249910
v -0.164234 0.481902 -0.251749
v -0.079185 0.478649 -0.296741
v -0.168920 0.391319 0.258305
v 0.015627 0.248686 0.349610
v -0.090611 0.248686 0.332499
v 0.015627 0.240468 0.340723
v 0.015627 0.238163 0.339062
v -0.087910 0.240468 0.324047
v -0.181313 0.240468 0.275651
v -0.087406 0.238163 0.322467
v -0.180353 0.238163 0.274307
v -0.087228 0.235437 0.321912
v -0.087406 0.232711 0.322467
v 0.015627 0.235437 0.338479
v -0.180015 0.235437 0.273835
v -0.180353 0.232711 0.274307
v -0.253652 0.235437 0.198952
v -0.300929 0.235437 0.104595
v -0.254116 0.238163 0.199295
v -0.254116 0.232711 0.199295
v -0.301475 0.232711 0.104775
v -0.294865 0.230407 0.229402
v -0.209959 0.230407 0.315746
v -0.302963 0.222189 0.235385
v -0.349378 0.230407 0.120603
v -0.358898 0.222189 0.123749
v -0.368162 0.230407 -0.000001
v -0.349378 0.230407 -0.120607
v -0.317794 0.232711 -0.000001
v -0.378172 0.222189 -0.000001
v -0.380498 0.219699 -0.000001
v -0.358898 0.222189 -0.123752
v -0.302963 0.222189 -0.235388
v -0.361110 0.219699 -0.124483
v -0.304845 0.219699 -0.236779
v -0.362502 0.216799 -0.124943
v -0.362977 0.213687 -0.125100
v -0.381962 0.216799 -0.000001
v -0.306029 0.216799 -0.237654
v -0.218070 0.216799 -0.327102
v -0.306433 0.213687 -0.237952
v -0.218363 0.213687 -0.327513
v -0.306433 0.123028 -0.237952
v -0.218363 0.123028 -0.327513
v -0.362977 0.123028 -0.125100
v -0.306029 0.119917 -0.237654
v -0.218070 0.119917 -0.327102
v -0.304845 0.117016 -0.236779
v -0.362502 0.119917 -0.124943
v -0.361110 0.117016 -0.124483
v -0.381962 0.119917 -0.000001
v -0.382461 0.123028 -0.000001
v -0.380498 0.117016 -0.000001
v -0.362502 0.119917 0.124940
v -0.362977 0.123028 0.125096
v -0.361110 0.117016 0.124480
v -0.306029 0.119917 0.237651
v -0.306433 0.123028 0.237949
v -0.304845 0.117016 0.236776
v -0.218070 0.119917 0.327099
v -0.218363 0.123028 0.327510
v -0.217209 0.117016 0.325894
v -0.107235 0.119917 0.384528
v -0.107389 0.123028 0.385011
v -0.106782 0.117016 0.383112
v 0.015627 0.119917 0.404317
v 0.015627 0.123028 0.404824
v 0.015627 0.117016 0.402828
v 0.138488 0.119917 0.384528
v 0.138643 0.123028 0.385011
v 0.138036 0.117016 0.383112
v 0.249324 0.119917 0.327099
v 0.249617 0.123028 0.327510
v 0.248463 0.117016 0.325894
v 0.337283 0.119917 0.237651
v 0.337687 0.123028 0.237949
v 0.336099 0.117016 0.236776
v 0.393756 0.119917 0.124940
v 0.394231 0.123028 0.125096
v 0.392364 0.117016 0.124480
v 0.413215 0.119917 -0.000001
v 0.413715 0.123028 -0.000001
v 0.411752 0.117016 -0.000001
v 0.393756 0.119917 -0.124943
v 0.394231 0.123028 -0.125100
v 0.392364 0.117016 -0.124483
v 0.337283 0.119917 -0.237654
v 0.337687 0.123028 -0.237952
v 0.336099 0.117016 -0.236779
v 0.249324 0.119917 -0.327102
v 0.249617 0.123028 -0.327512
v 0.248463 0.117016 -0.325897
v 0.138489 0.119917 -0.384531
v 0.138643 0.123028 -0.385014
v 0.138036 0.117016 -0.383115
v 0.015627 0.119917 -0.404319
v 0.015627 0.123028 -0.404827
v 0.015627 0.117016 -0.402831
v -0.107235 0.119917 -0.384531
v -0.107389 0.123028 -0.385014
v -0.106782 0.117016 -0.383115
v -0.217209 0.117016 -0.325897
v -0.106064 0.114527 -0.380866
v -0.215842 0.114527 -0.323984
v 0.015627 0.114527 -0.400466
v -0.102971 0.106309 -0.371185
v -0.209959 0.106309 -0.315749
v -0.102392 0.104004 -0.369375
v 0.015627 0.106308 -0.390286
v 0.015627 0.104004 -0.388384
v 0.134224 0.106309 -0.371185
v 0.133646 0.104004 -0.369375
v 0.137318 0.114527 -0.380866
v 0.241213 0.106309 -0.315749
v 0.326119 0.106309 -0.229406
v 0.240113 0.104004 -0.314209
v 0.247096 0.114527 -0.323984
v 0.334217 0.114527 -0.235388
v 0.390152 0.114527 -0.123752
v 0.409426 0.114527 -0.000001
v 0.380632 0.106309 -0.120606
v 0.399416 0.106309 -0.000001
v 0.378853 0.104004 -0.120018
v 0.397545 0.104004 -0.000001
v 0.378227 0.101278 -0.119812
v 0.324605 0.104004 -0.228287
v 0.324073 0.101278 -0.227894
v 0.324605 0.098552 -0.228287
v 0.239726 0.101278 -0.313669
v 0.240113 0.098552 -0.314209
v 0.133443 0.101278 -0.368739
v 0.133646 0.098552 -0.369375
v 0.015627 0.101278 -0.387715
v 0.015627 0.098552 -0.388384
v -0.102189 0.101278 -0.368739
v -0.208472 0.101278 -0.313669
v -0.102392 0.098552 -0.369375
v -0.208859 0.098552 -0.314210
v -0.102971 0.096248 -0.371185
v -0.209959 0.096248 -0.315749
v 0.015627 0.096248 -0.390286
v -0.106064 0.088030 -0.380866
v -0.106782 0.085540 -0.383115
v -0.215842 0.088030 -0.323984
v 0.015627 0.088030 -0.400466
v 0.137318 0.088030 -0.380866
v 0.015627 0.085540 -0.402831
v 0.138036 0.085540 -0.383115
v 0.015627 0.082639 -0.404319
v 0.015627 0.079528 -0.404827
v -0.107235 0.082639 -0.384531
v 0.138489 0.082639 -0.384531
v 0.249324 0.082639 -0.327102
v 0.138643 0.079528 -0.385014
v 0.249617 0.079528 -0.327512
v 0.141735 0.063754 -0.394690
v 0.015627 0.063754 -0.415001
v 0.141735 0.044825 -0.394690
v 0.255498 0.063754 -0.335743
v 0.345781 0.063754 -0.243932
v 0.255498 0.044826 -0.335743
v 0.345781 0.044826 -0.243932
v 0.255498 0.027159 -0.335743
v 0.345781 0.027159 -0.243932
v 0.141735 0.027159 -0.394690
v 0.255498 0.013909 -0.335743
v 0.345781 0.013909 -0.243932
v 0.141735 0.013909 -0.394690
v 0.249617 0.000659 -0.327512
v 0.337687 0.000659 -0.237952
v 0.015627 0.000659 -0.000001
v 0.138643 0.000659 -0.385014
v 0.015627 0.000659 -0.404827
v -0.107389 0.000659 -0.385014
v 0.015627 0.013909 -0.415001
v 0.015627 0.027159 -0.415001
v -0.110481 0.013909 -0.394690
v -0.110481 0.027159 -0.394690
v -0.224244 0.013909 -0.335744
v -0.314527 0.013909 -0.243933
v -0.218363 0.000659 -0.327513
v -0.224244 0.027159 -0.335744
v -0.224244 0.044826 -0.335744
v -0.314527 0.027159 -0.243933
v -0.314527 0.044826 -0.243933
v -0.372492 0.027159 -0.128244
v -0.392466 0.027159 -0.000001
v -0.372492 0.013909 -0.128244
v -0.372492 0.044826 -0.128244
v -0.372492 0.063754 -0.128244
v -0.392466 0.044826 -0.000001
v -0.392466 0.063754 -0.000001
v -0.372492 0.044826 0.128241
v -0.372492 0.063754 0.128241
v -0.314527 0.044826 0.243929
v -0.372492 0.027159 0.128241
v -0.314527 0.027159 0.243929
v -0.372492 0.013909 0.128241
v -0.392466 0.013909 -0.000001
v -0.314527 0.013909 0.243929
v -0.362977 0.000659 0.125096
v -0.382461 0.000659 -0.000001
v -0.306433 0.000659 0.237949
v -0.218363 0.000659 0.327510
v -0.107389 0.000659 0.385011
v -0.224244 0.013909 0.335741
v -0.110480 0.013909 0.394687
v -0.224244 0.027159 0.335741
v -0.224244 0.044826 0.335741
v -0.110480 0.027159 0.394687
v -0.110480 0.044826 0.394687
v 0.015627 0.027159 0.414999
v 0.015627 0.044826 0.414999
v 0.141735 0.027159 0.394687
v 0.015627 0.013909 0.414999
v 0.141735 0.013909 0.394687
v 0.015627 0.000659 0.404824
v 0.138643 0.000659 0.385011
v 0.249617 0.000659 0.327510
v 0.337687 0.000659 0.237949
v 0.255498 0.013909 0.335741
v 0.255498 0.027159 0.335741
v 0.345781 0.013909 0.243929
v 0.345781 0.027159 0.243929
v 0.403746 0.013909 0.128240
v 0.403746 0.027159 0.128240
v 0.423720 0.013909 -0.000001
v 0.394231 0.000659 0.125096
v 0.413715 0.000659 -0.000001
v 0.394231 0.000659 -0.125100
v 0.403746 0.013909 -0.128244
v 0.403746 0.027159 -0.128244
v 0.403746 0.044826 -0.128244
v 0.423720 0.027159 -0.000001
v 0.423720 0.044826 -0.000001
v 0.423720 0.063754 -0.000001
v 0.403746 0.044826 0.128240
v 0.403746 0.063754 0.128240
v 0.345781 0.044826 0.243929
v 0.345781 0.063754 0.243929
v 0.255498 0.044826 0.335741
v 0.255498 0.063754 0.335741
v 0.141735 0.044826 0.394687
v 0.141735 0.063754 0.394687
v 0.138643 0.079528 0.385011
v 0.015627 0.063754 0.414999
v 0.015627 0.079528 0.404824
v -0.110480 0.063754 0.394687
v -0.224244 0.063754 0.335741
v -0.107389 0.079528 0.385011
v -0.218363 0.079528 0.327510
v -0.107235 0.082639 0.384528
v -0.218070 0.082639 0.327099
v -0.106782 0.085540 0.383112
v 0.015627 0.082639 0.404317
v 0.015627 0.085540 0.402828
v 0.138489 0.082639 0.384528
v 0.138036 0.085540 0.383112
v 0.249324 0.082639 0.327099
v 0.249617 0.079528 0.327510
v 0.248463 0.085540 0.325894
v 0.337283 0.082639 0.237651
v 0.337687 0.079528 0.237949
v 0.336098 0.085540 0.236776
v 0.393756 0.082639 0.124940
v 0.394231 0.079528 0.125096
v 0.392364 0.085540 0.124480
v 0.413215 0.082639 -0.000001
v 0.413715 0.079528 -0.000001
v 0.411752 0.085540 -0.000001
v 0.393756 0.082639 -0.124943
v 0.394231 0.079528 -0.125100
v 0.392364 0.085540 -0.124483
v 0.337283 0.082639 -0.237654
v 0.337687 0.079528 -0.237952
v 0.336099 0.085540 -0.236779
v 0.334217 0.088030 -0.235388
v 0.248463 0.085540 -0.325897
v 0.247096 0.088030 -0.323984
v 0.241213 0.096248 -0.315749
v 0.134224 0.096248 -0.371185
v 0.326119 0.096248 -0.229406
v 0.380632 0.096248 -0.120606
v 0.378853 0.098552 -0.120018
v 0.390152 0.088030 -0.123752
v 0.399416 0.096248 -0.000001
v 0.397545 0.098552 -0.000001
v 0.409426 0.088030 -0.000001
v 0.380632 0.096248 0.120603
v 0.326119 0.096248 0.229402
v 0.378853 0.098552 0.120015
v 0.390152 0.088030 0.123749
v 0.334217 0.088030 0.235385
v 0.247096 0.088030 0.323981
v 0.137317 0.088030 0.380862
v 0.241213 0.096248 0.315746
v 0.134224 0.096248 0.371182
v 0.240113 0.098552 0.314206
v 0.239726 0.101278 0.313666
v 0.324605 0.098552 0.228284
v 0.133646 0.098552 0.369372
v 0.015627 0.098552 0.388381
v 0.133443 0.101278 0.368736
v 0.015627 0.101278 0.387712
v 0.133646 0.104004 0.369372
v 0.015627 0.104004 0.388381
v 0.134224 0.106309 0.371182
v 0.240113 0.104004 0.314206
v 0.241213 0.106309 0.315746
v 0.324605 0.104004 0.228284
v 0.326119 0.106309 0.229402
v 0.324073 0.101278 0.227891
v 0.378853 0.104004 0.120015
v 0.380632 0.106309 0.120603
v 0.378227 0.101278 0.119808
v 0.396887 0.101278 -0.000001
v 0.390152 0.114527 0.123749
v 0.334217 0.114527 0.235385
v 0.247096 0.114527 0.323981
v 0.137317 0.114527 0.380862
v 0.015627 0.114527 0.400463
v -0.106063 0.114527 0.380862
v 0.015627 0.106309 0.390284
v -0.102970 0.106309 0.371182
v -0.102392 0.104004 0.369372
v -0.209959 0.106309 0.315746
v -0.294865 0.106309 0.229402
v -0.208859 0.104004 0.314206
v -0.215842 0.114527 0.323981
v -0.302963 0.114527 0.235385
v -0.358898 0.114527 0.123749
v -0.378172 0.114527 -0.000001
v -0.349378 0.106309 0.120603
v -0.347599 0.104004 0.120015
v -0.368162 0.106309 -0.000001
v -0.349378 0.106309 -0.120607
v -0.366291 0.104004 -0.000001
v -0.347599 0.104004 -0.120018
v -0.365634 0.101278 -0.000001
v -0.366291 0.098552 -0.000001
v -0.346974 0.101278 0.119809
v -0.346974 0.101278 -0.119812
v -0.347599 0.098552 -0.120018
v -0.292819 0.101278 -0.227894
v -0.293352 0.104004 -0.228287
v -0.293352 0.098552 -0.228287
v -0.294865 0.096248 -0.229406
v -0.349378 0.096248 -0.120607
v -0.302963 0.088030 -0.235388
v -0.304845 0.085540 -0.236779
v -0.358898 0.088030 -0.123752
v -0.361110 0.085540 -0.124483
v -0.378172 0.088030 -0.000001
v -0.380498 0.085540 -0.000001
v -0.358898 0.088030 0.123749
v -0.368162 0.096248 -0.000001
v -0.349378 0.096248 0.120603
v -0.347599 0.098552 0.120015
v -0.294865 0.096248 0.229402
v -0.293351 0.098552 0.228284
v -0.209959 0.096248 0.315746
v -0.302963 0.088030 0.235385
v -0.304845 0.085540 0.236776
v -0.215842 0.088030 0.323981
v -0.217209 0.085540 0.325894
v -0.106063 0.088030 0.380862
v 0.015627 0.088030 0.400463
v -0.102970 0.096248 0.371182
v -0.102392 0.098552 0.369372
v 0.015627 0.096248 0.390284
v -0.208859 0.098552 0.314206
v -0.102189 0.101278 0.368736
v -0.208472 0.101278 0.313666
v -0.292819 0.101278 0.227891
v -0.293351 0.104004 0.228284
v -0.361110 0.085540 0.124480
v -0.306029 0.082639 0.237651
v -0.362502 0.082639 0.124940
v -0.306433 0.079528 0.237949
v -0.362977 0.079528 0.125096
v -0.314527 0.063754 0.243929
v -0.382461 0.079528 -0.000001
v -0.362977 0.079528 -0.125100
v -0.381962 0.082639 -0.000001
v -0.362502 0.082639 -0.124943
v -0.306029 0.082639 -0.237654
v -0.218070 0.082639 -0.327102
v -0.306433 0.079528 -0.237952
v -0.218363 0.079528 -0.327513
v -0.314527 0.063754 -0.243933
v -0.224244 0.063754 -0.335744
v -0.110481 0.063754 -0.394690
v -0.107389 0.079528 -0.385014
v -0.110481 0.044825 -0.394690
v 0.015627 0.044825 -0.415001
v -0.217209 0.085540 -0.325897
v -0.208859 0.104004 -0.314210
v -0.294865 0.106309 -0.229406
v -0.302963 0.114527 -0.235388
v -0.358898 0.114527 -0.123752
v 0.403746 0.063754 -0.128244
v -0.362977 0.000659 -0.125100
v -0.306433 0.000659 -0.237952
v -0.107389 0.213687 -0.385014
v 0.015627 0.213687 -0.404827
v -0.107235 0.216799 -0.384531
v 0.015627 0.216799 -0.404319
v -0.106782 0.219699 -0.383115
v 0.015627 0.219699 -0.402831
v -0.106064 0.222189 -0.380866
v -0.217209 0.219699 -0.325897
v -0.215842 0.222189 -0.323984
v -0.209959 0.230407 -0.315749
v -0.102971 0.230407 -0.371185
v -0.180353 0.232711 -0.274310
v -0.294865 0.230407 -0.229406
v -0.254116 0.232711 -0.199298
v -0.253652 0.235437 -0.198955
v -0.301475 0.232711 -0.104778
v -0.300929 0.235437 -0.104598
v -0.301475 0.238163 -0.104778
v -0.317220 0.235437 -0.000001
v -0.317794 0.238163 -0.000001
v -0.319427 0.240468 -0.000001
v -0.301475 0.238163 0.104775
v -0.303028 0.240468 0.105288
v -0.255437 0.240468 0.200272
v -0.311339 0.248686 0.108034
v -0.328166 0.248686 -0.000001
v -0.262507 0.248686 0.205495
v -0.186449 0.248686 0.282840
v -0.311339 0.248686 -0.108037
v -0.303028 0.240468 -0.105291
v -0.255438 0.240468 -0.200275
v -0.254116 0.238163 -0.199298
v -0.181313 0.240468 -0.275654
v -0.180353 0.238163 -0.274310
v -0.087910 0.240468 -0.324050
v -0.087406 0.238163 -0.322471
v -0.087228 0.235437 -0.321915
v 0.015627 0.238163 -0.339065
v 0.015627 0.235437 -0.338481
v 0.118482 0.235437 -0.321915
v 0.015627 0.232711 -0.339065
v 0.015627 0.230407 -0.390286
v -0.087406 0.232711 -0.322471
v 0.118659 0.232711 -0.322470
v 0.134224 0.230407 -0.371185
v 0.211607 0.232711 -0.274310
v 0.285370 0.232711 -0.199298
v 0.211269 0.235437 -0.273838
v 0.241213 0.230407 -0.315749
v 0.326119 0.230407 -0.229406
v 0.247096 0.222189 -0.323984
v 0.334217 0.222189 -0.235388
v 0.248463 0.219699 -0.325897
v 0.137318 0.222189 -0.380866
v 0.138036 0.219699 -0.383115
v 0.015627 0.222189 -0.400466
v 0.138489 0.216799 -0.384531
v 0.249324 0.216799 -0.327102
v 0.138643 0.213687 -0.385014
v 0.249617 0.213687 -0.327512
v 0.337687 0.213687 -0.237952
v 0.394231 0.213687 -0.125100
v 0.337283 0.216799 -0.237654
v 0.393756 0.216799 -0.124943
v 0.336099 0.219699 -0.236779
v 0.392364 0.219699 -0.124483
v 0.411752 0.219699 -0.000001
v 0.390152 0.222189 -0.123752
v 0.409426 0.222189 -0.000001
v 0.380632 0.230407 -0.120606
v 0.399416 0.230407 -0.000001
v 0.332729 0.232711 -0.104778
v 0.332183 0.235437 -0.104598
v 0.349047 0.232711 -0.000001
v 0.332729 0.232711 0.104775
v 0.348473 0.235437 -0.000001
v 0.332183 0.235437 0.104595
v 0.349047 0.238163 -0.000001
v 0.332729 0.238163 -0.104778
v 0.284905 0.235437 0.198952
v 0.285370 0.232711 0.199295
v 0.211269 0.235437 0.273835
v 0.118482 0.235437 0.321912
v 0.211607 0.232711 0.274307
v 0.241213 0.230407 0.315746
v 0.118659 0.232711 0.322467
v 0.134224 0.230407 0.371182
v 0.015627 0.232711 0.339062
v 0.015627 0.230407 0.390284
v -0.102970 0.230407 0.371182
v 0.015627 0.222189 0.400463
v -0.106063 0.222189 0.380862
v 0.015627 0.219699 0.402828
v 0.137317 0.222189 0.380862
v 0.138036 0.219699 0.383112
v 0.247096 0.222189 0.323981
v 0.248463 0.219699 0.325894
v 0.334217 0.222189 0.235385
v 0.336098 0.219699 0.236776
v 0.390152 0.222189 0.123749
v 0.326119 0.230407 0.229402
v 0.380632 0.230407 0.120603
v 0.392364 0.219699 0.124480
v 0.393756 0.216799 0.124940
v 0.394231 0.213687 0.125096
v 0.413215 0.216799 -0.000001
v 0.337283 0.216799 0.237651
v 0.249324 0.216799 0.327099
v 0.337687 0.213687 0.237949
v 0.249617 0.213687 0.327509
v 0.138643 0.213687 0.385011
v 0.015627 0.213687 0.404824
v 0.138488 0.216799 0.384528
v 0.015627 0.216799 0.404317
v -0.107235 0.216799 0.384528
v -0.218070 0.216799 0.327099
v -0.107389 0.213687 0.385011
v -0.106782 0.219699 0.383112
v -0.217209 0.219699 0.325894
v -0.304845 0.219699 0.236776
v -0.215842 0.222189 0.323981
v -0.361110 0.219699 0.124480
v -0.306029 0.216799 0.237651
v -0.362502 0.216799 0.124940
v -0.306433 0.213687 0.237949
v -0.362977 0.213687 0.125096
v -0.218363 0.213687 0.327509
v -0.382461 0.213687 -0.000001
v 0.413715 0.213687 -0.000001
v 0.118659 0.238163 0.322467
v 0.284905 0.235437 -0.198955
v -0.180015 0.235437 -0.273838
v 0.218897 0.251175 -0.284514
v 0.219648 0.254076 -0.285565
v 0.296437 0.254076 -0.207476
v 0.345740 0.254076 -0.109077
v 0.296790 0.257187 -0.207736
v 0.346154 0.257187 -0.109214
v 0.314231 0.391319 -0.098666
v 0.362728 0.254076 -0.000001
vn -0.0000 -0.0000 1.0000
vn 0.9853 -0.1709 -0.0000
vn 0.9590 -0.2835 -0.0000
vn -0.0000 -1.0000 -0.0000
vn -0.0000 -0.0000 -1.0000
vn 0.8283 -0.5604 -0.0000
vn 0.8541 -0.5201 -0.0000
vn 0.8283 -0.5603 -0.0000
vn 0.8794 -0.4760 -0.0000
vn -0.7509 -0.6604 -0.0000
vn -0.7260 -0.6877 -0.0000
vn -0.6140 -0.7893 -0.0000
vn -0.5756 -0.8177 -0.0000
vn -0.5406 -0.8413 -0.0000
vn -0.2380 -0.9713 -0.0000
vn -0.5698 -0.8218 -0.0000
vn -1.0000 -0.0000 -0.0000
vn -1.0000 0.0026 -0.0000
vn -0.9996 0.0292 -0.0000
vn -0.9993 0.0370 -0.0000
vn -0.9995 0.0311 -0.0000
vn -0.9995 0.0302 -0.0000
vn -0.9998 0.0223 -0.0000
vn -0.9997 0.0260 -0.0000
vn -0.9993 0.0374 -0.0000
vn -0.9997 0.0243 -0.0000
vn -0.9999 0.0164 -0.0000
vn -0.9993 0.0381 -0.0000
vn -0.9991 0.0415 -0.0000
vn -0.9989 0.0463 -0.0000
vn -0.9982 0.0594 -0.0000
vn -0.9986 0.0524 -0.0000
vn -0.9983 0.0589 -0.0000
vn -0.9970 0.0776 -0.0000
vn -0.9969 0.0789 -0.0000
vn -0.9961 0.0884 -0.0000
vn -0.9940 0.1097 -0.0000
vn -0.9929 0.1191 -0.0000
vn -0.9920 0.1261 -0.0000
vn -0.9891 0.1471 -0.0000
vn -0.9877 0.1564 -0.0000
vn -0.9831 0.1828 -0.0000
vn -0.9801 0.1985 -0.0000
vn -0.9852 0.1717 -0.0000
vn -0.9778 0.2094 -0.0000
vn -0.9782 0.2078 -0.0000
vn -0.9827 0.1850 -0.0000
vn -0.9799 0.1996 -0.0000
vn -0.9833 0.1822 -0.0000
vn -0.9815 0.1916 -0.0000
vn -0.9715 0.2372 -0.0000
vn -0.9630 0.2696 -0.0000
vn -0.9661 0.2582 -0.0000
vn -0.9366 0.3504 -0.0000
vn -0.9012 0.4335 -0.0000
vn -0.8820 0.4713 -0.0000
vn -0.8621 0.5068 -0.0000
vn -0.9105 0.4136 -0.0000
vn -0.8418 0.5398 -0.0000
vn -0.8213 0.5706 -0.0000
vn -0.8007 0.5991 -0.0000
vn -0.8212 0.5706 -0.0000
vn -0.7567 0.6538 -0.0000
vn -0.6876 0.7261 -0.0000
vn -0.6378 0.7702 -0.0000
vn -0.4460 0.8950 -0.0000
vn -0.3699 0.9291 -0.0000
vn -0.2706 0.9627 -0.0000
vn -0.2871 0.9579 -0.0000
vn -0.0000 1.0000 -0.0000
vn 0.1216 0.9926 -0.0000
vn 0.1534 0.9882 -0.0000
vn 0.1477 0.9890 -0.0000
vn 0.1590 0.9873 -0.0000
vn 0.0843 0.9964 -0.0000
vn -0.2131 0.9770 -0.0000
vn -0.4878 0.8730 -0.0000
vn -0.5522 0.8337 -0.0000
vn -0.6483 0.7614 -0.0000
vn -0.7264 0.6873 -0.0000
vn -0.8072 0.5902 -0.0000
vn -0.8714 0.4905 -0.0000
vn -0.9118 0.4106 -0.0000
vn -0.8464 0.5325 -0.0000
vn -0.7778 0.6285 -0.0000
vn -0.7938 0.6082 -0.0000
vn -0.6633 0.7484 -0.0000
vn -0.5536 0.8328 -0.0000
vn -0.4980 0.8672 -0.0000
vn -0.4695 0.8829 -0.0000
vn -0.4313 0.9022 -0.0000
vn -0.3466 0.9380 -0.0000
vn -0.3412 0.9400 -0.0000
vn -0.3358 0.9419 -0.0000
vn 0.6483 0.7614 -0.0000
vn 0.5721 0.8202 -0.0000
vn 0.6307 0.7760 -0.0000
vn 0.7247 0.6890 -0.0000
vn 0.9996 0.0279 -0.0000
vn 0.9997 0.0247 -0.0000
vn 0.9972 0.0752 -0.0000
vn 0.9891 0.1473 -0.0000
vn 0.9882 0.1529 -0.0000
vn 0.9862 0.1654 -0.0000
vn 0.9874 0.1580 -0.0000
vn 0.9988 0.0484 -0.0000
vn 0.9904 -0.1380 -0.0000
vn 0.9529 -0.3034 -0.0000
vn 0.9997 0.0262 -0.0000
vn 0.9378 0.3473 -0.0000
vn 0.7620 0.6476 -0.0000
vn 0.6338 0.7735 -0.0000
vn 0.4137 0.9104 -0.0000
vn 0.5969 0.8023 -0.0000
vn 0.5338 0.8456 -0.0000
vn 0.5992 0.8006 -0.0000
vn 0.5422 0.8403 -0.0000
vn 0.6149 0.7886 -0.0000
vn 0.5841 0.8117 -0.0000
vn 0.6311 0.7757 -0.0000
vn 0.6653 0.7466 -0.0000
vn 0.6832 0.7302 -0.0000
vn 0.7401 0.6725 -0.0000
vn 0.6815 0.7318 -0.0000
vn 0.7332 0.6800 -0.0000
vn 0.8068 0.5908 -0.0000
vn 0.7865 0.6176 -0.0000
vn 0.7881 0.6155 -0.0000
vn 0.7849 0.6196 -0.0000
vn 0.9014 0.4329 -0.0000
vn 0.8465 0.5324 -0.0000
vn 0.9657 0.2598 -0.0000
vn 0.9686 0.2486 -0.0000
vn 0.9612 0.2758 -0.0000
vn 0.9551 -0.2962 -0.0000
vn 0.8182 -0.5749 -0.0000
vn -0.3784 -0.9257 -0.0000
vn 0.9840 0.1784 -0.0000
vn 0.9825 -0.1861 -0.0000
vn 0.9859 -0.1675 -0.0000
vn 0.9881 -0.1537 -0.0000
vn 0.9346 -0.3556 -0.0000
vn 0.8630 -0.5051 -0.0000
vn 0.8664 -0.4993 -0.0000
vn 0.9165 -0.4001 -0.0000
vn 0.8743 -0.4855 -0.0000
vn 0.7837 -0.6212 -0.0000
vn 0.8662 -0.4997 -0.0000
vn 0.8823 -0.4707 -0.0000
vn 0.7228 -0.6911 -0.0000
vn 0.7019 -0.7122 -0.0000
vn 0.5930 -0.8052 -0.0000
vn 0.4815 -0.8765 -0.0000
vn 0.3451 -0.9386 -0.0000
vn 0.0592 -0.9982 -0.0000
vn -0.3422 -0.9396 -0.0000
vn -0.6772 -0.7358 -0.0000
vn -0.6923 -0.7216 -0.0000
vn -0.5979 -0.8016 -0.0000
vn -0.5073 -0.8618 -0.0000
vn -0.4616 -0.8871 -0.0000
vn -0.3209 -0.9471 -0.0000
vn -0.0424 -0.9991 -0.0000
vn 0.1850 -0.9827 -0.0000
vn 0.1034 -0.9946 -0.0000
vn 0.1073 -0.9942 -0.0000
vn 0.1112 -0.9938 -0.0000
vn 0.0732 -0.9973 -0.0000
vn 0.0343 -0.9994 -0.0000
vn -0.0906 -0.9959 -0.0000
vn -0.1654 -0.9862 -0.0000
vn -0.1967 -0.9805 -0.0000
vn -0.2521 -0.9677 -0.0000
vn -0.3448 -0.9387 -0.0000
vn -0.4170 -0.9089 -0.0000
vn -0.6348 -0.7727 -0.0000
vn -0.7506 -0.6608 -0.0000
vn -0.7321 -0.6812 -0.0000
vn -0.8177 -0.5756 -0.0000
vn 1.0000 -0.0066 -0.0000
vn 0.9814 0.1922 -0.0000
vn 0.9431 0.3324 -0.0000
vn 0.9488 0.3157 -0.0000
vn 0.8769 0.4807 -0.0000
vn 0.8622 0.5065 -0.0000
vn 0.7724 0.6352 -0.0000
vn 0.8474 0.5310 -0.0000
vn 0.8174 0.5761 -0.0000
vn 0.7430 0.6693 -0.0000
vn 0.7529 0.6582 -0.0000
vn 0.7529 0.6581 -0.0000
vn 0.7074 0.7068 -0.0000
vn 0.6647 0.7471 -0.0000
vn 0.7299 0.6836 -0.0000
vn 0.5453 0.8382 -0.0000
vn 0.6857 0.7279 -0.0000
vn 0.5603 0.8283 -0.0000
vn 0.4673 0.8841 -0.0000
vn 0.9997 0.0235 -0.0000
vn 0.6409 0.7676 -0.0000
vn 0.4454 0.8953 -0.0000
vn 0.9473 -0.3204 -0.0000
vn 0.8795 -0.4760 -0.0000
vn 0.8320 -0.5547 -0.0000
vn 0.8357 -0.5491 -0.0000
vn 0.8022 -0.5970 -0.0000
vn -0.9266 -0.3761 -0.0000
vn -0.8669 -0.4985 -0.0000
vn -0.8022 -0.5970 -0.0000
vn -0.9501 -0.3120 -0.0000
vn -0.8794 -0.4760 -0.0000
vn -0.9678 -0.2518 -0.0000
vn -0.0045 1.0000 -0.0045
vn 0.0158 0.9998 -0.0085
vn 0.0241 0.9996 -0.0166
vn 0.0235 0.9995 -0.0205
vn 0.0187 0.9997 -0.0145
vn 0.0161 0.9999 -0.0000
vn 0.0187 0.9997 0.0145
vn 0.0235 0.9995 0.0205
vn 0.0241 0.9996 0.0166
vn 0.0158 0.9998 0.0084
vn -0.0000 1.0000 0.0044
vn -0.0158 0.9998 0.0084
vn -0.0241 0.9996 0.0166
vn -0.0235 0.9995 0.0205
vn -0.0187 0.9997 0.0145
vn -0.0161 0.9999 -0.0000
vn -0.0187 0.9997 -0.0145
vn -0.0235 0.9995 -0.0205
vn -0.0241 0.9996 -0.0166
vn -0.0158 0.9998 -0.0085
vn 0.0886 0.9625 -0.2563
vn -0.0000 0.9628 -0.2703
vn -0.0886 0.9625 -0.2563
vn -0.2809 0.4714 -0.8360
vn -0.2231 0.6901 -0.6884
vn -0.0000 0.6905 -0.7233
vn -0.0000 0.4736 -0.8807
vn 0.2231 0.6901 -0.6885
vn 0.2808 0.4711 -0.8362
vn 0.3186 0.0276 -0.9475
vn -0.0000 0.0261 -0.9997
vn -0.3206 0.0277 -0.9468
vn 0.5308 0.4659 -0.7079
vn 0.5992 0.0310 -0.8000
vn 0.4257 0.6890 -0.5866
vn 0.5976 0.0168 -0.8016
vn 0.3169 0.0168 -0.9483
vn -0.0000 0.0167 -0.9999
vn 0.5953 0.0831 -0.7992
vn 0.3156 0.0834 -0.9452
vn -0.0000 0.0835 -0.9965
vn 0.5892 0.1654 -0.7909
vn 0.3122 0.1661 -0.9354
vn -0.0000 0.1663 -0.9861
vn -0.3156 0.0834 -0.9452
vn -0.3169 0.0168 -0.9483
vn -0.3122 0.1661 -0.9354
vn -0.5954 0.0831 -0.7991
vn -0.5976 0.0168 -0.8016
vn -0.5892 0.1655 -0.7909
vn -0.3075 0.2412 -0.9205
vn -0.5798 0.2398 -0.7787
vn -0.0001 0.2418 -0.9703
vn -0.3107 0.2328 -0.9216
vn -0.5791 0.2246 -0.7837
vn -0.0003 0.2364 -0.9717
vn -0.3061 -0.2743 -0.9116
vn -0.5768 -0.2722 -0.7702
vn -0.0000 -0.2753 -0.9613
vn 0.3129 0.2327 -0.9208
vn 0.3061 -0.2744 -0.9116
vn 0.3071 0.2412 -0.9206
vn 0.5797 0.2398 -0.7787
vn 0.5852 0.2244 -0.7792
vn 0.5768 -0.2721 -0.7702
vn 0.8042 0.1647 -0.5710
vn 0.7922 0.2379 -0.5620
vn 0.7982 0.2155 -0.5625
vn 0.8126 0.0827 -0.5769
vn 0.9401 0.1641 -0.2989
vn 0.9260 0.2366 -0.2941
vn 0.9498 0.0824 -0.3019
vn 0.9529 0.0171 -0.3027
vn 0.8155 0.0170 -0.5785
vn 0.8164 0.0349 -0.5765
vn 0.9527 0.0377 -0.3015
vn 0.8479 0.4575 -0.2677
vn 0.7252 0.4607 -0.5118
vn 0.6928 0.6852 -0.2247
vn 0.5880 0.6871 -0.4269
vn 0.2258 0.9617 -0.1551
vn 0.1666 0.9621 -0.2160
vn 0.2622 0.9616 -0.0807
vn 0.7291 0.6844 -0.0000
vn 0.8898 0.4564 -0.0003
vn 0.2745 0.9616 -0.0000
vn 0.2622 0.9616 0.0807
vn 0.6928 0.6852 0.2247
vn 0.8479 0.4575 0.2678
vn 0.9528 0.0377 0.3011
vn 0.9993 0.0387 -0.0000
vn 0.9529 0.0170 0.3027
vn 0.9999 0.0170 -0.0000
vn 0.9498 0.0824 0.3020
vn 0.9966 0.0821 -0.0000
vn 0.9401 0.1641 0.2988
vn 0.9865 0.1636 -0.0000
vn 0.9717 0.2361 0.0001
vn 0.9259 0.2367 0.2943
vn 0.8126 0.0827 0.5769
vn 0.8043 0.1647 0.5710
vn 0.7921 0.2379 0.5621
vn 0.7979 0.2155 0.5629
vn 0.9315 0.2092 0.2976
vn 0.9783 0.2070 -0.0000
vn 0.9183 -0.2688 0.2907
vn 0.9634 -0.2682 -0.0000
vn 0.7864 -0.2701 0.5556
vn 0.5797 0.2398 0.7787
vn 0.5851 0.2244 0.7793
vn 0.5768 -0.2721 0.7702
vn 0.5111 -0.5196 0.6846
vn 0.6989 -0.5166 0.4947
vn 0.8176 -0.5143 0.2590
vn 0.5759 -0.7074 0.4098
vn 0.6747 -0.7056 0.2168
vn 0.4202 -0.7099 0.5652
vn 0.3061 -0.2745 0.9116
vn 0.2703 -0.5230 0.8084
vn 0.2222 -0.7121 0.6660
vn 0.2232 -0.7092 0.6688
vn 0.4156 -0.7077 0.5714
vn 0.5732 -0.7059 0.4162
vn 0.2867 -0.4128 0.8645
vn 0.5426 -0.4114 0.7324
vn 0.7428 -0.4094 0.5298
vn 0.8699 -0.4076 0.2776
vn 0.6767 -0.7044 0.2141
vn 0.9135 -0.4069 -0.0000
vn 0.7104 -0.7038 -0.0015
vn 0.7093 -0.7049 -0.0009
vn 0.8581 -0.5135 0.0001
vn 0.6747 -0.7055 -0.2168
vn 0.8176 -0.5142 -0.2591
vn 0.6751 -0.7043 -0.2193
vn 0.5759 -0.7074 -0.4098
vn 0.5732 -0.7059 -0.4162
vn 0.6989 -0.5164 -0.4948
vn 0.4171 -0.7099 -0.5675
vn 0.5111 -0.5196 -0.6846
vn 0.4156 -0.7077 -0.5714
vn 0.8699 -0.4077 -0.2777
vn 0.7428 -0.4094 -0.5298
vn 0.5426 -0.4114 -0.7324
vn 0.2866 -0.4129 -0.8645
vn 0.2232 -0.7092 -0.6688
vn 0.2222 -0.7121 -0.6660
vn -0.0000 -0.4137 -0.9104
vn 0.0012 -0.7096 -0.7046
vn 0.0009 -0.7130 -0.7011
vn 0.2702 -0.5232 -0.8083
vn -0.0000 -0.5245 -0.8514
vn -0.2192 -0.7121 -0.6669
vn -0.2703 -0.5230 -0.8083
vn -0.2182 -0.7091 -0.6705
vn -0.5111 -0.5199 -0.6844
vn -0.4171 -0.7099 -0.5675
vn -0.6989 -0.5166 -0.4947
vn -0.7863 -0.2700 -0.5557
vn -0.5740 -0.7074 -0.4124
vn -0.6747 -0.7056 -0.2168
vn -0.8176 -0.5142 -0.2592
vn -0.9183 -0.2687 -0.2907
vn -0.7982 0.2155 -0.5625
vn -0.9326 0.2092 -0.2942
vn -0.9634 -0.2682 -0.0000
vn -0.9783 0.2070 0.0004
vn -0.8581 -0.5135 -0.0000
vn -0.9183 -0.2688 0.2906
vn -0.9323 0.2092 0.2949
vn -0.8176 -0.5143 0.2590
vn -0.7864 -0.2701 0.5556
vn -0.7980 0.2155 0.5629
vn -0.6989 -0.5166 0.4947
vn -0.5768 -0.2722 0.7702
vn -0.5851 0.2244 0.7793
vn -0.5111 -0.5199 0.6845
vn -0.3061 -0.2744 0.9116
vn -0.3107 0.2328 0.9216
vn -0.2702 -0.5231 0.8083
vn -0.0000 -0.2754 0.9613
vn -0.0003 0.2364 0.9717
vn -0.0000 -0.5245 0.8514
vn 0.3103 0.2328 0.9217
vn 0.3074 0.2412 0.9205
vn -0.0000 0.2418 0.9703
vn 0.3122 0.1661 0.9354
vn 0.5892 0.1654 0.7909
vn -0.0000 0.1663 0.9861
vn -0.3122 0.1661 0.9354
vn -0.3074 0.2412 0.9205
vn -0.3156 0.0835 0.9452
vn -0.0000 0.0835 0.9965
vn 0.3156 0.0834 0.9452
vn -0.0000 0.0167 0.9999
vn 0.3169 0.0168 0.9483
vn -0.3169 0.0168 0.9483
vn -0.5953 0.0832 0.7992
vn -0.5892 0.1654 0.7909
vn -0.5976 0.0169 0.8016
vn -0.3181 0.0275 0.9477
vn -0.5992 0.0310 0.8000
vn 0.0004 0.0262 0.9997
vn -0.5308 0.4659 0.7080
vn -0.2807 0.4710 0.8362
vn -0.0000 0.4736 0.8807
vn 0.3206 0.0277 0.9468
vn 0.2808 0.4711 0.8362
vn 0.6021 0.0314 0.7978
vn 0.5306 0.4656 0.7082
vn 0.5976 0.0168 0.8016
vn 0.5953 0.0831 0.7992
vn 0.8155 0.0170 0.5785
vn 0.8160 0.0349 0.5770
vn 0.7251 0.4606 0.5120
vn 0.4257 0.6890 0.5866
vn 0.5880 0.6871 0.4269
vn 0.2259 0.9617 0.1550
vn 0.1666 0.9621 0.2160
vn 0.2231 0.6901 0.6885
vn 0.0886 0.9625 0.2563
vn -0.0000 0.9628 0.2702
vn -0.0000 0.6905 0.7233
vn -0.2231 0.6901 0.6885
vn -0.0887 0.9625 0.2563
vn -0.1666 0.9621 0.2160
vn -0.4257 0.6890 0.5866
vn -0.5880 0.6871 0.4269
vn -0.7251 0.4606 0.5120
vn -0.2259 0.9617 0.1550
vn -0.8160 0.0349 0.5770
vn -0.8479 0.4575 0.2677
vn -0.9526 0.0377 0.3019
vn -0.6928 0.6852 0.2247
vn -0.9529 0.0171 0.3027
vn -0.8155 0.0170 0.5785
vn -0.9498 0.0824 0.3019
vn -0.8126 0.0827 0.5769
vn -0.9401 0.1641 0.2988
vn -0.8043 0.1647 0.5710
vn -0.7922 0.2379 0.5620
vn -0.5798 0.2398 0.7787
vn -0.9260 0.2366 0.2941
vn -0.9966 0.0821 -0.0000
vn -0.9865 0.1639 -0.0000
vn -0.9717 0.2361 -0.0001
vn -0.9401 0.1641 -0.2989
vn -0.9259 0.2367 -0.2943
vn -0.8042 0.1647 -0.5710
vn -0.7921 0.2379 -0.5621
vn -0.8127 0.0827 -0.5768
vn -0.9498 0.0824 -0.3019
vn -0.9529 0.0171 -0.3027
vn -0.9999 0.0170 -0.0000
vn -0.8155 0.0170 -0.5785
vn -0.8160 0.0349 -0.5770
vn -0.5992 0.0311 -0.8000
vn -0.9526 0.0377 -0.3019
vn -0.5308 0.4659 -0.7080
vn -0.7251 0.4605 -0.5120
vn -0.8478 0.4574 -0.2683
vn -0.9993 0.0387 -0.0000
vn -0.8897 0.4564 -0.0003
vn -0.6928 0.6852 -0.2247
vn -0.7291 0.6844 -0.0000
vn -0.2745 0.9616 -0.0000
vn -0.2622 0.9616 0.0807
vn -0.2622 0.9616 -0.0807
vn -0.5880 0.6871 -0.4269
vn -0.2259 0.9617 -0.1550
vn -0.1666 0.9621 -0.2160
vn -0.4257 0.6890 -0.5866
vn -0.2211 -0.7121 0.6663
vn -0.0000 -0.7131 0.7011
vn -0.2216 -0.7092 0.6693
vn -0.0000 -0.7096 0.7046
vn -0.0000 -0.4137 0.9104
vn -0.2867 -0.4128 0.8645
vn -0.4166 -0.7099 0.5679
vn -0.4211 -0.7078 0.5671
vn -0.5426 -0.4113 0.7324
vn -0.5951 -0.0000 0.8037
vn -0.3148 -0.0000 0.9492
vn -0.0222 0.9951 0.0961
vn -0.0000 0.9948 0.1020
vn -0.0526 0.9960 0.0724
vn -0.7428 -0.4093 0.5298
vn -0.8140 -0.0000 0.5808
vn -0.0695 0.9967 0.0413
vn -0.8700 -0.4076 0.2776
vn -0.9525 -0.0000 0.3044
vn -0.0742 0.9972 0.0118
vn -0.1851 0.9811 0.0566
vn -0.1365 0.9798 0.1463
vn -0.0842 0.9799 0.1809
vn -0.5358 0.7538 0.3803
vn -0.3863 0.7559 0.5285
vn -0.6282 0.7522 0.1989
vn -0.0718 0.9974 -0.0001
vn -0.1942 0.9809 -0.0051
vn -0.6596 0.7516 -0.0010
vn -0.1797 0.9808 -0.0760
vn -0.6276 0.7522 -0.2006
vn -0.0527 0.9945 -0.0906
vn -0.8256 0.5642 -0.0000
vn -0.7865 0.5651 0.2493
vn -0.7865 0.5650 -0.2493
vn -0.1412 0.9805 -0.1367
vn -0.5351 0.7539 -0.3812
vn -0.6719 0.5674 -0.4760
vn -0.7779 0.3049 -0.5495
vn -0.9085 0.3034 -0.2874
vn -0.9531 0.3027 -0.0000
vn -0.9532 0.0158 -0.3018
vn -0.9999 0.0165 -0.0000
vn -0.8164 0.0135 -0.5773
vn -0.5704 0.3075 -0.7616
vn -0.5990 0.0103 -0.8007
vn -0.4908 0.5712 -0.6580
vn -0.5990 -0.0103 -0.8007
vn -0.8163 -0.0135 -0.5775
vn -0.9532 -0.0157 -0.3020
vn -0.5705 -0.3074 -0.7616
vn -0.7778 -0.3050 -0.5496
vn -0.9085 -0.3033 -0.2874
vn -0.4909 -0.5709 -0.6581
vn -0.6718 -0.5676 -0.4759
vn -0.7864 -0.5651 -0.2493
vn -0.9531 -0.3028 -0.0000
vn -0.9999 -0.0165 -0.0002
vn -0.8256 -0.5642 -0.0000
vn -0.9085 -0.3033 0.2874
vn -0.9532 -0.0157 0.3018
vn -0.7864 -0.5651 0.2493
vn -0.7779 -0.3050 0.5495
vn -0.8164 -0.0135 0.5773
vn -0.6718 -0.5676 0.4759
vn -0.5704 -0.3075 0.7616
vn -0.5990 -0.0103 0.8007
vn -0.4907 -0.5711 0.6580
vn -0.3026 -0.3102 0.9012
vn -0.3179 -0.0074 0.9481
vn -0.2592 -0.5746 0.7763
vn -0.0000 -0.3113 0.9503
vn 0.0002 -0.0062 1.0000
vn -0.0000 -0.5761 0.8174
vn 0.3026 -0.3102 0.9012
vn 0.3181 -0.0074 0.9480
vn 0.2592 -0.5746 0.7763
vn 0.5704 -0.3075 0.7616
vn 0.5989 -0.0103 0.8007
vn 0.4908 -0.5712 0.6580
vn 0.7779 -0.3050 0.5495
vn 0.8162 -0.0134 0.5776
vn 0.6718 -0.5676 0.4759
vn 0.9085 -0.3033 0.2874
vn 0.9531 -0.0157 0.3022
vn 0.7865 -0.5651 0.2493
vn 0.9531 -0.3028 -0.0000
vn 0.9999 -0.0165 0.0002
vn 0.8256 -0.5642 -0.0000
vn 0.9085 -0.3033 -0.2874
vn 0.9532 -0.0158 -0.3018
vn 0.7864 -0.5651 -0.2494
vn 0.7778 -0.3050 -0.5495
vn 0.8164 -0.0135 -0.5773
vn 0.6718 -0.5676 -0.4760
vn 0.5704 -0.3075 -0.7616
vn 0.5990 -0.0103 -0.8007
vn 0.4907 -0.5711 -0.6580
vn 0.3026 -0.3102 -0.9012
vn 0.3179 -0.0074 -0.9481
vn 0.2592 -0.5746 -0.7763
vn -0.0000 -0.3114 -0.9503
vn -0.0002 -0.0061 -1.0000
vn -0.0000 -0.5761 -0.8174
vn -0.3026 -0.3102 -0.9012
vn -0.3181 -0.0074 -0.9480
vn -0.2592 -0.5746 -0.7763
vn -0.2063 -0.7579 -0.6189
vn -0.3868 -0.7560 -0.5281
vn -0.0009 -0.7587 -0.6515
vn -0.2075 -0.7554 -0.6215
vn -0.3852 -0.7543 -0.5316
vn -0.0013 -0.7557 -0.6549
vn -0.2793 -0.4612 -0.8422
vn -0.5283 -0.4594 -0.7140
vn -0.0001 -0.4618 -0.8870
vn 0.2030 -0.7554 -0.6230
vn 0.2792 -0.4612 -0.8422
vn 0.2027 -0.7579 -0.6201
vn 0.3864 -0.7544 -0.5307
vn 0.5287 -0.4593 -0.7138
vn 0.3863 -0.7559 -0.5285
vn 0.5327 -0.7538 -0.3847
vn 0.5365 -0.7531 -0.3808
vn 0.7241 -0.4569 -0.5166
vn 0.6282 -0.7522 -0.1989
vn 0.6287 -0.7518 -0.1987
vn 0.6596 -0.7516 0.0010
vn 0.6599 -0.7513 0.0016
vn 0.8909 -0.4542 -0.0000
vn 0.8483 -0.4549 -0.2710
vn 1.0000 -0.0000 -0.0000
vn 0.9526 -0.0000 -0.3044
vn 0.8137 -0.0000 -0.5813
vn 0.5946 -0.0000 -0.8040
vn 0.7241 0.4569 -0.5166
vn 0.5285 0.4594 -0.7139
vn 0.8484 0.4549 -0.2708
vn 0.3143 -0.0000 -0.9493
vn 0.2792 0.4612 -0.8422
vn -0.0000 0.4618 -0.8870
vn -0.3145 -0.0000 -0.9492
vn -0.2792 0.4612 -0.8422
vn -0.5947 -0.0000 -0.8039
vn -0.5285 0.4594 -0.7139
vn -0.2075 0.7554 -0.6215
vn -0.3864 0.7544 -0.5307
vn -0.0013 0.7558 -0.6549
vn -0.2063 0.7579 -0.6189
vn -0.3863 0.7559 -0.5285
vn -0.0009 0.7587 -0.6515
vn -0.2594 0.5745 -0.7763
vn -0.4907 0.5713 -0.6579
vn -0.0001 0.5761 -0.8174
vn 0.2030 0.7579 -0.6200
vn 0.2593 0.5745 -0.7763
vn 0.2022 0.7554 -0.6233
vn -0.3025 0.3103 -0.9012
vn -0.0000 0.3114 -0.9503
vn 0.3026 0.3101 -0.9013
vn 0.2731 0.4910 -0.8272
vn -0.0000 0.4931 -0.8700
vn -0.2735 0.4910 -0.8271
vn 0.5704 0.3075 -0.7616
vn 0.5204 0.4856 -0.7024
vn 0.4908 0.5712 -0.6580
vn 0.5791 0.2675 -0.7701
vn 0.3078 0.2719 -0.9118
vn -0.0000 0.2736 -0.9619
vn 0.3172 -0.0000 -0.9484
vn 0.5980 -0.0000 -0.8015
vn 0.7083 0.4790 -0.5186
vn 0.7886 0.2640 -0.5553
vn 0.8158 -0.0000 -0.5784
vn 0.7714 -0.3328 -0.5424
vn 0.5657 -0.3390 -0.7517
vn 0.3002 -0.3455 -0.8891
vn 0.6450 -0.6053 -0.4665
vn 0.4679 -0.6072 -0.6421
vn 0.2456 -0.6086 -0.7545
vn 0.0004 -0.3485 -0.9373
vn -0.0000 -0.6090 -0.7931
vn -0.3000 -0.3455 -0.8892
vn -0.2456 -0.6086 -0.7545
vn -0.3171 -0.0000 -0.9484
vn -0.5980 -0.0000 -0.8015
vn -0.5657 -0.3390 -0.7517
vn -0.4679 -0.6073 -0.6421
vn -0.7714 -0.3328 -0.5424
vn -0.6450 -0.6053 -0.4666
vn -0.8158 -0.0000 -0.5784
vn -0.3172 -0.0000 -0.9484
vn -0.9531 -0.0000 -0.3026
vn -0.9006 -0.3291 -0.2839
vn -0.9447 -0.3278 -0.0000
vn -0.9653 0.2613 -0.0001
vn -0.9204 0.2620 -0.2903
vn -0.7887 0.2640 -0.5552
vn -0.9204 0.2620 0.2902
vn -0.9531 -0.0000 0.3025
vn -0.9531 -0.0000 0.3026
vn -0.7887 0.2641 0.5552
vn -0.8158 -0.0000 0.5784
vn -0.9006 -0.3291 0.2839
vn -0.7712 -0.3329 0.5425
vn -0.7980 -0.6026 -0.0000
vn -0.7588 -0.6034 0.2452
vn -0.6449 -0.6053 0.4666
vn -0.5657 -0.3390 0.7517
vn -0.4679 -0.6072 0.6421
vn -0.3004 -0.3454 0.8891
vn -0.2456 -0.6086 0.7545
vn -0.3171 -0.0000 0.9484
vn -0.5980 -0.0000 0.8015
vn -0.3172 -0.0000 0.9484
vn -0.0000 -0.3485 0.9373
vn 0.3172 -0.0000 0.9484
vn 0.3002 -0.3455 0.8891
vn -0.0000 -0.6090 0.7931
vn 0.2456 -0.6086 0.7545
vn 0.5658 -0.3390 0.7517
vn 0.4679 -0.6073 0.6421
vn 0.7714 -0.3328 0.5424
vn 0.6449 -0.6053 0.4666
vn 0.8158 -0.0000 0.5784
vn 0.5980 -0.0000 0.8015
vn 0.9531 -0.0000 0.3025
vn 0.9006 -0.3291 0.2839
vn 0.7588 -0.6034 0.2452
vn 0.9447 -0.3278 -0.0000
vn 0.7980 -0.6026 -0.0000
vn 0.9005 -0.3291 -0.2841
vn 0.7588 -0.6034 -0.2452
vn 0.9531 -0.0000 -0.3026
vn 0.9531 -0.0000 -0.3027
vn 0.9531 -0.0000 0.3026
vn 0.9204 0.2620 -0.2902
vn 0.9653 0.2613 -0.0000
vn 0.9204 0.2620 0.2903
vn 0.7887 0.2640 0.5552
vn 0.5791 0.2676 0.7701
vn 0.3077 0.2716 0.9119
vn -0.0000 0.2736 0.9618
vn 0.5204 0.4856 0.7024
vn 0.2667 0.4908 0.8294
vn -0.0000 0.4931 0.8700
vn -0.2667 0.4908 0.8294
vn -0.3077 0.2716 0.9119
vn -0.5791 0.2676 0.7701
vn -0.5109 0.4853 0.7096
vn -0.5704 0.3075 0.7616
vn -0.3027 0.3101 0.9012
vn -0.0000 0.3114 0.9503
vn -0.4907 0.5711 0.6580
vn -0.2594 0.5744 0.7764
vn -0.0001 0.5761 0.8174
vn 0.3027 0.3101 0.9012
vn 0.2593 0.5745 0.7763
vn 0.5705 0.3073 0.7616
vn 0.4910 0.5709 0.6580
vn 0.7127 0.4794 0.5121
vn 0.7779 0.3048 0.5496
vn 0.6719 0.5673 0.4761
vn 0.8385 0.4746 0.2677
vn 0.9085 0.3032 0.2875
vn 0.7865 0.5650 0.2494
vn 0.8812 0.4728 -0.0000
vn 0.9530 0.3029 -0.0000
vn 0.8256 0.5643 -0.0000
vn 0.8385 0.4746 -0.2677
vn 0.9085 0.3033 -0.2874
vn 0.7864 0.5651 -0.2494
vn 0.7779 0.3049 -0.5495
vn 0.6719 0.5674 -0.4760
vn 0.5331 0.7538 -0.3842
vn 0.3903 0.7560 -0.5255
vn 0.6272 0.7522 -0.2021
vn 0.3912 0.7545 -0.5269
vn 0.5318 0.7529 -0.3877
vn 0.6269 0.7518 -0.2045
vn 0.8909 0.4542 -0.0000
vn 0.6599 0.7513 0.0016
vn 0.6596 0.7516 0.0010
vn 0.8483 0.4549 0.2710
vn 0.6278 0.7519 0.2015
vn 0.6276 0.7522 0.2006
vn 0.5318 0.7529 0.3877
vn 0.5351 0.7539 0.3812
vn 0.7239 0.4570 0.5169
vn 0.3868 0.7560 0.5281
vn 0.3852 0.7543 0.5316
vn 0.2030 0.7579 0.6200
vn 0.2022 0.7554 0.6233
vn 0.2790 0.4612 0.8423
vn 0.5287 0.4593 0.7138
vn 0.5948 -0.0000 0.8039
vn 0.8137 -0.0000 0.5813
vn 0.3144 -0.0000 0.9493
vn 0.0001 0.4618 0.8870
vn 0.0013 0.7557 0.6549
vn -0.0000 -0.4619 0.8870
vn 0.2792 -0.4612 0.8422
vn 0.5287 -0.4593 0.7138
vn -0.0000 -0.7557 0.6549
vn 0.2058 -0.7554 0.6221
vn 0.3912 -0.7545 0.5270
vn 0.7239 -0.4569 0.5169
vn 0.5365 -0.7531 0.3808
vn 0.8483 -0.4550 0.2710
vn 0.6287 -0.7518 0.1987
vn 0.9526 -0.0000 0.3044
vn 0.6270 -0.7522 0.2025
vn 0.5328 -0.7538 0.3847
vn 0.3903 -0.7560 0.5255
vn 0.2027 -0.7579 0.6201
vn 0.0009 -0.7587 0.6515
vn -0.2051 -0.7579 0.6192
vn -0.2058 -0.7554 0.6221
vn -0.2792 -0.4611 0.8422
vn -0.3864 -0.7544 0.5307
vn -0.5287 -0.4593 0.7138
vn -0.3863 -0.7559 0.5285
vn -0.5328 -0.7538 0.3847
vn -0.5365 -0.7531 0.3808
vn -0.7241 -0.4569 0.5166
vn -0.6270 -0.7522 0.2025
vn -0.6287 -0.7519 0.1987
vn -0.6596 -0.7516 -0.0010
vn -0.6599 -0.7513 -0.0016
vn -0.8484 -0.4549 0.2708
vn -0.8909 -0.4542 -0.0000
vn -0.6270 -0.7522 -0.2025
vn -0.6278 -0.7519 -0.2015
vn -0.8483 -0.4550 -0.2709
vn -0.9526 -0.0000 -0.3044
vn -0.9526 -0.0000 0.3044
vn -0.8909 0.4542 -0.0000
vn -0.8483 0.4549 0.2709
vn -0.8483 0.4549 -0.2709
vn -0.7240 -0.4569 -0.5167
vn -0.8137 -0.0000 -0.5813
vn -0.7241 0.4569 -0.5167
vn -0.5326 0.7530 -0.3864
vn -0.6272 0.7518 -0.2035
vn -0.6271 0.7522 -0.2025
vn -0.7864 0.5651 -0.2493
vn -0.6596 0.7516 0.0010
vn -0.6599 0.7513 0.0016
vn -0.7864 0.5652 0.2493
vn -0.6276 0.7522 0.2006
vn -0.6278 0.7519 0.2014
vn -0.5326 0.7530 0.3864
vn -0.7241 0.4568 0.5167
vn -0.5328 0.7538 0.3847
vn -0.3864 0.7544 0.5307
vn -0.5286 0.4593 0.7138
vn -0.6719 0.5673 0.4761
vn -0.2075 0.7554 0.6215
vn -0.2027 0.7579 0.6201
vn -0.0009 0.7587 0.6515
vn -0.2793 0.4612 0.8422
vn -0.5948 -0.0000 0.8039
vn -0.3143 -0.0000 0.9493
vn -0.8137 -0.0000 0.5813
vn -0.7779 0.3048 0.5496
vn -0.9085 0.3032 0.2875
vn -0.8391 0.4746 0.2660
vn -0.7127 0.4793 0.5122
vn -0.8812 0.4728 -0.0000
vn -0.9531 0.3028 -0.0000
vn -0.9085 0.3033 -0.2875
vn -0.8380 0.4745 -0.2694
vn -0.7778 0.3050 -0.5495
vn -0.7137 0.4794 -0.5107
vn -0.5201 0.4857 -0.7026
vn -0.5791 0.2676 -0.7701
vn -0.3076 0.2715 -0.9119
vn -0.5365 -0.7531 -0.3808
vn -0.5328 -0.7538 -0.3847
vn -0.7588 -0.6034 -0.2452
vn -0.3181 0.0074 -0.9480
vn -0.0000 0.0061 -1.0000
vn -0.3027 0.3102 -0.9012
vn -0.2593 0.5745 -0.7763
vn -0.0000 0.5761 -0.8174
vn -0.2051 0.7579 -0.6193
vn -0.0000 0.7587 -0.6515
vn -0.3902 0.7560 -0.5255
vn -0.1099 0.9814 -0.1572
vn -0.0424 0.9810 -0.1892
vn 0.0292 0.9928 -0.1163
vn -0.0525 0.9960 -0.0724
vn -0.0695 0.9967 -0.0413
vn -0.8140 -0.0000 -0.5808
vn -0.9525 -0.0000 -0.3044
vn -0.5952 -0.0000 -0.8036
vn -0.7428 -0.4094 -0.5298
vn -0.8699 -0.4077 -0.2777
vn -0.9134 -0.4070 -0.0000
vn -0.7104 -0.7038 -0.0000
vn -0.6759 -0.7044 0.2167
vn -0.6754 -0.7044 -0.2184
vn -0.5765 -0.7060 0.4113
vn -0.6751 -0.7056 0.2155
vn -0.7093 -0.7049 -0.0000
vn -0.5759 -0.7074 0.4098
vn -0.5765 -0.7060 -0.4113
vn -0.4167 -0.7078 -0.5704
vn -0.5425 -0.4113 -0.7325
vn -0.2867 -0.4128 -0.8645
vn -0.3147 -0.0000 -0.9492
vn 0.3146 -0.0000 -0.9492
vn -0.0137 0.9947 -0.1021
vn 0.0222 0.9951 -0.0961
vn -0.0056 0.9813 -0.1925
vn 0.0535 0.9813 -0.1847
vn 0.5952 0.0001 -0.8036
vn 0.0525 0.9960 -0.0724
vn 0.1099 0.9814 -0.1572
vn 0.8140 -0.0000 -0.5808
vn 0.0695 0.9967 -0.0413
vn 0.1558 0.9813 -0.1128
vn 0.5358 0.7538 -0.3803
vn 0.3863 0.7559 -0.5285
vn 0.2027 0.7579 -0.6201
vn 0.6719 0.5673 -0.4761
vn 0.4907 0.5713 -0.6579
vn 0.2591 0.5746 -0.7763
vn 0.3027 0.3101 -0.9012
vn 0.5705 0.3073 -0.7616
vn 0.5989 0.0103 -0.8007
vn 0.3192 0.0074 -0.9477
vn 0.8163 0.0135 -0.5775
vn 0.7778 0.3050 -0.5495
vn 0.9531 0.0157 -0.3022
vn 0.7865 0.5651 -0.2493
vn 0.6271 0.7522 -0.2021
vn 0.8256 0.5642 -0.0000
vn 0.6596 0.7516 -0.0000
vn 0.1825 0.9811 -0.0651
vn 0.1942 0.9810 -0.0000
vn 0.0718 0.9974 -0.0003
vn 0.0676 0.9972 -0.0323
vn 0.9527 -0.0000 -0.3039
vn 0.9526 -0.0000 0.3041
vn 0.0676 0.9972 0.0323
vn 0.1825 0.9811 0.0651
vn 0.8140 -0.0000 0.5808
vn 0.0630 0.9967 0.0504
vn 0.5951 -0.0000 0.8037
vn 0.0561 0.9960 0.0698
vn 0.3148 -0.0000 0.9492
vn 0.0415 0.9951 0.0897
vn 0.1112 0.9814 0.1562
vn 0.1365 0.9798 0.1463
vn 0.0614 0.9814 0.1820
vn 0.0056 0.9813 0.1925
vn -0.0535 0.9813 0.1847
vn -0.2051 0.7579 0.6193
vn -0.0000 0.7587 0.6515
vn 0.2027 0.7579 0.6201
vn -0.2593 0.5745 0.7763
vn -0.0000 0.5761 0.8174
vn 0.2591 0.5746 0.7763
vn 0.4907 0.5713 0.6579
vn 0.3903 0.7560 0.5255
vn 0.5327 0.7538 0.3847
vn 0.6718 0.5677 0.4758
vn 0.7865 0.5651 0.2493
vn 0.6282 0.7522 0.1989
vn 0.7778 0.3049 0.5495
vn 0.9085 0.3034 0.2874
vn 0.9532 0.0157 0.3018
vn 0.9999 0.0165 -0.0000
vn 0.8164 0.0135 0.5773
vn 0.5704 0.3075 0.7616
vn 0.5990 0.0103 0.8007
vn 0.3180 0.0074 0.9481
vn 0.3026 0.3102 0.9012
vn -0.0002 0.0062 1.0000
vn -0.3026 0.3102 0.9012
vn -0.3181 0.0074 0.9480
vn -0.5989 0.0103 0.8007
vn -0.4908 0.5712 0.6580
vn -0.6718 0.5676 0.4759
vn -0.7779 0.3048 0.5495
vn -0.9531 0.0157 0.3022
vn -0.8172 0.0136 0.5762
vn 0.7863 -0.2704 -0.5555
vn 0.9183 -0.2688 -0.2906
vn 0.9330 0.2091 -0.2927
vt 0.133331 0.067721
vt 0.118817 0.048516
vt 0.000223 0.120954
vt 0.008658 0.143872
vt 0.890563 0.856623
vt 0.978882 0.856623
vt 0.978882 0.876144
vt 0.890564 0.876144
vt 0.890564 0.745545
vt 0.978882 0.745545
vt 0.197880 0.000223
vt 0.216446 0.016955
vt 0.890564 0.671493
vt 0.978882 0.671493
vt 0.608685 0.067650
vt 0.594187 0.048464
vt 0.673166 0.000223
vt 0.691711 0.016937
vt 0.475721 0.120826
vt 0.484147 0.143720
vt 0.613088 0.073948
vt 0.483085 0.153355
vt 0.699757 0.021009
vt 0.617087 0.080493
vt 0.706790 0.025701
vt 0.482529 0.162682
vt 0.978882 0.883900
vt 0.890563 0.883901
vt 0.978882 0.891377
vt 0.890564 0.891377
vt 0.978882 0.899133
vt 0.890564 0.899133
vt 0.622400 0.086235
vt 0.481468 0.172318
vt 0.978882 0.906349
vt 0.890563 0.906349
vt 0.628725 0.091358
vt 0.481418 0.181336
vt 0.716353 0.028846
vt 0.726929 0.031374
vt 0.634949 0.096544
vt 0.480356 0.190971
vt 0.738010 0.033592
vt 0.978882 0.629480
vt 0.890563 0.629480
vt 0.890564 0.620780
vt 0.978882 0.620780
vt 0.890564 0.611737
vt 0.978882 0.611737
vt 0.642893 0.100679
vt 0.751622 0.034266
vt 0.890564 0.600833
vt 0.978882 0.600833
vt 0.651445 0.104442
vt 0.766244 0.034321
vt 0.890563 0.589132
vt 0.978882 0.589132
vt 0.660199 0.108083
vt 0.781880 0.033759
vt 0.890563 0.576613
vt 0.978882 0.576613
vt 0.677284 0.105800
vt 0.811063 0.023531
vt 0.999776 0.529239
vt 0.950711 0.529239
vt 0.950710 0.515493
vt 0.999775 0.515492
vt 0.686501 0.109296
vt 0.826988 0.023485
vt 0.950710 0.508413
vt 0.999775 0.508413
vt 0.688880 0.116830
vt 0.830986 0.030031
vt 0.950711 0.505004
vt 0.999776 0.505003
vt 0.691843 0.124008
vt 0.834946 0.036599
vt 0.950711 0.501594
vt 0.999776 0.501594
vt 0.696754 0.129995
vt 0.838544 0.043388
vt 0.950711 0.498178
vt 0.999776 0.498179
vt 0.706672 0.132924
vt 0.842387 0.050028
vt 0.950710 0.494768
vt 0.999776 0.494768
vt 0.716144 0.136126
vt 0.846075 0.056763
vt 0.950711 0.491355
vt 0.999776 0.491355
vt 0.724478 0.140023
vt 0.849930 0.063395
vt 0.950711 0.487945
vt 0.999776 0.487945
vt 0.732960 0.143829
vt 0.853737 0.070057
vt 0.950711 0.484534
vt 0.999776 0.484534
vt 0.740015 0.148507
vt 0.857538 0.076723
vt 0.950711 0.481123
vt 0.999776 0.481123
vt 0.747157 0.153132
vt 0.861173 0.083490
vt 0.950711 0.477708
vt 0.999776 0.477709
vt 0.754144 0.157852
vt 0.865171 0.090034
vt 0.950711 0.474299
vt 0.999776 0.474299
vt 0.761357 0.162433
vt 0.868924 0.096729
vt 0.950711 0.470887
vt 0.999776 0.470887
vt 0.767961 0.167386
vt 0.872596 0.103474
vt 0.950711 0.467474
vt 0.999776 0.467473
vt 0.774771 0.172214
vt 0.876299 0.110199
vt 0.950711 0.464061
vt 0.999776 0.464061
vt 0.781145 0.177308
vt 0.879899 0.116987
vt 0.950711 0.460645
vt 0.999776 0.460645
vt 0.787463 0.182436
vt 0.883405 0.123832
vt 0.950710 0.457226
vt 0.999776 0.457226
vt 0.793745 0.187586
vt 0.887110 0.130557
vt 0.950711 0.453813
vt 0.999776 0.453813
vt 0.800084 0.192702
vt 0.890518 0.137463
vt 0.950711 0.450390
vt 0.999776 0.450390
vt 0.805845 0.198169
vt 0.893941 0.144359
vt 0.950711 0.446967
vt 0.999776 0.446968
vt 0.811937 0.203436
vt 0.897330 0.151277
vt 0.950711 0.443543
vt 0.999776 0.443543
vt 0.817378 0.209099
vt 0.900610 0.158260
vt 0.950711 0.440114
vt 0.999776 0.440113
vt 0.822574 0.214913
vt 0.903674 0.165376
vt 0.950711 0.436670
vt 0.999776 0.436669
vt 0.827695 0.220772
vt 0.906811 0.172446
vt 0.950711 0.433231
vt 0.999776 0.433231
vt 0.832123 0.227054
vt 0.909768 0.179628
vt 0.950711 0.429779
vt 0.999776 0.429778
vt 0.836348 0.233461
vt 0.912582 0.186896
vt 0.950711 0.426314
vt 0.999776 0.426314
vt 0.839870 0.240297
vt 0.915396 0.194165
vt 0.950711 0.422849
vt 0.999776 0.422850
vt 0.842634 0.247596
vt 0.917794 0.201687
vt 0.950711 0.419340
vt 0.999776 0.419339
vt 0.843234 0.252231
vt 0.919261 0.205792
vt 0.950711 0.417402
vt 0.999776 0.417401
vt 0.846470 0.259241
vt 0.921990 0.213113
vt 0.950711 0.413928
vt 0.999776 0.413929
vt 0.849305 0.266497
vt 0.924049 0.220842
vt 0.950711 0.410372
vt 0.999776 0.410373
vt 0.852558 0.273497
vt 0.926807 0.228144
vt 0.950711 0.406903
vt 0.999776 0.406903
vt 0.855610 0.280620
vt 0.929228 0.235653
vt 0.950711 0.403396
vt 0.999776 0.403396
vt 0.858727 0.287704
vt 0.931756 0.243096
vt 0.950711 0.399902
vt 0.999776 0.399901
vt 0.861937 0.294730
vt 0.934441 0.250443
vt 0.950711 0.396424
vt 0.999776 0.396424
vt 0.865059 0.301810
vt 0.936979 0.257880
vt 0.950711 0.392931
vt 0.999776 0.392931
vt 0.868181 0.308890
vt 0.939517 0.265318
vt 0.950711 0.389438
vt 0.999776 0.389438
vt 0.871303 0.315971
vt 0.942055 0.272754
vt 0.950711 0.385945
vt 0.999776 0.385945
vt 0.873986 0.323319
vt 0.943862 0.280637
vt 0.950711 0.382349
vt 0.999776 0.382349
vt 0.876785 0.330597
vt 0.945862 0.288403
vt 0.950711 0.378785
vt 0.999777 0.378785
vt 0.879584 0.337873
vt 0.947861 0.296169
vt 0.950711 0.375220
vt 0.999776 0.375220
vt 0.881424 0.345737
vt 0.948262 0.304911
vt 0.950711 0.371330
vt 0.999776 0.371329
vt 0.883263 0.353601
vt 0.948663 0.313654
vt 0.950711 0.367439
vt 0.999776 0.367439
vt 0.884624 0.361757
vt 0.948265 0.322885
vt 0.950711 0.363332
vt 0.999776 0.363332
vt 0.887423 0.369035
vt 0.950265 0.330650
vt 0.950711 0.359767
vt 0.999776 0.359768
vt 0.888542 0.377338
vt 0.949466 0.340125
vt 0.950711 0.355541
vt 0.999776 0.355540
vt 0.889423 0.385788
vt 0.948268 0.349844
vt 0.950711 0.351187
vt 0.999776 0.351188
vt 0.890783 0.393944
vt 0.947870 0.359075
vt 0.950711 0.347081
vt 0.999776 0.347080
vt 0.892143 0.402100
vt 0.947471 0.368306
vt 0.950711 0.342973
vt 0.999776 0.342974
vt 0.892784 0.410696
vt 0.945874 0.378269
vt 0.950711 0.338488
vt 0.999776 0.338488
vt 0.893665 0.419146
vt 0.944675 0.387987
vt 0.950712 0.334134
vt 0.999777 0.334135
vt 0.893785 0.428059
vt 0.942211 0.398480
vt 0.950711 0.329344
vt 0.999776 0.329343
vt 0.893044 0.437499
vt 0.938311 0.409849
vt 0.950711 0.324001
vt 0.999776 0.324000
vt 0.892417 0.441850
vt 0.936090 0.415174
vt 0.950712 0.321436
vt 0.999777 0.321436
vt 0.934989 0.416744
vt 0.901654 0.437106
vt 0.950711 0.320583
vt 0.999777 0.320583
vt 0.933511 0.418547
vt 0.906697 0.434924
vt 0.950712 0.319547
vt 0.999777 0.319547
vt 0.931249 0.420826
vt 0.912106 0.432520
vt 0.950711 0.318120
vt 0.999776 0.318120
vt 0.928503 0.423682
vt 0.920633 0.428489
vt 0.950711 0.316359
vt 0.999777 0.316358
vt 0.950711 0.312259
vt 0.999776 0.312259
vt 0.456240 0.421278
vt 0.437075 0.432984
vt 0.445611 0.428948
vt 0.453490 0.424136
vt 0.950711 0.308066
vt 0.999776 0.308066
vt 0.950711 0.305435
vt 0.999776 0.305435
vt 0.458503 0.418996
vt 0.431661 0.435391
vt 0.459982 0.417192
vt 0.426613 0.437575
vt 0.950711 0.302993
vt 0.999776 0.302992
vt 0.950711 0.298377
vt 0.999776 0.298376
vt 0.461085 0.415620
vt 0.417365 0.442324
vt 0.351786 0.482381
vt 0.353787 0.485656
vt 0.402200 0.456084
vt 0.417992 0.437969
vt 0.350019 0.479488
vt 0.463309 0.410289
vt 0.950711 0.289283
vt 0.999776 0.289283
vt 0.355787 0.488933
vt 0.397503 0.463453
vt 0.950711 0.285403
vt 0.999776 0.285403
vt 0.357789 0.492209
vt 0.393851 0.470181
vt 0.950712 0.282004
vt 0.999777 0.282004
vt 0.361791 0.498761
vt 0.389062 0.482104
vt 0.950711 0.276298
vt 0.999776 0.276299
vt 0.365794 0.505313
vt 0.385980 0.492983
vt 0.950711 0.271277
vt 0.999777 0.271278
vt 0.369795 0.511865
vt 0.384508 0.502879
vt 0.950711 0.266835
vt 0.999776 0.266835
vt 0.373797 0.518418
vt 0.384297 0.512005
vt 0.950712 0.262781
vt 0.999777 0.262782
vt 0.377800 0.524970
vt 0.384928 0.520617
vt 0.950712 0.258947
vt 0.999777 0.258947
vt 0.375753 0.535217
vt 0.382881 0.530864
vt 0.950712 0.254306
vt 0.999777 0.254307
vt 0.374019 0.545273
vt 0.381148 0.540920
vt 0.950711 0.249775
vt 0.999776 0.249776
vt 0.369575 0.556985
vt 0.376702 0.552631
vt 0.950711 0.244213
vt 0.999776 0.244213
vt 0.365943 0.563701
vt 0.373072 0.559348
vt 0.950711 0.240823
vt 0.999776 0.240823
vt 0.364136 0.566604
vt 0.371265 0.562250
vt 0.950711 0.239304
vt 0.999777 0.239305
vt 0.362122 0.569634
vt 0.369250 0.565281
vt 0.950711 0.237688
vt 0.999776 0.237689
vt 0.359789 0.572858
vt 0.366918 0.568505
vt 0.950712 0.235922
vt 0.999777 0.235921
vt 0.360381 0.574296
vt 0.363665 0.572291
vt 0.950711 0.233705
vt 0.999777 0.233705
vt 0.360782 0.574951
vt 0.361966 0.574228
vt 0.950711 0.232561
vt 0.999776 0.232561
vt 0.950711 0.231945
vt 0.999776 0.231944
vt 0.835495 0.573681
vt 0.838775 0.571677
vt 0.837077 0.573612
vt 0.835894 0.574336
vt 0.832999 0.575205
vt 0.835044 0.574854
vt 0.950711 0.231502
vt 0.999776 0.231501
vt 0.830374 0.575011
vt 0.834903 0.572245
vt 0.842024 0.567895
vt 0.828857 0.574140
vt 0.837232 0.569024
vt 0.844353 0.564675
vt 0.827667 0.573070
vt 0.839246 0.565997
vt 0.846366 0.561647
vt 0.827180 0.571570
vt 0.841051 0.563096
vt 0.848171 0.558748
vt 0.826535 0.567470
vt 0.844677 0.556388
vt 0.851798 0.552039
vt 0.822745 0.560797
vt 0.849118 0.544688
vt 0.856238 0.540339
vt 0.817809 0.554825
vt 0.850850 0.534644
vt 0.857970 0.530294
vt 0.812354 0.549171
vt 0.852894 0.524407
vt 0.860015 0.520058
vt 0.807303 0.543268
vt 0.848896 0.517863
vt 0.859384 0.511456
vt 0.802043 0.537494
vt 0.844898 0.511317
vt 0.859596 0.502339
vt 0.798044 0.530949
vt 0.840901 0.504772
vt 0.861066 0.492455
vt 0.794046 0.524404
vt 0.836902 0.498226
vt 0.864144 0.481586
vt 0.790049 0.517858
vt 0.832904 0.491682
vt 0.868929 0.469677
vt 0.788050 0.514586
vt 0.830906 0.488408
vt 0.872576 0.462956
vt 0.786051 0.511313
vt 0.828907 0.485136
vt 0.877268 0.455596
vt 0.784051 0.508040
vt 0.826908 0.481864
vt 0.825143 0.478974
vt 0.782286 0.505151
vt 0.762098 0.517483
vt 0.768596 0.517482
vt 0.774986 0.518071
vt 0.950711 0.188702
vt 0.999776 0.188702
vt 0.999776 0.191554
vt 0.950711 0.191555
vt 0.950711 0.185813
vt 0.999777 0.185814
vt 0.781585 0.518534
vt 0.999776 0.194495
vt 0.950711 0.194495
vt 0.787139 0.519635
vt 0.999777 0.197012
vt 0.950712 0.197012
vt 0.791347 0.526053
vt 0.999776 0.200423
vt 0.950711 0.200423
vt 0.795505 0.532500
vt 0.999776 0.203834
vt 0.950711 0.203834
vt 0.800468 0.538456
vt 0.999777 0.207281
vt 0.950712 0.207280
vt 0.805729 0.544229
vt 0.999776 0.210753
vt 0.950711 0.210752
vt 0.810779 0.550131
vt 0.999776 0.214206
vt 0.950711 0.214206
vt 0.816235 0.555787
vt 0.999777 0.217698
vt 0.950712 0.217699
vt 0.821171 0.561759
vt 0.999776 0.221143
vt 0.950711 0.221143
vt 0.824961 0.568432
vt 0.999776 0.224554
vt 0.950711 0.224553
vt 0.825605 0.572532
vt 0.999776 0.226398
vt 0.950711 0.226399
vt 0.826092 0.574031
vt 0.999777 0.227100
vt 0.950711 0.227100
vt 0.827283 0.575102
vt 0.999776 0.227812
vt 0.950711 0.227812
vt 0.828800 0.575973
vt 0.999776 0.228589
vt 0.950711 0.228589
vt 0.831425 0.576167
vt 0.999776 0.229759
vt 0.950711 0.229759
vt 0.833470 0.575816
vt 0.999776 0.230682
vt 0.950711 0.230681
vt 0.357882 0.575822
vt 0.356307 0.576785
vt 0.358355 0.576434
vt 0.359930 0.575471
vt 0.355255 0.575628
vt 0.353680 0.576591
vt 0.353737 0.574756
vt 0.352161 0.575718
vt 0.352545 0.573684
vt 0.350970 0.574647
vt 0.352057 0.572183
vt 0.350482 0.573146
vt 0.351412 0.568079
vt 0.349836 0.569041
vt 0.347618 0.561399
vt 0.346042 0.562361
vt 0.342678 0.555420
vt 0.341102 0.556383
vt 0.337215 0.549759
vt 0.335639 0.550722
vt 0.332160 0.543851
vt 0.330584 0.544813
vt 0.326893 0.538070
vt 0.325318 0.539033
vt 0.322892 0.531518
vt 0.320350 0.533070
vt 0.318889 0.524966
vt 0.316186 0.526617
vt 0.314887 0.518414
vt 0.311974 0.520193
vt 0.312885 0.515137
vt 0.306414 0.519090
vt 0.310884 0.511861
vt 0.299808 0.518627
vt 0.308884 0.508585
vt 0.293411 0.518036
vt 0.307117 0.505693
vt 0.286906 0.518038
vt 0.346017 0.472935
vt 0.303114 0.499140
vt 0.272841 0.517632
vt 0.950712 0.179565
vt 0.999777 0.179565
vt 0.299112 0.492588
vt 0.256980 0.518323
vt 0.950712 0.172515
vt 0.999777 0.172514
vt 0.748048 0.517077
vt 0.778289 0.498606
vt 0.732203 0.517768
vt 0.774291 0.492060
vt 0.718213 0.517327
vt 0.770293 0.485516
vt 0.950711 0.166293
vt 0.999776 0.166293
vt 0.704223 0.516884
vt 0.766295 0.478970
vt 0.950711 0.160070
vt 0.999776 0.160071
vt 0.688635 0.517418
vt 0.762297 0.472425
vt 0.950711 0.153138
vt 0.999776 0.153137
vt 0.675045 0.516732
vt 0.758299 0.465880
vt 0.950712 0.147088
vt 0.999777 0.147089
vt 0.660655 0.516534
vt 0.754302 0.459334
vt 0.950711 0.140691
vt 0.999777 0.140691
vt 0.647465 0.515604
vt 0.750303 0.452789
vt 0.950711 0.134813
vt 0.999776 0.134813
vt 0.633076 0.515406
vt 0.746305 0.446244
vt 0.950712 0.128415
vt 0.999777 0.128416
vt 0.620684 0.513987
vt 0.742308 0.439698
vt 0.950711 0.122871
vt 0.999777 0.122872
vt 0.607493 0.513057
vt 0.738310 0.433154
vt 0.950712 0.116993
vt 0.999777 0.116993
vt 0.595103 0.511639
vt 0.734311 0.426608
vt 0.950712 0.111449
vt 0.999777 0.111449
vt 0.583111 0.509976
vt 0.730314 0.420063
vt 0.950711 0.106067
vt 0.999776 0.106068
vt 0.572319 0.507581
vt 0.726315 0.413517
vt 0.950712 0.101154
vt 0.999777 0.101153
vt 0.560290 0.505941
vt 0.722318 0.406973
vt 0.950711 0.095757
vt 0.999776 0.095757
vt 0.549356 0.503632
vt 0.718320 0.400427
vt 0.950712 0.090789
vt 0.999777 0.090789
vt 0.539883 0.500432
vt 0.714322 0.393882
vt 0.950711 0.086343
vt 0.999776 0.086344
vt 0.530043 0.497454
vt 0.710325 0.387337
vt 0.950712 0.081774
vt 0.999777 0.081775
vt 0.520143 0.494515
vt 0.706326 0.380791
vt 0.950712 0.077183
vt 0.999777 0.077183
vt 0.511441 0.490843
vt 0.702328 0.374247
vt 0.950712 0.072984
vt 0.999777 0.072985
vt 0.504963 0.485813
vt 0.698331 0.367701
vt 0.950711 0.069339
vt 0.999777 0.069339
vt 0.499415 0.480214
vt 0.694333 0.361156
vt 0.950712 0.065835
vt 0.999777 0.065835
vt 0.493129 0.475067
vt 0.690334 0.354611
vt 0.950712 0.062223
vt 0.999777 0.062224
vt 0.215067 0.354990
vt 0.017649 0.475574
vt 0.023941 0.480728
vt 0.219069 0.361543
vt 0.029496 0.486332
vt 0.223070 0.368095
vt 0.261971 0.335338
vt 0.265973 0.341890
vt 0.257969 0.328785
vt 0.227073 0.374648
vt 0.269975 0.348442
vt 0.035980 0.491368
vt 0.231075 0.381200
vt 0.273977 0.354995
vt 0.044691 0.495044
vt 0.235078 0.387751
vt 0.277979 0.361547
vt 0.054604 0.497987
vt 0.239080 0.394304
vt 0.281982 0.368099
vt 0.064453 0.500968
vt 0.243081 0.400856
vt 0.285983 0.374651
vt 0.073936 0.504171
vt 0.247084 0.407408
vt 0.289986 0.381203
vt 0.084882 0.506483
vt 0.251086 0.413961
vt 0.293988 0.387756
vt 0.096924 0.508124
vt 0.255088 0.420513
vt 0.297990 0.394308
vt 0.107727 0.510522
vt 0.259091 0.427065
vt 0.301992 0.400860
vt 0.119732 0.512187
vt 0.263093 0.433618
vt 0.305995 0.407413
vt 0.132136 0.513606
vt 0.267094 0.440170
vt 0.309996 0.413965
vt 0.145341 0.514538
vt 0.271097 0.446722
vt 0.313999 0.420517
vt 0.157745 0.515958
vt 0.275099 0.453274
vt 0.318001 0.427069
vt 0.172150 0.516156
vt 0.279101 0.459827
vt 0.322003 0.433622
vt 0.185355 0.517087
vt 0.283104 0.466379
vt 0.326006 0.440174
vt 0.199760 0.517286
vt 0.287106 0.472932
vt 0.330008 0.446727
vt 0.213365 0.517973
vt 0.291108 0.479483
vt 0.334010 0.453278
vt 0.228969 0.517438
vt 0.295110 0.486035
vt 0.338012 0.459831
vt 0.242975 0.517880
vt 0.342014 0.466384
vt 0.418613 0.419596
vt 0.417732 0.411137
vt 0.418735 0.428519
vt 0.470880 0.378674
vt 0.469681 0.388404
vt 0.467214 0.398907
vt 0.417091 0.402533
vt 0.472479 0.368701
vt 0.415730 0.394367
vt 0.472878 0.359460
vt 0.414368 0.386202
vt 0.473276 0.350220
vt 0.413487 0.377743
vt 0.474476 0.340491
vt 0.412366 0.369431
vt 0.475275 0.331006
vt 0.409564 0.362145
vt 0.473274 0.323231
vt 0.408202 0.353981
vt 0.473673 0.313991
vt 0.406361 0.346109
vt 0.473271 0.305239
vt 0.404519 0.338237
vt 0.472870 0.296487
vt 0.401716 0.330951
vt 0.470869 0.288713
vt 0.398915 0.323666
vt 0.468867 0.280939
vt 0.396229 0.316310
vt 0.467058 0.273047
vt 0.393103 0.309222
vt 0.464516 0.265602
vt 0.389978 0.302134
vt 0.461976 0.258157
vt 0.386853 0.295045
vt 0.459436 0.250712
vt 0.383639 0.288012
vt 0.456747 0.243358
vt 0.380520 0.280921
vt 0.454216 0.235906
vt 0.377465 0.273789
vt 0.451793 0.228390
vt 0.374207 0.266783
vt 0.449032 0.221080
vt 0.371370 0.259520
vt 0.446971 0.213341
vt 0.368131 0.252501
vt 0.253966 0.322234
vt 0.444240 0.206013
vt 0.442771 0.201903
vt 0.367529 0.247862
vt 0.254666 0.316798
vt 0.000236 0.677147
vt 0.045526 0.677141
vt 0.045527 0.679388
vt 0.000236 0.679393
vt 0.045527 0.681257
vt 0.000236 0.681262
vt 0.178017 0.366825
vt 0.181341 0.366702
vt 0.249502 0.323161
vt 0.011883 0.470463
vt 0.011217 0.468707
vt 0.950712 0.058802
vt 0.999777 0.058801
vt 0.950712 0.057967
vt 0.999777 0.057968
vt 0.950711 0.054475
vt 0.999776 0.054474
vt 0.169577 0.362982
vt 0.008678 0.461261
vt 0.950712 0.051019
vt 0.999777 0.051019
vt 0.162211 0.358485
vt 0.005758 0.454048
vt 0.950712 0.047548
vt 0.999777 0.047548
vt 0.153969 0.354522
vt 0.003003 0.446734
vt 0.950712 0.043427
vt 0.999777 0.043427
vt 0.144922 0.351051
vt 0.003451 0.437464
vt 0.950711 0.039344
vt 0.999776 0.039345
vt 0.130960 0.350583
vt 0.003763 0.428276
vt 0.950712 0.038582
vt 0.999777 0.038583
vt 0.130211 0.349357
vt 0.003616 0.426566
vt 0.112184 0.359469
vt 0.003809 0.425549
vt 0.950712 0.038123
vt 0.999777 0.038123
vt 0.106964 0.360859
vt 0.003873 0.423710
vt 0.950712 0.037306
vt 0.999777 0.037306
vt 0.103286 0.361306
vt 0.003871 0.421912
vt 0.950711 0.036508
vt 0.999776 0.036507
vt 0.086565 0.362521
vt 0.007027 0.410988
vt 0.950712 0.031458
vt 0.999776 0.031458
vt 0.072525 0.362101
vt 0.010622 0.399796
vt 0.950711 0.026238
vt 0.999776 0.026238
vt 0.060719 0.360316
vt 0.016785 0.387034
vt 0.950712 0.019945
vt 0.999777 0.019945
vt 0.048582 0.358732
vt 0.026412 0.372157
vt 0.950711 0.012076
vt 0.999776 0.012077
vt 0.039744 0.360892
vt 0.030905 0.366942
vt 0.950712 0.009020
vt 0.999777 0.009019
vt 0.950712 0.004263
vt 0.999777 0.004264
vt 0.524029 0.358348
vt 0.501883 0.371760
vt 0.506370 0.366550
vt 0.515200 0.360507
vt 0.950712 0.000223
vt 0.999777 0.000223
vt 0.000246 0.764255
vt 0.045536 0.764250
vt 0.045537 0.769267
vt 0.000246 0.769272
vt 0.536153 0.359930
vt 0.492265 0.386620
vt 0.547946 0.361714
vt 0.486109 0.399368
vt 0.000245 0.759361
vt 0.045536 0.759355
vt 0.000244 0.753604
vt 0.045535 0.753598
vt 0.561971 0.362134
vt 0.482518 0.410549
vt 0.578673 0.360919
vt 0.479366 0.421462
vt 0.000243 0.746731
vt 0.045534 0.746726
vt 0.000243 0.745213
vt 0.045534 0.745207
vt 0.582347 0.360473
vt 0.479368 0.423258
vt 0.587562 0.359085
vt 0.479304 0.425094
vt 0.000243 0.742999
vt 0.045534 0.742994
vt 0.000242 0.734527
vt 0.045533 0.734521
vt 0.605570 0.348985
vt 0.479111 0.426110
vt 0.660532 0.317094
vt 0.606318 0.350208
vt 0.655662 0.318271
vt 0.479258 0.427819
vt 0.000242 0.732591
vt 0.045533 0.732585
vt 0.609143 0.345903
vt 0.652391 0.319370
vt 0.615939 0.340854
vt 0.648264 0.320992
vt 0.000241 0.729116
vt 0.045533 0.729111
vt 0.622223 0.336116
vt 0.643406 0.323061
vt 0.000241 0.725887
vt 0.045533 0.725881
vt 0.632013 0.329237
vt 0.634783 0.327430
vt 0.000240 0.720978
vt 0.045532 0.720972
vt 0.000240 0.719620
vt 0.045532 0.719614
vt 0.146882 0.336476
vt 0.168087 0.323408
vt 0.159455 0.327779
vt 0.156683 0.329590
vt 0.000240 0.715654
vt 0.045531 0.715648
vt 0.000239 0.713488
vt 0.045531 0.713482
vt 0.140591 0.341218
vt 0.172951 0.321336
vt 0.133788 0.346274
vt 0.177083 0.319712
vt 0.000239 0.711668
vt 0.045531 0.711662
vt 0.000239 0.710252
vt 0.045531 0.710247
vt 0.180356 0.318613
vt 0.185233 0.317433
vt 0.000239 0.708195
vt 0.045530 0.708189
vt 0.205553 0.314018
vt 0.000238 0.699749
vt 0.045529 0.699744
vt 0.680831 0.313682
vt 0.620266 0.350677
vt 0.000238 0.694358
vt 0.045529 0.694352
vt 0.693933 0.314667
vt 0.629302 0.354144
vt 0.704514 0.317190
vt 0.637535 0.358102
vt 0.000237 0.689894
vt 0.045528 0.689889
vt 0.478499 0.446256
vt 0.478947 0.436996
vt 0.481251 0.453563
vt 0.713777 0.320520
vt 0.644894 0.362595
vt 0.484168 0.460769
vt 0.653324 0.366432
vt 0.486703 0.468207
vt 0.724734 0.322814
vt 0.045528 0.685850
vt 0.000237 0.685855
vt 0.238534 0.320864
vt 0.229262 0.317531
vt 0.218669 0.315004
vt 0.729192 0.321888
vt 0.656646 0.366310
vt 0.487369 0.469960
vt 0.733191 0.328434
vt 0.737189 0.334979
vt 0.741186 0.341525
vt 0.745184 0.348069
vt 0.749183 0.354615
vt 0.753180 0.361160
vt 0.757178 0.367705
vt 0.761176 0.374251
vt 0.765174 0.380795
vt 0.769172 0.387341
vt 0.773169 0.393886
vt 0.777168 0.400431
vt 0.781166 0.406976
vt 0.785163 0.413522
vt 0.789161 0.420067
vt 0.793160 0.426612
vt 0.797157 0.433157
vt 0.801155 0.439703
vt 0.805153 0.446247
vt 0.809151 0.452793
vt 0.813149 0.459338
vt 0.817147 0.465884
vt 0.821144 0.472429
vt 0.729892 0.316459
vt 0.000235 0.673983
vt 0.045526 0.673978
vt 0.726579 0.309496
vt 0.721996 0.303309
vt 0.000235 0.670824
vt 0.045526 0.670818
vt 0.364763 0.240555
vt 0.361237 0.233711
vt 0.246762 0.303634
vt 0.251351 0.309827
vt 0.440370 0.194373
vt 0.437553 0.187096
vt 0.357008 0.227298
vt 0.240415 0.298514
vt 0.434736 0.179820
vt 0.352576 0.221008
vt 0.233773 0.293573
vt 0.431776 0.172632
vt 0.000234 0.664088
vt 0.045525 0.664082
vt 0.045525 0.667475
vt 0.000234 0.667480
vt 0.709021 0.293259
vt 0.715656 0.298194
vt 0.000234 0.660374
vt 0.045524 0.660369
vt 0.700924 0.289218
vt 0.692533 0.285356
vt 0.000233 0.656584
vt 0.045524 0.656578
vt 0.347448 0.215143
vt 0.342247 0.209323
vt 0.217267 0.285662
vt 0.225667 0.289529
vt 0.428636 0.165553
vt 0.425568 0.158431
vt 0.336800 0.203653
vt 0.208574 0.281974
vt 0.422284 0.151439
vt 0.418892 0.144514
vt 0.330701 0.198381
vt 0.198415 0.279184
vt 0.000232 0.648395
vt 0.045523 0.648390
vt 0.045523 0.652708
vt 0.000233 0.652713
vt 0.673700 0.278885
vt 0.683849 0.281673
vt 0.000232 0.644354
vt 0.045522 0.644349
vt 0.664431 0.275560
vt 0.653697 0.273129
vt 0.000231 0.639838
vt 0.045522 0.639832
vt 0.324933 0.192908
vt 0.318588 0.187786
vt 0.178390 0.273421
vt 0.189135 0.275854
vt 0.415465 0.137611
vt 0.412054 0.130697
vt 0.312299 0.182631
vt 0.168232 0.270629
vt 0.408345 0.123966
vt 0.305975 0.177498
vt 0.157685 0.268075
vt 0.404835 0.117113
vt 0.000230 0.631072
vt 0.045521 0.631066
vt 0.045521 0.635514
vt 0.000230 0.635520
vt 0.633014 0.267788
vt 0.643550 0.270340
vt 0.000229 0.626624
vt 0.045520 0.626618
vt 0.622479 0.265235
vt 0.611010 0.263254
vt 0.000229 0.621847
vt 0.045519 0.621842
vt 0.299594 0.172399
vt 0.292778 0.167565
vt 0.135656 0.263536
vt 0.147139 0.265520
vt 0.401231 0.110317
vt 0.397524 0.103585
vt 0.286166 0.162606
vt 0.124642 0.261266
vt 0.393849 0.096833
vt 0.390091 0.090132
vt 0.278945 0.158020
vt 0.112226 0.259854
vt 0.000227 0.612116
vt 0.045518 0.612110
vt 0.045519 0.617233
vt 0.000228 0.617237
vt 0.587603 0.259576
vt 0.600007 0.260988
vt 0.000227 0.607340
vt 0.045518 0.607334
vt 0.576134 0.257595
vt 0.563731 0.256184
vt 0.000226 0.602217
vt 0.045517 0.602212
vt 0.271951 0.153295
vt 0.264801 0.148666
vt 0.088327 0.256458
vt 0.100744 0.257870
vt 0.386089 0.083579
vt 0.382450 0.076804
vt 0.257739 0.143983
vt 0.076378 0.254759
vt 0.378646 0.070131
vt 0.249248 0.140172
vt 0.060868 0.255237
vt 0.374835 0.063463
vt 0.000225 0.590909
vt 0.045516 0.590904
vt 0.045516 0.597265
vt 0.000226 0.597270
vt 0.536300 0.254964
vt 0.551794 0.254487
vt 0.000224 0.584732
vt 0.045515 0.584727
vt 0.521248 0.255172
vt 0.503101 0.257268
vt 0.000223 0.577236
vt 0.045514 0.577231
vt 0.240904 0.136271
vt 0.231423 0.133067
vt 0.027632 0.257543
vt 0.045799 0.255443
vt 0.370974 0.056824
vt 0.367283 0.050082
vt 0.221493 0.130135
vt 0.008580 0.260184
vt 0.363436 0.043435
vt 0.359833 0.036639
vt 0.216577 0.124141
vt 0.001693 0.255393
vt 0.890563 0.965746
vt 0.978882 0.965747
vt 0.978882 0.972452
vt 0.890564 0.972451
vt 0.978881 0.987825
vt 0.890564 0.987826
vt 0.477190 0.255121
vt 0.484069 0.259906
vt 0.890564 0.959167
vt 0.978882 0.959167
vt 0.475721 0.247031
vt 0.475771 0.238013
vt 0.890564 0.951951
vt 0.978882 0.951951
vt 0.213611 0.116955
vt 0.211230 0.109413
vt 0.000273 0.238267
vt 0.000223 0.247294
vt 0.355870 0.030063
vt 0.351868 0.023510
vt 0.202003 0.105912
vt 0.001119 0.229449
vt 0.335926 0.023555
vt 0.184899 0.108198
vt 0.002182 0.219803
vt 0.306711 0.033794
vt 0.890563 0.937113
vt 0.978882 0.937114
vt 0.978882 0.944870
vt 0.890564 0.944871
vt 0.477677 0.219569
vt 0.476616 0.229205
vt 0.890563 0.929058
vt 0.978882 0.929058
vt 0.479245 0.209624
vt 0.479800 0.200298
vt 0.890564 0.921582
vt 0.978882 0.921582
vt 0.176136 0.104553
vt 0.167575 0.100786
vt 0.004308 0.200511
vt 0.003751 0.209848
vt 0.291060 0.034358
vt 0.276420 0.034302
vt 0.159623 0.096647
vt 0.004864 0.191174
vt 0.262794 0.033628
vt 0.251702 0.031407
vt 0.153392 0.091456
vt 0.005926 0.181528
vt 0.978882 0.914106
vt 0.890564 0.914105
vt 0.147060 0.086326
vt 0.005976 0.172502
vt 0.241114 0.028877
vt 0.231541 0.025727
vt 0.141740 0.080578
vt 0.007039 0.162856
vt 0.137739 0.074026
vt 0.007596 0.153518
vt 0.224500 0.021032
vt 0.978882 0.644301
vt 0.890564 0.644300
vt 0.890564 0.637535
vt 0.978882 0.637536
vt 0.978882 0.651517
vt 0.890564 0.651516
vt 0.333296 0.647002
vt 0.333238 0.659517
vt 0.293758 0.653079
vt 0.329316 0.671403
vt 0.321913 0.681494
vt 0.311755 0.688804
vt 0.299835 0.692617
vt 0.287319 0.692560
vt 0.275434 0.688639
vt 0.265343 0.681235
vt 0.258032 0.671076
vt 0.254219 0.659156
vt 0.254277 0.646641
vt 0.258198 0.634756
vt 0.265601 0.624665
vt 0.275760 0.617354
vt 0.287680 0.613541
vt 0.300196 0.613597
vt 0.312081 0.617520
vt 0.322172 0.624922
vt 0.329483 0.635082
vt 0.329862 0.634891
vt 0.333714 0.646938
vt 0.333657 0.659586
vt 0.334099 0.659659
vt 0.334157 0.646870
vt 0.330262 0.634690
vt 0.330679 0.634479
vt 0.334620 0.646799
vt 0.334560 0.659734
vt 0.322792 0.624309
vt 0.323124 0.623980
vt 0.322474 0.624624
vt 0.326001 0.621116
vt 0.334300 0.632644
vt 0.338630 0.646173
vt 0.327911 0.619230
vt 0.336699 0.631440
vt 0.341284 0.645770
vt 0.329829 0.617337
vt 0.339108 0.630233
vt 0.343948 0.645367
vt 0.341216 0.660814
vt 0.338567 0.660377
vt 0.343875 0.661253
vt 0.336503 0.675101
vt 0.334120 0.673867
vt 0.338896 0.676340
vt 0.346555 0.661698
vt 0.341308 0.677592
vt 0.346635 0.644961
vt 0.366348 0.664576
vt 0.359243 0.686445
vt 0.366348 0.641582
vt 0.366836 0.664653
vt 0.359682 0.686669
vt 0.366836 0.641505
vt 0.359242 0.619712
vt 0.359681 0.619488
vt 0.341538 0.629018
vt 0.331764 0.615430
vt 0.345726 0.601109
vt 0.346075 0.600760
vt 0.317019 0.607940
vt 0.318270 0.605528
vt 0.327122 0.587593
vt 0.315779 0.610332
vt 0.301932 0.602961
vt 0.302376 0.600281
vt 0.301492 0.605619
vt 0.301055 0.608269
vt 0.314546 0.612717
vt 0.312695 0.616330
vt 0.300412 0.612276
vt 0.300337 0.612738
vt 0.312481 0.616745
vt 0.300264 0.613179
vt 0.312276 0.617143
vt 0.287616 0.613121
vt 0.287548 0.612679
vt 0.275569 0.616975
vt 0.275368 0.616575
vt 0.275157 0.616158
vt 0.287477 0.612216
vt 0.273323 0.612537
vt 0.286851 0.608206
vt 0.272119 0.610138
vt 0.286447 0.605552
vt 0.270911 0.607728
vt 0.286044 0.602888
vt 0.285638 0.600202
vt 0.269696 0.605299
vt 0.259908 0.618926
vt 0.258015 0.617008
vt 0.256108 0.615073
vt 0.241786 0.601113
vt 0.260388 0.587596
vt 0.282257 0.580489
vt 0.260163 0.587157
vt 0.282180 0.580002
vt 0.241436 0.600764
vt 0.246206 0.628568
vt 0.228271 0.619717
vt 0.227832 0.619493
vt 0.227393 0.619271
vt 0.241088 0.600417
vt 0.259940 0.586718
vt 0.240742 0.600071
vt 0.259717 0.586283
vt 0.226957 0.619049
vt 0.220679 0.641509
vt 0.220193 0.641433
vt 0.219710 0.641356
vt 0.217909 0.641068
vt 0.225333 0.618217
vt 0.239454 0.598780
vt 0.600040 0.991010
vt 0.600040 0.986795
vt 0.620760 0.986795
vt 0.620760 0.991010
vt 0.641479 0.986795
vt 0.641479 0.991010
vt 0.662199 0.986795
vt 0.662199 0.991010
vt 0.258892 0.584656
vt 0.682918 0.986795
vt 0.682918 0.991010
vt 0.282025 0.579032
vt 0.281743 0.577231
vt 0.282102 0.579517
vt 0.305481 0.579031
vt 0.305406 0.579515
vt 0.305771 0.577231
vt 0.327791 0.586278
vt 0.328622 0.584656
vt 0.327569 0.586715
vt 0.346768 0.600065
vt 0.346422 0.600412
vt 0.348060 0.598779
vt 0.703638 0.991010
vt 0.703638 0.986795
vt 0.724358 0.986795
vt 0.724358 0.991010
vt 0.745079 0.986795
vt 0.745079 0.991010
vt 0.765799 0.986795
vt 0.765799 0.991010
vt 0.360555 0.619042
vt 0.362182 0.618217
vt 0.786518 0.986795
vt 0.786518 0.991010
vt 0.367804 0.641350
vt 0.369605 0.641068
vt 0.360120 0.619265
vt 0.367321 0.641427
vt 0.367805 0.664805
vt 0.367320 0.664729
vt 0.369605 0.665094
vt 0.360121 0.686892
vt 0.360557 0.687114
vt 0.346423 0.705744
vt 0.346076 0.705397
vt 0.346771 0.706090
vt 0.327795 0.719877
vt 0.327573 0.719441
vt 0.327349 0.719003
vt 0.345727 0.705048
vt 0.327125 0.718564
vt 0.305333 0.726157
vt 0.305256 0.725669
vt 0.305411 0.726642
vt 0.282185 0.726157
vt 0.282261 0.725671
vt 0.282109 0.726643
vt 0.260169 0.719005
vt 0.260393 0.718565
vt 0.259947 0.719443
vt 0.241441 0.705400
vt 0.241790 0.705050
vt 0.241094 0.705748
vt 0.227835 0.686672
vt 0.228274 0.686448
vt 0.227397 0.686896
vt 0.220680 0.664658
vt 0.221168 0.664580
vt 0.220195 0.664735
vt 0.221166 0.641586
vt 0.240960 0.644461
vt 0.240881 0.661199
vt 0.243639 0.644906
vt 0.248618 0.629819
vt 0.243566 0.660793
vt 0.248407 0.675925
vt 0.245978 0.677141
vt 0.250816 0.674718
vt 0.246231 0.660390
vt 0.246298 0.645346
vt 0.248885 0.659986
vt 0.248947 0.645782
vt 0.253215 0.673514
vt 0.259605 0.686928
vt 0.257686 0.688821
vt 0.261515 0.685042
vt 0.256836 0.671679
vt 0.264391 0.682177
vt 0.252895 0.659359
vt 0.264723 0.681849
vt 0.257254 0.671469
vt 0.253358 0.659289
vt 0.252955 0.646425
vt 0.253416 0.646501
vt 0.257008 0.634143
vt 0.257423 0.634356
vt 0.253395 0.632292
vt 0.251011 0.631058
vt 0.261794 0.620836
vt 0.264658 0.623713
vt 0.264987 0.624045
vt 0.257822 0.634562
vt 0.265302 0.624363
vt 0.253858 0.646573
vt 0.253801 0.659221
vt 0.257654 0.671268
vt 0.265041 0.681535
vt 0.275240 0.689015
vt 0.275034 0.689413
vt 0.274821 0.689829
vt 0.287178 0.693421
vt 0.287103 0.693881
vt 0.287251 0.692979
vt 0.286460 0.697890
vt 0.272970 0.693441
vt 0.286023 0.700538
vt 0.271736 0.695825
vt 0.285583 0.703197
vt 0.270496 0.698219
vt 0.269246 0.700630
vt 0.255751 0.690729
vt 0.285139 0.705877
vt 0.301067 0.700606
vt 0.301471 0.703270
vt 0.301876 0.705956
vt 0.316603 0.698430
vt 0.317818 0.700860
vt 0.329499 0.689151
vt 0.331406 0.691086
vt 0.327607 0.687233
vt 0.315395 0.696021
vt 0.314192 0.693621
vt 0.300664 0.697951
vt 0.325720 0.685322
vt 0.322856 0.682446
vt 0.330507 0.672017
vt 0.312357 0.690001
vt 0.330091 0.671803
vt 0.322527 0.682114
vt 0.312147 0.689582
vt 0.300038 0.693941
vt 0.299967 0.693479
vt 0.311946 0.689183
vt 0.299899 0.693036
vt 0.322212 0.681796
vt 0.329693 0.671598
vt 0.226961 0.687119
vt 0.219712 0.664812
vt 0.225334 0.687944
vt 0.217910 0.665094
vt 0.579320 0.991010
vt 0.579320 0.986795
vt 0.558599 0.991010
vt 0.558599 0.986795
vt 0.240749 0.706094
vt 0.239457 0.707382
vt 0.537880 0.991010
vt 0.537880 0.986795
vt 0.537880 0.981808
vt 0.558599 0.981808
vt 0.579320 0.981808
vt 0.558599 0.976823
vt 0.579320 0.976823
vt 0.537880 0.976823
vt 0.517160 0.986795
vt 0.517160 0.981808
vt 0.517160 0.976823
vt 0.496440 0.986795
vt 0.496440 0.981808
vt 0.496440 0.976823
vt 0.496440 0.972608
vt 0.517160 0.972608
vt 0.537880 0.972608
vt 0.517160 0.957576
vt 0.537880 0.957576
vt 0.496440 0.957576
vt 0.475721 0.976823
vt 0.475721 0.972608
vt 0.475721 0.957576
vt 0.890117 0.972608
vt 0.869397 0.972608
vt 0.869397 0.957576
vt 0.890117 0.957576
vt 0.869397 0.976823
vt 0.890117 0.976823
vt 0.475721 0.953023
vt 0.496440 0.953023
vt 0.869397 0.953023
vt 0.890117 0.953023
vt 0.848677 0.972608
vt 0.848677 0.957576
vt 0.848677 0.953023
vt 0.848677 0.947717
vt 0.869397 0.947717
vt 0.890117 0.947717
vt 0.869397 0.942026
vt 0.890117 0.942026
vt 0.848677 0.942026
vt 0.827957 0.947717
vt 0.827957 0.942026
vt 0.827957 0.953023
vt 0.827957 0.776202
vt 0.848677 0.776202
vt 0.869397 0.776202
vt 0.827957 0.770511
vt 0.848677 0.770511
vt 0.869397 0.770511
vt 0.827957 0.765206
vt 0.848677 0.765206
vt 0.869397 0.765206
vt 0.890117 0.770511
vt 0.890117 0.776202
vt 0.890117 0.765206
vt 0.475721 0.776202
vt 0.475721 0.770511
vt 0.496440 0.770511
vt 0.496440 0.776202
vt 0.475721 0.765206
vt 0.496440 0.765206
vt 0.517160 0.770511
vt 0.517160 0.776202
vt 0.517160 0.765206
vt 0.537880 0.770511
vt 0.537880 0.776202
vt 0.537880 0.765206
vt 0.558599 0.770511
vt 0.558599 0.776202
vt 0.558599 0.765206
vt 0.579320 0.770511
vt 0.579320 0.776202
vt 0.579320 0.765206
vt 0.600040 0.770511
vt 0.600040 0.776202
vt 0.600040 0.765206
vt 0.620759 0.770511
vt 0.620760 0.776202
vt 0.620760 0.765206
vt 0.641479 0.770511
vt 0.641479 0.776202
vt 0.641479 0.765206
vt 0.662199 0.770511
vt 0.662199 0.776202
vt 0.662199 0.765206
vt 0.682918 0.770511
vt 0.682918 0.776202
vt 0.682918 0.765206
vt 0.703638 0.770511
vt 0.703638 0.776202
vt 0.703638 0.765206
vt 0.724358 0.770511
vt 0.724358 0.776202
vt 0.724358 0.765206
vt 0.745079 0.770511
vt 0.745079 0.776202
vt 0.745079 0.765206
vt 0.765799 0.770511
vt 0.765799 0.776202
vt 0.765799 0.765206
vt 0.786518 0.770511
vt 0.786518 0.776202
vt 0.786518 0.765206
vt 0.807238 0.770511
vt 0.807238 0.776202
vt 0.807238 0.765206
vt 0.807238 0.760652
vt 0.827957 0.760652
vt 0.786518 0.760652
vt 0.807238 0.745620
vt 0.827957 0.745620
vt 0.786518 0.745620
vt 0.807238 0.741406
vt 0.827957 0.741406
vt 0.786518 0.741406
vt 0.765799 0.745620
vt 0.765799 0.741406
vt 0.765799 0.760652
vt 0.745079 0.745620
vt 0.745079 0.741406
vt 0.745079 0.760652
vt 0.724358 0.760652
vt 0.724358 0.745620
vt 0.724358 0.741406
vt 0.703638 0.760652
vt 0.703638 0.745620
vt 0.682918 0.760652
vt 0.682918 0.745620
vt 0.682918 0.741406
vt 0.703638 0.741406
vt 0.682918 0.736420
vt 0.703638 0.736420
vt 0.724358 0.736420
vt 0.745079 0.736420
vt 0.724358 0.731433
vt 0.745079 0.731433
vt 0.703638 0.731433
vt 0.765799 0.736420
vt 0.765799 0.731433
vt 0.786518 0.736420
vt 0.786518 0.731433
vt 0.807238 0.736420
vt 0.807238 0.731433
vt 0.827957 0.736420
vt 0.827957 0.731434
vt 0.807238 0.727218
vt 0.827957 0.727218
vt 0.786518 0.727218
vt 0.807238 0.712187
vt 0.827957 0.712187
vt 0.786518 0.712187
vt 0.807238 0.707633
vt 0.827957 0.707633
vt 0.786518 0.707633
vt 0.765799 0.712187
vt 0.765799 0.707633
vt 0.765799 0.727218
vt 0.807238 0.702328
vt 0.786518 0.702328
vt 0.765799 0.702328
vt 0.765799 0.696636
vt 0.786518 0.696636
vt 0.807238 0.696636
vt 0.745079 0.702328
vt 0.745079 0.696636
vt 0.745079 0.707633
vt 0.745079 0.667785
vt 0.765799 0.667785
vt 0.786518 0.667785
vt 0.765799 0.633163
vt 0.786518 0.633163
vt 0.745079 0.633163
vt 0.724358 0.696636
vt 0.724358 0.667785
vt 0.724358 0.633163
vt 0.724358 0.600849
vt 0.745079 0.600849
vt 0.765799 0.600849
vt 0.724358 0.576613
vt 0.745079 0.576613
vt 0.765799 0.576613
vt 0.193108 0.724354
vt 0.171135 0.740318
vt 0.169499 0.737120
vt 0.190564 0.721817
vt 0.209072 0.702381
vt 0.205868 0.700754
vt 0.131723 0.662972
vt 0.213916 0.675993
vt 0.217463 0.676550
vt 0.217463 0.649391
vt 0.213917 0.649957
vt 0.807238 0.600849
vt 0.786518 0.600849
vt 0.786518 0.576613
vt 0.807238 0.576613
vt 0.827957 0.600849
vt 0.827957 0.576613
vt 0.209070 0.623560
vt 0.205872 0.625195
vt 0.193105 0.601587
vt 0.190569 0.604130
vt 0.848677 0.600849
vt 0.848677 0.576613
vt 0.827957 0.633163
vt 0.807238 0.633163
vt 0.848677 0.633163
vt 0.869397 0.633163
vt 0.869397 0.600849
vt 0.869397 0.576613
vt 0.890117 0.600849
vt 0.890117 0.576613
vt 0.890117 0.633163
vt 0.890117 0.667785
vt 0.869397 0.667785
vt 0.848677 0.667785
vt 0.496440 0.667785
vt 0.475721 0.667785
vt 0.475721 0.633163
vt 0.496440 0.633163
vt 0.475721 0.600849
vt 0.496440 0.600849
vt 0.517160 0.667785
vt 0.517160 0.633163
vt 0.517160 0.600849
vt 0.475721 0.576613
vt 0.496440 0.576613
vt 0.517160 0.576613
vt 0.118142 0.577232
vt 0.145303 0.577231
vt 0.144746 0.580780
vt 0.118709 0.580779
vt 0.092311 0.585624
vt 0.093948 0.588822
vt 0.070339 0.601589
vt 0.072883 0.604125
vt 0.054375 0.623562
vt 0.057579 0.625188
vt 0.558599 0.600849
vt 0.537880 0.600849
vt 0.537880 0.576613
vt 0.558599 0.576613
vt 0.558599 0.633163
vt 0.537880 0.633163
vt 0.579320 0.633163
vt 0.579320 0.600849
vt 0.579320 0.576613
vt 0.600040 0.633163
vt 0.600040 0.600849
vt 0.600040 0.576613
vt 0.045983 0.649393
vt 0.049531 0.649949
vt 0.045983 0.676553
vt 0.049530 0.675986
vt 0.057575 0.700748
vt 0.054377 0.702383
vt 0.072878 0.721812
vt 0.070341 0.724356
vt 0.641479 0.600849
vt 0.620759 0.600849
vt 0.620759 0.576613
vt 0.641479 0.576613
vt 0.662199 0.600849
vt 0.662199 0.576613
vt 0.092314 0.740319
vt 0.093940 0.737116
vt 0.682918 0.600849
vt 0.682918 0.576613
vt 0.118145 0.748712
vt 0.118702 0.745164
vt 0.145304 0.748712
vt 0.144737 0.745165
vt 0.703638 0.600849
vt 0.703638 0.576613
vt 0.703638 0.633163
vt 0.682918 0.633163
vt 0.662199 0.633163
vt 0.703638 0.667785
vt 0.682918 0.667785
vt 0.662199 0.667785
vt 0.641479 0.667785
vt 0.641479 0.633163
vt 0.620759 0.667785
vt 0.620759 0.633163
vt 0.600040 0.667785
vt 0.579320 0.667785
vt 0.620760 0.696636
vt 0.600040 0.696636
vt 0.579320 0.696636
vt 0.558599 0.696636
vt 0.558599 0.667785
vt 0.537880 0.667785
vt 0.537880 0.696636
vt 0.537880 0.702328
vt 0.558599 0.702328
vt 0.579320 0.702328
vt 0.537880 0.707633
vt 0.558599 0.707633
vt 0.579320 0.707633
vt 0.600040 0.702328
vt 0.600040 0.707633
vt 0.620759 0.702328
vt 0.620760 0.707633
vt 0.641479 0.696636
vt 0.641479 0.702328
vt 0.641479 0.707633
vt 0.662199 0.696636
vt 0.662199 0.702328
vt 0.662199 0.707633
vt 0.682918 0.696636
vt 0.682918 0.702328
vt 0.682918 0.707633
vt 0.703638 0.696636
vt 0.703638 0.702328
vt 0.703638 0.707633
vt 0.724358 0.702328
vt 0.724358 0.707633
vt 0.724358 0.712187
vt 0.745079 0.712187
vt 0.703638 0.712187
vt 0.745079 0.727218
vt 0.724358 0.727218
vt 0.703638 0.727218
vt 0.682918 0.731433
vt 0.682918 0.727218
vt 0.682918 0.712187
vt 0.662199 0.731433
vt 0.662199 0.727218
vt 0.662199 0.712187
vt 0.641479 0.727218
vt 0.641479 0.712187
vt 0.641479 0.731433
vt 0.620759 0.712187
vt 0.620760 0.727218
vt 0.600040 0.712187
vt 0.600040 0.727218
vt 0.600040 0.731434
vt 0.620760 0.731433
vt 0.620760 0.736420
vt 0.641479 0.736420
vt 0.600040 0.736420
vt 0.579320 0.736420
vt 0.579320 0.731433
vt 0.579320 0.727218
vt 0.579320 0.741406
vt 0.600040 0.741406
vt 0.620760 0.741406
vt 0.579320 0.745620
vt 0.600040 0.745620
vt 0.620760 0.745620
vt 0.641479 0.741406
vt 0.641479 0.745620
vt 0.662199 0.741406
vt 0.662199 0.745620
vt 0.662199 0.736420
vt 0.662199 0.760652
vt 0.641479 0.760652
vt 0.620759 0.760652
vt 0.600040 0.760652
vt 0.579320 0.760652
vt 0.558599 0.760652
vt 0.558599 0.745620
vt 0.558599 0.741406
vt 0.537880 0.745620
vt 0.537880 0.741406
vt 0.537880 0.760652
vt 0.517160 0.760652
vt 0.517160 0.745620
vt 0.517160 0.741406
vt 0.496440 0.760652
vt 0.496440 0.745620
vt 0.475721 0.760652
vt 0.475721 0.745620
vt 0.496440 0.741406
vt 0.475721 0.741406
vt 0.890117 0.760652
vt 0.869397 0.760652
vt 0.869397 0.745620
vt 0.890117 0.745620
vt 0.869397 0.741406
vt 0.890117 0.741406
vt 0.869397 0.736420
vt 0.890117 0.736420
vt 0.475721 0.736420
vt 0.496440 0.736420
vt 0.475721 0.731433
vt 0.496440 0.731433
vt 0.869397 0.731433
vt 0.890117 0.731433
vt 0.848677 0.741406
vt 0.848677 0.736420
vt 0.848677 0.731434
vt 0.848677 0.727218
vt 0.869397 0.727218
vt 0.848677 0.712187
vt 0.869397 0.712187
vt 0.848677 0.707633
vt 0.869397 0.707633
vt 0.890117 0.707633
vt 0.890117 0.712187
vt 0.890117 0.727218
vt 0.475721 0.712187
vt 0.475721 0.707633
vt 0.496440 0.707633
vt 0.496440 0.712187
vt 0.496440 0.727218
vt 0.475721 0.727218
vt 0.517160 0.727218
vt 0.517160 0.731433
vt 0.517160 0.712187
vt 0.537880 0.727218
vt 0.537880 0.731434
vt 0.537880 0.712187
vt 0.517160 0.707633
vt 0.558599 0.727218
vt 0.558599 0.712187
vt 0.579320 0.712187
vt 0.558599 0.731433
vt 0.537880 0.736420
vt 0.558599 0.736420
vt 0.517160 0.736420
vt 0.517160 0.702328
vt 0.496440 0.702328
vt 0.496440 0.696636
vt 0.517160 0.696636
vt 0.475721 0.696636
vt 0.475721 0.702328
vt 0.869397 0.702328
vt 0.869397 0.696636
vt 0.890117 0.696636
vt 0.890117 0.702328
vt 0.848677 0.702328
vt 0.848677 0.696636
vt 0.827957 0.702328
vt 0.827957 0.696636
vt 0.827957 0.667785
vt 0.807238 0.667785
vt 0.848677 0.745620
vt 0.848677 0.760652
vt 0.169507 0.588826
vt 0.171132 0.585623
vt 0.807238 0.942026
vt 0.786518 0.942026
vt 0.807238 0.947717
vt 0.786518 0.947717
vt 0.807238 0.953023
vt 0.786518 0.953023
vt 0.807238 0.957576
vt 0.786518 0.957576
vt 0.827957 0.957576
vt 0.827957 0.972608
vt 0.807238 0.972608
vt 0.807238 0.976823
vt 0.827957 0.976823
vt 0.848677 0.976823
vt 0.848677 0.981808
vt 0.869397 0.981808
vt 0.827957 0.981808
vt 0.890117 0.981808
vt 0.848677 0.986795
vt 0.869397 0.986795
vt 0.890117 0.986795
vt 0.475721 0.986795
vt 0.475721 0.981808
vt 0.475721 0.991010
vt 0.496440 0.991010
vt 0.869397 0.991010
vt 0.890117 0.991010
vt 0.517160 0.991010
vt 0.282032 0.727126
vt 0.305488 0.727126
vt 0.305770 0.728927
vt 0.281744 0.728927
vt 0.259725 0.719880
vt 0.258894 0.721503
vt 0.328620 0.721504
vt 0.348057 0.707381
vt 0.848677 0.991010
vt 0.827957 0.991010
vt 0.827957 0.986795
vt 0.362180 0.687944
vt 0.807238 0.991010
vt 0.807238 0.986795
vt 0.807238 0.981808
vt 0.786518 0.981808
vt 0.765799 0.981808
vt 0.786518 0.976823
vt 0.765799 0.976823
vt 0.786518 0.972608
vt 0.765799 0.972608
vt 0.745079 0.981808
vt 0.745079 0.976823
vt 0.745079 0.972608
vt 0.724358 0.981808
vt 0.724358 0.976823
vt 0.724358 0.972608
vt 0.724358 0.957576
vt 0.745079 0.957576
vt 0.765799 0.957576
vt 0.724358 0.953023
vt 0.745079 0.953023
vt 0.765799 0.953023
vt 0.765799 0.947717
vt 0.745079 0.947717
vt 0.745079 0.942026
vt 0.765799 0.942026
vt 0.724358 0.942026
vt 0.724358 0.947717
vt 0.703638 0.947717
vt 0.703638 0.942026
vt 0.703638 0.953023
vt 0.703638 0.957576
vt 0.682918 0.953023
vt 0.682918 0.947717
vt 0.682918 0.957576
vt 0.703638 0.972608
vt 0.682918 0.972608
vt 0.682918 0.976823
vt 0.703638 0.976823
vt 0.703638 0.981808
vt 0.682918 0.981808
vt 0.662199 0.981808
vt 0.662199 0.976823
vt 0.662199 0.972608
vt 0.641479 0.981808
vt 0.641479 0.976823
vt 0.620760 0.981808
vt 0.620760 0.976823
vt 0.600040 0.981808
vt 0.600040 0.976823
vt 0.620760 0.972608
vt 0.641479 0.972608
vt 0.600040 0.972608
vt 0.579320 0.972608
vt 0.558599 0.972608
vt 0.558599 0.957576
vt 0.579320 0.957576
vt 0.600040 0.957576
vt 0.558599 0.953023
vt 0.579320 0.953023
vt 0.600040 0.953023
vt 0.620760 0.953023
vt 0.620760 0.957576
vt 0.641479 0.957576
vt 0.641479 0.953023
vt 0.662199 0.953023
vt 0.662199 0.957576
vt 0.641479 0.947717
vt 0.662199 0.947717
vt 0.662199 0.942026
vt 0.682918 0.942026
vt 0.641479 0.942026
vt 0.620759 0.947717
vt 0.620760 0.942026
vt 0.600040 0.942026
vt 0.600040 0.947717
vt 0.579320 0.947717
vt 0.579320 0.942026
vt 0.558599 0.947717
vt 0.558599 0.942026
vt 0.537880 0.947717
vt 0.537880 0.942026
vt 0.537880 0.953023
vt 0.517160 0.953023
vt 0.517160 0.947717
vt 0.496440 0.947717
vt 0.496440 0.942026
vt 0.517160 0.942026
vt 0.475721 0.942026
vt 0.475721 0.947717
vt 0.327346 0.587153
vt 0.305329 0.580000
vt 0.305252 0.580487
s 1
usemtl initialShadingGroup.001
f 5/1/1 4/2/1 1/3/1 2/4/1
f 1/5/2 3/6/2 10/7/3 2/8/3
f 4/9/4 7/10/4 3/6/4 1/5/4
f 6/11/1 4/2/1 5/1/1 730/12/1
f 6/13/4 8/14/4 7/10/4 4/9/4
f 9/15/5 7/16/5 8/17/5 11/18/5
f 3/19/5 7/16/5 9/15/5 10/20/5
f 10/20/5 9/15/5 12/21/5 15/22/5
f 12/21/5 9/15/5 11/18/5 13/23/5
f 14/24/5 12/21/5 13/23/5 729/25/5
f 15/22/5 12/21/5 14/24/5 17/26/5
f 2/8/3 10/7/3 15/27/6 16/28/6
f 16/28/7 15/27/7 17/29/7 18/30/7
f 18/30/8 17/29/8 19/31/8 20/32/8
f 17/26/5 14/24/5 22/33/5 19/34/5
f 20/32/9 19/31/9 21/35/9 721/36/9
f 19/34/5 22/33/5 24/37/5 21/38/5
f 24/37/5 22/33/5 23/39/5 26/40/5
f 22/33/5 14/24/5 729/25/5 23/39/5
f 21/38/5 24/37/5 25/41/5 722/42/5
f 25/41/5 24/37/5 26/40/5 28/43/5
f 23/44/10 724/45/10 27/46/10 26/47/10
f 26/47/11 27/46/11 29/48/11 28/49/11
f 31/50/5 25/41/5 28/43/5 30/51/5
f 28/49/12 29/48/12 32/52/12 30/53/12
f 34/54/5 31/50/5 30/51/5 33/55/5
f 30/53/13 32/52/13 35/56/13 33/57/13
f 37/58/5 34/54/5 33/55/5 36/59/5
f 33/57/14 35/56/14 38/60/14 36/61/14
f 40/62/5 37/58/5 36/59/5 39/63/5
f 36/64/15 38/65/15 41/66/15 39/67/15
f 43/68/5 40/62/5 39/63/5 42/69/5
f 39/67/16 41/66/16 44/70/16 42/71/16
f 46/72/5 43/68/5 42/69/5 45/73/5
f 42/71/17 44/70/17 47/74/18 45/75/18
f 49/76/5 46/72/5 45/73/5 48/77/5
f 45/75/18 47/74/18 50/78/19 48/79/19
f 52/80/5 49/76/5 48/77/5 51/81/5
f 48/79/19 50/78/19 53/82/20 51/83/20
f 55/84/5 52/80/5 51/81/5 54/85/5
f 51/83/20 53/82/20 56/86/21 54/87/21
f 58/88/5 55/84/5 54/85/5 57/89/5
f 54/87/21 56/86/21 59/90/22 57/91/22
f 61/92/5 58/88/5 57/89/5 60/93/5
f 57/91/22 59/90/22 62/94/23 60/95/23
f 64/96/5 61/92/5 60/93/5 63/97/5
f 60/95/23 62/94/23 65/98/24 63/99/24
f 67/100/5 64/96/5 63/97/5 66/101/5
f 63/99/24 65/98/24 68/102/25 66/103/25
f 70/104/5 67/100/5 66/101/5 69/105/5
f 66/103/25 68/102/25 71/106/26 69/107/26
f 73/108/5 70/104/5 69/105/5 72/109/5
f 69/107/26 71/106/26 74/110/27 72/111/27
f 76/112/5 73/108/5 72/109/5 75/113/5
f 72/111/27 74/110/27 77/114/28 75/115/28
f 79/116/5 76/112/5 75/113/5 78/117/5
f 75/115/28 77/114/28 80/118/29 78/119/29
f 82/120/5 79/116/5 78/117/5 81/121/5
f 78/119/29 80/118/29 83/122/30 81/123/30
f 85/124/5 82/120/5 81/121/5 84/125/5
f 81/123/30 83/122/30 86/126/31 84/127/31
f 88/128/5 85/124/5 84/125/5 87/129/5
f 84/127/31 86/126/31 89/130/32 87/131/32
f 91/132/5 88/128/5 87/129/5 90/133/5
f 87/131/32 89/130/32 92/134/33 90/135/33
f 94/136/5 91/132/5 90/133/5 93/137/5
f 90/135/33 92/134/33 95/138/34 93/139/34
f 97/140/5 94/136/5 93/137/5 96/141/5
f 93/139/34 95/138/34 98/142/35 96/143/35
f 100/144/5 97/140/5 96/141/5 99/145/5
f 96/143/35 98/142/35 101/146/36 99/147/36
f 103/148/5 100/144/5 99/145/5 102/149/5
f 99/147/36 101/146/36 104/150/37 102/151/37
f 106/152/5 103/148/5 102/149/5 105/153/5
f 102/151/37 104/150/37 107/154/38 105/155/38
f 109/156/5 106/152/5 105/153/5 108/157/5
f 105/155/38 107/154/38 110/158/39 108/159/39
f 112/160/5 109/156/5 108/157/5 111/161/5
f 108/159/39 110/158/39 113/162/40 111/163/40
f 115/164/5 112/160/5 111/161/5 114/165/5
f 111/163/40 113/162/40 116/166/41 114/167/41
f 118/168/5 115/164/5 114/165/5 117/169/5
f 114/167/41 116/166/41 119/170/42 117/171/42
f 121/172/5 118/168/5 117/169/5 120/173/5
f 117/171/42 119/170/42 122/174/43 120/175/43
f 124/176/5 121/172/5 120/173/5 123/177/5
f 120/175/43 122/174/43 125/178/44 123/179/44
f 127/180/5 124/176/5 123/177/5 126/181/5
f 123/179/44 125/178/44 128/182/45 126/183/45
f 130/184/5 127/180/5 126/181/5 129/185/5
f 126/183/45 128/182/45 131/186/46 129/187/46
f 133/188/5 130/184/5 129/185/5 132/189/5
f 129/187/46 131/186/46 134/190/47 132/191/47
f 136/192/5 133/188/5 132/189/5 135/193/5
f 132/191/47 134/190/47 137/194/48 135/195/48
f 139/196/5 136/192/5 135/193/5 138/197/5
f 135/195/48 137/194/48 140/198/42 138/199/42
f 142/200/5 139/196/5 138/197/5 141/201/5
f 138/199/42 140/198/42 143/202/49 141/203/49
f 145/204/5 142/200/5 141/201/5 144/205/5
f 141/203/49 143/202/49 146/206/50 144/207/50
f 148/208/5 145/204/5 144/205/5 147/209/5
f 144/207/50 146/206/50 149/210/50 147/211/50
f 151/212/5 148/208/5 147/209/5 150/213/5
f 147/211/50 149/210/50 152/214/51 150/215/51
f 154/216/5 151/212/5 150/213/5 153/217/5
f 150/215/51 152/214/51 155/218/52 153/219/52
f 157/220/5 154/216/5 153/217/5 156/221/5
f 153/219/52 155/218/52 158/222/53 156/223/53
f 160/224/5 157/220/5 156/221/5 159/225/5
f 156/223/53 158/222/53 161/226/54 159/227/54
f 163/228/5 160/224/5 159/225/5 162/229/5
f 159/227/54 161/226/54 164/230/55 162/231/55
f 166/232/5 163/228/5 162/229/5 165/233/5
f 162/231/55 164/230/55 167/234/56 165/235/56
f 169/236/5 166/232/5 165/233/5 168/237/5
f 165/235/56 167/234/56 170/238/57 168/239/57
f 172/240/5 169/236/5 168/237/5 171/241/5
f 168/239/53 170/238/53 173/242/58 171/243/58
f 175/244/5 172/240/5 171/241/5 174/245/5
f 171/243/58 173/242/58 176/246/59 174/247/59
f 178/248/5 175/244/5 174/245/5 177/249/5
f 174/247/60 176/246/60 179/250/60 177/251/60
f 181/252/5 178/248/5 177/249/5 180/253/5
f 177/251/57 179/250/57 182/254/57 180/255/57
f 184/256/5 181/252/5 180/253/5 183/257/5
f 180/255/57 182/254/57 185/258/57 183/259/57
f 187/260/5 184/256/5 183/257/5 186/261/5
f 183/259/61 185/258/61 188/262/61 186/263/61
f 190/264/5 187/260/5 186/261/5 189/265/5
f 186/263/62 188/262/62 191/266/62 189/267/62
f 193/268/5 190/264/5 189/265/5 192/269/5
f 189/267/63 191/266/63 194/270/63 192/271/63
f 196/272/5 193/268/5 192/269/5 195/273/5
f 192/271/64 194/270/64 197/274/64 195/275/64
f 199/276/5 196/272/5 195/273/5 198/277/5
f 195/275/65 197/274/65 200/278/65 198/279/65
f 199/276/5 198/277/5 201/280/5 202/281/5
f 198/279/66 200/278/66 203/282/66 201/283/66
f 202/281/5 201/280/5 204/284/5 205/285/5
f 201/283/67 203/282/67 206/286/67 204/287/67
f 205/285/5 204/284/5 207/288/5 208/289/5
f 204/287/68 206/286/68 209/290/68 207/291/68
f 208/289/5 207/288/5 210/292/5 211/293/5
f 207/291/69 209/290/69 212/294/69 210/295/69
f 213/296/70 211/297/70 210/295/70 212/294/70
f 209/298/1 214/299/1 213/300/1 212/301/1
f 214/302/71 208/303/71 211/297/71 213/296/71
f 215/304/72 205/305/72 208/303/73 214/302/73
f 206/306/1 215/307/1 214/299/1 209/298/1
f 203/308/1 216/309/1 215/307/1 206/306/1
f 216/310/74 202/311/74 205/305/72 215/304/72
f 217/312/75 199/313/75 202/311/75 216/310/75
f 200/314/1 217/315/1 216/309/1 203/308/1
f 217/315/1 218/316/1 221/317/1 220/318/1
f 217/315/1 219/319/1 365/320/1 218/316/1
f 197/321/1 219/319/1 217/315/1 200/314/1
f 199/313/76 217/312/76 220/322/76 222/323/76
f 220/318/1 221/317/1 224/324/1 223/325/1
f 222/323/77 220/322/77 223/326/77 225/327/77
f 223/325/1 224/324/1 227/328/1 226/329/1
f 225/327/78 223/326/78 226/330/78 228/331/78
f 226/329/1 227/328/1 230/332/1 229/333/1
f 228/331/79 226/330/79 229/334/79 231/335/79
f 229/333/1 230/332/1 233/336/1 232/337/1
f 231/335/80 229/334/80 232/338/80 234/339/80
f 232/337/1 233/336/1 236/340/1 235/341/1
f 234/339/81 232/338/81 235/342/81 237/343/81
f 235/341/1 236/340/1 239/344/1 238/345/1
f 237/343/82 235/342/82 238/346/82 240/347/82
f 238/345/1 239/344/1 242/348/1 241/349/1
f 240/347/83 238/346/83 241/350/84 243/351/84
f 241/349/1 242/348/1 245/352/1 244/353/1
f 243/351/84 241/350/84 244/354/85 246/355/85
f 244/353/1 245/352/1 248/356/1 247/357/1
f 246/355/86 244/354/86 247/358/86 249/359/86
f 247/357/1 248/356/1 251/360/1 250/361/1
f 249/359/87 247/358/87 250/362/87 252/363/87
f 250/361/1 251/360/1 254/364/1 253/365/1
f 252/363/88 250/362/88 253/366/88 255/367/88
f 253/365/1 254/364/1 257/368/1 256/369/1
f 255/367/89 253/366/89 256/370/89 258/371/89
f 256/369/1 257/368/1 260/372/1 259/373/1
f 258/371/90 256/370/90 259/374/90 261/375/90
f 259/373/1 260/372/1 263/376/1 262/377/1
f 261/375/91 259/374/91 262/378/91 264/379/91
f 262/377/1 263/376/1 266/380/1 265/381/1
f 264/379/92 262/378/92 265/382/93 267/383/93
f 265/381/1 266/380/1 269/384/1 268/385/1
f 267/383/93 265/382/93 268/386/94 270/387/94
f 269/388/70 271/389/70 270/387/70 268/386/70
f 273/390/5 267/391/5 270/392/5 271/393/5
f 274/394/5 273/390/5 271/393/5 272/395/5
f 271/389/70 269/388/70 346/396/70 272/397/70
f 276/398/5 275/399/5 273/390/5 274/394/5
f 275/399/5 264/400/5 267/391/5 273/390/5
f 278/401/5 277/402/5 275/399/5 276/398/5
f 277/402/5 261/403/5 264/400/5 275/399/5
f 280/404/5 279/405/5 277/402/5 278/401/5
f 279/405/5 258/406/5 261/403/5 277/402/5
f 282/407/5 281/408/5 279/405/5 280/404/5
f 281/408/5 255/409/5 258/406/5 279/405/5
f 284/410/5 283/411/5 281/408/5 282/407/5
f 283/411/5 252/412/5 255/409/5 281/408/5
f 286/413/5 285/414/5 283/411/5 284/410/5
f 285/414/5 249/415/5 252/412/5 283/411/5
f 288/416/5 287/417/5 285/414/5 286/413/5
f 287/417/5 246/418/5 249/415/5 285/414/5
f 290/419/5 289/420/5 287/417/5 288/416/5
f 289/420/5 243/421/5 246/418/5 287/417/5
f 292/422/5 291/423/5 289/420/5 290/419/5
f 291/423/5 240/424/5 243/421/5 289/420/5
f 294/425/5 293/426/5 291/423/5 292/422/5
f 293/426/5 237/427/5 240/424/5 291/423/5
f 296/428/5 295/429/5 293/426/5 294/425/5
f 295/429/5 234/430/5 237/427/5 293/426/5
f 298/431/5 297/432/5 295/429/5 296/428/5
f 297/432/5 231/433/5 234/430/5 295/429/5
f 300/434/5 299/435/5 297/432/5 298/431/5
f 299/435/5 228/436/5 231/433/5 297/432/5
f 302/437/5 301/438/5 299/435/5 300/434/5
f 301/438/5 225/439/5 228/436/5 299/435/5
f 304/440/5 303/441/5 301/438/5 302/437/5
f 303/441/5 222/442/5 225/439/5 301/438/5
f 307/443/5 305/444/5 303/441/5 304/440/5
f 305/444/5 199/276/5 222/442/5 303/441/5
f 306/445/5 196/272/5 199/276/5 305/444/5
f 308/446/5 306/445/5 305/444/5 307/443/5
f 311/447/5 308/446/5 307/443/5 309/448/5
f 309/448/5 307/443/5 304/440/5 312/449/5
f 310/450/95 309/451/95 312/452/95 313/453/95
f 367/454/96 311/455/96 309/451/96 310/450/96
f 312/449/5 304/440/5 302/437/5 314/456/5
f 313/453/97 312/452/97 314/457/97 315/458/97
f 314/456/5 302/437/5 300/434/5 316/459/5
f 315/458/98 314/457/98 316/460/98 317/461/98
f 316/459/5 300/434/5 298/431/5 318/462/5
f 317/461/99 316/460/99 318/463/100 319/464/100
f 318/462/5 298/431/5 296/428/5 320/465/5
f 319/464/100 318/463/100 320/466/101 321/467/101
f 320/465/5 296/428/5 294/425/5 322/468/5
f 321/467/101 320/466/101 322/469/102 323/470/102
f 322/468/5 294/425/5 292/422/5 324/471/5
f 323/470/102 322/469/102 324/472/103 325/473/103
f 324/471/5 292/422/5 290/419/5 326/474/5
f 325/473/103 324/472/103 326/475/104 327/476/104
f 326/474/5 290/419/5 288/416/5 328/477/5
f 327/476/104 326/475/104 328/478/105 329/479/105
f 328/477/5 288/416/5 286/413/5 330/480/5
f 329/479/105 328/478/105 330/481/106 331/482/106
f 330/480/5 286/413/5 284/410/5 332/483/5
f 331/482/106 330/481/106 332/484/107 333/485/107
f 332/483/5 284/410/5 282/407/5 334/486/5
f 333/485/107 332/484/107 334/487/108 335/488/108
f 334/486/5 282/407/5 280/404/5 336/489/5
f 335/488/108 334/487/108 336/490/109 337/491/109
f 336/489/5 280/404/5 278/401/5 338/492/5
f 337/491/109 336/490/109 338/493/110 339/494/110
f 338/492/5 278/401/5 276/398/5 340/495/5
f 339/494/110 338/493/110 340/496/111 341/497/111
f 340/495/5 276/398/5 274/394/5 342/498/5
f 341/497/111 340/496/111 342/499/112 343/500/112
f 342/498/5 274/394/5 272/395/5 344/501/5
f 343/500/113 342/499/113 344/502/113 345/503/113
f 272/397/70 346/396/70 345/503/70 344/502/70
f 347/504/1 343/505/1 345/506/1 346/507/1
f 266/380/1 347/504/1 346/507/1 269/384/1
f 263/376/1 348/508/1 347/504/1 266/380/1
f 348/508/1 341/509/1 343/505/1 347/504/1
f 260/372/1 349/510/1 348/508/1 263/376/1
f 349/510/1 339/511/1 341/509/1 348/508/1
f 257/368/1 350/512/1 349/510/1 260/372/1
f 350/512/1 337/513/1 339/511/1 349/510/1
f 254/364/1 351/514/1 350/512/1 257/368/1
f 351/514/1 335/515/1 337/513/1 350/512/1
f 251/360/1 352/516/1 351/514/1 254/364/1
f 352/516/1 333/517/1 335/515/1 351/514/1
f 248/356/1 353/518/1 352/516/1 251/360/1
f 353/518/1 331/519/1 333/517/1 352/516/1
f 245/352/1 354/520/1 353/518/1 248/356/1
f 354/520/1 329/521/1 331/519/1 353/518/1
f 242/348/1 355/522/1 354/520/1 245/352/1
f 355/522/1 327/523/1 329/521/1 354/520/1
f 239/344/1 356/524/1 355/522/1 242/348/1
f 356/524/1 325/525/1 327/523/1 355/522/1
f 236/340/1 357/526/1 356/524/1 239/344/1
f 357/526/1 323/527/1 325/525/1 356/524/1
f 233/336/1 358/528/1 357/526/1 236/340/1
f 358/528/1 321/529/1 323/527/1 357/526/1
f 230/332/1 359/530/1 358/528/1 233/336/1
f 359/530/1 319/531/1 321/529/1 358/528/1
f 227/328/1 360/532/1 359/530/1 230/332/1
f 360/532/1 317/533/1 319/531/1 359/530/1
f 224/324/1 361/534/1 360/532/1 227/328/1
f 361/534/1 315/535/1 317/533/1 360/532/1
f 221/317/1 362/536/1 361/534/1 224/324/1
f 362/536/1 313/537/1 315/535/1 361/534/1
f 363/538/1 310/539/1 313/537/1 362/536/1
f 218/316/1 363/538/1 362/536/1 221/317/1
f 365/320/1 364/540/1 363/538/1 218/316/1
f 364/540/1 367/541/1 310/539/1 363/538/1
f 479/542/1 366/543/1 364/540/1 365/320/1
f 366/543/1 368/544/1 367/541/1 364/540/1
f 368/545/114 370/546/114 311/455/114 367/454/114
f 477/547/1 369/548/1 368/544/1 366/543/1
f 369/549/115 372/550/115 370/546/115 368/545/115
f 370/551/5 371/552/5 308/446/5 311/447/5
f 372/553/5 373/554/5 371/552/5 370/551/5
f 374/555/5 375/556/5 373/554/5 372/553/5
f 376/557/116 374/558/116 372/550/116 369/549/116
f 377/559/5 378/560/5 375/556/5 374/555/5
f 379/561/116 377/562/116 374/558/116 376/557/116
f 380/563/5 381/564/5 378/560/5 377/559/5
f 382/565/117 380/566/117 377/562/117 379/561/117
f 383/567/5 384/568/5 381/564/5 380/563/5
f 385/569/118 383/570/118 380/566/118 382/565/118
f 386/571/5 387/572/5 384/568/5 383/567/5
f 388/573/119 386/574/119 383/570/119 385/569/119
f 389/575/5 390/576/5 387/572/5 386/571/5
f 391/577/120 389/578/120 386/574/120 388/573/120
f 392/579/5 393/580/5 390/576/5 389/575/5
f 394/581/119 392/582/119 389/578/119 391/577/119
f 395/583/5 396/584/5 393/580/5 392/579/5
f 397/585/121 395/586/121 392/582/121 394/581/121
f 398/587/5 399/588/5 396/584/5 395/583/5
f 400/589/120 398/590/120 395/586/120 397/585/120
f 401/591/5 402/592/5 399/588/5 398/587/5
f 403/593/121 401/594/121 398/590/121 400/589/121
f 404/595/5 405/596/5 402/592/5 401/591/5
f 406/597/122 404/598/122 401/594/122 403/593/122
f 407/599/5 408/600/5 405/596/5 404/595/5
f 409/601/123 407/602/123 404/598/123 406/597/123
f 410/603/5 411/604/5 408/600/5 407/599/5
f 412/605/124 410/606/124 407/602/124 409/601/124
f 413/607/5 414/608/5 411/604/5 410/603/5
f 415/609/125 413/610/125 410/606/125 412/605/125
f 416/611/5 417/612/5 414/608/5 413/607/5
f 418/613/126 416/614/126 413/610/126 415/609/126
f 419/615/5 420/616/5 417/612/5 416/611/5
f 421/617/127 419/618/127 416/614/128 418/613/128
f 422/619/5 423/620/5 420/616/5 419/615/5
f 424/621/129 422/622/129 419/618/127 421/617/127
f 425/623/5 426/624/5 423/620/5 422/619/5
f 427/625/130 425/626/130 422/622/131 424/621/131
f 428/627/5 429/628/5 426/624/5 425/623/5
f 430/629/132 428/630/132 425/626/130 427/625/130
f 431/631/5 433/632/5 429/628/5 428/627/5
f 434/633/133 431/634/133 428/630/132 430/629/132
f 432/635/5 603/636/5 433/632/5 431/631/5
f 435/637/134 432/638/134 431/634/133 434/633/133
f 438/639/1 435/640/1 434/641/1 436/642/1
f 436/642/1 434/641/1 430/643/1 439/644/1
f 437/645/1 436/642/1 439/644/1 440/646/1
f 503/647/1 438/639/1 436/642/1 437/645/1
f 440/646/1 439/644/1 441/648/1 442/649/1
f 439/644/1 430/643/1 427/650/1 441/648/1
f 442/649/1 441/648/1 443/651/1 444/652/1
f 441/648/1 427/650/1 424/653/1 443/651/1
f 444/652/1 443/651/1 445/654/1 446/655/1
f 443/651/1 424/653/1 421/656/1 445/654/1
f 446/655/1 445/654/1 447/657/1 448/658/1
f 445/654/1 421/656/1 418/659/1 447/657/1
f 448/658/1 447/657/1 449/660/1 450/661/1
f 447/657/1 418/659/1 415/662/1 449/660/1
f 450/661/1 449/660/1 451/663/1 452/664/1
f 449/660/1 415/662/1 412/665/1 451/663/1
f 452/664/1 451/663/1 453/666/1 454/667/1
f 451/663/1 412/665/1 409/668/1 453/666/1
f 454/667/1 453/666/1 455/669/1 456/670/1
f 453/666/1 409/668/1 406/671/1 455/669/1
f 456/670/1 455/669/1 457/672/1 458/673/1
f 455/669/1 406/671/1 403/674/1 457/672/1
f 458/673/1 457/672/1 459/675/1 460/676/1
f 457/672/1 403/674/1 400/677/1 459/675/1
f 460/676/1 459/675/1 461/678/1 462/679/1
f 459/675/1 400/677/1 397/680/1 461/678/1
f 462/679/1 461/678/1 463/681/1 464/682/1
f 461/678/1 397/680/1 394/683/1 463/681/1
f 464/682/1 463/681/1 465/684/1 466/685/1
f 463/681/1 394/683/1 391/686/1 465/684/1
f 466/685/1 465/684/1 467/687/1 468/688/1
f 465/684/1 391/686/1 388/689/1 467/687/1
f 468/688/1 467/687/1 469/690/1 470/691/1
f 467/687/1 388/689/1 385/692/1 469/690/1
f 470/691/1 469/690/1 471/693/1 472/694/1
f 469/690/1 385/692/1 382/695/1 471/693/1
f 472/694/1 471/693/1 473/696/1 474/697/1
f 471/693/1 382/695/1 379/698/1 473/696/1
f 474/697/1 473/696/1 475/699/1 476/700/1
f 473/696/1 379/698/1 376/701/1 475/699/1
f 476/700/1 475/699/1 477/547/1 478/702/1
f 475/699/1 376/701/1 369/548/1 477/547/1
f 478/702/1 477/547/1 366/543/1 479/542/1
f 480/703/1 481/704/1 476/700/1 478/702/1
f 482/705/1 480/703/1 478/702/1 479/542/1
f 188/706/1 481/704/1 480/703/1 191/707/1
f 191/707/1 480/703/1 482/705/1 194/708/1
f 219/319/1 482/705/1 479/542/1 365/320/1
f 194/708/1 482/705/1 219/319/1 197/321/1
f 481/704/1 483/709/1 474/697/1 476/700/1
f 185/710/1 483/709/1 481/704/1 188/706/1
f 483/709/1 484/711/1 472/694/1 474/697/1
f 182/712/1 484/711/1 483/709/1 185/710/1
f 484/711/1 485/713/1 470/691/1 472/694/1
f 179/714/1 485/713/1 484/711/1 182/712/1
f 485/713/1 486/715/1 468/688/1 470/691/1
f 176/716/1 486/715/1 485/713/1 179/714/1
f 486/715/1 487/717/1 466/685/1 468/688/1
f 173/718/1 487/717/1 486/715/1 176/716/1
f 487/717/1 488/719/1 464/682/1 466/685/1
f 170/720/1 488/719/1 487/717/1 173/718/1
f 488/719/1 489/721/1 462/679/1 464/682/1
f 167/722/1 489/721/1 488/719/1 170/720/1
f 489/721/1 490/723/1 460/676/1 462/679/1
f 164/724/1 490/723/1 489/721/1 167/722/1
f 490/723/1 491/725/1 458/673/1 460/676/1
f 161/726/1 491/725/1 490/723/1 164/724/1
f 491/725/1 492/727/1 456/670/1 458/673/1
f 158/728/1 492/727/1 491/725/1 161/726/1
f 492/727/1 493/729/1 454/667/1 456/670/1
f 155/730/1 493/729/1 492/727/1 158/728/1
f 493/729/1 494/731/1 452/664/1 454/667/1
f 152/732/1 494/731/1 493/729/1 155/730/1
f 494/731/1 495/733/1 450/661/1 452/664/1
f 149/734/1 495/733/1 494/731/1 152/732/1
f 495/733/1 496/735/1 448/658/1 450/661/1
f 146/736/1 496/735/1 495/733/1 149/734/1
f 496/735/1 497/737/1 446/655/1 448/658/1
f 143/738/1 497/737/1 496/735/1 146/736/1
f 497/737/1 498/739/1 444/652/1 446/655/1
f 140/740/1 498/739/1 497/737/1 143/738/1
f 498/739/1 499/741/1 442/649/1 444/652/1
f 137/742/1 499/741/1 498/739/1 140/740/1
f 499/741/1 500/743/1 440/646/1 442/649/1
f 134/744/1 500/743/1 499/741/1 137/742/1
f 500/743/1 501/745/1 437/645/1 440/646/1
f 131/746/1 501/745/1 500/743/1 134/744/1
f 501/745/1 502/747/1 503/647/1 437/645/1
f 128/748/1 502/747/1 501/745/1 131/746/1
f 502/747/1 504/749/1 506/750/1 503/647/1
f 125/751/1 504/749/1 502/747/1 128/748/1
f 122/752/1 505/753/1 504/749/1 125/751/1
f 504/749/1 505/753/1 507/754/1 506/750/1
f 507/755/135 627/756/135 508/757/136 506/758/136
f 506/758/137 508/757/137 599/759/137 509/760/137
f 511/761/1 510/762/1 506/750/1 509/763/1
f 503/647/1 506/750/1 510/762/1 438/639/1
f 438/639/1 510/762/1 512/764/1 435/640/1
f 512/764/1 510/762/1 511/761/1 514/765/1
f 512/766/138 513/767/138 432/638/134 435/637/134
f 513/767/138 512/766/138 514/768/139 515/769/139
f 515/769/139 514/768/139 516/770/140 517/771/140
f 514/765/1 511/761/1 518/772/1 516/773/1
f 517/771/140 516/770/140 519/774/141 520/775/141
f 516/773/1 518/772/1 521/776/1 519/777/1
f 520/775/141 519/774/141 522/778/142 523/779/142
f 519/777/1 521/776/1 524/780/1 522/781/1
f 523/779/142 522/778/142 525/782/143 526/783/143
f 522/781/1 524/780/1 527/784/1 525/785/1
f 526/783/143 525/782/143 528/786/144 529/787/144
f 525/785/1 527/784/1 530/788/1 528/789/1
f 529/787/145 528/786/145 531/790/146 533/791/146
f 528/789/1 530/788/1 532/792/1 531/793/1
f 531/793/1 532/792/1 535/794/1 534/795/1
f 533/791/146 531/790/146 534/796/147 536/797/147
f 534/795/1 535/794/1 538/798/1 537/799/1
f 536/797/148 534/796/148 537/800/148 539/801/148
f 537/799/1 538/798/1 541/802/1 540/803/1
f 539/801/149 537/800/149 540/804/149 542/805/149
f 540/803/1 541/802/1 544/806/1 543/807/1
f 542/805/150 540/804/150 543/808/150 545/809/150
f 543/807/1 544/806/1 547/810/1 546/811/1
f 545/809/151 543/808/151 546/812/151 548/813/151
f 546/811/1 547/810/1 550/814/1 549/815/1
f 548/813/152 546/812/152 549/816/152 551/817/152
f 549/815/1 550/814/1 553/818/1 552/819/1
f 551/817/153 549/816/153 552/820/153 554/821/153
f 552/819/1 553/818/1 556/822/1 555/823/1
f 554/821/154 552/820/154 555/824/154 557/825/154
f 556/826/155 558/827/155 557/825/155 555/824/155
f 559/828/5 554/829/5 557/830/5 558/831/5
f 553/832/156 559/833/156 558/827/156 556/826/156
f 550/834/157 560/835/157 559/836/157 553/837/157
f 560/838/5 551/839/5 554/829/5 559/828/5
f 561/840/5 548/841/5 551/839/5 560/838/5
f 547/842/158 561/843/158 560/835/158 550/834/158
f 544/844/159 562/845/159 561/843/159 547/842/159
f 562/846/5 545/847/5 548/841/5 561/840/5
f 563/848/5 542/849/5 545/847/5 562/846/5
f 541/850/160 563/851/160 562/845/160 544/844/160
f 538/852/161 564/853/161 563/851/161 541/850/161
f 564/854/5 539/855/5 542/849/5 563/848/5
f 565/856/5 536/857/5 539/855/5 564/854/5
f 535/858/162 565/859/162 564/853/162 538/852/162
f 532/860/163 566/861/163 565/859/163 535/858/163
f 566/862/5 533/863/5 536/857/5 565/856/5
f 588/864/5 567/865/5 566/862/5 568/866/5
f 567/865/5 529/867/5 533/863/5 566/862/5
f 566/861/164 532/860/164 571/868/164 569/869/164
f 568/866/5 566/862/5 569/870/5 570/871/5
f 570/871/5 569/870/5 572/872/5 573/873/5
f 569/869/165 571/868/165 574/874/166 572/875/166
f 573/873/5 572/872/5 575/876/5 576/877/5
f 572/875/166 574/874/166 577/878/167 575/879/167
f 576/877/5 575/876/5 578/880/5 579/881/5
f 575/879/168 577/878/168 580/882/168 578/883/168
f 581/884/169 579/885/169 578/883/169 580/882/169
f 577/886/1 582/887/1 581/888/1 580/889/1
f 582/890/170 576/891/170 579/885/170 581/884/170
f 583/892/171 573/893/171 576/891/171 582/890/171
f 574/894/1 583/895/1 582/887/1 577/886/1
f 571/896/1 584/897/1 583/895/1 574/894/1
f 584/898/172 570/899/172 573/893/172 583/892/172
f 585/900/173 568/901/173 570/899/173 584/898/173
f 532/792/1 585/902/1 584/897/1 571/896/1
f 530/788/1 586/903/1 585/902/1 532/792/1
f 586/904/174 588/905/174 568/901/174 585/900/174
f 530/788/1 527/784/1 587/906/1 586/903/1
f 587/907/175 589/908/175 588/905/175 586/904/175
f 589/909/5 590/910/5 567/865/5 588/864/5
f 593/911/176 591/912/176 589/908/176 587/907/176
f 591/913/5 594/914/5 590/910/5 589/909/5
f 592/915/5 595/916/5 594/914/5 591/913/5
f 601/917/177 592/918/177 591/912/177 593/911/177
f 590/910/5 594/914/5 523/919/5 526/920/5
f 594/914/5 595/916/5 520/921/5 523/919/5
f 598/922/5 596/923/5 595/916/5 592/915/5
f 595/916/5 596/923/5 517/924/5 520/921/5
f 596/923/5 597/925/5 515/926/5 517/924/5
f 599/927/5 597/925/5 596/923/5 598/922/5
f 509/760/178 599/759/178 598/928/178 600/929/178
f 600/929/179 598/928/179 592/918/179 601/917/179
f 518/772/1 511/761/1 509/763/1 600/930/1
f 521/776/1 518/772/1 600/930/1 601/931/1
f 524/780/1 521/776/1 601/931/1 593/932/1
f 508/933/5 602/934/5 597/925/5 599/927/5
f 597/925/5 602/934/5 513/935/5 515/926/5
f 602/934/5 603/636/5 432/635/5 513/935/5
f 508/933/5 604/936/5 603/636/5 602/934/5
f 603/636/5 604/936/5 605/937/5 433/632/5
f 604/936/5 127/180/5 130/184/5 605/937/5
f 508/933/5 124/176/5 127/180/5 604/936/5
f 433/632/5 605/937/5 606/938/5 429/628/5
f 605/937/5 130/184/5 133/188/5 606/938/5
f 429/628/5 606/938/5 607/939/5 426/624/5
f 606/938/5 133/188/5 136/192/5 607/939/5
f 426/624/5 607/939/5 608/940/5 423/620/5
f 607/939/5 136/192/5 139/196/5 608/940/5
f 423/620/5 608/940/5 609/941/5 420/616/5
f 608/940/5 139/196/5 142/200/5 609/941/5
f 420/616/5 609/941/5 610/942/5 417/612/5
f 609/941/5 142/200/5 145/204/5 610/942/5
f 417/612/5 610/942/5 611/943/5 414/608/5
f 610/942/5 145/204/5 148/208/5 611/943/5
f 414/608/5 611/943/5 612/944/5 411/604/5
f 611/943/5 148/208/5 151/212/5 612/944/5
f 411/604/5 612/944/5 613/945/5 408/600/5
f 612/944/5 151/212/5 154/216/5 613/945/5
f 408/600/5 613/945/5 614/946/5 405/596/5
f 613/945/5 154/216/5 157/220/5 614/946/5
f 405/596/5 614/946/5 615/947/5 402/592/5
f 614/946/5 157/220/5 160/224/5 615/947/5
f 402/592/5 615/947/5 616/948/5 399/588/5
f 615/947/5 160/224/5 163/228/5 616/948/5
f 399/588/5 616/948/5 617/949/5 396/584/5
f 616/948/5 163/228/5 166/232/5 617/949/5
f 396/584/5 617/949/5 618/950/5 393/580/5
f 617/949/5 166/232/5 169/236/5 618/950/5
f 393/580/5 618/950/5 619/951/5 390/576/5
f 618/950/5 169/236/5 172/240/5 619/951/5
f 390/576/5 619/951/5 620/952/5 387/572/5
f 619/951/5 172/240/5 175/244/5 620/952/5
f 387/572/5 620/952/5 621/953/5 384/568/5
f 620/952/5 175/244/5 178/248/5 621/953/5
f 384/568/5 621/953/5 622/954/5 381/564/5
f 621/953/5 178/248/5 181/252/5 622/954/5
f 381/564/5 622/954/5 623/955/5 378/560/5
f 622/954/5 181/252/5 184/256/5 623/955/5
f 378/560/5 623/955/5 624/956/5 375/556/5
f 623/955/5 184/256/5 187/260/5 624/956/5
f 375/556/5 624/956/5 625/957/5 373/554/5
f 624/956/5 187/260/5 190/264/5 625/957/5
f 373/554/5 625/957/5 626/958/5 371/552/5
f 625/957/5 190/264/5 193/268/5 626/958/5
f 371/552/5 626/958/5 306/445/5 308/446/5
f 626/958/5 193/268/5 196/272/5 306/445/5
f 527/784/1 524/780/1 593/932/1 587/906/1
f 567/865/5 590/910/5 526/920/5 529/867/5
f 627/959/5 121/172/5 124/176/5 508/933/5
f 630/960/180 628/961/180 627/756/135 507/755/135
f 628/962/5 118/168/5 121/172/5 627/959/5
f 629/963/5 115/164/5 118/168/5 628/962/5
f 631/964/181 629/965/181 628/961/180 630/960/180
f 632/966/1 633/967/1 631/968/1 630/969/1
f 505/753/1 632/966/1 630/969/1 507/754/1
f 119/970/1 632/966/1 505/753/1 122/752/1
f 116/971/1 633/967/1 632/966/1 119/970/1
f 633/967/1 634/972/1 636/973/1 631/968/1
f 113/974/1 634/972/1 633/967/1 116/971/1
f 634/972/1 635/975/1 637/976/1 636/973/1
f 110/977/1 635/975/1 634/972/1 113/974/1
f 637/978/182 639/979/182 638/980/183 636/981/183
f 636/981/183 638/980/183 629/965/181 631/964/181
f 639/982/5 109/156/5 112/160/5 638/983/5
f 638/983/5 112/160/5 115/164/5 629/963/5
f 642/984/184 640/985/184 639/979/184 637/978/184
f 640/986/5 106/152/5 109/156/5 639/982/5
f 641/987/5 103/148/5 106/152/5 640/986/5
f 643/988/185 641/989/185 640/985/185 642/984/185
f 644/990/1 645/991/1 643/992/1 642/993/1
f 635/975/1 644/990/1 642/993/1 637/976/1
f 107/994/1 644/990/1 635/975/1 110/977/1
f 104/995/1 645/991/1 644/990/1 107/994/1
f 645/991/1 646/996/1 648/997/1 643/992/1
f 101/998/1 646/996/1 645/991/1 104/995/1
f 98/999/1 647/1000/1 646/996/1 101/998/1
f 646/996/1 647/1000/1 649/1001/1 648/997/1
f 649/1002/186 651/1003/186 650/1004/186 648/1005/186
f 648/1005/187 650/1004/187 641/989/187 643/988/187
f 651/1006/5 97/140/5 100/144/5 650/1007/5
f 650/1007/5 100/144/5 103/148/5 641/987/5
f 654/1008/188 652/1009/188 651/1003/188 649/1002/188
f 652/1010/5 94/136/5 97/140/5 651/1006/5
f 653/1011/5 91/132/5 94/136/5 652/1010/5
f 655/1012/189 653/1013/189 652/1009/189 654/1008/189
f 656/1014/1 657/1015/1 655/1016/1 654/1017/1
f 647/1000/1 656/1014/1 654/1017/1 649/1001/1
f 95/1018/1 656/1014/1 647/1000/1 98/999/1
f 92/1019/1 657/1015/1 656/1014/1 95/1018/1
f 657/1015/1 658/1020/1 660/1021/1 655/1016/1
f 89/1022/1 658/1020/1 657/1015/1 92/1019/1
f 658/1020/1 659/1023/1 661/1024/1 660/1021/1
f 86/1025/1 659/1023/1 658/1020/1 89/1022/1
f 661/1026/190 663/1027/190 662/1028/191 660/1029/191
f 660/1029/186 662/1028/186 653/1013/186 655/1012/186
f 663/1030/5 85/124/5 88/128/5 662/1031/5
f 662/1031/5 88/128/5 91/132/5 653/1011/5
f 666/1032/190 664/1033/190 663/1027/190 661/1026/190
f 664/1034/5 82/120/5 85/124/5 663/1030/5
f 665/1035/5 79/116/5 82/120/5 664/1034/5
f 667/1036/192 665/1037/192 664/1033/192 666/1032/192
f 668/1038/1 669/1039/1 667/1040/1 666/1041/1
f 659/1023/1 668/1038/1 666/1041/1 661/1024/1
f 83/1042/1 668/1038/1 659/1023/1 86/1025/1
f 80/1043/1 669/1039/1 668/1038/1 83/1042/1
f 669/1039/1 670/1044/1 672/1045/1 667/1040/1
f 77/1046/1 670/1044/1 669/1039/1 80/1043/1
f 74/1047/1 671/1048/1 670/1044/1 77/1046/1
f 670/1044/1 671/1048/1 673/1049/1 672/1045/1
f 673/1050/193 675/1051/193 674/1052/193 672/1053/193
f 672/1053/194 674/1052/194 665/1037/194 667/1036/194
f 675/1054/5 73/108/5 76/112/5 674/1055/5
f 674/1055/5 76/112/5 79/116/5 665/1035/5
f 678/1056/192 676/1057/192 675/1051/192 673/1050/192
f 676/1058/5 70/104/5 73/108/5 675/1054/5
f 677/1059/5 67/100/5 70/104/5 676/1058/5
f 679/1060/193 677/1061/193 676/1057/193 678/1056/193
f 680/1062/1 681/1063/1 679/1064/1 678/1065/1
f 671/1048/1 680/1062/1 678/1065/1 673/1049/1
f 71/1066/1 680/1062/1 671/1048/1 74/1047/1
f 68/1067/1 681/1063/1 680/1062/1 71/1066/1
f 681/1063/1 682/1068/1 684/1069/1 679/1064/1
f 65/1070/1 682/1068/1 681/1063/1 68/1067/1
f 682/1068/1 683/1071/1 685/1072/1 684/1069/1
f 62/1073/1 683/1071/1 682/1068/1 65/1070/1
f 685/1074/195 687/1075/195 686/1076/195 684/1077/195
f 684/1077/196 686/1076/196 677/1061/196 679/1060/196
f 687/1078/5 61/92/5 64/96/5 686/1079/5
f 686/1079/5 64/96/5 67/100/5 677/1059/5
f 690/1080/197 688/1081/197 687/1075/197 685/1074/197
f 688/1082/5 58/88/5 61/92/5 687/1078/5
f 689/1083/5 55/84/5 58/88/5 688/1082/5
f 691/1084/198 689/1085/198 688/1081/198 690/1080/198
f 692/1086/1 693/1087/1 691/1088/1 690/1089/1
f 683/1071/1 692/1086/1 690/1089/1 685/1072/1
f 59/1090/1 692/1086/1 683/1071/1 62/1073/1
f 56/1091/1 693/1087/1 692/1086/1 59/1090/1
f 693/1087/1 694/1092/1 696/1093/1 691/1088/1
f 53/1094/1 694/1092/1 693/1087/1 56/1091/1
f 50/1095/1 695/1096/1 694/1092/1 53/1094/1
f 694/1092/1 695/1096/1 697/1097/1 696/1093/1
f 697/1098/199 699/1099/199 698/1100/200 696/1101/200
f 696/1101/200 698/1100/200 689/1102/201 691/1103/201
f 699/1104/5 49/76/5 52/80/5 698/1105/5
f 698/1105/5 52/80/5 55/84/5 689/1083/5
f 702/1106/202 700/1107/202 699/1099/199 697/1098/199
f 700/1108/5 46/72/5 49/76/5 699/1104/5
f 701/1109/5 43/68/5 46/72/5 700/1108/5
f 703/1110/203 701/1111/203 700/1107/203 702/1106/203
f 704/1112/1 705/1113/1 703/1114/1 702/1115/1
f 695/1096/1 704/1112/1 702/1115/1 697/1097/1
f 47/1116/1 704/1112/1 695/1096/1 50/1095/1
f 44/1117/1 705/1113/1 704/1112/1 47/1116/1
f 705/1113/1 706/1118/1 708/1119/1 703/1114/1
f 41/1120/1 706/1118/1 705/1113/1 44/1117/1
f 706/1118/1 707/1121/1 709/1122/1 708/1119/1
f 38/1123/1 707/1121/1 706/1118/1 41/1120/1
f 709/1124/8 711/1125/8 710/1126/204 708/1127/204
f 708/1127/204 710/1126/204 701/1111/205 703/1110/205
f 711/1128/5 37/58/5 40/62/5 710/1129/5
f 710/1129/5 40/62/5 43/68/5 701/1109/5
f 714/1130/206 712/1131/206 711/1125/206 709/1124/206
f 712/1132/5 34/54/5 37/58/5 711/1128/5
f 713/1133/5 31/50/5 34/54/5 712/1132/5
f 715/1134/7 713/1135/7 712/1131/7 714/1130/7
f 716/1136/1 717/1137/1 715/1138/1 714/1139/1
f 707/1121/1 716/1136/1 714/1139/1 709/1122/1
f 35/1140/1 716/1136/1 707/1121/1 38/1123/1
f 32/1141/1 717/1137/1 716/1136/1 35/1140/1
f 717/1137/1 718/1142/1 720/1143/1 715/1138/1
f 29/1144/1 718/1142/1 717/1137/1 32/1141/1
f 27/1145/1 719/1146/1 718/1142/1 29/1144/1
f 718/1142/1 719/1146/1 721/1147/1 720/1143/1
f 721/36/6 21/35/6 722/1148/6 720/1149/6
f 720/1149/7 722/1148/7 713/1135/7 715/1134/7
f 722/42/5 25/41/5 31/50/5 713/1133/5
f 719/1146/1 723/1150/1 20/1151/1 721/1147/1
f 724/1152/1 723/1150/1 719/1146/1 27/1145/1
f 727/1153/1 725/1154/1 723/1150/1 724/1152/1
f 723/1150/1 725/1154/1 18/1155/1 20/1151/1
f 725/1154/1 726/1156/1 16/1157/1 18/1155/1
f 728/1158/1 726/1156/1 725/1154/1 727/1153/1
f 13/1159/207 728/1160/207 727/1161/208 729/1162/208
f 729/1162/208 727/1161/208 724/45/209 23/44/209
f 11/1163/210 730/1164/210 728/1160/211 13/1159/211
f 730/12/1 5/1/1 726/1156/1 728/1158/1
f 730/1164/210 11/1163/210 8/14/212 6/13/212
f 726/1156/1 5/1/1 2/4/1 16/1157/1
f 751/1165/213 732/1166/214 731/1167/70
f 732/1166/214 733/1168/215 731/1167/70
f 733/1168/215 734/1169/216 731/1167/70
f 734/1169/216 735/1170/217 731/1167/70
f 735/1170/217 736/1171/218 731/1167/70
f 736/1171/218 737/1172/219 731/1167/70
f 737/1172/219 738/1173/220 731/1167/70
f 738/1173/220 739/1174/221 731/1167/70
f 739/1174/221 740/1175/222 731/1167/70
f 740/1175/222 741/1176/223 731/1167/70
f 741/1176/223 742/1177/224 731/1167/70
f 742/1177/224 743/1178/225 731/1167/70
f 743/1178/225 744/1179/226 731/1167/70
f 744/1179/226 745/1180/227 731/1167/70
f 745/1180/227 746/1181/228 731/1167/70
f 746/1181/228 747/1182/229 731/1167/70
f 747/1182/229 748/1183/230 731/1167/70
f 748/1183/230 749/1184/231 731/1167/70
f 749/1184/231 750/1185/232 731/1167/70
f 750/1185/232 751/1165/213 731/1167/70
f 750/1185/232 754/1186/233 752/1187/234 751/1165/213
f 753/1188/235 732/1166/214 751/1165/213 752/1187/234
f 757/1189/236 753/1188/237 752/1187/238 755/1190/239
f 754/1186/240 758/1191/241 755/1190/239 752/1187/238
f 758/1191/241 760/1192/242 756/1193/243 755/1190/239
f 971/1194/244 757/1189/236 755/1190/239 756/1193/243
f 759/1195/245 761/1196/246 760/1192/242 758/1191/241
f 801/1197/247 759/1195/245 758/1191/241 754/1186/240
f 763/1198/248 762/1199/249 760/1192/242 761/1196/246
f 762/1199/249 764/1200/250 756/1193/243 760/1192/242
f 763/1198/248 766/1201/251 765/1202/252 762/1199/249
f 762/1199/249 765/1202/252 768/1203/253 764/1200/250
f 766/1201/251 789/1204/254 767/1205/255 765/1202/252
f 765/1202/252 767/1205/255 769/1206/256 768/1203/253
f 770/1207/257 771/1208/258 764/1200/250 768/1203/253
f 773/1209/259 770/1207/257 768/1203/253 769/1206/256
f 771/1208/258 770/1207/257 772/1210/260 956/1211/261
f 770/1207/257 773/1209/259 774/1212/262 772/1210/260
f 773/1209/259 775/1213/263 776/1214/264 774/1212/262
f 775/1213/263 773/1209/259 769/1206/256 777/1215/265
f 776/1214/264 775/1213/263 778/1216/266 779/1217/267
f 775/1213/263 777/1215/265 781/1218/268 778/1216/266
f 778/1216/266 780/1219/269 864/1220/270 779/1217/267
f 780/1219/269 778/1216/266 781/1218/268 782/1221/271
f 783/1222/272 785/1223/273 782/1221/271 781/1218/268
f 777/1215/265 786/1224/274 783/1222/272 781/1218/268
f 786/1224/274 787/1225/275 784/1226/276 783/1222/272
f 784/1226/276 1506/1227/277 785/1223/273 783/1222/272
f 767/1205/255 786/1224/274 777/1215/265 769/1206/256
f 789/1204/254 787/1225/275 786/1224/274 767/1205/255
f 790/1228/278 788/1229/279 787/1225/275 789/1204/254
f 787/1225/275 788/1229/279 1509/1230/280 784/1226/276
f 792/1231/281 790/1228/278 789/1204/254 766/1201/251
f 791/1232/282 1511/1233/283 788/1229/279 790/1228/278
f 793/1234/284 791/1232/282 790/1228/278 792/1231/281
f 795/1235/285 793/1234/284 792/1231/281 794/1236/286
f 794/1236/286 792/1231/281 766/1201/251 763/1198/248
f 795/1235/285 794/1236/286 796/1237/287 797/1238/288
f 794/1236/286 763/1198/248 761/1196/246 796/1237/287
f 799/1239/289 797/1238/288 796/1237/287 798/1240/290
f 798/1240/290 796/1237/287 761/1196/246 759/1195/245
f 802/1241/291 799/1239/289 798/1240/290 800/1242/292
f 800/1242/292 798/1240/290 759/1195/245 801/1197/247
f 748/1183/230 800/1242/293 801/1197/294 749/1184/231
f 747/1182/229 802/1241/295 800/1242/293 748/1183/230
f 803/1243/296 805/1244/297 799/1239/289 802/1241/291
f 746/1181/228 803/1243/298 802/1241/295 747/1182/229
f 745/1180/227 804/1245/299 803/1243/298 746/1181/228
f 804/1245/300 806/1246/301 805/1244/297 803/1243/296
f 806/1246/301 808/1247/302 807/1248/303 805/1244/297
f 805/1244/297 807/1248/303 797/1238/288 799/1239/289
f 810/1249/304 809/1250/305 807/1248/303 808/1247/302
f 809/1250/305 795/1235/285 797/1238/288 807/1248/303
f 810/1249/304 812/1251/306 811/1252/307 809/1250/305
f 809/1250/305 811/1252/307 793/1234/284 795/1235/285
f 812/1251/306 815/1253/308 813/1254/309 811/1252/307
f 811/1252/307 813/1254/309 791/1232/282 793/1234/284
f 813/1254/309 814/1255/310 1511/1233/283 791/1232/282
f 815/1253/308 817/1256/311 814/1255/310 813/1254/309
f 920/1257/312 816/1258/313 815/1253/308 812/1251/306
f 816/1258/313 818/1259/314 817/1256/311 815/1253/308
f 817/1256/311 818/1259/314 822/1260/315 819/1261/316
f 814/1255/310 817/1256/311 819/1261/316 821/1262/317
f 819/1261/316 820/1263/318 1512/1264/319 821/1262/317
f 822/1260/315 824/1265/320 820/1263/318 819/1261/316
f 818/1259/314 895/1266/321 823/1267/322 822/1260/315
f 823/1267/322 825/1268/323 824/1265/320 822/1260/315
f 825/1268/323 829/1269/324 826/1270/325 824/1265/320
f 824/1265/320 826/1270/325 828/1271/326 820/1263/318
f 826/1270/325 827/1272/327 841/1273/328 828/1271/326
f 829/1269/324 831/1274/329 827/1272/327 826/1270/325
f 891/1275/330 830/1276/331 829/1269/324 825/1268/323
f 830/1276/331 832/1277/332 831/1274/329 829/1269/324
f 831/1274/329 832/1277/332 834/1278/333 833/1279/334
f 827/1272/327 831/1274/329 833/1279/334 836/1280/335
f 834/1281/333 1502/1282/336 835/1283/337 833/1284/334
f 833/1284/334 835/1283/337 837/1285/338 836/1286/335
f 836/1286/335 837/1285/338 839/1287/339 838/1288/340
f 841/1273/328 827/1272/327 836/1280/335 838/1289/340
f 838/1288/340 839/1287/339 1450/1290/341 840/1291/342
f 842/1292/343 841/1273/328 838/1289/340 840/1293/342
f 828/1271/326 841/1273/328 842/1292/343 843/1294/344
f 843/1294/344 842/1292/343 844/1295/345 846/1296/346
f 844/1295/345 842/1292/343 840/1293/342 845/1297/347
f 847/1298/348 844/1295/345 845/1297/347 850/1299/349
f 846/1296/346 844/1295/345 847/1298/348 848/1300/350
f 848/1300/350 847/1298/348 849/1301/351 1505/1302/352
f 849/1301/351 847/1298/348 850/1299/349 852/1303/353
f 845/1304/347 1451/1305/354 851/1306/355 850/1307/349
f 850/1307/349 851/1306/355 853/1308/356 852/1309/353
f 852/1309/353 853/1308/356 855/1310/357 854/1311/358
f 857/1312/359 849/1301/351 852/1303/353 854/1313/358
f 854/1311/358 855/1310/357 1410/1314/360 856/1315/361
f 859/1316/362 857/1312/359 854/1313/358 856/1317/361
f 858/1318/363 857/1312/359 859/1316/362 861/1319/364
f 1505/1302/352 849/1301/351 857/1312/359 858/1318/363
f 860/1320/365 862/1321/366 861/1319/364 859/1316/362
f 860/1320/365 859/1316/362 856/1317/361 1407/1322/367
f 785/1223/273 858/1318/363 861/1319/364 782/1221/271
f 862/1321/366 780/1219/269 782/1221/271 861/1319/364
f 780/1219/269 862/1321/366 863/1323/368 864/1220/270
f 862/1321/366 860/1320/365 865/1324/369 863/1323/368
f 864/1220/270 863/1323/368 866/1325/370 869/1326/371
f 863/1323/368 865/1324/369 867/1327/372 866/1325/370
f 866/1325/370 867/1327/372 1401/1328/373 868/1329/374
f 869/1326/371 866/1325/370 868/1329/374 871/1330/375
f 779/1217/267 864/1220/270 869/1326/371 870/1331/376
f 870/1331/376 869/1326/371 871/1330/375 872/1332/377
f 872/1332/377 871/1330/375 873/1333/378 874/1334/379
f 871/1330/375 868/1329/374 875/1335/380 873/1333/378
f 874/1334/379 873/1333/378 876/1336/381 877/1337/382
f 873/1333/378 875/1335/380 878/1338/383 876/1336/381
f 877/1337/382 876/1336/381 879/1339/384 880/1340/385
f 876/1336/381 878/1338/383 881/1341/386 879/1339/384
f 880/1340/385 879/1339/384 882/1342/387 883/1343/388
f 879/1339/384 881/1341/386 884/1344/389 882/1342/387
f 883/1343/388 882/1342/387 885/1345/390 886/1346/391
f 882/1342/387 884/1344/389 887/1347/392 885/1345/390
f 886/1346/391 885/1345/390 888/1348/393 889/1349/394
f 885/1345/390 887/1347/392 890/1350/395 888/1348/393
f 889/1349/394 888/1348/393 891/1275/330 892/1351/396
f 888/1348/393 890/1350/395 830/1276/331 891/1275/330
f 892/1351/396 891/1275/330 825/1268/323 823/1267/322
f 893/1352/397 896/1353/398 889/1349/394 892/1351/396
f 895/1266/321 893/1352/397 892/1351/396 823/1267/322
f 894/1354/399 893/1352/397 895/1266/321 919/1355/400
f 898/1356/401 896/1353/398 893/1352/397 894/1354/399
f 899/1357/402 897/1358/403 896/1353/398 898/1356/401
f 896/1353/398 897/1358/403 886/1346/391 889/1349/394
f 903/1359/404 899/1357/402 898/1356/401 900/1360/405
f 900/1360/405 898/1356/401 894/1354/399 902/1361/406
f 901/1362/407 900/1360/405 902/1361/406 915/1363/408
f 905/1364/409 903/1359/404 900/1360/405 901/1362/407
f 904/1365/410 942/1366/411 899/1357/402 903/1359/404
f 906/1367/412 904/1365/410 903/1359/404 905/1364/409
f 906/1367/412 905/1364/409 907/1368/413 908/1369/414
f 905/1364/409 901/1362/407 910/1370/415 907/1368/413
f 931/1371/416 908/1369/414 907/1368/413 909/1372/417
f 909/1372/417 907/1368/413 910/1370/415 911/1373/418
f 911/1373/418 910/1370/415 912/1374/419 913/1375/420
f 901/1362/407 915/1363/408 912/1374/419 910/1370/415
f 913/1375/420 912/1374/419 914/1376/421 923/1377/422
f 915/1363/408 916/1378/423 914/1376/421 912/1374/419
f 915/1363/408 902/1361/406 918/1379/424 916/1378/423
f 916/1378/423 917/1380/425 921/1381/426 914/1376/421
f 916/1378/423 918/1379/424 920/1257/312 917/1380/425
f 918/1379/424 919/1355/400 816/1258/313 920/1257/312
f 902/1361/406 894/1354/399 919/1355/400 918/1379/424
f 917/1380/425 920/1257/312 812/1251/306 810/1249/304
f 919/1355/400 895/1266/321 818/1259/314 816/1258/313
f 917/1380/425 810/1249/304 808/1247/302 921/1381/426
f 923/1377/422 914/1376/421 921/1381/426 922/1382/427
f 922/1382/427 921/1381/426 808/1247/302 806/1246/301
f 925/1383/428 923/1377/422 922/1382/427 924/1384/429
f 924/1384/429 922/1382/427 806/1246/301 804/1245/300
f 744/1179/226 924/1384/430 804/1245/299 745/1180/227
f 743/1178/225 925/1383/431 924/1384/430 744/1179/226
f 926/1385/432 913/1375/420 923/1377/422 925/1383/428
f 742/1177/224 926/1385/433 925/1383/431 743/1178/225
f 741/1176/223 927/1386/434 926/1385/433 742/1177/224
f 927/1386/435 911/1373/418 913/1375/420 926/1385/432
f 928/1387/436 909/1372/417 911/1373/418 927/1386/435
f 740/1175/222 928/1387/437 927/1386/434 741/1176/223
f 739/1174/221 929/1388/438 928/1387/437 740/1175/222
f 929/1388/439 931/1371/416 909/1372/417 928/1387/436
f 930/1389/440 932/1390/441 931/1371/416 929/1388/439
f 738/1173/220 930/1389/442 929/1388/438 739/1174/221
f 932/1390/441 934/1391/443 908/1369/414 931/1371/416
f 933/1392/444 935/1393/445 934/1391/443 932/1390/441
f 966/1394/446 933/1392/444 932/1390/441 930/1389/440
f 937/1395/447 936/1396/448 934/1391/443 935/1393/445
f 936/1396/448 906/1367/412 908/1369/414 934/1391/443
f 937/1395/447 939/1397/449 938/1398/450 936/1396/448
f 936/1396/448 938/1398/450 904/1365/410 906/1367/412
f 939/1397/449 943/1399/451 940/1400/452 938/1398/450
f 938/1398/450 940/1400/452 942/1366/411 904/1365/410
f 940/1400/452 941/1401/453 972/1402/454 942/1366/411
f 943/1399/451 945/1403/455 941/1401/453 940/1400/452
f 953/1404/456 944/1405/457 943/1399/451 939/1397/449
f 944/1405/457 946/1406/458 945/1403/455 943/1399/451
f 945/1403/455 946/1406/458 874/1334/379 877/1337/382
f 941/1401/453 945/1403/455 877/1337/382 880/1340/385
f 949/1407/459 947/1408/460 946/1406/458 944/1405/457
f 946/1406/458 947/1408/460 872/1332/377 874/1334/379
f 950/1409/461 948/1410/462 947/1408/460 949/1407/459
f 947/1408/460 948/1410/462 870/1331/376 872/1332/377
f 954/1411/463 950/1409/461 949/1407/459 951/1412/464
f 951/1412/464 949/1407/459 944/1405/457 953/1404/456
f 952/1413/465 951/1412/464 953/1404/456 964/1414/466
f 955/1415/467 954/1411/463 951/1412/464 952/1413/465
f 772/1210/260 774/1212/262 950/1409/461 954/1411/463
f 956/1211/261 772/1210/260 954/1411/463 955/1415/467
f 956/1211/261 955/1415/467 957/1416/468 958/1417/469
f 955/1415/467 952/1413/465 960/1418/470 957/1416/468
f 970/1419/471 958/1417/469 957/1416/468 959/1420/472
f 959/1420/472 957/1416/468 960/1418/470 961/1421/473
f 961/1421/473 960/1418/470 962/1422/474 963/1423/475
f 952/1413/465 964/1414/466 962/1422/474 960/1418/470
f 963/1423/475 962/1422/474 935/1393/445 933/1392/444
f 964/1414/466 937/1395/447 935/1393/445 962/1422/474
f 964/1414/466 953/1404/456 939/1397/449 937/1395/447
f 967/1424/476 961/1421/473 963/1423/475 965/1425/477
f 965/1425/477 963/1423/475 933/1392/444 966/1394/446
f 736/1171/218 965/1425/478 966/1394/479 737/1172/219
f 735/1170/217 967/1424/480 965/1425/478 736/1171/218
f 968/1426/481 959/1420/472 961/1421/473 967/1424/476
f 734/1169/216 968/1426/482 967/1424/480 735/1170/217
f 733/1168/215 969/1427/483 968/1426/482 734/1169/216
f 969/1427/484 970/1419/471 959/1420/472 968/1426/481
f 753/1188/237 757/1189/236 970/1419/471 969/1427/484
f 732/1166/214 753/1188/235 969/1427/483 733/1168/215
f 757/1189/236 971/1194/244 958/1417/469 970/1419/471
f 737/1172/219 966/1394/479 930/1389/442 738/1173/220
f 771/1208/258 956/1211/261 958/1417/469 971/1194/244
f 764/1200/250 771/1208/258 971/1194/244 756/1193/243
f 774/1212/262 776/1214/264 948/1410/462 950/1409/461
f 948/1410/462 776/1214/264 779/1217/267 870/1331/376
f 942/1366/411 972/1402/454 897/1358/403 899/1357/402
f 972/1402/454 941/1401/453 880/1340/385 883/1343/388
f 897/1358/403 972/1402/454 883/1343/388 886/1346/391
f 887/1347/392 974/1428/485 973/1429/486 890/1350/395
f 890/1350/395 973/1429/486 832/1277/332 830/1276/331
f 973/1429/486 974/1428/485 977/1430/487 975/1431/488
f 832/1277/332 973/1429/486 975/1431/488 834/1278/333
f 975/1432/488 976/1433/489 1502/1282/336 834/1281/333
f 977/1434/487 979/1435/490 976/1433/489 975/1432/488
f 974/1428/485 1400/1436/491 978/1437/492 977/1430/487
f 978/1438/492 980/1439/493 979/1435/490 977/1434/487
f 980/1439/493 984/1440/494 981/1441/495 979/1435/490
f 979/1435/490 981/1441/495 983/1442/1 976/1433/489
f 981/1441/495 982/1443/496 1460/1444/497 983/1442/1
f 984/1440/494 985/1445/498 982/1443/496 981/1441/495
f 988/1446/499 986/1447/500 984/1440/494 980/1439/493
f 986/1447/500 989/1448/501 985/1445/498 984/1440/494
f 1394/1449/502 987/1450/503 986/1447/500 988/1446/499
f 987/1450/503 990/1451/504 989/1448/501 986/1447/500
f 990/1451/504 994/1452/505 991/1453/506 989/1448/501
f 989/1448/501 991/1453/506 992/1454/507 985/1445/498
f 992/1454/507 991/1453/506 993/1455/508 1493/1456/509
f 991/1453/506 994/1452/505 995/1457/510 993/1455/508
f 998/1458/511 996/1459/512 994/1452/505 990/1451/504
f 994/1452/505 996/1459/512 999/1460/513 995/1457/510
f 996/1461/512 997/1462/514 1001/1463/515 999/1464/513
f 1388/1465/516 997/1462/514 996/1461/512 998/1466/511
f 999/1460/513 1000/1467/517 1494/1468/518 995/1457/510
f 1001/1463/515 1003/1469/519 1000/1470/517 999/1464/513
f 997/1462/514 1385/1471/520 1002/1472/521 1001/1463/515
f 1002/1472/521 1004/1473/522 1003/1469/519 1001/1463/515
f 1004/1473/522 1008/1474/523 1005/1475/524 1003/1469/519
f 1003/1469/519 1005/1475/524 1007/1476/525 1000/1470/517
f 1005/1475/524 1006/1477/526 1500/1478/527 1007/1476/525
f 1008/1474/523 1010/1479/528 1006/1477/526 1005/1475/524
f 1009/1480/529 1011/1481/530 1010/1479/528 1008/1474/523
f 1380/1482/531 1009/1480/529 1008/1474/523 1004/1473/522
f 1010/1479/528 1011/1481/530 1013/1483/532 1012/1484/533
f 1006/1477/526 1010/1479/528 1012/1484/533 1014/1485/534
f 1013/1483/532 1016/1486/535 1015/1487/536 1012/1484/533
f 1012/1484/533 1015/1487/536 1018/1488/537 1014/1485/534
f 1016/1486/535 1071/1489/538 1017/1490/539 1015/1487/536
f 1015/1487/536 1017/1490/539 1019/1491/540 1018/1488/537
f 1014/1485/534 1018/1488/537 1020/1492/541 1021/1493/542
f 1018/1488/537 1019/1491/540 1022/1494/543 1020/1492/541
f 1021/1495/542 1020/1496/541 1023/1497/544 1024/1498/545
f 1020/1496/541 1022/1499/543 1025/1500/546 1023/1497/544
f 1024/1498/545 1023/1497/544 1026/1501/547 1027/1502/548
f 1023/1497/544 1025/1500/546 1028/1503/549 1026/1501/547
f 1027/1502/548 1026/1501/547 1029/1504/550 1030/1505/551
f 1026/1501/547 1028/1503/549 1031/1506/552 1029/1504/550
f 1030/1505/551 1029/1504/550 1032/1507/553 1033/1508/554
f 1029/1504/550 1031/1506/552 1034/1509/555 1032/1507/553
f 1033/1508/554 1032/1507/553 1035/1510/556 1036/1511/557
f 1032/1507/553 1034/1509/555 1037/1512/558 1035/1510/556
f 1036/1511/557 1035/1510/556 1038/1513/559 1039/1514/560
f 1035/1510/556 1037/1512/558 1040/1515/561 1038/1513/559
f 1039/1514/560 1038/1513/559 1041/1516/562 1042/1517/563
f 1038/1513/559 1040/1515/561 1043/1518/564 1041/1516/562
f 1042/1517/563 1041/1516/562 1044/1519/565 1045/1520/566
f 1041/1516/562 1043/1518/564 1046/1521/567 1044/1519/565
f 1045/1520/566 1044/1519/565 1047/1522/568 1048/1523/569
f 1044/1519/565 1046/1521/567 1049/1524/570 1047/1522/568
f 1048/1523/569 1047/1522/568 1050/1525/571 1051/1526/572
f 1047/1522/568 1049/1524/570 1052/1527/573 1050/1525/571
f 1051/1526/572 1050/1525/571 1053/1528/574 1054/1529/575
f 1050/1525/571 1052/1527/573 1055/1530/576 1053/1528/574
f 1054/1529/575 1053/1528/574 1056/1531/577 1057/1532/578
f 1053/1528/574 1055/1530/576 1058/1533/579 1056/1531/577
f 1057/1532/578 1056/1531/577 1059/1534/580 1060/1535/581
f 1056/1531/577 1058/1533/579 1061/1536/582 1059/1534/580
f 1060/1535/581 1059/1534/580 1062/1537/583 1063/1538/584
f 1059/1534/580 1061/1536/582 1064/1539/585 1062/1537/583
f 1063/1538/584 1062/1537/583 1065/1540/586 1066/1541/587
f 1062/1537/583 1064/1539/585 1067/1542/588 1065/1540/586
f 1068/1543/589 1069/1544/590 1066/1541/587 1065/1540/586
f 1070/1545/591 1068/1543/589 1065/1540/586 1067/1542/588
f 1069/1544/590 1068/1543/589 1016/1486/535 1013/1483/532
f 1068/1543/589 1070/1545/591 1071/1489/538 1016/1486/535
f 1070/1545/591 1072/1546/592 1073/1547/593 1071/1489/538
f 1072/1546/592 1070/1545/591 1067/1542/588 1074/1548/594
f 1073/1547/593 1072/1546/592 1075/1549/595 1076/1550/596
f 1072/1546/592 1074/1548/594 1078/1551/597 1075/1549/595
f 1075/1549/595 1077/1552/598 1366/1553/599 1076/1550/596
f 1077/1552/598 1075/1549/595 1078/1551/597 1079/1554/600
f 1080/1555/601 1081/1556/602 1079/1554/600 1078/1551/597
f 1074/1548/594 1082/1557/603 1080/1555/601 1078/1551/597
f 1083/1558/604 1085/1559/605 1081/1556/602 1080/1555/601
f 1082/1557/603 1086/1560/606 1083/1558/604 1080/1555/601
f 1086/1560/606 1087/1561/607 1084/1562/608 1083/1558/604
f 1084/1562/608 1095/1563/609 1085/1559/605 1083/1558/604
f 1058/1533/579 1087/1561/607 1086/1560/606 1061/1536/582
f 1061/1536/582 1086/1560/606 1082/1557/603 1064/1539/585
f 1055/1530/576 1088/1564/610 1087/1561/607 1058/1533/579
f 1087/1561/607 1088/1564/610 1090/1565/611 1084/1562/608
f 1052/1527/573 1089/1566/612 1088/1564/610 1055/1530/576
f 1088/1564/610 1089/1566/612 1091/1567/613 1090/1565/611
f 1091/1567/613 1093/1568/614 1092/1569/615 1090/1565/611
f 1090/1565/611 1092/1569/615 1095/1563/609 1084/1562/608
f 1093/1568/614 1285/1570/616 1094/1571/617 1092/1569/615
f 1092/1569/615 1094/1571/617 1096/1572/618 1095/1563/609
f 1095/1563/609 1096/1572/618 1098/1573/619 1085/1559/605
f 1096/1572/618 1097/1574/620 1099/1575/621 1098/1573/619
f 1094/1571/617 1253/1576/622 1097/1574/620 1096/1572/618
f 1085/1559/605 1098/1573/619 1100/1577/623 1081/1556/602
f 1098/1573/619 1099/1575/621 1101/1578/624 1100/1577/623
f 1081/1556/602 1100/1577/623 1102/1579/5 1079/1554/600
f 1100/1577/623 1101/1578/624 1103/1580/625 1102/1579/5
f 1104/1581/626 1077/1552/598 1079/1554/600 1102/1579/5
f 1106/1582/627 1104/1581/626 1102/1579/5 1103/1580/625
f 1077/1552/598 1104/1581/626 1105/1583/628 1366/1553/599
f 1104/1581/626 1106/1582/627 1107/1584/629 1105/1583/628
f 1106/1582/627 1108/1585/630 1109/1586/631 1107/1584/629
f 1108/1585/630 1106/1582/627 1103/1580/625 1110/1587/632
f 1109/1586/631 1108/1585/630 1111/1588/633 1113/1589/634
f 1108/1585/630 1110/1587/632 1114/1590/635 1111/1588/633
f 1111/1588/633 1112/1591/636 1365/1592/637 1113/1589/634
f 1112/1591/636 1111/1588/633 1114/1590/635 1116/1593/638
f 1115/1594/639 1117/1595/640 1116/1593/638 1114/1590/635
f 1110/1587/632 1250/1596/641 1115/1594/639 1114/1590/635
f 1120/1597/642 1112/1591/636 1116/1593/638 1118/1598/643
f 1117/1595/640 1121/1599/644 1118/1598/643 1116/1593/638
f 1121/1599/644 1123/1600/645 1119/1601/646 1118/1598/643
f 1362/1602/647 1120/1597/642 1118/1598/643 1119/1601/646
f 1122/1603/648 1124/1604/649 1123/1600/645 1121/1599/644
f 1247/1605/650 1122/1603/648 1121/1599/644 1117/1595/640
f 1123/1600/645 1124/1604/649 1128/1606/651 1125/1607/652
f 1119/1601/646 1123/1600/645 1125/1607/652 1126/1608/653
f 1126/1608/653 1125/1607/652 1127/1609/654 1364/1610/5
f 1125/1607/652 1128/1606/651 1130/1611/655 1127/1609/654
f 1124/1604/649 1244/1612/656 1129/1613/657 1128/1606/651
f 1128/1606/651 1129/1613/657 1131/1614/658 1130/1611/655
f 1130/1611/655 1131/1614/658 1133/1615/658 1132/1616/655
f 1127/1609/654 1130/1611/655 1132/1616/655 1134/1617/654
f 1132/1616/655 1133/1615/658 1136/1618/659 1135/1619/660
f 1134/1617/654 1132/1616/655 1135/1619/660 1137/1620/661
f 1135/1621/660 1136/1622/659 1139/1623/662 1138/1624/663
f 1137/1625/661 1135/1621/660 1138/1624/663 1141/1626/664
f 1138/1624/4 1139/1623/4 1140/1627/4
f 1141/1626/4 1138/1624/4 1140/1627/4
f 1142/1628/4 1141/1626/4 1140/1627/4
f 1144/1629/665 1137/1625/661 1141/1626/664 1142/1628/666
f 1146/1630/667 1144/1629/665 1142/1628/666 1143/1631/668
f 1143/1631/4 1142/1628/4 1140/1627/4
f 1147/1632/669 1145/1633/5 1144/1634/665 1146/1635/667
f 1145/1633/5 1134/1617/654 1137/1620/661 1144/1634/665
f 1151/1636/670 1147/1632/669 1146/1635/667 1148/1637/671
f 1148/1638/671 1146/1630/667 1143/1631/668 1150/1639/672
f 1149/1640/673 1148/1638/671 1150/1639/672 1372/1641/674
f 1153/1642/675 1151/1636/670 1148/1637/671 1149/1643/673
f 1152/1644/670 1363/1645/676 1147/1632/669 1151/1636/670
f 1154/1646/675 1152/1644/670 1151/1636/670 1153/1642/675
f 1158/1647/677 1154/1646/675 1153/1642/675 1155/1648/677
f 1155/1648/677 1153/1642/675 1149/1643/673 1157/1649/678
f 1156/1650/17 1155/1648/677 1157/1649/678 1168/1651/679
f 1160/1652/17 1158/1647/677 1155/1648/677 1156/1650/17
f 1161/1653/680 1159/1654/681 1158/1647/677 1160/1652/17
f 1159/1654/681 1359/1655/682 1154/1646/675 1158/1647/677
f 1163/1656/683 1161/1657/680 1160/1658/17 1162/1659/684
f 1162/1659/684 1160/1658/17 1156/1660/17 1165/1661/685
f 1350/1662/686 1163/1656/683 1162/1659/684 1164/1663/687
f 1164/1663/687 1162/1659/684 1165/1661/685 1166/1664/687
f 1165/1661/685 1156/1660/17 1168/1665/679 1167/1666/688
f 1166/1664/687 1165/1661/685 1167/1666/688 1169/1667/689
f 1167/1668/688 1168/1669/679 1171/1670/690 1170/1671/691
f 1169/1672/689 1167/1668/688 1170/1671/691 1172/1673/692
f 1172/1673/4 1170/1671/4 1140/1627/4
f 1170/1671/4 1171/1670/4 1140/1627/4
f 1175/1674/693 1169/1672/689 1172/1673/692 1173/1675/694
f 1173/1675/4 1172/1673/4 1140/1627/4
f 1176/1676/695 1175/1674/693 1173/1675/694 1174/1677/696
f 1174/1677/4 1173/1675/4 1140/1627/4
f 1179/1678/697 1177/1679/698 1175/1680/693 1176/1681/695
f 1177/1679/698 1166/1664/687 1169/1667/689 1175/1680/693
f 1180/1682/699 1178/1683/698 1177/1679/698 1179/1678/697
f 1178/1683/698 1164/1663/687 1166/1664/687 1177/1679/698
f 1182/1684/1 1180/1682/699 1179/1678/697 1181/1685/1
f 1181/1685/1 1179/1678/697 1176/1681/695 1184/1686/700
f 1212/1687/701 1182/1684/1 1181/1685/1 1183/1688/701
f 1183/1688/701 1181/1685/1 1184/1686/700 1185/1689/702
f 1184/1690/700 1176/1676/695 1174/1677/696 1186/1691/703
f 1185/1692/702 1184/1690/700 1186/1691/703 1187/1693/704
f 1186/1691/4 1174/1677/4 1140/1627/4
f 1187/1693/4 1186/1691/4 1140/1627/4
f 1188/1694/4 1187/1693/4 1140/1627/4
f 1190/1695/705 1185/1692/702 1187/1693/704 1188/1694/706
f 1189/1696/4 1188/1694/4 1140/1627/4
f 1192/1697/707 1190/1695/705 1188/1694/706 1189/1696/708
f 1193/1698/709 1191/1699/710 1190/1700/705 1192/1701/707
f 1191/1699/710 1183/1688/701 1185/1689/702 1190/1700/705
f 1195/1702/711 1193/1698/709 1192/1701/707 1194/1703/712
f 1194/1704/712 1192/1697/707 1189/1696/708 1197/1705/713
f 1203/1706/616 1195/1702/711 1194/1703/712 1196/1707/714
f 1196/1708/714 1194/1704/712 1197/1705/713 1198/1709/715
f 1198/1709/4 1197/1705/4 1140/1627/4
f 1197/1705/4 1189/1696/4 1140/1627/4
f 1200/1710/716 1196/1708/714 1198/1709/715 1199/1711/717
f 1199/1711/4 1198/1709/4 1140/1627/4
f 1136/1622/659 1200/1710/716 1199/1711/717 1139/1623/662
f 1139/1623/4 1199/1711/4 1140/1627/4
f 1133/1615/658 1201/1712/718 1200/1713/716 1136/1618/659
f 1201/1712/718 1203/1706/616 1196/1707/714 1200/1713/716
f 1131/1614/658 1202/1714/719 1201/1712/718 1133/1615/658
f 1202/1714/719 1204/1715/616 1203/1706/616 1201/1712/718
f 1204/1715/616 1206/1716/720 1195/1702/711 1203/1706/616
f 1370/1717/721 1205/1718/722 1204/1715/616 1202/1714/719
f 1205/1718/722 1207/1719/723 1206/1716/720 1204/1715/616
f 1207/1719/723 1209/1720/724 1208/1721/709 1206/1716/720
f 1206/1716/720 1208/1721/709 1193/1698/709 1195/1702/711
f 1209/1720/724 1211/1722/725 1210/1723/710 1208/1721/709
f 1208/1721/709 1210/1723/710 1191/1699/710 1193/1698/709
f 1211/1722/725 1213/1724/726 1212/1687/701 1210/1723/710
f 1210/1723/710 1212/1687/701 1183/1688/701 1191/1699/710
f 1213/1724/726 1215/1725/727 1182/1684/1 1212/1687/701
f 1229/1726/728 1214/1727/729 1213/1724/726 1211/1722/725
f 1214/1727/729 1216/1728/730 1215/1725/727 1213/1724/726
f 1216/1728/730 1219/1729/731 1217/1730/732 1215/1725/727
f 1215/1725/727 1217/1730/732 1180/1682/699 1182/1684/1
f 1217/1730/732 1218/1731/733 1178/1683/698 1180/1682/699
f 1219/1729/731 1220/1732/734 1218/1731/733 1217/1730/732
f 1222/1733/735 1220/1732/734 1219/1729/731 1221/1734/736
f 1221/1734/736 1219/1729/731 1216/1728/730 1224/1735/737
f 1334/1736/738 1222/1733/735 1221/1734/736 1223/1737/739
f 1223/1737/739 1221/1734/736 1224/1735/737 1225/1738/740
f 1224/1735/737 1216/1728/730 1214/1727/729 1226/1739/741
f 1225/1738/740 1224/1735/737 1226/1739/741 1227/1740/742
f 1226/1739/741 1214/1727/729 1229/1726/728 1228/1741/743
f 1227/1740/742 1226/1739/741 1228/1741/743 1230/1742/744
f 1228/1741/743 1229/1726/728 1232/1743/745 1231/1744/746
f 1230/1742/744 1228/1741/743 1231/1744/746 1233/1745/747
f 1231/1744/746 1232/1743/745 1235/1746/748 1234/1747/749
f 1233/1745/747 1231/1744/746 1234/1747/749 1236/1748/750
f 1234/1747/749 1235/1746/748 1238/1749/751 1237/1750/752
f 1236/1748/750 1234/1747/749 1237/1750/752 1239/1751/753
f 1237/1750/752 1238/1749/751 1241/1752/754 1240/1753/755
f 1239/1751/753 1237/1750/752 1240/1753/755 1242/1754/756
f 1240/1753/755 1241/1752/754 1244/1612/656 1243/1755/757
f 1242/1754/756 1240/1753/755 1243/1755/757 1245/1756/758
f 1243/1755/757 1244/1612/656 1124/1604/649 1122/1603/648
f 1245/1756/758 1243/1755/757 1122/1603/648 1247/1605/650
f 1246/1757/759 1245/1756/758 1247/1605/650 1248/1758/760
f 1254/1759/761 1242/1754/756 1245/1756/758 1246/1757/759
f 1248/1758/760 1247/1605/650 1117/1595/640 1115/1594/639
f 1249/1760/762 1251/1761/763 1246/1757/759 1248/1758/760
f 1250/1596/641 1249/1760/762 1248/1758/760 1115/1594/639
f 1099/1575/621 1249/1760/762 1250/1596/641 1101/1578/624
f 1097/1574/620 1251/1761/763 1249/1760/762 1099/1575/621
f 1251/1761/763 1252/1762/764 1254/1759/761 1246/1757/759
f 1253/1576/622 1252/1762/764 1251/1761/763 1097/1574/620
f 1256/1763/765 1255/1764/766 1252/1762/764 1253/1576/622
f 1252/1762/764 1255/1764/766 1257/1765/767 1254/1759/761
f 1260/1766/768 1258/1767/769 1255/1764/766 1256/1763/765
f 1255/1764/766 1258/1767/769 1261/1768/770 1257/1765/767
f 1258/1767/769 1259/1769/771 1262/1770/772 1261/1768/770
f 1269/1771/773 1259/1769/771 1258/1767/769 1260/1766/768
f 1262/1770/772 1233/1745/747 1236/1748/750 1261/1768/770
f 1261/1768/770 1236/1748/750 1239/1751/753 1257/1765/767
f 1263/1772/774 1230/1742/744 1233/1745/747 1262/1770/772
f 1259/1769/771 1265/1773/775 1263/1772/774 1262/1770/772
f 1264/1774/776 1227/1740/742 1230/1742/744 1263/1772/774
f 1265/1773/775 1266/1775/777 1264/1774/776 1263/1772/774
f 1270/1776/778 1266/1775/777 1265/1773/775 1267/1777/779
f 1267/1777/779 1265/1773/775 1259/1769/771 1269/1771/773
f 1268/1778/780 1267/1777/779 1269/1771/773 1281/1779/781
f 1272/1780/782 1270/1776/778 1267/1777/779 1268/1778/780
f 1273/1781/1 1271/1782/783 1270/1776/778 1272/1780/782
f 1271/1782/783 1339/1783/784 1266/1775/777 1270/1776/778
f 1275/1784/785 1273/1781/1 1272/1780/782 1274/1785/786
f 1274/1785/786 1272/1780/782 1268/1778/780 1277/1786/787
f 1292/1787/788 1275/1784/785 1274/1785/786 1276/1788/789
f 1276/1788/789 1274/1785/786 1277/1786/787 1278/1789/790
f 1278/1789/790 1277/1786/787 1279/1790/791 1280/1791/792
f 1277/1786/787 1268/1778/780 1281/1779/781 1279/1790/791
f 1280/1791/792 1279/1790/791 1282/1792/793 1283/1793/794
f 1279/1790/791 1281/1779/781 1284/1794/795 1282/1792/793
f 1283/1793/794 1282/1792/793 1093/1568/614 1091/1567/613
f 1282/1792/793 1284/1794/795 1285/1570/616 1093/1568/614
f 1281/1779/781 1269/1771/773 1260/1766/768 1284/1794/795
f 1284/1794/795 1260/1766/768 1256/1763/765 1285/1570/616
f 1285/1570/616 1256/1763/765 1253/1576/622 1094/1571/617
f 1089/1566/612 1286/1795/796 1283/1793/794 1091/1567/613
f 1286/1795/796 1287/1796/797 1280/1791/792 1283/1793/794
f 1046/1521/567 1287/1796/797 1286/1795/796 1049/1524/570
f 1049/1524/570 1286/1795/796 1089/1566/612 1052/1527/573
f 1043/1518/564 1288/1797/798 1287/1796/797 1046/1521/567
f 1287/1796/797 1288/1797/798 1278/1789/790 1280/1791/792
f 1288/1797/798 1289/1798/799 1276/1788/789 1278/1789/790
f 1040/1515/561 1289/1798/799 1288/1797/798 1043/1518/564
f 1037/1512/558 1290/1799/800 1289/1798/799 1040/1515/561
f 1289/1798/799 1290/1799/800 1292/1787/788 1276/1788/789
f 1034/1509/555 1291/1800/801 1290/1799/800 1037/1512/558
f 1290/1799/800 1291/1800/801 1293/1801/802 1292/1787/788
f 1293/1801/802 1294/1802/803 1275/1784/785 1292/1787/788
f 1295/1803/804 1297/1804/805 1294/1802/803 1293/1801/802
f 1291/1800/801 1298/1805/806 1295/1803/804 1293/1801/802
f 1298/1805/806 1299/1806/807 1296/1807/808 1295/1803/804
f 1296/1807/808 1344/1808/809 1297/1804/805 1295/1803/804
f 1028/1503/549 1299/1806/807 1298/1805/806 1031/1506/552
f 1031/1506/552 1298/1805/806 1291/1800/801 1034/1509/555
f 1299/1806/807 1300/1809/810 1302/1810/811 1296/1807/808
f 1025/1500/546 1300/1809/810 1299/1806/807 1028/1503/549
f 1022/1499/543 1301/1811/812 1300/1809/810 1025/1500/546
f 1300/1809/810 1301/1811/812 1304/1812/813 1302/1810/811
f 1302/1810/811 1303/1813/814 1344/1808/809 1296/1807/808
f 1304/1812/813 1306/1814/815 1303/1813/814 1302/1810/811
f 1301/1815/812 1369/1816/816 1305/1817/817 1304/1818/813
f 1305/1817/817 1307/1819/818 1306/1820/815 1304/1818/813
f 1307/1819/818 1311/1821/819 1308/1822/17 1306/1820/815
f 1306/1814/815 1308/1823/17 1310/1824/820 1303/1813/814
f 1308/1823/17 1309/1825/821 1327/1826/822 1310/1824/820
f 1311/1821/819 1312/1827/823 1309/1828/821 1308/1822/17
f 1314/1829/824 1313/1830/825 1311/1821/819 1307/1819/818
f 1313/1830/825 1315/1831/826 1312/1827/823 1311/1821/819
f 1366/1553/599 1105/1583/628 1313/1830/825 1314/1829/824
f 1105/1583/628 1107/1584/629 1315/1831/826 1313/1830/825
f 1107/1584/629 1109/1586/631 1316/1832/827 1315/1831/826
f 1315/1831/826 1316/1832/827 1317/1833/828 1312/1827/823
f 1317/1833/828 1316/1832/827 1318/1834/521 1320/1835/829
f 1316/1832/827 1109/1586/631 1113/1589/634 1318/1834/521
f 1318/1834/521 1319/1836/522 1321/1837/830 1320/1835/829
f 1113/1589/634 1365/1592/637 1319/1836/522 1318/1834/521
f 1320/1835/829 1321/1837/830 1323/1838/517 1322/1839/831
f 1325/1840/832 1317/1833/828 1320/1835/829 1322/1839/831
f 1322/1841/831 1323/1842/517 1345/1843/833 1324/1844/834
f 1326/1845/835 1325/1846/832 1322/1841/831 1324/1844/834
f 1309/1825/821 1325/1846/832 1326/1845/835 1327/1826/822
f 1312/1827/823 1317/1833/828 1325/1840/832 1309/1828/821
f 1327/1826/822 1326/1845/835 1328/1847/836 1329/1848/837
f 1328/1847/836 1326/1845/835 1324/1844/834 1331/1849/838
f 1329/1848/837 1328/1847/836 1330/1850/839 1340/1851/840
f 1330/1850/839 1328/1847/836 1331/1849/838 1333/1852/509
f 1331/1849/838 1332/1853/841 1334/1736/738 1333/1852/509
f 1324/1844/834 1345/1843/833 1332/1853/841 1331/1849/838
f 1337/1854/842 1330/1850/839 1333/1852/509 1335/1855/843
f 1333/1852/509 1334/1736/738 1223/1737/739 1335/1855/843
f 1335/1855/843 1223/1737/739 1225/1738/740 1336/1856/844
f 1339/1783/784 1337/1854/842 1335/1855/843 1336/1856/844
f 1340/1851/840 1330/1850/839 1337/1854/842 1338/1857/845
f 1338/1857/845 1337/1854/842 1339/1783/784 1271/1782/783
f 1266/1775/777 1339/1783/784 1336/1856/844 1264/1774/776
f 1342/1858/846 1340/1851/840 1338/1857/845 1341/1859/847
f 1341/1859/847 1338/1857/845 1271/1782/783 1273/1781/1
f 1294/1802/803 1341/1859/847 1273/1781/1 1275/1784/785
f 1297/1804/805 1342/1858/846 1341/1859/847 1294/1802/803
f 1344/1808/809 1343/1860/848 1342/1858/846 1297/1804/805
f 1343/1860/848 1329/1848/837 1340/1851/840 1342/1858/846
f 1303/1813/814 1310/1824/820 1343/1860/848 1344/1808/809
f 1310/1824/820 1327/1826/822 1329/1848/837 1343/1860/848
f 1336/1856/844 1225/1738/740 1227/1740/742 1264/1774/776
f 1332/1853/841 1346/1861/849 1222/1733/735 1334/1736/738
f 1345/1843/833 1347/1862/850 1346/1861/849 1332/1853/841
f 1347/1862/850 1349/1863/851 1348/1864/852 1346/1861/849
f 1346/1861/849 1348/1864/852 1220/1732/734 1222/1733/735
f 1348/1864/852 1349/1863/851 1163/1656/683 1350/1662/686
f 1220/1732/734 1348/1864/852 1350/1662/686 1218/1731/733
f 1218/1731/733 1350/1662/686 1164/1663/687 1178/1683/698
f 1349/1863/851 1351/1865/853 1161/1657/680 1163/1656/683
f 1353/1866/854 1351/1865/853 1349/1863/851 1347/1862/850
f 1354/1867/855 1352/1868/856 1351/1869/853 1353/1870/854
f 1351/1869/853 1352/1868/856 1159/1654/681 1161/1653/680
f 1321/1837/830 1354/1867/855 1353/1870/854 1323/1838/517
f 1323/1842/517 1353/1866/854 1347/1862/850 1345/1843/833
f 1355/1871/857 1357/1872/858 1352/1868/856 1354/1867/855
f 1319/1836/522 1355/1871/857 1354/1867/855 1321/1837/830
f 1356/1873/529 1358/1874/859 1357/1872/858 1355/1871/857
f 1365/1592/637 1356/1873/529 1355/1871/857 1319/1836/522
f 1357/1872/858 1358/1874/859 1360/1875/860 1359/1655/682
f 1352/1868/856 1357/1872/858 1359/1655/682 1159/1654/681
f 1359/1655/682 1360/1875/860 1152/1644/670 1154/1646/675
f 1358/1874/859 1362/1602/647 1361/1876/861 1360/1875/860
f 1360/1875/860 1361/1876/861 1363/1645/676 1152/1644/670
f 1362/1602/647 1119/1601/646 1126/1608/653 1361/1876/861
f 1361/1876/861 1126/1608/653 1364/1610/5 1363/1645/676
f 1363/1645/676 1364/1610/5 1145/1633/5 1147/1632/669
f 1364/1610/5 1127/1609/654 1134/1617/654 1145/1633/5
f 1120/1597/642 1362/1602/647 1358/1874/859 1356/1873/529
f 1112/1591/636 1120/1597/642 1356/1873/529 1365/1592/637
f 1076/1550/596 1366/1553/599 1314/1829/824 1367/1877/862
f 1367/1877/862 1314/1829/824 1307/1819/818 1305/1817/817
f 1369/1816/816 1368/1878/863 1367/1877/862 1305/1817/817
f 1368/1878/863 1073/1547/593 1076/1550/596 1367/1877/862
f 1017/1490/539 1368/1878/863 1369/1816/816 1019/1491/540
f 1071/1489/538 1073/1547/593 1368/1878/863 1017/1490/539
f 1019/1491/540 1369/1816/816 1301/1815/812 1022/1494/543
f 1257/1765/767 1239/1751/753 1242/1754/756 1254/1759/761
f 1101/1578/624 1250/1596/641 1110/1587/632 1103/1580/625
f 1244/1612/656 1241/1752/754 1370/1717/721 1129/1613/657
f 1241/1752/754 1238/1749/751 1205/1718/722 1370/1717/721
f 1129/1613/657 1370/1717/721 1202/1714/719 1131/1614/658
f 1238/1749/751 1235/1746/748 1207/1719/723 1205/1718/722
f 1235/1746/748 1232/1743/745 1209/1720/724 1207/1719/723
f 1232/1743/745 1229/1726/728 1211/1722/725 1209/1720/724
f 1171/1670/4 1371/1879/4 1140/1627/4
f 1168/1669/679 1157/1880/678 1371/1879/864 1171/1670/690
f 1371/1879/4 1372/1641/4 1140/1627/4
f 1157/1880/678 1149/1640/673 1372/1641/674 1371/1879/864
f 1372/1641/4 1150/1639/4 1140/1627/4
f 1150/1639/4 1143/1631/4 1140/1627/4
f 1064/1539/585 1082/1557/603 1074/1548/594 1067/1542/588
f 1373/1881/865 1374/1882/866 1066/1541/587 1069/1544/590
f 1011/1481/530 1373/1881/865 1069/1544/590 1013/1483/532
f 1375/1883/867 1373/1881/865 1011/1481/530 1009/1480/529
f 1373/1881/865 1375/1883/867 1376/1884/643 1374/1882/866
f 1375/1883/867 1377/1885/868 1378/1886/869 1376/1884/643
f 1377/1885/868 1375/1883/867 1009/1480/529 1380/1482/531
f 1377/1885/868 1379/1887/870 1428/1888/871 1378/1886/869
f 1379/1887/870 1377/1885/868 1380/1482/531 1381/1889/872
f 1381/1889/872 1380/1482/531 1004/1473/522 1002/1472/521
f 1382/1890/873 1383/1891/874 1379/1887/870 1381/1889/872
f 1385/1471/520 1382/1890/873 1381/1889/872 1002/1472/521
f 1415/1892/875 1383/1891/874 1382/1890/873 1384/1893/876
f 1384/1893/876 1382/1890/873 1385/1471/520 1386/1894/877
f 1386/1894/877 1385/1471/520 997/1462/514 1388/1465/516
f 1387/1895/878 1386/1894/877 1388/1465/516 1389/1896/879
f 1504/1897/880 1384/1893/876 1386/1894/877 1387/1895/878
f 1389/1896/879 1388/1465/516 998/1466/511 1391/1898/17
f 1404/1899/881 1387/1895/878 1389/1896/879 1390/1900/882
f 1390/1900/882 1389/1896/879 1391/1898/17 1392/1901/883
f 1392/1902/883 1391/1903/17 987/1450/503 1394/1449/502
f 1391/1903/17 998/1458/511 990/1451/504 987/1450/503
f 1393/1904/884 1392/1902/883 1394/1449/502 1395/1905/885
f 1402/1906/886 1390/1900/882 1392/1901/883 1393/1907/884
f 1395/1905/885 1394/1449/502 988/1446/499 1396/1908/887
f 1397/1909/888 1398/1910/889 1393/1911/884 1395/1912/885
f 1399/1913/890 1397/1909/888 1395/1912/885 1396/1914/887
f 875/1335/380 1398/1910/889 1397/1909/888 878/1338/383
f 878/1338/383 1397/1909/888 1399/1913/890 881/1341/386
f 881/1341/386 1399/1913/890 1400/1436/491 884/1344/389
f 1400/1436/491 1399/1913/890 1396/1914/887 978/1437/492
f 884/1344/389 1400/1436/491 974/1428/485 887/1347/392
f 868/1329/374 1401/1328/373 1398/1910/889 875/1335/380
f 1398/1910/889 1401/1328/373 1402/1915/886 1393/1911/884
f 1401/1328/373 867/1327/372 1403/1916/891 1402/1915/886
f 1403/1917/891 1404/1899/881 1390/1900/882 1402/1906/886
f 1405/1918/892 1406/1919/893 1404/1899/881 1403/1917/891
f 867/1327/372 865/1324/369 1405/1920/892 1403/1916/891
f 1407/1921/367 1408/1922/894 1406/1919/893 1405/1918/892
f 865/1324/369 860/1320/365 1407/1322/367 1405/1920/892
f 1408/1922/894 1407/1921/367 856/1315/361 1410/1314/360
f 1408/1922/894 1409/1923/895 1504/1897/880 1406/1919/893
f 1409/1923/895 1408/1922/894 1410/1314/360 1411/1924/5
f 855/1310/357 1412/1925/896 1411/1924/5 1410/1314/360
f 1415/1892/875 1409/1923/895 1411/1924/5 1413/1926/897
f 1412/1925/896 1416/1927/898 1413/1926/897 1411/1924/5
f 1383/1891/874 1415/1892/875 1413/1926/897 1414/1928/899
f 1416/1927/898 1417/1929/900 1414/1928/899 1413/1926/897
f 1420/1930/901 1418/1931/902 1416/1927/898 1412/1925/896
f 1418/1931/902 1421/1932/903 1417/1929/900 1416/1927/898
f 1503/1933/904 1419/1934/905 1418/1931/902 1420/1930/901
f 1419/1934/905 1422/1935/906 1421/1932/903 1418/1931/902
f 1421/1932/903 1422/1935/906 1424/1936/907 1423/1937/908
f 1417/1929/900 1421/1932/903 1423/1937/908 1426/1938/909
f 1424/1936/907 1437/1939/910 1425/1940/911 1423/1937/908
f 1423/1937/908 1425/1940/911 1427/1941/912 1426/1938/909
f 1426/1938/909 1427/1941/912 1378/1886/869 1428/1888/871
f 1414/1928/899 1417/1929/900 1426/1938/909 1428/1888/871
f 1383/1891/874 1414/1928/899 1428/1888/871 1379/1887/870
f 1427/1941/912 1429/1942/913 1376/1884/643 1378/1886/869
f 1425/1940/911 1430/1943/914 1429/1942/913 1427/1941/912
f 1430/1943/914 1432/1944/915 1431/1945/916 1429/1942/913
f 1429/1942/913 1431/1945/916 1374/1882/866 1376/1884/643
f 1431/1945/916 1432/1944/915 1060/1535/581 1063/1538/584
f 1374/1882/866 1431/1945/916 1063/1538/584 1066/1541/587
f 1432/1944/915 1433/1946/917 1057/1532/578 1060/1535/581
f 1435/1947/918 1433/1946/917 1432/1944/915 1430/1943/914
f 1436/1948/755 1434/1949/919 1433/1946/917 1435/1947/918
f 1433/1946/917 1434/1949/919 1054/1529/575 1057/1532/578
f 1438/1950/920 1436/1948/755 1435/1947/918 1437/1939/910
f 1437/1939/910 1435/1947/918 1430/1943/914 1425/1940/911
f 1440/1951/921 1438/1950/920 1437/1939/910 1424/1936/907
f 1439/1952/922 1478/1953/752 1436/1948/755 1438/1950/920
f 1441/1954/923 1439/1952/922 1438/1950/920 1440/1951/921
f 1442/1955/924 1443/1956/925 1441/1954/923 1440/1951/921
f 1422/1935/906 1442/1955/924 1440/1951/921 1424/1936/907
f 1446/1957/926 1443/1956/925 1442/1955/924 1444/1958/927
f 1444/1958/927 1442/1955/924 1422/1935/906 1419/1934/905
f 1445/1959/928 1444/1958/927 1419/1934/905 1503/1933/904
f 1448/1960/616 1446/1957/926 1444/1958/927 1445/1959/928
f 1449/1961/929 1447/1962/930 1446/1957/926 1448/1960/616
f 1447/1962/930 1474/1963/931 1443/1956/925 1446/1957/926
f 839/1287/339 1449/1961/929 1448/1960/616 1450/1290/341
f 1450/1290/341 1448/1960/616 1445/1959/928 1451/1305/354
f 840/1291/342 1450/1290/341 1451/1305/354 845/1304/347
f 1451/1305/354 1445/1959/928 1503/1933/904 851/1306/355
f 837/1285/338 1452/1964/932 1449/1961/929 839/1287/339
f 1452/1964/932 1453/1965/933 1447/1962/930 1449/1961/929
f 835/1283/337 1454/1966/934 1452/1964/932 837/1285/338
f 1454/1966/934 1456/1967/935 1453/1965/933 1452/1964/932
f 1502/1282/336 1455/1968/936 1454/1966/934 835/1283/337
f 1455/1968/936 1458/1969/937 1456/1967/935 1454/1966/934
f 1456/1967/935 1457/1970/938 1473/1971/939 1453/1965/933
f 1458/1969/937 1459/1972/940 1457/1970/938 1456/1967/935
f 983/1442/1 1460/1444/497 1458/1969/937 1455/1968/936
f 1460/1444/497 1461/1973/941 1459/1972/940 1458/1969/937
f 982/1443/496 1462/1974/942 1461/1973/941 1460/1444/497
f 1461/1973/941 1462/1974/942 1464/1975/943 1463/1976/944
f 1459/1972/940 1461/1973/941 1463/1976/944 1466/1977/945
f 1464/1975/943 1490/1978/946 1465/1979/947 1463/1976/944
f 1463/1976/944 1465/1979/947 1467/1980/948 1466/1977/945
f 1466/1977/945 1467/1980/948 1469/1981/949 1468/1982/950
f 1457/1970/938 1459/1972/940 1466/1977/945 1468/1982/950
f 1473/1971/939 1457/1970/938 1468/1982/950 1470/1983/951
f 1468/1982/950 1469/1981/949 1471/1984/952 1470/1983/951
f 1470/1983/951 1471/1984/952 1475/1985/953 1472/1986/954
f 1474/1963/931 1473/1971/939 1470/1983/951 1472/1986/954
f 1453/1965/933 1473/1971/939 1474/1963/931 1447/1962/930
f 1443/1956/925 1474/1963/931 1472/1986/954 1441/1954/923
f 1472/1986/954 1475/1985/953 1439/1952/922 1441/1954/923
f 1471/1984/952 1479/1987/955 1476/1988/956 1475/1985/953
f 1475/1985/953 1476/1988/956 1478/1953/752 1439/1952/922
f 1476/1988/956 1477/1989/957 1501/1990/958 1478/1953/752
f 1479/1987/955 1481/1991/959 1477/1989/957 1476/1988/956
f 1480/1992/960 1482/1993/961 1481/1991/959 1479/1987/955
f 1469/1981/949 1480/1992/960 1479/1987/955 1471/1984/952
f 1481/1991/959 1482/1993/961 1042/1517/563 1045/1520/566
f 1477/1989/957 1481/1991/959 1045/1520/566 1048/1523/569
f 1482/1993/961 1483/1994/962 1039/1514/560 1042/1517/563
f 1485/1995/963 1483/1994/962 1482/1993/961 1480/1992/960
f 1486/1996/737 1484/1997/964 1483/1994/962 1485/1995/963
f 1483/1994/962 1484/1997/964 1036/1511/557 1039/1514/560
f 1465/1979/947 1486/1996/737 1485/1995/963 1467/1980/948
f 1467/1980/948 1485/1995/963 1480/1992/960 1469/1981/949
f 1487/1998/965 1489/1999/966 1484/1997/964 1486/1996/737
f 1490/1978/946 1487/1998/965 1486/1996/737 1465/1979/947
f 1488/2000/735 1499/2001/967 1489/1999/966 1487/1998/965
f 1491/2002/968 1488/2000/735 1487/1998/965 1490/1978/946
f 1493/1456/509 1491/2002/968 1490/1978/946 1464/1975/943
f 1492/2003/969 1495/2004/970 1488/2000/735 1491/2002/968
f 993/1455/508 1492/2003/969 1491/2002/968 1493/1456/509
f 1462/1974/942 992/1454/507 1493/1456/509 1464/1975/943
f 995/1457/510 1494/1468/518 1492/2003/969 993/1455/508
f 1494/1468/518 1496/2005/850 1495/2004/970 1492/2003/969
f 1496/2005/850 1498/2006/971 1497/2007/972 1495/2004/970
f 1495/2004/970 1497/2007/972 1499/2001/967 1488/2000/735
f 1497/2007/972 1498/2006/971 1024/1498/545 1027/1502/548
f 1499/2001/967 1497/2007/972 1027/1502/548 1030/1505/551
f 1489/1999/966 1499/2001/967 1030/1505/551 1033/1508/554
f 1498/2006/971 1500/2008/527 1021/1495/542 1024/1498/545
f 1007/2009/525 1500/2008/527 1498/2006/971 1496/2005/850
f 1500/1478/527 1006/1477/526 1014/1485/534 1021/1493/542
f 1000/1467/517 1007/2009/525 1496/2005/850 1494/1468/518
f 1484/1997/964 1489/1999/966 1033/1508/554 1036/1511/557
f 1478/1953/752 1501/1990/958 1434/1949/919 1436/1948/755
f 1501/1990/958 1477/1989/957 1048/1523/569 1051/1526/572
f 1434/1949/919 1501/1990/958 1051/1526/572 1054/1529/575
f 985/1445/498 992/1454/507 1462/1974/942 982/1443/496
f 976/1433/489 983/1442/1 1455/1968/936 1502/1282/336
f 851/1306/355 1503/1933/904 1420/1930/901 853/1308/356
f 853/1308/356 1420/1930/901 1412/1925/896 855/1310/357
f 1409/1923/895 1415/1892/875 1384/1893/876 1504/1897/880
f 1406/1919/893 1504/1897/880 1387/1895/878 1404/1899/881
f 1396/1908/887 988/1446/499 980/1439/493 978/1438/492
f 1506/1227/277 1505/1302/352 858/1318/363 785/1223/273
f 1507/2010/973 848/1300/350 1505/1302/352 1506/1227/277
f 1509/1230/280 1507/2010/973 1506/1227/277 784/1226/276
f 1508/2011/974 846/1296/346 848/1300/350 1507/2010/973
f 1510/2012/975 1508/2011/974 1507/2010/973 1509/1230/280
f 788/1229/279 1511/1233/283 1510/2012/975 1509/1230/280
f 821/1262/317 1512/1264/319 1508/2011/974 1510/2012/975
f 1511/1233/283 814/1255/310 821/1262/317 1510/2012/975
f 1512/1264/319 843/1294/344 846/1296/346 1508/2011/974
f 820/1263/318 828/1271/326 843/1294/344 1512/1264/319
f 749/1184/231 801/1197/294 754/1186/233 750/1185/232
