# Blender 4.4.1
# www.blender.org
mtllib king.mtl
o chessKitExport.001
v -0.037094 2.485464 -0.110498
v -0.037094 2.541741 -0.061570
v -0.037094 2.438325 -0.037489
v 0.037094 2.485464 -0.110498
v 0.037094 2.541741 -0.061570
v 0.037094 2.438325 -0.037489
v 0.045659 2.539725 -0.037489
v 0.037094 2.432126 0.000001
v -0.037094 2.432126 0.000001
v 0.045659 2.539725 0.000001
v 0.037094 2.438325 0.037491
v 0.037094 2.485464 0.110500
v -0.037094 2.438325 0.037491
v 0.045659 2.539725 0.037491
v 0.037094 2.541741 0.061572
v 0.045659 2.614970 0.037491
v 0.037094 2.612954 0.061572
v 0.037094 2.701954 0.037491
v 0.045659 2.614970 0.000001
v 0.045659 2.614970 -0.037489
v 0.037094 2.708462 0.000001
v -0.037094 2.708462 0.000001
v 0.037094 2.701954 -0.037489
v -0.037094 2.701954 -0.037489
v 0.037094 2.687342 -0.096682
v -0.037094 2.687342 -0.096682
v 0.037094 2.612954 -0.061570
v -0.037094 2.612954 -0.061570
v 0.037094 2.628200 -0.142262
v -0.037094 2.628200 -0.142262
v 0.037094 2.539725 -0.142262
v -0.037094 2.539725 -0.142262
v -0.045659 2.614970 -0.037489
v -0.045659 2.614970 0.000001
v -0.045659 2.539725 -0.037489
v -0.045659 2.539725 0.000001
v -0.045659 2.539725 0.037491
v -0.037094 2.541741 0.061572
v -0.045659 2.614970 0.037491
v -0.037094 2.612954 0.061572
v -0.037094 2.701954 0.037491
v -0.037094 2.687342 0.096684
v 0.037094 2.687342 0.096684
v -0.037094 2.628200 0.142265
v -0.037094 2.539725 0.142265
v 0.037094 2.628200 0.142265
v 0.037094 2.539725 0.142265
v -0.037094 2.485464 0.110500
v 0.154507 -0.001538 0.475529
v 0.293893 -0.001538 0.404511
v 0.404509 -0.001538 0.293894
v 0.475526 -0.001538 0.154510
v 0.500000 -0.001538 0.000001
v 0.475526 -0.001538 -0.154507
v 0.404509 -0.001538 -0.293892
v 0.293893 -0.001538 -0.404508
v 0.154507 -0.001538 -0.475527
v 0.000001 -0.001538 -0.500000
v -0.154508 -0.001538 -0.475527
v -0.293893 -0.001538 -0.404508
v -0.404509 -0.001538 -0.293892
v -0.475526 -0.001538 -0.154507
v -0.500000 -0.001538 0.000001
v -0.475526 -0.001538 0.154510
v -0.404507 -0.001538 0.293894
v -0.293893 -0.001538 0.404510
v -0.154508 -0.001538 0.475529
v 0.000001 -0.001538 0.500000
v 0.154507 0.041908 0.475529
v 0.293893 0.041908 0.404511
v 0.404509 0.041908 0.293894
v 0.475526 0.041908 0.154510
v 0.500000 0.041908 0.000001
v 0.475526 0.041908 -0.154507
v 0.404509 0.041908 -0.293892
v 0.293893 0.041908 -0.404508
v 0.154507 0.041908 -0.475527
v 0.000001 0.041908 -0.500000
v -0.154508 0.041908 -0.475527
v -0.293893 0.041908 -0.404508
v -0.404509 0.041908 -0.293892
v -0.475526 0.041908 -0.154507
v -0.500000 0.041908 0.000001
v -0.475526 0.041908 0.154510
v -0.404507 0.041908 0.293894
v -0.293893 0.041908 0.404510
v -0.154508 0.041908 0.475529
v 0.000001 0.041908 0.500000
v 0.000001 -0.001538 0.000001
v 0.149884 0.324019 0.461298
v 0.285098 0.324019 0.392405
v 0.392404 0.324019 0.285098
v 0.461298 0.324019 0.149885
v 0.485037 0.324019 0.000001
v 0.461298 0.324019 -0.149883
v 0.392404 0.324019 -0.285096
v 0.285098 0.324019 -0.392402
v 0.149884 0.324019 -0.461296
v 0.000001 0.324019 -0.485037
v -0.149884 0.324019 -0.461296
v -0.285095 0.324019 -0.392402
v -0.392404 0.324019 -0.285096
v -0.461296 0.324019 -0.149883
v -0.485038 0.324019 0.000001
v -0.461296 0.324019 0.149885
v -0.392404 0.324019 0.285098
v -0.285095 0.324019 0.392405
v -0.149884 0.324019 0.461298
v 0.000001 0.324019 0.485039
v 0.115118 0.466865 0.354300
v 0.218967 0.466865 0.301385
v 0.301382 0.466865 0.218969
v 0.354298 0.466865 0.115120
v 0.372531 0.466865 0.000001
v 0.354298 0.466865 -0.115117
v 0.301382 0.466865 -0.218967
v 0.218967 0.466865 -0.301382
v 0.115118 0.466865 -0.354297
v 0.000001 0.466865 -0.372530
v -0.115118 0.466865 -0.354297
v -0.218968 0.466865 -0.301382
v -0.301382 0.466865 -0.218967
v -0.354299 0.466865 -0.115117
v -0.372532 0.466865 0.000001
v -0.354299 0.466865 0.115120
v -0.301382 0.466865 0.218969
v -0.218968 0.466865 0.301385
v -0.115118 0.466865 0.354300
v 0.000001 0.466865 0.372532
v 0.141904 0.188077 0.436735
v 0.140635 0.191842 0.432827
v 0.140187 0.197211 0.431456
v 0.140706 0.202494 0.433051
v 0.269916 0.188077 0.371510
v 0.267501 0.191842 0.368185
v 0.266655 0.197211 0.367020
v 0.267640 0.202494 0.368376
v 0.371509 0.188077 0.269918
v 0.368183 0.191842 0.267503
v 0.367019 0.197211 0.266656
v 0.368374 0.202494 0.267641
v 0.436735 0.188077 0.141904
v 0.432825 0.191842 0.140635
v 0.431454 0.197211 0.140190
v 0.433050 0.202494 0.140708
v 0.459208 0.188077 0.000001
v 0.455101 0.191842 0.000001
v 0.453658 0.197211 0.000001
v 0.455335 0.202494 0.000001
v 0.436735 0.188077 -0.141902
v 0.432825 0.191842 -0.140633
v 0.431454 0.197211 -0.140187
v 0.433050 0.202494 -0.140705
v 0.371509 0.188077 -0.269915
v 0.368183 0.191842 -0.267500
v 0.367019 0.197211 -0.266653
v 0.368374 0.202494 -0.267639
v 0.269916 0.188077 -0.371507
v 0.267501 0.191842 -0.368182
v 0.266655 0.197211 -0.367017
v 0.267640 0.202494 -0.368374
v 0.141904 0.188077 -0.436733
v 0.140635 0.191842 -0.432825
v 0.140187 0.197211 -0.431454
v 0.140706 0.202494 -0.433048
v 0.000001 0.188077 -0.459208
v 0.000001 0.191842 -0.455099
v 0.000001 0.197211 -0.453657
v 0.000001 0.202494 -0.455334
v -0.141903 0.188077 -0.436733
v -0.140633 0.191842 -0.432825
v -0.140187 0.197211 -0.431454
v -0.140707 0.202494 -0.433049
v -0.269917 0.188077 -0.371507
v -0.267502 0.191842 -0.368182
v -0.266653 0.197211 -0.367017
v -0.267641 0.202494 -0.368374
v -0.371507 0.188077 -0.269915
v -0.368183 0.191842 -0.267500
v -0.367019 0.197211 -0.266653
v -0.368375 0.202494 -0.267639
v -0.436734 0.188077 -0.141902
v -0.432826 0.191842 -0.140633
v -0.431455 0.197211 -0.140187
v -0.433048 0.202494 -0.140705
v -0.459208 0.188077 0.000001
v -0.455101 0.191842 0.000001
v -0.453658 0.197211 0.000001
v -0.455336 0.202494 0.000001
v -0.436734 0.188077 0.141904
v -0.432826 0.191842 0.140635
v -0.431455 0.197211 0.140190
v -0.433048 0.202494 0.140708
v -0.371507 0.188077 0.269918
v -0.368183 0.191842 0.267503
v -0.367019 0.197211 0.266656
v -0.368375 0.202494 0.267641
v -0.269917 0.188077 0.371509
v -0.267502 0.191842 0.368184
v -0.266653 0.197211 0.367019
v -0.267641 0.202494 0.368376
v -0.141903 0.188077 0.436735
v -0.140633 0.191842 0.432827
v -0.140187 0.197211 0.431456
v -0.140707 0.202494 0.433051
v 0.000001 0.188077 0.459210
v 0.000001 0.191842 0.455101
v 0.000001 0.197211 0.453659
v 0.000001 0.202494 0.455337
v 0.152556 0.285851 0.469524
v 0.153022 0.268033 0.470956
v 0.152564 0.250200 0.469549
v 0.151203 0.233045 0.465354
v 0.148988 0.217246 0.458540
v 0.290178 0.285851 0.399400
v 0.291067 0.268034 0.400621
v 0.290195 0.250200 0.399423
v 0.287602 0.233045 0.395854
v 0.283394 0.217246 0.390058
v 0.399398 0.285851 0.290181
v 0.400618 0.268034 0.291068
v 0.399420 0.250200 0.290197
v 0.395853 0.233045 0.287605
v 0.390056 0.217246 0.283394
v 0.469522 0.285851 0.152558
v 0.470955 0.268033 0.153024
v 0.469547 0.250200 0.152566
v 0.465353 0.233045 0.151203
v 0.458537 0.217246 0.148989
v 0.493685 0.285851 0.000001
v 0.495192 0.268034 0.000001
v 0.493709 0.250200 0.000001
v 0.489299 0.233045 0.000001
v 0.482137 0.217246 0.000001
v 0.469522 0.285851 -0.152556
v 0.470955 0.268033 -0.153021
v 0.469547 0.250200 -0.152564
v 0.465353 0.233045 -0.151201
v 0.458537 0.217246 -0.148987
v 0.399398 0.285851 -0.290178
v 0.400618 0.268034 -0.291065
v 0.399420 0.250200 -0.290194
v 0.395853 0.233045 -0.287603
v 0.390056 0.217246 -0.283392
v 0.290178 0.285851 -0.399397
v 0.291067 0.268034 -0.400618
v 0.290195 0.250200 -0.399418
v 0.287602 0.233045 -0.395851
v 0.283394 0.217246 -0.390056
v 0.152556 0.285851 -0.469521
v 0.153022 0.268033 -0.470953
v 0.152564 0.250200 -0.469546
v 0.151203 0.233045 -0.465352
v 0.148988 0.217246 -0.458537
v 0.000001 0.285851 -0.493684
v 0.000001 0.268034 -0.495190
v 0.000001 0.250200 -0.493709
v 0.000001 0.233045 -0.489299
v 0.000001 0.217246 -0.482136
v -0.152556 0.285851 -0.469521
v -0.153022 0.268033 -0.470953
v -0.152565 0.250200 -0.469546
v -0.151203 0.233045 -0.465352
v -0.148989 0.217246 -0.458537
v -0.290179 0.285851 -0.399397
v -0.291066 0.268034 -0.400618
v -0.290194 0.250200 -0.399418
v -0.287603 0.233045 -0.395851
v -0.283393 0.217246 -0.390056
v -0.399399 0.285851 -0.290178
v -0.400619 0.268034 -0.291065
v -0.399420 0.250200 -0.290194
v -0.395851 0.233045 -0.287603
v -0.390057 0.217246 -0.283392
v -0.469520 0.285851 -0.152556
v -0.470955 0.268033 -0.153021
v -0.469547 0.250200 -0.152564
v -0.465353 0.233045 -0.151201
v -0.458538 0.217246 -0.148987
v -0.493685 0.285851 0.000001
v -0.495191 0.268034 0.000001
v -0.493710 0.250200 0.000001
v -0.489299 0.233045 0.000001
v -0.482135 0.217246 0.000001
v -0.469520 0.285851 0.152558
v -0.470955 0.268033 0.153024
v -0.469547 0.250200 0.152566
v -0.465353 0.233045 0.151203
v -0.458538 0.217246 0.148989
v -0.399399 0.285851 0.290181
v -0.400619 0.268034 0.291068
v -0.399420 0.250200 0.290197
v -0.395851 0.233045 0.287605
v -0.390057 0.217246 0.283394
v -0.290179 0.285851 0.399400
v -0.291066 0.268034 0.400620
v -0.290194 0.250200 0.399421
v -0.287603 0.233045 0.395853
v -0.283393 0.217246 0.390058
v -0.152556 0.285851 0.469523
v -0.153022 0.268033 0.470956
v -0.152565 0.250200 0.469548
v -0.151203 0.233045 0.465354
v -0.148989 0.217246 0.458540
v 0.000001 0.285851 0.493686
v 0.000001 0.268033 0.495192
v 0.000001 0.250200 0.493712
v 0.000001 0.233045 0.489301
v 0.000001 0.217246 0.482137
v 0.154507 0.145377 0.475529
v 0.154075 0.155340 0.474193
v 0.152806 0.164547 0.470285
v 0.150795 0.172299 0.464106
v 0.148207 0.177996 0.456134
v 0.293893 0.145377 0.404511
v 0.293065 0.155340 0.403373
v 0.290650 0.164547 0.400050
v 0.286831 0.172299 0.394792
v 0.281905 0.177996 0.388011
v 0.404509 0.145377 0.293894
v 0.403370 0.155340 0.293068
v 0.400047 0.164547 0.290652
v 0.394791 0.172299 0.286834
v 0.388009 0.177996 0.281907
v 0.475526 0.145377 0.154510
v 0.474191 0.155340 0.154075
v 0.470282 0.164547 0.152806
v 0.464106 0.172299 0.150797
v 0.456132 0.177996 0.148208
v 0.500000 0.145377 0.000001
v 0.498595 0.155340 0.000001
v 0.494486 0.164547 0.000001
v 0.487987 0.172299 0.000001
v 0.479605 0.177996 0.000001
v 0.475526 0.145377 -0.154507
v 0.474191 0.155340 -0.154073
v 0.470282 0.164547 -0.152804
v 0.464104 0.172299 -0.150795
v 0.456132 0.177996 -0.148206
v 0.404509 0.145377 -0.293892
v 0.403370 0.155340 -0.293066
v 0.400047 0.164547 -0.290650
v 0.394791 0.172299 -0.286831
v 0.388009 0.177996 -0.281905
v 0.293893 0.145377 -0.404508
v 0.293065 0.155340 -0.403371
v 0.290650 0.164547 -0.400047
v 0.286831 0.172299 -0.394789
v 0.281905 0.177996 -0.388008
v 0.154507 0.145377 -0.475527
v 0.154075 0.155340 -0.474191
v 0.152806 0.164547 -0.470283
v 0.150795 0.172299 -0.464103
v 0.148207 0.177996 -0.456131
v 0.000001 0.145377 -0.500000
v 0.000001 0.155340 -0.498595
v 0.000001 0.164547 -0.494485
v 0.000001 0.172299 -0.487987
v 0.000001 0.177996 -0.479605
v -0.154508 0.145377 -0.475527
v -0.154075 0.155340 -0.474191
v -0.152806 0.164547 -0.470283
v -0.150796 0.172299 -0.464103
v -0.148208 0.177996 -0.456131
v -0.293893 0.145377 -0.404508
v -0.293066 0.155340 -0.403371
v -0.290651 0.164547 -0.400047
v -0.286831 0.172299 -0.394789
v -0.281905 0.177996 -0.388008
v -0.404509 0.145377 -0.293892
v -0.403370 0.155340 -0.293066
v -0.400047 0.164547 -0.290650
v -0.394791 0.172299 -0.286831
v -0.388009 0.177996 -0.281905
v -0.475526 0.145377 -0.154507
v -0.474192 0.155340 -0.154073
v -0.470283 0.164547 -0.152804
v -0.464103 0.172299 -0.150795
v -0.456132 0.177996 -0.148205
v -0.500000 0.145377 0.000001
v -0.498595 0.155340 0.000001
v -0.494485 0.164547 0.000001
v -0.487987 0.172299 0.000001
v -0.479606 0.177996 0.000001
v -0.475526 0.145377 0.154510
v -0.474192 0.155340 0.154075
v -0.470283 0.164547 0.152806
v -0.464103 0.172299 0.150797
v -0.456132 0.177996 0.148208
v -0.404507 0.145377 0.293894
v -0.403370 0.155340 0.293068
v -0.400047 0.164547 0.290652
v -0.394791 0.172299 0.286834
v -0.388009 0.177996 0.281907
v -0.293893 0.145377 0.404510
v -0.293066 0.155340 0.403373
v -0.290651 0.164547 0.400050
v -0.286831 0.172299 0.394792
v -0.281905 0.177996 0.388011
v -0.154508 0.145377 0.475529
v -0.154075 0.155340 0.474193
v -0.152803 0.164547 0.470285
v -0.150796 0.172299 0.464106
v -0.148206 0.177996 0.456134
v 0.000001 0.145377 0.500000
v 0.000001 0.155340 0.498596
v 0.000001 0.164547 0.494487
v 0.000001 0.172299 0.487989
v 0.000001 0.177996 0.479607
v 0.096057 0.529239 0.295637
v 0.089161 0.561078 0.274413
v 0.085903 0.598521 0.264378
v 0.086644 0.637368 0.266660
v 0.091304 0.673262 0.281003
v 0.099361 0.702180 0.305799
v 0.182712 0.529239 0.251484
v 0.169596 0.561078 0.233429
v 0.163394 0.598520 0.224893
v 0.164803 0.637367 0.226834
v 0.173669 0.673261 0.239036
v 0.188993 0.702180 0.260129
v 0.251483 0.529239 0.182714
v 0.233426 0.561077 0.169597
v 0.224891 0.598520 0.163395
v 0.226833 0.637367 0.164806
v 0.239034 0.673261 0.173670
v 0.260127 0.702180 0.188995
v 0.295635 0.529239 0.096059
v 0.274410 0.561078 0.089163
v 0.264376 0.598521 0.085903
v 0.266658 0.637368 0.086644
v 0.281000 0.673262 0.091304
v 0.305798 0.702180 0.099361
v 0.310847 0.529239 0.000001
v 0.288532 0.561078 0.000001
v 0.277980 0.598521 0.000001
v 0.280379 0.637368 0.000001
v 0.295462 0.673262 0.000001
v 0.321533 0.702180 0.000001
v 0.295635 0.529239 -0.096056
v 0.274410 0.561078 -0.089161
v 0.264376 0.598521 -0.085900
v 0.266658 0.637368 -0.086641
v 0.281000 0.673262 -0.091302
v 0.305798 0.702180 -0.099358
v 0.251483 0.529239 -0.182711
v 0.233426 0.561078 -0.169594
v 0.224891 0.598521 -0.163393
v 0.226833 0.637368 -0.164803
v 0.239034 0.673262 -0.173667
v 0.260127 0.702180 -0.188991
v 0.182712 0.529239 -0.251481
v 0.169596 0.561078 -0.233427
v 0.163394 0.598521 -0.224890
v 0.164803 0.637368 -0.226831
v 0.173667 0.673262 -0.239033
v 0.188993 0.702180 -0.260125
v 0.096057 0.529239 -0.295634
v 0.089161 0.561078 -0.274410
v 0.085900 0.598521 -0.264376
v 0.086644 0.637368 -0.266658
v 0.091304 0.673262 -0.281000
v 0.099358 0.702180 -0.305796
v 0.000001 0.529239 -0.310847
v 0.000001 0.561078 -0.288532
v 0.000001 0.598521 -0.277980
v 0.000001 0.637368 -0.280379
v 0.000001 0.673262 -0.295461
v 0.000001 0.702180 -0.321533
v -0.096057 0.529239 -0.295634
v -0.089161 0.561078 -0.274410
v -0.085901 0.598521 -0.264376
v -0.086641 0.637368 -0.266658
v -0.091302 0.673262 -0.281000
v -0.099359 0.702180 -0.305796
v -0.182712 0.529239 -0.251481
v -0.169594 0.561078 -0.233427
v -0.163393 0.598521 -0.224890
v -0.164804 0.637368 -0.226831
v -0.173667 0.673262 -0.239033
v -0.188993 0.702180 -0.260125
v -0.251482 0.529239 -0.182711
v -0.233426 0.561078 -0.169594
v -0.224891 0.598521 -0.163393
v -0.226833 0.637368 -0.164803
v -0.239035 0.673262 -0.173667
v -0.260127 0.702180 -0.188991
v -0.295633 0.529239 -0.096056
v -0.274410 0.561078 -0.089160
v -0.264376 0.598521 -0.085900
v -0.266658 0.637368 -0.086641
v -0.281000 0.673262 -0.091302
v -0.305795 0.702180 -0.099358
v -0.310848 0.529239 0.000001
v -0.288532 0.561078 0.000001
v -0.277980 0.598521 0.000001
v -0.280380 0.637368 0.000001
v -0.295462 0.673262 0.000001
v -0.321533 0.702180 0.000001
v -0.295635 0.529239 0.096059
v -0.274410 0.561078 0.089163
v -0.264376 0.598521 0.085902
v -0.266658 0.637368 0.086644
v -0.281000 0.673262 0.091304
v -0.305795 0.702180 0.099360
v -0.251482 0.529239 0.182713
v -0.233426 0.561078 0.169597
v -0.224891 0.598521 0.163395
v -0.226833 0.637368 0.164805
v -0.239035 0.673262 0.173670
v -0.260127 0.702180 0.188994
v -0.182712 0.529239 0.251484
v -0.169596 0.561078 0.233429
v -0.163395 0.598521 0.224893
v -0.164804 0.637368 0.226834
v -0.173669 0.673262 0.239035
v -0.188993 0.702180 0.260128
v -0.096057 0.529239 0.295635
v -0.089161 0.561078 0.274413
v -0.085900 0.598521 0.264378
v -0.086641 0.637368 0.266660
v -0.091302 0.673262 0.281003
v -0.099359 0.702180 0.305799
v 0.000001 0.529239 0.310850
v 0.000001 0.561078 0.288534
v 0.000001 0.598521 0.277982
v 0.000001 0.637368 0.280382
v 0.000001 0.673262 0.295463
v 0.000001 0.702180 0.321535
v 0.132701 0.404667 0.408410
v 0.252412 0.404667 0.347414
v 0.347412 0.404667 0.252412
v 0.408410 0.404667 0.132702
v 0.429428 0.404667 0.000001
v 0.408410 0.404667 -0.132699
v 0.347412 0.404667 -0.252410
v 0.252410 0.404667 -0.347412
v 0.132699 0.404667 -0.408407
v 0.000001 0.404667 -0.429426
v -0.132700 0.404667 -0.408407
v -0.252410 0.404667 -0.347412
v -0.347412 0.404667 -0.252410
v -0.408407 0.404667 -0.132699
v -0.429426 0.404667 0.000001
v -0.408407 0.404667 0.132701
v -0.347412 0.404667 0.252412
v -0.252410 0.404667 0.347414
v -0.132699 0.404667 0.408410
v 0.000001 0.404667 0.429429
v 0.076079 1.528798 0.234137
v 0.144705 1.528798 0.199171
v 0.199166 1.528798 0.144709
v 0.234136 1.528799 0.076077
v 0.246186 1.528799 0.000001
v 0.234136 1.528799 -0.076075
v 0.199169 1.528799 -0.144703
v 0.144705 1.528799 -0.199167
v 0.076076 1.528799 -0.234136
v 0.000001 1.528799 -0.246185
v -0.076077 1.528799 -0.234136
v -0.144706 1.528799 -0.199166
v -0.199166 1.528798 -0.144705
v -0.234136 1.528799 -0.076074
v -0.246187 1.528799 0.000001
v -0.234136 1.528799 0.076077
v -0.199166 1.528799 0.144707
v -0.144706 1.528798 0.199169
v -0.076077 1.528799 0.234138
v 0.000002 1.528799 0.246186
v 0.105664 0.716594 0.325204
v 0.106241 0.720245 0.326973
v 0.106295 0.724723 0.327143
v 0.105813 0.728637 0.325661
v 0.200985 0.716593 0.276635
v 0.202078 0.720245 0.278140
v 0.202183 0.724722 0.278285
v 0.201269 0.728636 0.277025
v 0.276633 0.716593 0.200988
v 0.278137 0.720245 0.202081
v 0.278283 0.724722 0.202187
v 0.277022 0.728636 0.201271
v 0.325201 0.716594 0.105666
v 0.326970 0.720246 0.106241
v 0.327141 0.724723 0.106296
v 0.325659 0.728637 0.105815
v 0.341936 0.716594 0.000001
v 0.343799 0.720246 0.000001
v 0.343977 0.724723 0.000001
v 0.342418 0.728637 0.000001
v 0.325201 0.716594 -0.105663
v 0.326970 0.720246 -0.106238
v 0.327141 0.724723 -0.106294
v 0.325659 0.728637 -0.105812
v 0.276633 0.716594 -0.200985
v 0.278137 0.720246 -0.202078
v 0.278283 0.724723 -0.202184
v 0.277022 0.728637 -0.201268
v 0.200985 0.716594 -0.276632
v 0.202078 0.720246 -0.278138
v 0.202183 0.724723 -0.278282
v 0.201269 0.728637 -0.277022
v 0.105664 0.716594 -0.325201
v 0.106238 0.720246 -0.326971
v 0.106294 0.724723 -0.327140
v 0.105812 0.728637 -0.325659
v 0.000001 0.716594 -0.341937
v 0.000001 0.720246 -0.343797
v 0.000001 0.724723 -0.343976
v 0.000001 0.728637 -0.342418
v -0.105665 0.716594 -0.325201
v -0.106239 0.720246 -0.326971
v -0.106295 0.724723 -0.327140
v -0.105813 0.728637 -0.325659
v -0.200985 0.716594 -0.276632
v -0.202079 0.720246 -0.278138
v -0.202183 0.724723 -0.278282
v -0.201269 0.728637 -0.277022
v -0.276633 0.716594 -0.200985
v -0.278137 0.720245 -0.202078
v -0.278283 0.724723 -0.202184
v -0.277023 0.728637 -0.201268
v -0.325202 0.716594 -0.105663
v -0.326971 0.720246 -0.106238
v -0.327141 0.724723 -0.106294
v -0.325659 0.728637 -0.105812
v -0.341937 0.716594 0.000001
v -0.343798 0.720246 0.000001
v -0.343978 0.724723 0.000001
v -0.342418 0.728637 0.000001
v -0.325202 0.716594 0.105666
v -0.326971 0.720246 0.106241
v -0.327141 0.724723 0.106296
v -0.325659 0.728637 0.105814
v -0.276633 0.716594 0.200987
v -0.278138 0.720246 0.202081
v -0.278283 0.724723 0.202186
v -0.277023 0.728637 0.201271
v -0.200985 0.716594 0.276635
v -0.202079 0.720245 0.278140
v -0.202183 0.724723 0.278285
v -0.201269 0.728637 0.277024
v -0.105665 0.716594 0.325204
v -0.106239 0.720246 0.326973
v -0.106295 0.724723 0.327143
v -0.105813 0.728637 0.325661
v 0.000001 0.716594 0.341939
v 0.000001 0.720246 0.343800
v 0.000001 0.724723 0.343978
v 0.000001 0.728637 0.342420
v 0.098571 0.748048 0.303368
v 0.099590 0.742579 0.306501
v 0.100248 0.737480 0.308533
v 0.101297 0.733104 0.311764
v 0.187492 0.748048 0.258062
v 0.189426 0.742579 0.260726
v 0.190682 0.737480 0.262454
v 0.192680 0.733104 0.265202
v 0.258058 0.748048 0.187494
v 0.260723 0.742579 0.189429
v 0.262453 0.737480 0.190685
v 0.265200 0.733104 0.192681
v 0.303368 0.748049 0.098571
v 0.306499 0.742580 0.099589
v 0.308531 0.737481 0.100250
v 0.311762 0.733104 0.101299
v 0.318979 0.748049 0.000001
v 0.322273 0.742580 0.000001
v 0.324411 0.737481 0.000001
v 0.327805 0.733104 0.000001
v 0.303368 0.748049 -0.098569
v 0.306499 0.742580 -0.099587
v 0.308531 0.737481 -0.100247
v 0.311762 0.733104 -0.101296
v 0.258058 0.748049 -0.187491
v 0.260725 0.742580 -0.189426
v 0.262453 0.737481 -0.190682
v 0.265200 0.733104 -0.192678
v 0.187492 0.748049 -0.258058
v 0.189426 0.742580 -0.260724
v 0.190682 0.737481 -0.262452
v 0.192680 0.733104 -0.265200
v 0.098571 0.748049 -0.303366
v 0.099587 0.742580 -0.306499
v 0.100247 0.737481 -0.308531
v 0.101297 0.733104 -0.311761
v 0.000001 0.748049 -0.318978
v 0.000001 0.742580 -0.322272
v 0.000001 0.737481 -0.324409
v 0.000001 0.733104 -0.327805
v -0.098571 0.748049 -0.303366
v -0.099587 0.742580 -0.306499
v -0.100248 0.737481 -0.308531
v -0.101298 0.733104 -0.311761
v -0.187490 0.748049 -0.258058
v -0.189426 0.742580 -0.260724
v -0.190683 0.737481 -0.262452
v -0.192679 0.733104 -0.265200
v -0.258058 0.748048 -0.187491
v -0.260723 0.742579 -0.189426
v -0.262453 0.737480 -0.190682
v -0.265201 0.733104 -0.192678
v -0.303368 0.748049 -0.098569
v -0.306500 0.742580 -0.099587
v -0.308532 0.737481 -0.100247
v -0.311762 0.733104 -0.101296
v -0.318979 0.748049 0.000001
v -0.322273 0.742580 0.000001
v -0.324411 0.737481 0.000001
v -0.327805 0.733104 0.000001
v -0.303368 0.748049 0.098571
v -0.306500 0.742580 0.099589
v -0.308532 0.737481 0.100249
v -0.311762 0.733104 0.101299
v -0.258058 0.748049 0.187493
v -0.260723 0.742580 0.189428
v -0.262453 0.737481 0.190685
v -0.265201 0.733104 0.192680
v -0.187492 0.748048 0.258061
v -0.189426 0.742579 0.260726
v -0.190683 0.737480 0.262454
v -0.192679 0.733104 0.265202
v -0.098571 0.748049 0.303368
v -0.099587 0.742580 0.306501
v -0.100248 0.737481 0.308533
v -0.101298 0.733104 0.311764
v 0.000001 0.748049 0.318980
v 0.000001 0.742580 0.322274
v 0.000001 0.737481 0.324411
v 0.000001 0.733104 0.327806
v 0.103901 1.355298 -0.143006
v 0.143007 1.355299 -0.103899
v 0.168114 1.355299 -0.054623
v 0.176767 1.355299 0.000001
v 0.168114 1.355299 0.054625
v 0.143007 1.355298 0.103904
v 0.103901 1.355298 0.143009
v 0.054626 1.355298 0.168116
v 0.000001 1.355299 0.176768
v -0.054626 1.355299 0.168116
v -0.103902 1.355298 0.143008
v -0.143007 1.355299 0.103903
v -0.168114 1.355299 0.054625
v -0.176768 1.355299 0.000001
v -0.168114 1.355299 -0.054622
v -0.143007 1.355298 -0.103900
v -0.103902 1.355298 -0.143006
v -0.054623 1.355298 -0.168113
v 0.000001 1.355298 -0.176765
v 0.054623 1.355298 -0.168113
v 0.103901 1.268549 -0.143006
v 0.143007 1.268549 -0.103899
v 0.168114 1.268549 -0.054623
v 0.176767 1.268549 0.000001
v 0.168114 1.268549 0.054625
v 0.143007 1.268548 0.103904
v 0.103901 1.268548 0.143009
v 0.054626 1.268548 0.168116
v 0.000001 1.268549 0.176768
v -0.054626 1.268549 0.168116
v -0.103902 1.268548 0.143008
v -0.143007 1.268549 0.103903
v -0.168114 1.268549 0.054625
v -0.176768 1.268549 0.000001
v -0.168114 1.268549 -0.054622
v -0.143007 1.268548 -0.103900
v -0.103902 1.268549 -0.143006
v -0.054623 1.268549 -0.168113
v 0.000001 1.268549 -0.176765
v 0.054623 1.268549 -0.168113
v 0.114085 1.181799 -0.157026
v 0.157027 1.181799 -0.114085
v 0.184595 1.181799 -0.059978
v 0.194094 1.181799 0.000001
v 0.184595 1.181799 0.059980
v 0.157027 1.181798 0.114090
v 0.114086 1.181798 0.157028
v 0.059980 1.181799 0.184597
v 0.000001 1.181799 0.194096
v -0.059980 1.181799 0.184597
v -0.114086 1.181799 0.157028
v -0.157027 1.181799 0.114088
v -0.184596 1.181799 0.059980
v -0.194095 1.181799 0.000001
v -0.184596 1.181799 -0.059977
v -0.157027 1.181799 -0.114086
v -0.114086 1.181799 -0.157025
v -0.059978 1.181799 -0.184595
v 0.000001 1.181799 -0.194094
v 0.059978 1.181799 -0.184595
v 0.125271 1.095048 -0.172420
v 0.172422 1.095048 -0.125270
v 0.202692 1.095048 -0.065858
v 0.213124 1.095048 0.000001
v 0.202692 1.095048 0.065860
v 0.172419 1.095048 0.125274
v 0.125271 1.095048 0.172423
v 0.065860 1.095048 0.202694
v 0.000001 1.095048 0.213124
v -0.065860 1.095048 0.202694
v -0.125272 1.095048 0.172422
v -0.172419 1.095048 0.125273
v -0.202693 1.095048 0.065860
v -0.213124 1.095048 0.000001
v -0.202693 1.095048 -0.065858
v -0.172419 1.095048 -0.125271
v -0.125272 1.095048 -0.172419
v -0.065858 1.095048 -0.202692
v 0.000001 1.095048 -0.213122
v 0.065858 1.095048 -0.202692
v 0.134536 1.008299 -0.185170
v 0.185170 1.008299 -0.134534
v 0.217683 1.008299 -0.070728
v 0.228883 1.008299 0.000001
v 0.217683 1.008299 0.070730
v 0.185170 1.008298 0.134537
v 0.134536 1.008298 0.185173
v 0.070730 1.008298 0.217684
v 0.000001 1.008299 0.228885
v -0.070730 1.008299 0.217683
v -0.134536 1.008298 0.185172
v -0.185170 1.008299 0.134536
v -0.217683 1.008299 0.070730
v -0.228884 1.008299 0.000001
v -0.217683 1.008299 -0.070728
v -0.185170 1.008298 -0.134534
v -0.134536 1.008299 -0.185170
v -0.070730 1.008299 -0.217681
v 0.000001 1.008299 -0.228883
v 0.070729 1.008299 -0.217681
v 0.144882 0.921549 -0.199414
v 0.199416 0.921549 -0.144882
v 0.234426 0.921549 -0.076169
v 0.246489 0.921549 0.000001
v 0.234426 0.921549 0.076171
v 0.199413 0.921548 0.144886
v 0.144884 0.921548 0.199416
v 0.076170 0.921548 0.234427
v 0.000001 0.921549 0.246491
v -0.076169 0.921549 0.234426
v -0.144882 0.921548 0.199416
v -0.199413 0.921549 0.144884
v -0.234424 0.921549 0.076170
v -0.246490 0.921549 0.000001
v -0.234424 0.921549 -0.076169
v -0.199413 0.921548 -0.144882
v -0.144882 0.921549 -0.199413
v -0.076169 0.921549 -0.234424
v 0.000001 0.921549 -0.246489
v 0.076169 0.921549 -0.234424
v 0.153877 0.848575 -0.211793
v 0.211793 0.848575 -0.153877
v 0.248979 0.848575 -0.080898
v 0.261792 0.848575 0.000001
v 0.248979 0.848575 0.080900
v 0.211793 0.848574 0.153880
v 0.153877 0.848574 0.211797
v 0.080900 0.848574 0.248981
v 0.000001 0.848575 0.261794
v -0.080898 0.848575 0.248981
v -0.153878 0.848574 0.211796
v -0.211794 0.848575 0.153879
v -0.248979 0.848575 0.080900
v -0.261791 0.848575 0.000001
v -0.248979 0.848575 -0.080898
v -0.211794 0.848574 -0.153877
v -0.153878 0.848575 -0.211793
v -0.080898 0.848575 -0.248979
v 0.000001 0.848575 -0.261792
v 0.080897 0.848575 -0.248979
v 0.183829 0.757391 0.253022
v 0.174960 0.775304 0.240813
v 0.167308 0.794753 0.230280
v 0.160971 0.815491 0.221560
v 0.156027 0.837276 0.214755
v 0.214752 0.837276 0.156030
v 0.221558 0.815491 0.160974
v 0.230279 0.794753 0.167310
v 0.240810 0.775304 0.174962
v 0.253021 0.757391 0.183832
v 0.252459 0.837277 0.082030
v 0.260457 0.815492 0.084629
v 0.270710 0.794754 0.087960
v 0.283091 0.775304 0.091983
v 0.297442 0.757391 0.096646
v 0.265448 0.837277 0.000001
v 0.273860 0.815492 0.000001
v 0.284641 0.794754 0.000001
v 0.297658 0.775304 0.000001
v 0.312750 0.757391 0.000001
v 0.252459 0.837277 -0.082027
v 0.260457 0.815492 -0.084627
v 0.270710 0.794754 -0.087958
v 0.283091 0.775304 -0.091981
v 0.297442 0.757391 -0.096644
v 0.214752 0.837277 -0.156026
v 0.221558 0.815492 -0.160971
v 0.230279 0.794754 -0.167306
v 0.240810 0.775304 -0.174958
v 0.253021 0.757391 -0.183829
v 0.156027 0.837277 -0.214752
v 0.160971 0.815492 -0.221558
v 0.167308 0.794754 -0.230278
v 0.174960 0.775304 -0.240810
v 0.183829 0.757391 -0.253020
v 0.082027 0.837277 -0.252457
v 0.084627 0.815492 -0.260457
v 0.087959 0.794754 -0.270708
v 0.091981 0.775304 -0.283090
v 0.096644 0.757391 -0.297442
v 0.000001 0.837277 -0.265448
v 0.000001 0.815492 -0.273860
v 0.000001 0.794754 -0.284639
v 0.000001 0.775304 -0.297657
v 0.000001 0.757391 -0.312749
v -0.082028 0.837277 -0.252457
v -0.084628 0.815492 -0.260457
v -0.087960 0.794754 -0.270708
v -0.091981 0.775304 -0.283090
v -0.096646 0.757391 -0.297442
v -0.156027 0.837277 -0.214752
v -0.160971 0.815492 -0.221557
v -0.167308 0.794754 -0.230278
v -0.174958 0.775304 -0.240810
v -0.183830 0.757391 -0.253020
v -0.214752 0.837276 -0.156026
v -0.221559 0.815491 -0.160971
v -0.230280 0.794753 -0.167306
v -0.240811 0.775304 -0.174958
v -0.253021 0.757391 -0.183829
v -0.252459 0.837277 -0.082027
v -0.260458 0.815492 -0.084627
v -0.270708 0.794754 -0.087958
v -0.283091 0.775304 -0.091981
v -0.297442 0.757391 -0.096644
v -0.265448 0.837277 0.000001
v -0.273860 0.815492 0.000001
v -0.284641 0.794754 0.000001
v -0.297658 0.775304 0.000001
v -0.312750 0.757391 0.000001
v -0.252459 0.837277 0.082029
v -0.260458 0.815492 0.084629
v -0.270708 0.794754 0.087960
v -0.283091 0.775304 0.091983
v -0.297442 0.757391 0.096646
v -0.214752 0.837277 0.156029
v -0.221559 0.815492 0.160973
v -0.230280 0.794754 0.167309
v -0.240811 0.775304 0.174961
v -0.253021 0.757391 0.183831
v -0.156027 0.837276 0.214754
v -0.160971 0.815491 0.221560
v -0.167308 0.794753 0.230280
v -0.174961 0.775304 0.240813
v -0.183830 0.757391 0.253022
v -0.082028 0.837277 0.252459
v -0.084628 0.815492 0.260459
v -0.087959 0.794754 0.270711
v -0.091981 0.775304 0.283092
v -0.096644 0.757391 0.297445
v 0.000001 0.837277 0.265451
v 0.000001 0.815492 0.273863
v 0.000001 0.794754 0.284641
v 0.000001 0.775304 0.297659
v 0.000001 0.757391 0.312751
v 0.082030 0.837276 0.252459
v 0.084628 0.815491 0.260459
v 0.087959 0.794753 0.270711
v 0.091983 0.775304 0.283092
v 0.096646 0.757391 0.297445
v 0.105482 1.542621 0.324631
v 0.109311 1.547709 0.336422
v 0.111958 1.557721 0.344566
v 0.112832 1.570409 0.347251
v 0.111738 1.582913 0.343892
v 0.108935 1.592395 0.335260
v 0.200632 1.542620 0.276149
v 0.207921 1.547709 0.286178
v 0.212954 1.557720 0.293105
v 0.214613 1.570409 0.295391
v 0.212538 1.582911 0.292533
v 0.207201 1.592394 0.285190
v 0.276145 1.542620 0.200638
v 0.286176 1.547708 0.207924
v 0.293102 1.557720 0.212957
v 0.295388 1.570409 0.214617
v 0.292528 1.582911 0.212541
v 0.285187 1.592394 0.207206
v 0.324630 1.542621 0.105480
v 0.336421 1.547709 0.109310
v 0.344564 1.557721 0.111957
v 0.347251 1.570409 0.112829
v 0.343891 1.582913 0.111738
v 0.335257 1.592394 0.108933
v 0.341337 1.542621 0.000001
v 0.353733 1.547709 0.000001
v 0.362294 1.557721 0.000001
v 0.365120 1.570409 0.000001
v 0.361587 1.582913 0.000001
v 0.352510 1.592394 0.000001
v 0.324630 1.542621 -0.105478
v 0.336421 1.547709 -0.109308
v 0.344564 1.557721 -0.111954
v 0.347251 1.570409 -0.112827
v 0.343891 1.582913 -0.111735
v 0.335257 1.592394 -0.108931
v 0.276146 1.542621 -0.200631
v 0.286176 1.547709 -0.207918
v 0.293102 1.557721 -0.212952
v 0.295388 1.570409 -0.214611
v 0.292531 1.582913 -0.212535
v 0.285187 1.592394 -0.207200
v 0.200632 1.542621 -0.276146
v 0.207918 1.547709 -0.286175
v 0.212951 1.557721 -0.293103
v 0.214613 1.570409 -0.295387
v 0.212534 1.582913 -0.292529
v 0.207201 1.592394 -0.285187
v 0.105479 1.542621 -0.324630
v 0.109308 1.547709 -0.336419
v 0.111954 1.557721 -0.344563
v 0.112829 1.570409 -0.347249
v 0.111736 1.582913 -0.343890
v 0.108931 1.592394 -0.335258
v 0.000001 1.542621 -0.341335
v 0.000001 1.547709 -0.353731
v 0.000001 1.557721 -0.362295
v 0.000001 1.570409 -0.365119
v 0.000001 1.582913 -0.361586
v 0.000001 1.592394 -0.352510
v -0.105479 1.542621 -0.324630
v -0.109309 1.547709 -0.336419
v -0.111955 1.557721 -0.344563
v -0.112829 1.570409 -0.347249
v -0.111736 1.582913 -0.343890
v -0.108932 1.592394 -0.335258
v -0.200633 1.542621 -0.276144
v -0.207921 1.547709 -0.286174
v -0.212955 1.557721 -0.293102
v -0.214614 1.570409 -0.295386
v -0.212538 1.582913 -0.292528
v -0.207204 1.592394 -0.285186
v -0.276146 1.542621 -0.200632
v -0.286176 1.547709 -0.207919
v -0.293103 1.557721 -0.212952
v -0.295388 1.570409 -0.214612
v -0.292529 1.582913 -0.212536
v -0.285188 1.592394 -0.207201
v -0.324628 1.542621 -0.105478
v -0.336418 1.547709 -0.109308
v -0.344562 1.557721 -0.111955
v -0.347248 1.570409 -0.112827
v -0.343888 1.582913 -0.111736
v -0.335257 1.592394 -0.108932
v -0.341337 1.542621 0.000001
v -0.353733 1.547709 0.000001
v -0.362297 1.557721 0.000001
v -0.365120 1.570409 0.000001
v -0.361587 1.582913 0.000001
v -0.352511 1.592394 0.000001
v -0.324628 1.542621 0.105480
v -0.336418 1.547709 0.109311
v -0.344562 1.557721 0.111957
v -0.347248 1.570409 0.112830
v -0.343888 1.582913 0.111738
v -0.335257 1.592394 0.108934
v -0.276146 1.542622 0.200635
v -0.286176 1.547709 0.207921
v -0.293103 1.557721 0.212954
v -0.295388 1.570409 0.214614
v -0.292529 1.582913 0.212538
v -0.285188 1.592395 0.207204
v -0.200633 1.542620 0.276147
v -0.207921 1.547709 0.286176
v -0.212955 1.557720 0.293104
v -0.214614 1.570409 0.295389
v -0.212538 1.582913 0.292531
v -0.207203 1.592394 0.285188
v -0.105479 1.542621 0.324631
v -0.109311 1.547709 0.336422
v -0.111958 1.557721 0.344566
v -0.112829 1.570409 0.347251
v -0.111739 1.582913 0.343892
v -0.108935 1.592395 0.335260
v 0.000004 1.542621 0.341337
v 0.000004 1.547709 0.353734
v 0.000004 1.557721 0.362297
v 0.000004 1.570409 0.365121
v 0.000004 1.582913 0.361588
v 0.000004 1.592395 0.352513
v 0.100016 1.610252 0.307810
v 0.102947 1.617841 0.316829
v 0.104679 1.628685 0.322162
v 0.104913 1.640897 0.322881
v 0.103608 1.652353 0.318866
v 0.100991 1.661061 0.310815
v 0.190238 1.610251 0.261840
v 0.195812 1.617841 0.269512
v 0.199107 1.628684 0.274047
v 0.199552 1.640896 0.274660
v 0.197069 1.652353 0.271244
v 0.192094 1.661060 0.264396
v 0.261835 1.610251 0.190241
v 0.269508 1.617841 0.195815
v 0.274045 1.628684 0.199111
v 0.274657 1.640896 0.199556
v 0.271241 1.652353 0.197074
v 0.264392 1.661060 0.192098
v 0.307808 1.610252 0.100014
v 0.316829 1.617841 0.102945
v 0.322159 1.628685 0.104677
v 0.322879 1.640897 0.104911
v 0.318864 1.652353 0.103606
v 0.310813 1.661061 0.100991
v 0.323648 1.610252 0.000001
v 0.333132 1.617841 0.000001
v 0.338737 1.628685 0.000001
v 0.339496 1.640897 0.000001
v 0.335272 1.652353 0.000001
v 0.326807 1.661061 0.000001
v 0.307808 1.610252 -0.100012
v 0.316829 1.617841 -0.102943
v 0.322159 1.628685 -0.104675
v 0.322879 1.640897 -0.104909
v 0.318864 1.652353 -0.103604
v 0.310813 1.661061 -0.100988
v 0.261838 1.610252 -0.190235
v 0.269508 1.617841 -0.195809
v 0.274045 1.628685 -0.199105
v 0.274657 1.640897 -0.199550
v 0.271241 1.652353 -0.197068
v 0.264394 1.661061 -0.192092
v 0.190235 1.610252 -0.261836
v 0.195809 1.617842 -0.269509
v 0.199104 1.628685 -0.274045
v 0.199551 1.640897 -0.274657
v 0.197069 1.652354 -0.271241
v 0.192094 1.661061 -0.264393
v 0.100013 1.610252 -0.307808
v 0.102943 1.617841 -0.316827
v 0.104676 1.628685 -0.322159
v 0.104911 1.640897 -0.322879
v 0.103604 1.652353 -0.318864
v 0.100989 1.661061 -0.310813
v 0.000001 1.610252 -0.323648
v 0.000001 1.617841 -0.333131
v 0.000001 1.628685 -0.338737
v 0.000001 1.640897 -0.339495
v 0.000001 1.652353 -0.335272
v 0.000001 1.661061 -0.326808
v -0.100013 1.610252 -0.307808
v -0.102944 1.617841 -0.316827
v -0.104676 1.628685 -0.322159
v -0.104911 1.640897 -0.322879
v -0.103605 1.652353 -0.318864
v -0.100989 1.661061 -0.310813
v -0.190238 1.610252 -0.261835
v -0.195813 1.617841 -0.269508
v -0.199108 1.628685 -0.274043
v -0.199552 1.640897 -0.274656
v -0.197072 1.652353 -0.271240
v -0.192094 1.661061 -0.264392
v -0.261835 1.610252 -0.190236
v -0.269509 1.617841 -0.195811
v -0.274045 1.628685 -0.199105
v -0.274657 1.640897 -0.199550
v -0.271242 1.652353 -0.197069
v -0.264392 1.661061 -0.192093
v -0.307808 1.610252 -0.100012
v -0.316826 1.617841 -0.102943
v -0.322160 1.628685 -0.104675
v -0.322880 1.640897 -0.104909
v -0.318863 1.652353 -0.103605
v -0.310814 1.661061 -0.100989
v -0.323649 1.610252 0.000001
v -0.333132 1.617841 0.000001
v -0.338737 1.628685 0.000001
v -0.339497 1.640897 0.000001
v -0.335272 1.652353 0.000001
v -0.326808 1.661061 0.000001
v -0.307809 1.610252 0.100014
v -0.316826 1.617841 0.102945
v -0.322160 1.628685 0.104677
v -0.322880 1.640897 0.104911
v -0.318863 1.652353 0.103606
v -0.310814 1.661061 0.100991
v -0.261835 1.610252 0.190238
v -0.269509 1.617843 0.195813
v -0.274046 1.628685 0.199108
v -0.274657 1.640897 0.199553
v -0.271242 1.652354 0.197071
v -0.264392 1.661061 0.192096
v -0.190238 1.610252 0.261838
v -0.195813 1.617841 0.269510
v -0.199108 1.628685 0.274046
v -0.199552 1.640897 0.274658
v -0.197072 1.652353 0.271242
v -0.192094 1.661061 0.264395
v -0.100015 1.610252 0.307810
v -0.102944 1.617841 0.316830
v -0.104676 1.628685 0.322162
v -0.104911 1.640897 0.322881
v -0.103608 1.652353 0.318866
v -0.100992 1.661061 0.310815
v 0.000004 1.610252 0.323650
v 0.000004 1.617841 0.333133
v 0.000004 1.628685 0.338739
v 0.000004 1.640897 0.339497
v 0.000004 1.652353 0.335275
v 0.000004 1.661061 0.326810
v 0.098039 1.769476 0.301726
v 0.099735 1.778682 0.306943
v 0.100760 1.788872 0.310094
v 0.101060 1.799538 0.311020
v 0.100622 1.810149 0.309674
v 0.099469 1.820178 0.306124
v 0.186477 1.769475 0.256665
v 0.189703 1.778682 0.261103
v 0.191649 1.788871 0.263784
v 0.192223 1.799538 0.264570
v 0.191390 1.810148 0.263426
v 0.189197 1.820177 0.260406
v 0.256662 1.769475 0.186482
v 0.261099 1.778682 0.189707
v 0.263780 1.788871 0.191654
v 0.264567 1.799538 0.192226
v 0.263422 1.810148 0.191395
v 0.260402 1.820177 0.189200
v 0.301725 1.769476 0.098037
v 0.306941 1.778682 0.099733
v 0.310094 1.788872 0.100756
v 0.311020 1.799538 0.101057
v 0.309674 1.810149 0.100620
v 0.306123 1.820178 0.099467
v 0.317252 1.769476 0.000001
v 0.322737 1.778682 0.000001
v 0.326050 1.788872 0.000001
v 0.327023 1.799538 0.000001
v 0.325609 1.810149 0.000001
v 0.321875 1.820178 0.000001
v 0.301725 1.769476 -0.098035
v 0.306941 1.778682 -0.099730
v 0.310094 1.788872 -0.100754
v 0.311020 1.799538 -0.101055
v 0.309674 1.810149 -0.100618
v 0.306123 1.820178 -0.099464
v 0.256662 1.769476 -0.186475
v 0.261099 1.778682 -0.189700
v 0.263780 1.788872 -0.191647
v 0.264567 1.799538 -0.192219
v 0.263425 1.810149 -0.191387
v 0.260403 1.820178 -0.189194
v 0.186476 1.769476 -0.256661
v 0.189700 1.778682 -0.261100
v 0.191646 1.788872 -0.263780
v 0.192220 1.799538 -0.264567
v 0.191387 1.810149 -0.263423
v 0.189194 1.820178 -0.260403
v 0.098037 1.769476 -0.301724
v 0.099732 1.778682 -0.306941
v 0.100757 1.788872 -0.310092
v 0.101056 1.799538 -0.311018
v 0.100618 1.810149 -0.309673
v 0.099466 1.820178 -0.306122
v 0.000001 1.769476 -0.317250
v 0.000001 1.778682 -0.322737
v 0.000001 1.788872 -0.326050
v 0.000001 1.799538 -0.327023
v 0.000001 1.810149 -0.325608
v 0.000001 1.820178 -0.321876
v -0.098037 1.769476 -0.301724
v -0.099732 1.778682 -0.306941
v -0.100754 1.788872 -0.310092
v -0.101056 1.799538 -0.311018
v -0.100618 1.810149 -0.309673
v -0.099464 1.820178 -0.306122
v -0.186477 1.769476 -0.256660
v -0.189704 1.778682 -0.261099
v -0.191649 1.788872 -0.263779
v -0.192223 1.799538 -0.264566
v -0.191390 1.810149 -0.263422
v -0.189197 1.820178 -0.260402
v -0.256659 1.769476 -0.186476
v -0.261100 1.778682 -0.189701
v -0.263780 1.788872 -0.191648
v -0.264568 1.799538 -0.192221
v -0.263422 1.810149 -0.191389
v -0.260402 1.820178 -0.189195
v -0.301725 1.769476 -0.098036
v -0.306941 1.778682 -0.099731
v -0.310091 1.788872 -0.100755
v -0.311018 1.799538 -0.101055
v -0.309671 1.810149 -0.100618
v -0.306123 1.820178 -0.099465
v -0.317253 1.769476 0.000001
v -0.322737 1.778682 0.000001
v -0.326051 1.788872 0.000001
v -0.327024 1.799538 0.000001
v -0.325609 1.810149 0.000001
v -0.321876 1.820178 0.000001
v -0.301725 1.769476 0.098037
v -0.306941 1.778682 0.099732
v -0.310091 1.788872 0.100756
v -0.311018 1.799538 0.101056
v -0.309671 1.810149 0.100619
v -0.306123 1.820178 0.099466
v -0.256659 1.769476 0.186479
v -0.261100 1.778682 0.189703
v -0.263780 1.788872 0.191651
v -0.264567 1.799538 0.192223
v -0.263422 1.810149 0.191391
v -0.260402 1.820178 0.189197
v -0.186477 1.769476 0.256662
v -0.189704 1.778682 0.261101
v -0.191649 1.788872 0.263781
v -0.192223 1.799538 0.264569
v -0.191390 1.810149 0.263424
v -0.189197 1.820178 0.260404
v -0.098037 1.769476 0.301726
v -0.099732 1.778682 0.306944
v -0.100758 1.788872 0.310095
v -0.101057 1.799538 0.311021
v -0.100621 1.810149 0.309675
v -0.099467 1.820178 0.306125
v 0.000004 1.769476 0.317253
v 0.000004 1.778682 0.322739
v 0.000004 1.788872 0.326053
v 0.000004 1.799538 0.327025
v 0.000004 1.810149 0.325610
v 0.000004 1.820178 0.321877
v 0.103870 1.602839 0.319673
v 0.100241 1.603737 0.308500
v 0.100262 1.604854 0.308567
v 0.099238 1.608990 0.305413
v 0.197569 1.602838 0.271931
v 0.190664 1.603737 0.262427
v 0.190704 1.604854 0.262483
v 0.188755 1.608989 0.259800
v 0.271927 1.602838 0.197573
v 0.262424 1.603737 0.190667
v 0.262480 1.604854 0.190709
v 0.259796 1.608989 0.188760
v 0.319672 1.602839 0.103869
v 0.308497 1.603737 0.100239
v 0.308565 1.604854 0.100260
v 0.305412 1.608990 0.099235
v 0.336121 1.602839 0.000001
v 0.324374 1.603737 0.000001
v 0.324445 1.604854 0.000001
v 0.321128 1.608990 0.000001
v 0.319672 1.602839 -0.103867
v 0.308497 1.603737 -0.100236
v 0.308565 1.604854 -0.100258
v 0.305412 1.608990 -0.099233
v 0.271930 1.602839 -0.197567
v 0.262424 1.603737 -0.190662
v 0.262480 1.604854 -0.190703
v 0.259799 1.608990 -0.188754
v 0.197569 1.602839 -0.271928
v 0.190661 1.603737 -0.262424
v 0.190704 1.604854 -0.262481
v 0.188755 1.608990 -0.259798
v 0.103867 1.602839 -0.319671
v 0.100238 1.603737 -0.308498
v 0.100260 1.604854 -0.308565
v 0.099235 1.608990 -0.305411
v 0.000001 1.602839 -0.336121
v 0.000001 1.603737 -0.324373
v 0.000001 1.604854 -0.324444
v 0.000001 1.608990 -0.321127
v -0.103867 1.602839 -0.319671
v -0.100239 1.603737 -0.308498
v -0.100260 1.604854 -0.308565
v -0.099235 1.608990 -0.305411
v -0.197569 1.602839 -0.271927
v -0.190665 1.603737 -0.262423
v -0.190706 1.604854 -0.262480
v -0.188756 1.608990 -0.259797
v -0.271927 1.602839 -0.197568
v -0.262423 1.603737 -0.190663
v -0.262480 1.604854 -0.190704
v -0.259797 1.608990 -0.188755
v -0.319671 1.602839 -0.103867
v -0.308498 1.603737 -0.100236
v -0.308566 1.604854 -0.100258
v -0.305410 1.608990 -0.099234
v -0.336122 1.602839 0.000001
v -0.324374 1.603737 0.000001
v -0.324445 1.604854 0.000001
v -0.321128 1.608990 0.000001
v -0.319671 1.602839 0.103869
v -0.308498 1.603737 0.100239
v -0.308566 1.604854 0.100260
v -0.305410 1.608990 0.099236
v -0.271927 1.602839 0.197570
v -0.262423 1.603738 0.190665
v -0.262480 1.604855 0.190706
v -0.259797 1.608990 0.188757
v -0.197569 1.602839 0.271930
v -0.190665 1.603737 0.262425
v -0.190706 1.604854 0.262482
v -0.188756 1.608990 0.259799
v -0.103870 1.602839 0.319674
v -0.100239 1.603737 0.308500
v -0.100260 1.604854 0.308567
v -0.099235 1.608990 0.305413
v 0.000004 1.602839 0.336123
v 0.000004 1.603737 0.324376
v 0.000004 1.604854 0.324446
v 0.000004 1.608990 0.321129
v 0.091835 1.683157 0.282630
v 0.091891 1.681730 0.282802
v 0.092054 1.680391 0.283307
v 0.092317 1.679222 0.284115
v 0.092660 1.678297 0.285174
v 0.174677 1.683157 0.240420
v 0.174781 1.681729 0.240566
v 0.175093 1.680390 0.240997
v 0.175593 1.679221 0.241684
v 0.176249 1.678296 0.242585
v 0.240416 1.683157 0.174680
v 0.240563 1.681729 0.174786
v 0.240992 1.680390 0.175098
v 0.241681 1.679221 0.175598
v 0.242580 1.678296 0.176252
v 0.282627 1.683157 0.091833
v 0.282800 1.681730 0.091889
v 0.283306 1.680391 0.092053
v 0.284114 1.679222 0.092316
v 0.285172 1.678297 0.092659
v 0.297173 1.683157 0.000001
v 0.297353 1.681730 0.000001
v 0.297886 1.680391 0.000001
v 0.298735 1.679222 0.000001
v 0.299847 1.678297 0.000001
v 0.282627 1.683157 -0.091830
v 0.282800 1.681730 -0.091887
v 0.283306 1.680391 -0.092051
v 0.284114 1.679222 -0.092313
v 0.285172 1.678297 -0.092657
v 0.240418 1.683157 -0.174673
v 0.240563 1.681730 -0.174779
v 0.240995 1.680391 -0.175092
v 0.241681 1.679222 -0.175591
v 0.242583 1.678297 -0.176245
v 0.174673 1.683157 -0.240417
v 0.174780 1.681730 -0.240563
v 0.175093 1.680391 -0.240993
v 0.175591 1.679222 -0.241681
v 0.176246 1.678297 -0.242581
v 0.091832 1.683157 -0.282628
v 0.091887 1.681730 -0.282800
v 0.092051 1.680391 -0.283305
v 0.092314 1.679222 -0.284113
v 0.092659 1.678297 -0.285173
v 0.000001 1.683157 -0.297172
v 0.000001 1.681730 -0.297352
v 0.000001 1.680391 -0.297885
v 0.000001 1.679222 -0.298734
v 0.000001 1.678297 -0.299847
v -0.091832 1.683157 -0.282628
v -0.091888 1.681730 -0.282800
v -0.092052 1.680391 -0.283305
v -0.092314 1.679222 -0.284113
v -0.092657 1.678297 -0.285173
v -0.174677 1.683157 -0.240416
v -0.174782 1.681730 -0.240563
v -0.175094 1.680391 -0.240992
v -0.175594 1.679222 -0.241680
v -0.176249 1.678297 -0.242581
v -0.240418 1.683157 -0.174674
v -0.240563 1.681730 -0.174780
v -0.240993 1.680391 -0.175093
v -0.241681 1.679222 -0.175592
v -0.242581 1.678297 -0.176247
v -0.282628 1.683157 -0.091831
v -0.282801 1.681730 -0.091887
v -0.283306 1.680391 -0.092051
v -0.284113 1.679222 -0.092313
v -0.285172 1.678297 -0.092657
v -0.297173 1.683157 0.000001
v -0.297353 1.681730 0.000001
v -0.297887 1.680391 0.000001
v -0.298736 1.679222 0.000001
v -0.299848 1.678297 0.000001
v -0.282628 1.683157 0.091832
v -0.282801 1.681730 0.091888
v -0.283306 1.680391 0.092053
v -0.284113 1.679222 0.092315
v -0.285172 1.678297 0.092659
v -0.240418 1.683157 0.174676
v -0.240563 1.681730 0.174782
v -0.240993 1.680391 0.175095
v -0.241681 1.679222 0.175595
v -0.242581 1.678297 0.176249
v -0.174677 1.683157 0.240419
v -0.174782 1.681730 0.240565
v -0.175094 1.680391 0.240995
v -0.175594 1.679222 0.241683
v -0.176249 1.678297 0.242583
v -0.091833 1.683157 0.282630
v -0.091888 1.681730 0.282802
v -0.092053 1.680391 0.283308
v -0.092317 1.679222 0.284116
v -0.092660 1.678297 0.285175
v 0.000004 1.683157 0.297174
v 0.000004 1.681730 0.297354
v 0.000004 1.680391 0.297887
v 0.000004 1.679222 0.298736
v 0.000004 1.678297 0.299850
v 0.091835 1.740095 0.282630
v 0.091869 1.741496 0.282738
v 0.091974 1.742862 0.283061
v 0.092147 1.744156 0.283591
v 0.092382 1.745344 0.284313
v 0.174677 1.740094 0.240420
v 0.174744 1.741495 0.240513
v 0.174942 1.742861 0.240788
v 0.175269 1.744155 0.241238
v 0.175717 1.745344 0.241852
v 0.240416 1.740094 0.174680
v 0.240508 1.741495 0.174747
v 0.240783 1.742861 0.174947
v 0.241233 1.744155 0.175275
v 0.241848 1.745344 0.175721
v 0.282627 1.740095 0.091833
v 0.282736 1.741496 0.091868
v 0.283060 1.742862 0.091973
v 0.283591 1.744156 0.092145
v 0.284311 1.745344 0.092380
v 0.297173 1.740095 0.000001
v 0.297287 1.741496 0.000001
v 0.297627 1.742862 0.000001
v 0.298183 1.744156 0.000001
v 0.298942 1.745344 0.000001
v 0.282627 1.740095 -0.091830
v 0.282736 1.741496 -0.091866
v 0.283060 1.742862 -0.091971
v 0.283591 1.744156 -0.092143
v 0.284311 1.745344 -0.092378
v 0.240418 1.740095 -0.174673
v 0.240510 1.741496 -0.174740
v 0.240785 1.742862 -0.174940
v 0.241236 1.744156 -0.175268
v 0.241850 1.745344 -0.175713
v 0.174673 1.740095 -0.240417
v 0.174741 1.741496 -0.240510
v 0.174939 1.742862 -0.240785
v 0.175269 1.744156 -0.241235
v 0.175714 1.745344 -0.241849
v 0.091832 1.740095 -0.282628
v 0.091867 1.741496 -0.282737
v 0.091971 1.742862 -0.283060
v 0.092144 1.744156 -0.283589
v 0.092379 1.745344 -0.284311
v 0.000001 1.740095 -0.297172
v 0.000001 1.741496 -0.297286
v 0.000001 1.742862 -0.297627
v 0.000001 1.744156 -0.298183
v 0.000001 1.745344 -0.298942
v -0.091832 1.740095 -0.282628
v -0.091867 1.741496 -0.282737
v -0.091972 1.742862 -0.283060
v -0.092144 1.744156 -0.283589
v -0.092379 1.745344 -0.284311
v -0.174677 1.740095 -0.240416
v -0.174744 1.741496 -0.240508
v -0.174943 1.742862 -0.240783
v -0.175270 1.744156 -0.241234
v -0.175717 1.745344 -0.241848
v -0.240415 1.740095 -0.174674
v -0.240508 1.741496 -0.174741
v -0.240785 1.742862 -0.174941
v -0.241234 1.744156 -0.175268
v -0.241848 1.745344 -0.175715
v -0.282628 1.740095 -0.091831
v -0.282736 1.741496 -0.091866
v -0.283060 1.742862 -0.091971
v -0.283588 1.744156 -0.092143
v -0.284311 1.745344 -0.092378
v -0.297173 1.740095 0.000001
v -0.297288 1.741496 0.000001
v -0.297627 1.742862 0.000001
v -0.298183 1.744156 0.000001
v -0.298943 1.745344 0.000001
v -0.282628 1.740095 0.091832
v -0.282736 1.741496 0.091867
v -0.283060 1.742862 0.091973
v -0.283588 1.744156 0.092145
v -0.284311 1.745344 0.092379
v -0.240415 1.740095 0.174676
v -0.240508 1.741497 0.174743
v -0.240785 1.742862 0.174944
v -0.241234 1.744157 0.175271
v -0.241848 1.745345 0.175717
v -0.174677 1.740095 0.240419
v -0.174744 1.741496 0.240511
v -0.174943 1.742862 0.240786
v -0.175270 1.744156 0.241237
v -0.175717 1.745344 0.241851
v -0.091833 1.740095 0.282630
v -0.091869 1.741496 0.282739
v -0.091974 1.742862 0.283062
v -0.092144 1.744156 0.283592
v -0.092379 1.745344 0.284313
v 0.000004 1.740095 0.297174
v 0.000004 1.741496 0.297288
v 0.000004 1.742862 0.297629
v 0.000004 1.744156 0.298185
v 0.000004 1.745344 0.298944
v 0.098481 1.823479 0.303080
v 0.187316 1.823478 0.257817
v 0.257814 1.823478 0.187320
v 0.303080 1.823479 0.098478
v 0.318676 1.823479 0.000001
v 0.303080 1.823479 -0.098475
v 0.257814 1.823479 -0.187312
v 0.187313 1.823479 -0.257814
v 0.098475 1.823479 -0.303078
v 0.000001 1.823479 -0.318675
v -0.098475 1.823479 -0.303078
v -0.187316 1.823479 -0.257812
v -0.257814 1.823479 -0.187314
v -0.303078 1.823479 -0.098476
v -0.318676 1.823479 0.000001
v -0.303078 1.823479 0.098477
v -0.257814 1.823479 0.187316
v -0.187317 1.823479 0.257815
v -0.098478 1.823479 0.303080
v 0.000004 1.823479 0.318677
v 0.220740 2.230359 0.299474
v 0.221046 2.236051 0.299833
v 0.220338 2.241640 0.298830
v 0.218677 2.246636 0.296552
v 0.216215 2.250600 0.293202
v 0.117396 2.230359 0.353026
v 0.117576 2.236051 0.353463
v 0.117211 2.241640 0.352289
v 0.116337 2.246636 0.349610
v 0.115031 2.250600 0.345663
v 0.302473 2.230359 0.216609
v 0.302874 2.236051 0.216857
v 0.301892 2.241640 0.216122
v 0.299610 2.246636 0.214469
v 0.296231 2.250600 0.212044
v 0.354604 2.230359 0.112532
v 0.355064 2.236051 0.112643
v 0.353900 2.241640 0.112248
v 0.351219 2.246636 0.111381
v 0.347258 2.250600 0.110119
v 0.372024 2.230359 -0.002554
v 0.372494 2.236051 -0.002590
v 0.371265 2.241640 -0.002607
v 0.368448 2.246636 -0.002603
v 0.364289 2.250600 -0.002579
v 0.353026 2.230359 -0.117391
v 0.353462 2.236051 -0.117570
v 0.352288 2.241640 -0.117207
v 0.349610 2.246636 -0.116332
v 0.345664 2.250600 -0.115025
v 0.299470 2.230359 -0.220736
v 0.299829 2.236051 -0.221041
v 0.298828 2.241640 -0.220333
v 0.296549 2.246636 -0.218674
v 0.293199 2.250600 -0.216210
v 0.216602 2.230359 -0.302475
v 0.216849 2.236051 -0.302875
v 0.216114 2.241640 -0.301892
v 0.214459 2.246636 -0.299610
v 0.212034 2.250600 -0.296232
v 0.112532 2.230359 -0.354604
v 0.112644 2.236051 -0.355062
v 0.112248 2.241640 -0.353899
v 0.111380 2.246636 -0.351219
v 0.110117 2.250600 -0.347257
v -0.002556 2.230359 -0.372022
v -0.002590 2.236051 -0.372492
v -0.002608 2.241640 -0.371264
v -0.002605 2.246636 -0.368446
v -0.002580 2.250600 -0.364288
v -0.117391 2.230359 -0.353025
v -0.117570 2.236051 -0.353461
v -0.117208 2.241640 -0.352288
v -0.116332 2.246636 -0.349609
v -0.115025 2.250600 -0.345662
v -0.220740 2.230359 -0.299469
v -0.221043 2.236051 -0.299828
v -0.220336 2.241640 -0.298825
v -0.218678 2.246636 -0.296547
v -0.216213 2.250600 -0.293197
v -0.302473 2.230359 -0.216603
v -0.302874 2.236051 -0.216850
v -0.301892 2.241640 -0.216115
v -0.299610 2.246636 -0.214462
v -0.296231 2.250600 -0.212037
v -0.354605 2.230359 -0.112531
v -0.355062 2.236051 -0.112642
v -0.353900 2.241640 -0.112247
v -0.351220 2.246636 -0.111379
v -0.347258 2.250600 -0.110117
v -0.372023 2.230359 0.002556
v -0.372494 2.236051 0.002592
v -0.371266 2.241640 0.002609
v -0.368448 2.246636 0.002605
v -0.364289 2.250600 0.002581
v -0.353026 2.230359 0.117392
v -0.353462 2.236051 0.117571
v -0.352288 2.241640 0.117207
v -0.349608 2.246636 0.116333
v -0.345661 2.250600 0.115025
v -0.299471 2.230359 0.220740
v -0.299829 2.236051 0.221045
v -0.298827 2.241640 0.220336
v -0.296550 2.246636 0.218677
v -0.293199 2.250600 0.216214
v -0.216605 2.230359 0.302475
v -0.216852 2.236051 0.302876
v -0.216117 2.241640 0.301893
v -0.214465 2.246636 0.299611
v -0.212041 2.250600 0.296233
v -0.112532 2.230359 0.354607
v -0.112642 2.236051 0.355065
v -0.112247 2.241640 0.353902
v -0.111380 2.246636 0.351221
v -0.110118 2.250600 0.347259
v 0.002558 2.230359 0.372024
v 0.002595 2.236051 0.372494
v 0.002611 2.241640 0.371266
v 0.002608 2.246636 0.368448
v 0.002583 2.250600 0.364290
v 0.094976 1.827887 0.292295
v 0.093935 1.829303 0.289080
v 0.093089 1.831678 0.286432
v 0.092518 1.834782 0.284607
v 0.092274 1.838313 0.283782
v 0.092388 1.844659 0.284037
v 0.180649 1.827886 0.248642
v 0.178666 1.829303 0.245906
v 0.177042 1.831677 0.243649
v 0.175936 1.834782 0.242090
v 0.175451 1.838313 0.241380
v 0.175636 1.844659 0.241588
v 0.000004 1.827887 0.307336
v 0.000008 1.829303 0.303958
v 0.000020 1.831678 0.301178
v 0.000041 1.834782 0.299265
v 0.000066 1.838313 0.298405
v 0.000094 1.844659 0.298683
v 0.248638 1.827886 0.180654
v 0.245908 1.829303 0.178664
v 0.243666 1.831677 0.177020
v 0.242129 1.834782 0.175879
v 0.241449 1.838313 0.175354
v 0.241690 1.844659 0.175494
v 0.292293 1.827887 0.094973
v 0.289082 1.829303 0.093925
v 0.286441 1.831678 0.093054
v 0.284629 1.834782 0.092443
v 0.283820 1.838313 0.092154
v 0.284091 1.844659 0.092213
v 0.307336 1.827887 0.000001
v 0.303958 1.829303 -0.000003
v 0.301178 1.831678 -0.000016
v 0.299263 1.834782 -0.000036
v 0.298405 1.838313 -0.000061
v 0.298680 1.844659 -0.000089
v 0.292293 1.827887 -0.094971
v 0.289079 1.829303 -0.093931
v 0.286432 1.831678 -0.093084
v 0.284607 1.834782 -0.092512
v 0.283780 1.838313 -0.092270
v 0.284036 1.844659 -0.092382
v 0.248638 1.827887 -0.180646
v 0.245902 1.829303 -0.178664
v 0.243648 1.831678 -0.177041
v 0.242088 1.834782 -0.175932
v 0.241378 1.838313 -0.175447
v 0.241585 1.844659 -0.175633
v 0.180646 1.827887 -0.248639
v 0.178657 1.829303 -0.245908
v 0.177012 1.831678 -0.243667
v 0.175871 1.834782 -0.242131
v 0.175347 1.838313 -0.241450
v 0.175486 1.844659 -0.241691
v 0.094973 1.827887 -0.292293
v 0.093923 1.829303 -0.289082
v 0.093052 1.831678 -0.286441
v 0.092444 1.834782 -0.284628
v 0.092153 1.838313 -0.283818
v 0.092212 1.844659 -0.284090
v 0.000001 1.827887 -0.307335
v -0.000005 1.829303 -0.303957
v -0.000017 1.831678 -0.301176
v -0.000036 1.834782 -0.299263
v -0.000062 1.838313 -0.298403
v -0.000091 1.844659 -0.298681
v -0.094970 1.827887 -0.292293
v -0.093933 1.829303 -0.289079
v -0.093086 1.831678 -0.286431
v -0.092512 1.834782 -0.284605
v -0.092271 1.838313 -0.283780
v -0.092382 1.844659 -0.284034
v -0.180649 1.827887 -0.248638
v -0.178667 1.829303 -0.245902
v -0.177044 1.831678 -0.243645
v -0.175936 1.834782 -0.242086
v -0.175450 1.838313 -0.241376
v -0.175636 1.844659 -0.241583
v -0.248639 1.827887 -0.180648
v -0.245909 1.829303 -0.178659
v -0.243667 1.831678 -0.177014
v -0.242129 1.834782 -0.175873
v -0.241450 1.838313 -0.175348
v -0.241690 1.844659 -0.175488
v -0.292294 1.827887 -0.094971
v -0.289082 1.829303 -0.093923
v -0.286442 1.831678 -0.093052
v -0.284629 1.834782 -0.092442
v -0.283820 1.838313 -0.092152
v -0.284091 1.844659 -0.092211
v -0.307337 1.827887 0.000001
v -0.303958 1.829303 0.000006
v -0.301178 1.831678 0.000018
v -0.299264 1.834782 0.000038
v -0.298406 1.838313 0.000063
v -0.298683 1.844659 0.000091
v -0.292294 1.827887 0.094973
v -0.289079 1.829303 0.093933
v -0.286430 1.831678 0.093086
v -0.284606 1.834782 0.092514
v -0.283780 1.838313 0.092272
v -0.284036 1.844659 0.092384
v -0.248639 1.827887 0.180650
v -0.245903 1.829303 0.178668
v -0.243646 1.831678 0.177044
v -0.242086 1.834782 0.175936
v -0.241375 1.838313 0.175451
v -0.241583 1.844659 0.175637
v -0.180649 1.827887 0.248640
v -0.178660 1.829303 0.245909
v -0.177017 1.831678 0.243668
v -0.175875 1.834782 0.242132
v -0.175350 1.838313 0.241452
v -0.175491 1.844659 0.241692
v -0.094973 1.827887 0.292295
v -0.093926 1.829303 0.289084
v -0.093053 1.831678 0.286444
v -0.092444 1.834782 0.284630
v -0.092154 1.838313 0.283820
v -0.092212 1.844659 0.284093
v 0.000002 2.444652 -0.000000
v 0.097666 2.391325 0.132441
v 0.096637 2.392886 0.131044
v 0.095856 2.394810 0.129984
v 0.095368 2.396985 0.129324
v 0.095202 2.399289 0.129099
v 0.051964 2.391324 0.156137
v 0.051413 2.392886 0.154491
v 0.051000 2.394809 0.153242
v 0.050740 2.396985 0.152462
v 0.050651 2.399289 0.152198
v 0.133807 2.391324 0.095784
v 0.132396 2.392886 0.094774
v 0.131324 2.394809 0.094008
v 0.130657 2.396985 0.093530
v 0.130431 2.399289 0.093368
v 0.156857 2.391324 0.049742
v 0.155202 2.392886 0.049218
v 0.153948 2.394809 0.048820
v 0.153164 2.396985 0.048572
v 0.152899 2.399289 0.048487
v 0.164550 2.391324 -0.001164
v 0.162814 2.392886 -0.001152
v 0.161499 2.394809 -0.001142
v 0.160677 2.396985 -0.001137
v 0.160400 2.399289 -0.001135
v 0.156138 2.391324 -0.051957
v 0.154491 2.392886 -0.051408
v 0.153241 2.394809 -0.050993
v 0.152463 2.396985 -0.050733
v 0.152197 2.399289 -0.050646
v 0.132439 2.391324 -0.097662
v 0.131043 2.392886 -0.096632
v 0.129984 2.394809 -0.095850
v 0.129323 2.396985 -0.095363
v 0.129098 2.399289 -0.095198
v 0.095776 2.391324 -0.133808
v 0.094766 2.392886 -0.132397
v 0.094000 2.394809 -0.131327
v 0.093521 2.396985 -0.130659
v 0.093360 2.399289 -0.130432
v 0.049740 2.391324 -0.156856
v 0.049218 2.392886 -0.155202
v 0.048820 2.394809 -0.153947
v 0.048570 2.396985 -0.153165
v 0.048486 2.399289 -0.152899
v -0.001166 2.391324 -0.164550
v -0.001154 2.392886 -0.162814
v -0.001144 2.394809 -0.161497
v -0.001138 2.396985 -0.160677
v -0.001135 2.399289 -0.160398
v -0.051958 2.391324 -0.156136
v -0.051411 2.392886 -0.154489
v -0.050994 2.394809 -0.153240
v -0.050735 2.396985 -0.152461
v -0.050648 2.399289 -0.152197
v -0.097663 2.391324 -0.132437
v -0.096635 2.392886 -0.131041
v -0.095854 2.394809 -0.129981
v -0.095366 2.396985 -0.129321
v -0.095199 2.399289 -0.129096
v -0.133807 2.391324 -0.095778
v -0.132396 2.392886 -0.094767
v -0.131327 2.394809 -0.094001
v -0.130658 2.396985 -0.093523
v -0.130432 2.399289 -0.093361
v -0.156858 2.391324 -0.049739
v -0.155203 2.392886 -0.049214
v -0.153948 2.394809 -0.048817
v -0.153164 2.396985 -0.048569
v -0.152899 2.399289 -0.048484
v -0.164550 2.391324 0.001166
v -0.162815 2.392886 0.001154
v -0.161499 2.394809 0.001144
v -0.160678 2.396985 0.001138
v -0.160400 2.399289 0.001136
v -0.156135 2.391324 0.051958
v -0.154489 2.392886 0.051409
v -0.153241 2.394809 0.050994
v -0.152460 2.396985 0.050735
v -0.152198 2.399289 0.050647
v -0.132439 2.391324 0.097667
v -0.131040 2.392886 0.096637
v -0.129981 2.394809 0.095855
v -0.129320 2.396985 0.095368
v -0.129098 2.399289 0.095203
v -0.095780 2.391324 0.133809
v -0.094770 2.392886 0.132398
v -0.094004 2.394809 0.131328
v -0.093525 2.396985 0.130660
v -0.093364 2.399289 0.130433
v -0.049740 2.391324 0.156858
v -0.049216 2.392886 0.155204
v -0.048820 2.394809 0.153949
v -0.048570 2.396985 0.153167
v -0.048487 2.399289 0.152901
v 0.001169 2.391324 0.164552
v 0.001157 2.392886 0.162816
v 0.001147 2.394809 0.161499
v 0.001140 2.396985 0.160679
v 0.001138 2.399289 0.160400
v 0.076141 2.444652 0.103249
v 0.085671 2.440399 0.116174
v 0.092648 2.428777 0.125636
v 0.095202 2.412901 0.129099
v 0.040509 2.444652 0.121722
v 0.045580 2.440399 0.136960
v 0.049292 2.428777 0.148115
v 0.050651 2.412901 0.152198
v 0.104312 2.444652 0.074673
v 0.117372 2.440399 0.084021
v 0.126933 2.428777 0.090863
v 0.130431 2.412901 0.093368
v 0.122282 2.444652 0.038778
v 0.137590 2.440399 0.043633
v 0.148797 2.428777 0.047186
v 0.152899 2.412901 0.048487
v 0.128282 2.444652 -0.000907
v 0.144341 2.440399 -0.001021
v 0.156097 2.428777 -0.001104
v 0.160400 2.412901 -0.001135
v 0.121723 2.444652 -0.040504
v 0.136960 2.440399 -0.045575
v 0.148114 2.428777 -0.049287
v 0.152197 2.412901 -0.050646
v 0.103249 2.444652 -0.076135
v 0.116173 2.440399 -0.085666
v 0.125635 2.428777 -0.092644
v 0.129098 2.412901 -0.095198
v 0.074665 2.444652 -0.104315
v 0.084013 2.440399 -0.117373
v 0.090856 2.428777 -0.126933
v 0.093360 2.412901 -0.130432
v 0.038777 2.444652 -0.122282
v 0.043631 2.440399 -0.137591
v 0.047186 2.428777 -0.148797
v 0.048486 2.412901 -0.152899
v -0.000910 2.444652 -0.128280
v -0.001023 2.440399 -0.144339
v -0.001107 2.428777 -0.156095
v -0.001135 2.412901 -0.160398
v -0.040506 2.444652 -0.121721
v -0.045577 2.440399 -0.136959
v -0.049289 2.428777 -0.148114
v -0.050648 2.412901 -0.152197
v -0.076138 2.444652 -0.103246
v -0.085669 2.440399 -0.116171
v -0.092645 2.428777 -0.125633
v -0.095199 2.412901 -0.129096
v -0.104315 2.444652 -0.074666
v -0.117372 2.440399 -0.084014
v -0.126933 2.428777 -0.090856
v -0.130432 2.412901 -0.093361
v -0.122282 2.444652 -0.038775
v -0.137591 2.440399 -0.043630
v -0.148798 2.428777 -0.047184
v -0.152899 2.412901 -0.048484
v -0.128280 2.444652 0.000909
v -0.144341 2.440399 0.001022
v -0.156095 2.428777 0.001106
v -0.160400 2.412901 0.001136
v -0.121720 2.444652 0.040506
v -0.136958 2.440399 0.045576
v -0.148115 2.428777 0.049288
v -0.152198 2.412901 0.050647
v -0.103246 2.444652 0.076140
v -0.116171 2.440399 0.085672
v -0.125633 2.428777 0.092649
v -0.129096 2.412901 0.095203
v -0.074668 2.444652 0.104315
v -0.084016 2.440399 0.117374
v -0.090860 2.428777 0.126934
v -0.093364 2.412901 0.130433
v -0.038777 2.444652 0.122284
v -0.043632 2.440399 0.137592
v -0.047186 2.428777 0.148799
v -0.048487 2.412901 0.152901
v 0.000910 2.444652 0.128282
v 0.001023 2.440399 0.144341
v 0.001107 2.428777 0.156097
v 0.001138 2.412901 0.160400
v 0.132964 1.499774 -0.183007
v 0.124481 1.476436 -0.171334
v 0.117384 1.451807 -0.161566
v 0.111745 1.426137 -0.153805
v 0.107619 1.399672 -0.148125
v 0.105044 1.372655 -0.144579
v 0.183008 1.499774 -0.132963
v 0.171335 1.476436 -0.124481
v 0.161567 1.451807 -0.117384
v 0.153806 1.426137 -0.111745
v 0.148124 1.399672 -0.107618
v 0.144579 1.372655 -0.105042
v 0.215138 1.499774 -0.069902
v 0.201414 1.476436 -0.065443
v 0.189932 1.451807 -0.061712
v 0.180810 1.426137 -0.058747
v 0.174133 1.399672 -0.056578
v 0.169964 1.372655 -0.055224
v 0.226210 1.499774 0.000001
v 0.211781 1.476436 0.000001
v 0.199707 1.451807 0.000001
v 0.190114 1.426137 0.000001
v 0.183093 1.399672 0.000001
v 0.178710 1.372656 0.000001
v 0.215138 1.499774 0.069904
v 0.201414 1.476436 0.065445
v 0.189932 1.451807 0.061714
v 0.180810 1.426137 0.058750
v 0.174133 1.399672 0.056580
v 0.169964 1.372656 0.055226
v 0.183007 1.499773 0.132968
v 0.171332 1.476435 0.124485
v 0.161567 1.451807 0.117389
v 0.153804 1.426137 0.111749
v 0.148124 1.399672 0.107623
v 0.144579 1.372655 0.105046
v 0.132964 1.499773 0.183010
v 0.124483 1.476435 0.171336
v 0.117387 1.451807 0.161569
v 0.111748 1.426136 0.153807
v 0.107619 1.399672 0.148127
v 0.105044 1.372655 0.144582
v 0.055227 1.372655 0.169965
v 0.056580 1.399672 0.174133
v 0.058751 1.426137 0.180810
v 0.061716 1.451807 0.189934
v 0.065446 1.476436 0.201417
v 0.069906 1.499774 0.215140
v 0.000002 1.499774 0.226212
v 0.000002 1.476436 0.211782
v 0.000001 1.451807 0.199709
v 0.000001 1.426137 0.190115
v 0.000001 1.399672 0.183094
v 0.000001 1.372656 0.178712
v -0.069906 1.499774 0.215140
v -0.065446 1.476436 0.201417
v -0.061715 1.451807 0.189934
v -0.058749 1.426137 0.180810
v -0.056581 1.399672 0.174133
v -0.055225 1.372655 0.169965
v -0.132964 1.499774 0.183009
v -0.124481 1.476436 0.171335
v -0.117387 1.451807 0.161568
v -0.111746 1.426137 0.153806
v -0.107620 1.399672 0.148127
v -0.105044 1.372655 0.144581
v -0.183008 1.499774 0.132966
v -0.171332 1.476436 0.124484
v -0.161567 1.451807 0.117388
v -0.153804 1.426137 0.111748
v -0.148124 1.399672 0.107622
v -0.144579 1.372655 0.105045
v -0.215139 1.499774 0.069904
v -0.201414 1.476436 0.065445
v -0.189932 1.451807 0.061714
v -0.180810 1.426137 0.058749
v -0.174130 1.399672 0.056580
v -0.169964 1.372655 0.055226
v -0.226210 1.499774 0.000001
v -0.211782 1.476436 0.000001
v -0.199708 1.451807 0.000001
v -0.190115 1.426137 0.000001
v -0.183094 1.399672 0.000001
v -0.178710 1.372655 0.000001
v -0.215139 1.499774 -0.069902
v -0.201414 1.476436 -0.065443
v -0.189932 1.451807 -0.061712
v -0.180810 1.426137 -0.058747
v -0.174130 1.399672 -0.056578
v -0.169964 1.372655 -0.055224
v -0.183008 1.499774 -0.132963
v -0.171332 1.476436 -0.124481
v -0.161567 1.451807 -0.117385
v -0.153804 1.426137 -0.111746
v -0.148124 1.399672 -0.107619
v -0.144579 1.372655 -0.105043
v -0.132964 1.499774 -0.183006
v -0.124484 1.476436 -0.171333
v -0.117387 1.451807 -0.161566
v -0.111748 1.426137 -0.153804
v -0.107620 1.399672 -0.148124
v -0.105044 1.372655 -0.144579
v -0.069903 1.499774 -0.215138
v -0.065444 1.476436 -0.201415
v -0.061713 1.451807 -0.189932
v -0.058749 1.426137 -0.180808
v -0.056578 1.399672 -0.174131
v -0.055225 1.372655 -0.169963
v 0.000001 1.499774 -0.226209
v 0.000001 1.476436 -0.211779
v 0.000001 1.451807 -0.199706
v 0.000001 1.426137 -0.190113
v 0.000001 1.399672 -0.183092
v 0.000001 1.372656 -0.178710
v 0.069903 1.499774 -0.215138
v 0.065443 1.476436 -0.201415
v 0.061713 1.451807 -0.189932
v 0.058748 1.426137 -0.180808
v 0.056577 1.399672 -0.174131
v 0.055224 1.372655 -0.169963
vn -0.0000 0.6561 -0.7547
vn -0.9948 -0.0232 -0.0995
vn -0.9973 -0.0586 -0.0434
vn -0.9960 -0.0328 -0.0828
vn -0.9961 -0.0097 -0.0872
vn -0.0000 -0.8401 -0.5424
vn -0.0000 -0.9006 -0.4346
vn 0.9961 -0.0097 -0.0872
vn 0.9960 -0.0328 -0.0828
vn 0.9973 -0.0586 -0.0434
vn 0.9948 -0.0232 -0.0995
vn 0.9989 -0.0476 -0.0000
vn 0.9967 -0.0817 -0.0000
vn -0.0000 -1.0000 -0.0000
vn -0.0000 -0.9006 0.4346
vn 0.9960 -0.0328 0.0828
vn 0.9973 -0.0586 0.0434
vn -0.0000 -0.8401 0.5424
vn 0.9961 -0.0097 0.0872
vn 0.9948 -0.0232 0.0995
vn 0.9987 0.0516 -0.0000
vn 0.9954 0.0370 0.0880
vn 0.9964 0.0093 0.0839
vn 0.9965 0.0658 0.0524
vn 0.9937 0.0292 0.1080
vn 0.9955 0.0945 -0.0000
vn 0.9954 0.0370 -0.0880
vn 0.9965 0.0657 -0.0525
vn -0.0000 1.0000 -0.0000
vn -0.0000 0.9770 0.2134
vn -0.0000 0.9770 -0.2134
vn 0.9964 0.0094 -0.0839
vn 0.9937 0.0292 -0.1080
vn -0.0000 0.9709 -0.2397
vn -0.0000 -0.4269 -0.9043
vn 1.0000 -0.0000 -0.0000
vn -0.0000 0.9826 0.1857
vn -0.0000 -0.0000 -1.0000
vn -0.0000 -0.9997 0.0250
vn -0.9964 0.0093 -0.0839
vn -1.0000 -0.0000 -0.0000
vn -0.9954 0.0370 -0.0880
vn -0.9965 0.0657 -0.0526
vn -0.9937 0.0292 -0.1080
vn -0.9987 0.0516 -0.0000
vn -0.9955 0.0945 -0.0000
vn -0.9989 -0.0476 -0.0000
vn -0.9967 -0.0817 -0.0000
vn -0.9973 -0.0586 0.0434
vn -0.9960 -0.0328 0.0828
vn -0.9954 0.0370 0.0880
vn -0.9948 -0.0232 0.0995
vn -0.9961 -0.0097 0.0872
vn -0.9964 0.0094 0.0839
vn -0.9937 0.0292 0.1080
vn -0.9965 0.0658 0.0524
vn -0.0000 0.9709 0.2397
vn -0.0000 -0.4269 0.9043
vn -0.0000 0.9826 -0.1857
vn -0.0000 -0.0000 1.0000
vn -0.0000 -0.9997 -0.0250
vn -0.0000 0.6561 0.7547
vn 0.3090 -0.0000 0.9511
vn 0.5878 -0.0000 0.8090
vn 0.8090 -0.0000 0.5878
vn 0.9511 -0.0000 0.3090
vn 0.9511 -0.0000 -0.3090
vn 0.8090 -0.0000 -0.5878
vn 0.5878 -0.0000 -0.8090
vn 0.3090 -0.0000 -0.9511
vn -0.3090 -0.0000 -0.9511
vn -0.5878 -0.0000 -0.8090
vn -0.8090 -0.0000 -0.5878
vn -0.9511 -0.0000 -0.3090
vn -0.9511 -0.0000 0.3090
vn -0.8090 -0.0000 0.5878
vn -0.5878 -0.0000 0.8090
vn -0.3090 -0.0000 0.9511
vn 0.2444 0.6120 0.7522
vn 0.4649 0.6119 0.6399
vn 0.4269 0.6874 0.5876
vn 0.2244 0.6873 0.6908
vn 0.6399 0.6119 0.4649
vn 0.5876 0.6874 0.4269
vn 0.7522 0.6120 0.2444
vn 0.6907 0.6874 0.2244
vn 0.7909 0.6120 -0.0000
vn 0.7263 0.6874 -0.0000
vn 0.7522 0.6120 -0.2444
vn 0.6907 0.6875 -0.2244
vn 0.6399 0.6119 -0.4649
vn 0.5876 0.6874 -0.4269
vn 0.4649 0.6119 -0.6399
vn 0.4269 0.6873 -0.5876
vn 0.2444 0.6120 -0.7522
vn 0.2245 0.6873 -0.6908
vn -0.0000 0.6119 -0.7909
vn -0.0000 0.6873 -0.7263
vn -0.2444 0.6119 -0.7522
vn -0.2244 0.6874 -0.6907
vn -0.4649 0.6119 -0.6399
vn -0.4269 0.6874 -0.5876
vn -0.6399 0.6119 -0.4649
vn -0.5876 0.6873 -0.4269
vn -0.7522 0.6119 -0.2444
vn -0.6907 0.6874 -0.2244
vn -0.7909 0.6120 -0.0000
vn -0.7263 0.6874 -0.0000
vn -0.7522 0.6120 0.2444
vn -0.6908 0.6873 0.2245
vn -0.6398 0.6120 0.4649
vn -0.5876 0.6873 0.4269
vn -0.4649 0.6119 0.6399
vn -0.4269 0.6874 0.5876
vn -0.2444 0.6119 0.7522
vn -0.2244 0.6873 0.6908
vn -0.0000 0.6119 0.7909
vn -0.0000 0.6874 0.7263
vn 0.2945 -0.3026 0.9065
vn 0.1744 -0.8254 0.5369
vn -0.0000 -0.8255 0.5645
vn -0.0000 -0.3026 0.9531
vn 0.1499 0.8745 0.4613
vn 0.2087 0.7374 0.6424
vn -0.0000 0.7374 0.6755
vn -0.0000 0.8745 0.4850
vn 0.2985 0.2594 0.9185
vn 0.2984 0.2594 0.9185
vn -0.0000 0.2594 0.9658
vn 0.5602 -0.3025 0.7711
vn 0.3318 -0.8254 0.4567
vn 0.5677 0.2592 0.7814
vn 0.2851 0.8745 0.3924
vn 0.3970 0.7374 0.5465
vn 0.7711 -0.3025 0.5602
vn 0.4567 -0.8254 0.3318
vn 0.7814 0.2591 0.5677
vn 0.3924 0.8745 0.2851
vn 0.5464 0.7374 0.3970
vn 0.9065 -0.3026 0.2945
vn 0.5369 -0.8254 0.1744
vn 0.9185 0.2593 0.2985
vn 0.4613 0.8745 0.1499
vn 0.6424 0.7374 0.2087
vn 0.9531 -0.3027 -0.0000
vn 0.5645 -0.8255 -0.0000
vn 0.9658 0.2594 -0.0000
vn 0.4851 0.8745 -0.0000
vn 0.6755 0.7374 -0.0000
vn 0.9065 -0.3026 -0.2945
vn 0.5368 -0.8255 -0.1744
vn 0.9185 0.2593 -0.2985
vn 0.4613 0.8745 -0.1499
vn 0.6424 0.7374 -0.2087
vn 0.7711 -0.3025 -0.5602
vn 0.4567 -0.8255 -0.3318
vn 0.7814 0.2591 -0.5677
vn 0.3924 0.8745 -0.2851
vn 0.5464 0.7375 -0.3970
vn 0.5602 -0.3025 -0.7711
vn 0.3318 -0.8255 -0.4567
vn 0.5677 0.2592 -0.7814
vn 0.2851 0.8745 -0.3924
vn 0.3970 0.7374 -0.5464
vn 0.2945 -0.3025 -0.9065
vn 0.1744 -0.8255 -0.5368
vn 0.2985 0.2593 -0.9185
vn 0.2984 0.2593 -0.9185
vn 0.1499 0.8745 -0.4613
vn 0.2087 0.7374 -0.6424
vn -0.0000 -0.3025 -0.9531
vn -0.0000 -0.8255 -0.5644
vn -0.0000 0.2593 -0.9658
vn -0.0000 0.8745 -0.4850
vn -0.0000 0.7374 -0.6754
vn -0.2945 -0.3026 -0.9065
vn -0.1744 -0.8255 -0.5368
vn -0.2984 0.2593 -0.9185
vn -0.2985 0.2593 -0.9185
vn -0.1499 0.8745 -0.4613
vn -0.2087 0.7374 -0.6424
vn -0.5602 -0.3026 -0.7711
vn -0.3318 -0.8255 -0.4566
vn -0.5677 0.2592 -0.7813
vn -0.5677 0.2592 -0.7814
vn -0.2851 0.8745 -0.3924
vn -0.3971 0.7374 -0.5465
vn -0.7711 -0.3025 -0.5602
vn -0.4567 -0.8255 -0.3318
vn -0.7814 0.2592 -0.5677
vn -0.3924 0.8745 -0.2851
vn -0.5465 0.7373 -0.3971
vn -0.9065 -0.3024 -0.2945
vn -0.5369 -0.8254 -0.1744
vn -0.9185 0.2593 -0.2985
vn -0.4613 0.8745 -0.1499
vn -0.6425 0.7373 -0.2088
vn -0.9532 -0.3025 -0.0000
vn -0.5645 -0.8254 -0.0000
vn -0.9658 0.2594 -0.0000
vn -0.4850 0.8745 -0.0000
vn -0.6756 0.7373 -0.0000
vn -0.9065 -0.3024 0.2945
vn -0.5369 -0.8254 0.1744
vn -0.9185 0.2593 0.2985
vn -0.9185 0.2593 0.2984
vn -0.4613 0.8745 0.1499
vn -0.6425 0.7373 0.2088
vn -0.7711 -0.3025 0.5602
vn -0.4567 -0.8254 0.3318
vn -0.7814 0.2592 0.5677
vn -0.3924 0.8745 0.2851
vn -0.5465 0.7373 0.3971
vn -0.5602 -0.3026 0.7711
vn -0.3318 -0.8255 0.4566
vn -0.5677 0.2592 0.7813
vn -0.5677 0.2592 0.7814
vn -0.2851 0.8745 0.3924
vn -0.3971 0.7374 0.5465
vn -0.2945 -0.3026 0.9065
vn -0.1744 -0.8255 0.5368
vn -0.2984 0.2593 0.9185
vn -0.2985 0.2593 0.9185
vn -0.1499 0.8745 0.4613
vn -0.2087 0.7374 0.6424
vn 0.3041 0.1773 0.9360
vn 0.5785 0.1773 0.7962
vn 0.5203 0.4652 0.7161
vn 0.2735 0.4652 0.8419
vn 0.7962 0.1773 0.5785
vn 0.7161 0.4652 0.5203
vn 0.9360 0.1773 0.3041
vn 0.8419 0.4652 0.2735
vn 0.9842 0.1773 -0.0000
vn 0.8852 0.4652 -0.0000
vn 0.9360 0.1773 -0.3041
vn 0.8419 0.4652 -0.2735
vn 0.7962 0.1773 -0.5785
vn 0.7161 0.4652 -0.5203
vn 0.5785 0.1773 -0.7962
vn 0.5203 0.4652 -0.7161
vn 0.3041 0.1773 -0.9360
vn 0.2735 0.4652 -0.8419
vn -0.0000 0.1773 -0.9842
vn -0.0000 0.4652 -0.8852
vn -0.3041 0.1773 -0.9360
vn -0.2735 0.4652 -0.8419
vn -0.5785 0.1773 -0.7962
vn -0.5203 0.4652 -0.7161
vn -0.7962 0.1773 -0.5785
vn -0.7161 0.4652 -0.5203
vn -0.9360 0.1773 -0.3041
vn -0.8419 0.4652 -0.2735
vn -0.9842 0.1772 -0.0000
vn -0.8852 0.4652 -0.0000
vn -0.9360 0.1773 0.3041
vn -0.8419 0.4652 0.2735
vn -0.7962 0.1773 0.5785
vn -0.7161 0.4652 0.5203
vn -0.5785 0.1773 0.7962
vn -0.5203 0.4652 0.7161
vn -0.3041 0.1773 0.9360
vn -0.2735 0.4652 0.8419
vn -0.0000 0.1773 0.9842
vn -0.0000 0.4652 0.8852
vn 0.4043 -0.7258 0.5565
vn 0.2126 -0.7258 0.6542
vn 0.5565 -0.7258 0.4043
vn 0.6542 -0.7258 0.2126
vn 0.6879 -0.7258 -0.0000
vn 0.6542 -0.7258 -0.2126
vn 0.5565 -0.7258 -0.4043
vn 0.4043 -0.7258 -0.5565
vn 0.2126 -0.7258 -0.6542
vn -0.0000 -0.7258 -0.6879
vn -0.2126 -0.7258 -0.6542
vn -0.4043 -0.7258 -0.5565
vn -0.5565 -0.7258 -0.4043
vn -0.6542 -0.7258 -0.2126
vn -0.6879 -0.7258 -0.0000
vn -0.6542 -0.7258 0.2126
vn -0.5565 -0.7258 0.4043
vn -0.4044 -0.7258 0.5565
vn -0.2126 -0.7258 0.6542
vn -0.0000 -0.7258 0.6879
vn 0.2919 -0.3282 0.8984
vn 0.5552 -0.3282 0.7642
vn 0.3048 -0.1645 0.9381
vn 0.5798 -0.1644 0.7980
vn 0.3090 0.0008 0.9511
vn 0.5878 0.0008 0.8090
vn 0.7642 -0.3281 0.5552
vn 0.7980 -0.1644 0.5798
vn 0.8090 0.0008 0.5878
vn 0.8984 -0.3282 0.2919
vn 0.9381 -0.1645 0.3048
vn 0.9511 0.0007 0.3090
vn 0.9446 -0.3281 -0.0000
vn 0.9864 -0.1645 -0.0000
vn 1.0000 0.0007 -0.0000
vn 0.8984 -0.3282 -0.2919
vn 0.9381 -0.1644 -0.3048
vn 0.9511 0.0007 -0.3090
vn 0.7642 -0.3282 -0.5552
vn 0.7980 -0.1645 -0.5798
vn 0.8090 0.0008 -0.5878
vn 0.5552 -0.3282 -0.7642
vn 0.5798 -0.1645 -0.7980
vn 0.5878 0.0008 -0.8090
vn 0.2919 -0.3282 -0.8984
vn 0.3048 -0.1644 -0.9381
vn 0.3090 0.0008 -0.9511
vn -0.0000 -0.3282 -0.9446
vn -0.0000 -0.1645 -0.9864
vn -0.0000 0.0008 -1.0000
vn -0.2919 -0.3282 -0.8984
vn -0.3048 -0.1645 -0.9381
vn -0.3090 0.0008 -0.9511
vn -0.5552 -0.3282 -0.7642
vn -0.5798 -0.1643 -0.7980
vn -0.5878 0.0008 -0.8090
vn -0.7642 -0.3282 -0.5552
vn -0.7980 -0.1645 -0.5798
vn -0.8090 0.0008 -0.5878
vn -0.8984 -0.3282 -0.2919
vn -0.9381 -0.1643 -0.3048
vn -0.9511 0.0008 -0.3090
vn -0.9446 -0.3282 -0.0000
vn -0.9864 -0.1643 -0.0000
vn -1.0000 0.0008 -0.0000
vn -0.8984 -0.3282 0.2919
vn -0.9381 -0.1643 0.3048
vn -0.9511 0.0008 0.3090
vn -0.7642 -0.3282 0.5552
vn -0.7980 -0.1645 0.5798
vn -0.8090 0.0008 0.5878
vn -0.5552 -0.3282 0.7642
vn -0.5798 -0.1644 0.7980
vn -0.5878 0.0008 0.8090
vn -0.2919 -0.3282 0.8984
vn -0.3048 -0.1645 0.9381
vn -0.3090 0.0008 0.9511
vn -0.0000 -0.3282 0.9446
vn -0.0000 -0.1644 0.9864
vn -0.0000 0.0008 1.0000
vn 0.5877 0.0122 0.8090
vn 0.3090 0.0122 0.9510
vn 0.8090 0.0122 0.5877
vn 0.9510 0.0122 0.3090
vn 0.9999 0.0122 -0.0000
vn 0.9510 0.0122 -0.3090
vn 0.8090 0.0122 -0.5877
vn 0.5877 0.0122 -0.8090
vn 0.3090 0.0122 -0.9510
vn -0.0000 0.0122 -0.9999
vn -0.3090 0.0122 -0.9510
vn -0.5877 0.0122 -0.8090
vn -0.8090 0.0122 -0.5877
vn -0.9510 0.0122 -0.3090
vn -0.9999 0.0122 -0.0000
vn -0.9510 0.0122 0.3090
vn -0.8090 0.0122 0.5877
vn -0.5877 0.0122 0.8090
vn -0.3090 0.0122 0.9510
vn -0.0000 0.0122 0.9999
vn 0.1503 0.8738 0.4624
vn 0.2858 0.8738 0.3934
vn 0.3933 0.8738 0.2858
vn 0.4624 0.8739 0.1502
vn 0.4862 0.8738 -0.0000
vn 0.4624 0.8738 -0.1502
vn 0.3934 0.8738 -0.2858
vn 0.2858 0.8738 -0.3934
vn 0.1503 0.8738 -0.4624
vn -0.0000 0.8738 -0.4862
vn -0.1503 0.8738 -0.4624
vn -0.2858 0.8739 -0.3933
vn -0.3934 0.8738 -0.2858
vn -0.4624 0.8738 -0.1502
vn -0.4862 0.8738 -0.0000
vn -0.4624 0.8739 0.1502
vn -0.3934 0.8738 0.2858
vn -0.2858 0.8738 0.3934
vn -0.1503 0.8738 0.4624
vn -0.0000 0.8738 0.4862
vn 0.2098 0.7343 0.6456
vn -0.0000 0.7342 0.6789
vn 0.2633 0.5234 0.8104
vn -0.0000 0.5234 0.8521
vn 0.2973 0.2723 0.9151
vn -0.0000 0.2722 0.9622
vn 0.3990 0.7343 0.5492
vn 0.5009 0.5233 0.6894
vn 0.5655 0.2727 0.7784
vn 0.5492 0.7343 0.3990
vn 0.6894 0.5233 0.5009
vn 0.7783 0.2727 0.5655
vn 0.6456 0.7343 0.2098
vn 0.8104 0.5233 0.2633
vn 0.9150 0.2727 0.2973
vn 0.6789 0.7343 -0.0000
vn 0.8521 0.5234 -0.0000
vn 0.9622 0.2723 -0.0000
vn 0.6456 0.7343 -0.2098
vn 0.8104 0.5233 -0.2633
vn 0.9151 0.2723 -0.2973
vn 0.5493 0.7342 -0.3991
vn 0.6894 0.5232 -0.5009
vn 0.7783 0.2727 -0.5655
vn 0.3990 0.7343 -0.5492
vn 0.5008 0.5234 -0.6894
vn 0.5656 0.2723 -0.7784
vn 0.2098 0.7343 -0.6456
vn 0.2633 0.5235 -0.8103
vn 0.2973 0.2723 -0.9151
vn -0.0000 0.7343 -0.6788
vn -0.0000 0.5233 -0.8521
vn -0.0000 0.2723 -0.9622
vn -0.2098 0.7343 -0.6456
vn -0.2633 0.5234 -0.8104
vn -0.2973 0.2727 -0.9150
vn -0.3990 0.7343 -0.5492
vn -0.5008 0.5234 -0.6894
vn -0.5655 0.2727 -0.7784
vn -0.5492 0.7343 -0.3990
vn -0.6893 0.5236 -0.5008
vn -0.7784 0.2723 -0.5656
vn -0.6456 0.7343 -0.2098
vn -0.8104 0.5234 -0.2633
vn -0.9151 0.2723 -0.2973
vn -0.6789 0.7343 -0.0000
vn -0.8521 0.5234 -0.0000
vn -0.9621 0.2727 -0.0000
vn -0.6457 0.7342 0.2098
vn -0.8104 0.5234 0.2633
vn -0.9151 0.2722 0.2973
vn -0.5493 0.7342 0.3991
vn -0.6894 0.5234 0.5008
vn -0.7784 0.2727 0.5655
vn -0.3990 0.7343 0.5492
vn -0.5008 0.5234 0.6894
vn -0.5656 0.2721 0.7785
vn -0.2098 0.7343 0.6456
vn -0.2633 0.5234 0.8104
vn -0.2974 0.2722 0.9151
vn 0.4353 0.6720 0.5991
vn 0.2288 0.6720 0.7043
vn 0.5991 0.6720 0.4353
vn 0.7043 0.6720 0.2288
vn 0.7405 0.6720 -0.0000
vn 0.7043 0.6720 -0.2288
vn 0.5991 0.6720 -0.4353
vn 0.4353 0.6720 -0.5991
vn 0.2288 0.6720 -0.7043
vn -0.0000 0.6720 -0.7405
vn -0.2288 0.6720 -0.7043
vn -0.4353 0.6720 -0.5991
vn -0.5991 0.6720 -0.4353
vn -0.7043 0.6720 -0.2288
vn -0.7405 0.6720 -0.0000
vn -0.7043 0.6720 0.2288
vn -0.5991 0.6720 0.4353
vn -0.4353 0.6720 0.5991
vn -0.2288 0.6720 0.7043
vn -0.0000 0.6720 0.7405
vn 0.2584 -0.5483 0.7953
vn 0.2080 -0.7395 0.6402
vn -0.0000 -0.7395 0.6732
vn -0.0000 -0.5483 0.8363
vn 0.3004 -0.2339 0.9247
vn -0.0000 -0.2339 0.9722
vn 0.3072 0.1092 0.9454
vn -0.0000 0.1092 0.9940
vn 0.2776 0.4393 0.8544
vn -0.0000 0.4393 0.8984
vn 0.4915 -0.5483 0.6765
vn 0.3957 -0.7395 0.5446
vn 0.5715 -0.2339 0.7866
vn 0.5843 0.1092 0.8042
vn 0.5280 0.4393 0.7268
vn 0.6765 -0.5483 0.4915
vn 0.5446 -0.7395 0.3957
vn 0.7866 -0.2340 0.5715
vn 0.8042 0.1092 0.5843
vn 0.7268 0.4393 0.5280
vn 0.7953 -0.5484 0.2584
vn 0.6402 -0.7395 0.2080
vn 0.9247 -0.2339 0.3004
vn 0.9454 0.1091 0.3072
vn 0.8544 0.4393 0.2776
vn 0.8362 -0.5484 -0.0000
vn 0.6732 -0.7395 -0.0000
vn 0.9723 -0.2339 -0.0000
vn 0.9940 0.1093 -0.0000
vn 0.8983 0.4393 -0.0000
vn 0.7953 -0.5484 -0.2584
vn 0.6402 -0.7395 -0.2080
vn 0.9247 -0.2339 -0.3004
vn 0.9454 0.1091 -0.3072
vn 0.8544 0.4393 -0.2776
vn 0.6765 -0.5484 -0.4915
vn 0.5446 -0.7395 -0.3957
vn 0.7866 -0.2339 -0.5715
vn 0.8042 0.1092 -0.5843
vn 0.7268 0.4393 -0.5280
vn 0.4915 -0.5483 -0.6765
vn 0.3957 -0.7395 -0.5446
vn 0.5715 -0.2339 -0.7866
vn 0.5843 0.1090 -0.8042
vn 0.5280 0.4393 -0.7268
vn 0.2584 -0.5483 -0.7953
vn 0.2080 -0.7395 -0.6402
vn 0.3004 -0.2339 -0.9247
vn 0.3072 0.1092 -0.9454
vn 0.2776 0.4393 -0.8544
vn -0.0000 -0.5483 -0.8363
vn -0.0000 -0.7395 -0.6732
vn -0.0000 -0.2339 -0.9723
vn -0.0000 0.1092 -0.9940
vn -0.0000 0.4393 -0.8984
vn -0.2584 -0.5483 -0.7953
vn -0.2080 -0.7395 -0.6402
vn -0.3004 -0.2339 -0.9247
vn -0.3072 0.1092 -0.9454
vn -0.2776 0.4393 -0.8544
vn -0.4915 -0.5483 -0.6765
vn -0.3957 -0.7395 -0.5446
vn -0.5715 -0.2339 -0.7866
vn -0.5843 0.1092 -0.8042
vn -0.5280 0.4393 -0.7268
vn -0.6765 -0.5483 -0.4915
vn -0.5446 -0.7395 -0.3957
vn -0.7866 -0.2339 -0.5715
vn -0.8042 0.1092 -0.5843
vn -0.7268 0.4393 -0.5280
vn -0.7953 -0.5483 -0.2584
vn -0.6402 -0.7395 -0.2080
vn -0.9247 -0.2339 -0.3004
vn -0.9454 0.1092 -0.3072
vn -0.8544 0.4393 -0.2776
vn -0.8363 -0.5483 -0.0000
vn -0.6732 -0.7395 -0.0000
vn -0.9723 -0.2339 -0.0000
vn -0.9940 0.1092 -0.0000
vn -0.8984 0.4393 -0.0000
vn -0.7953 -0.5483 0.2584
vn -0.6402 -0.7395 0.2080
vn -0.9247 -0.2340 0.3004
vn -0.9454 0.1092 0.3072
vn -0.8544 0.4393 0.2776
vn -0.6765 -0.5483 0.4915
vn -0.5446 -0.7395 0.3957
vn -0.7866 -0.2339 0.5715
vn -0.8042 0.1092 0.5843
vn -0.7268 0.4393 0.5280
vn -0.4915 -0.5483 0.6765
vn -0.3957 -0.7395 0.5446
vn -0.5715 -0.2339 0.7866
vn -0.5843 0.1093 0.8042
vn -0.5280 0.4393 0.7268
vn -0.2584 -0.5483 0.7953
vn -0.2080 -0.7395 0.6402
vn -0.3004 -0.2339 0.9247
vn -0.3072 0.1092 0.9454
vn -0.2776 0.4393 0.8544
vn 0.3749 -0.7702 0.5160
vn 0.1971 -0.7702 0.6066
vn 0.5160 -0.7702 0.3749
vn 0.6066 -0.7702 0.1971
vn 0.6378 -0.7702 -0.0000
vn 0.6066 -0.7702 -0.1971
vn 0.5160 -0.7702 -0.3749
vn 0.3749 -0.7702 -0.5160
vn 0.1971 -0.7702 -0.6066
vn -0.0000 -0.7702 -0.6378
vn -0.1971 -0.7702 -0.6066
vn -0.3749 -0.7702 -0.5160
vn -0.5160 -0.7702 -0.3749
vn -0.6066 -0.7702 -0.1971
vn -0.6378 -0.7702 -0.0000
vn -0.6066 -0.7702 0.1971
vn -0.5160 -0.7702 0.3749
vn -0.3749 -0.7702 0.5160
vn -0.1971 -0.7702 0.6066
vn -0.0000 -0.7702 0.6378
vn 0.2871 0.3699 0.8836
vn 0.1491 0.8758 0.4590
vn -0.0001 0.8758 0.4827
vn -0.0000 0.3699 0.9291
vn 0.2754 -0.4541 0.8473
vn -0.0000 -0.4540 0.8910
vn 0.3088 -0.0398 0.9503
vn 0.3087 -0.0398 0.9503
vn -0.0000 -0.0398 0.9992
vn 0.5461 0.3698 0.7517
vn 0.2837 0.8758 0.3905
vn 0.5873 -0.0399 0.8084
vn 0.5237 -0.4541 0.7208
vn 0.7516 0.3699 0.5461
vn 0.3905 0.8758 0.2837
vn 0.8084 -0.0400 0.5873
vn 0.7209 -0.4539 0.5237
vn 0.8836 0.3700 0.2871
vn 0.4590 0.8758 0.1492
vn 0.9503 -0.0400 0.3088
vn 0.8474 -0.4540 0.2753
vn 0.9290 0.3701 -0.0000
vn 0.4826 0.8758 -0.0000
vn 0.9992 -0.0399 -0.0000
vn 0.8910 -0.4541 -0.0000
vn 0.8836 0.3700 -0.2871
vn 0.4590 0.8758 -0.1492
vn 0.9503 -0.0400 -0.3088
vn 0.8474 -0.4540 -0.2753
vn 0.7517 0.3698 -0.5461
vn 0.3905 0.8758 -0.2837
vn 0.8084 -0.0400 -0.5873
vn 0.7209 -0.4539 -0.5238
vn 0.5461 0.3697 -0.7517
vn 0.2837 0.8758 -0.3905
vn 0.5873 -0.0399 -0.8084
vn 0.5237 -0.4540 -0.7209
vn 0.2871 0.3698 -0.8836
vn 0.1491 0.8758 -0.4590
vn 0.3088 -0.0399 -0.9503
vn 0.2753 -0.4540 -0.8474
vn -0.0000 0.3699 -0.9291
vn -0.0000 0.8758 -0.4827
vn -0.0000 -0.0399 -0.9992
vn -0.0000 -0.4539 -0.8910
vn -0.2871 0.3698 -0.8836
vn -0.1491 0.8758 -0.4590
vn -0.3088 -0.0398 -0.9503
vn -0.2753 -0.4540 -0.8474
vn -0.5461 0.3697 -0.7517
vn -0.2837 0.8758 -0.3905
vn -0.5873 -0.0399 -0.8084
vn -0.5237 -0.4540 -0.7208
vn -0.7517 0.3698 -0.5461
vn -0.3905 0.8758 -0.2837
vn -0.8084 -0.0399 -0.5873
vn -0.7208 -0.4540 -0.5237
vn -0.8836 0.3700 -0.2871
vn -0.4590 0.8758 -0.1492
vn -0.9503 -0.0400 -0.3088
vn -0.8474 -0.4540 -0.2753
vn -0.9290 0.3701 -0.0000
vn -0.4826 0.8758 -0.0000
vn -0.9992 -0.0400 -0.0000
vn -0.8910 -0.4540 -0.0000
vn -0.8836 0.3700 0.2871
vn -0.4590 0.8758 0.1492
vn -0.9503 -0.0399 0.3088
vn -0.8474 -0.4540 0.2754
vn -0.7517 0.3698 0.5461
vn -0.3905 0.8758 0.2837
vn -0.8084 -0.0399 0.5873
vn -0.7208 -0.4540 0.5237
vn -0.5461 0.3698 0.7517
vn -0.2837 0.8758 0.3905
vn -0.5873 -0.0399 0.8084
vn -0.5237 -0.4540 0.7208
vn -0.2871 0.3699 0.8836
vn -0.1491 0.8758 0.4590
vn -0.3088 -0.0399 0.9503
vn -0.2753 -0.4540 0.8474
vn 0.2480 0.9066 0.3413
vn 0.1304 0.9067 0.4012
vn 0.3413 0.9067 0.2480
vn 0.4013 0.9066 0.1304
vn 0.4219 0.9066 -0.0000
vn 0.4012 0.9067 -0.1304
vn 0.3413 0.9067 -0.2480
vn 0.2480 0.9066 -0.3413
vn 0.1304 0.9066 -0.4012
vn -0.0000 0.9066 -0.4219
vn -0.1304 0.9066 -0.4012
vn -0.2480 0.9067 -0.3413
vn -0.3413 0.9067 -0.2480
vn -0.4012 0.9067 -0.1304
vn -0.4219 0.9066 -0.0000
vn -0.4013 0.9066 0.1304
vn -0.3413 0.9067 0.2480
vn -0.2480 0.9067 0.3413
vn -0.1304 0.9066 0.4012
vn -0.0000 0.9066 0.4219
vn 0.2657 0.5103 0.8179
vn 0.5055 0.5104 0.6957
vn 0.2647 0.5160 0.8147
vn 0.2754 0.4538 0.8475
vn 0.5238 0.4538 0.7209
vn 0.5035 0.5159 0.6930
vn 0.6957 0.5104 0.5055
vn 0.7209 0.4538 0.5238
vn 0.6931 0.5159 0.5035
vn 0.8180 0.5102 0.2658
vn 0.8475 0.4539 0.2754
vn 0.8147 0.5159 0.2647
vn 0.8600 0.5103 -0.0000
vn 0.8911 0.4538 -0.0000
vn 0.8567 0.5159 -0.0000
vn 0.8179 0.5103 -0.2658
vn 0.8475 0.4539 -0.2754
vn 0.8147 0.5159 -0.2647
vn 0.6959 0.5099 -0.5056
vn 0.7209 0.4538 -0.5238
vn 0.6930 0.5159 -0.5035
vn 0.5055 0.5104 -0.6957
vn 0.5237 0.4539 -0.7209
vn 0.5035 0.5159 -0.6930
vn 0.2658 0.5099 -0.8181
vn 0.2754 0.4538 -0.8475
vn 0.2647 0.5159 -0.8147
vn -0.0000 0.5103 -0.8600
vn -0.0000 0.4539 -0.8911
vn -0.0000 0.5159 -0.8566
vn -0.2658 0.5099 -0.8181
vn -0.2753 0.4539 -0.8475
vn -0.2647 0.5159 -0.8147
vn -0.5055 0.5104 -0.6957
vn -0.5237 0.4539 -0.7209
vn -0.5035 0.5159 -0.6930
vn -0.6959 0.5100 -0.5056
vn -0.7209 0.4539 -0.5238
vn -0.6930 0.5159 -0.5035
vn -0.8179 0.5103 -0.2658
vn -0.8475 0.4539 -0.2754
vn -0.8147 0.5159 -0.2647
vn -0.8600 0.5104 -0.0000
vn -0.8911 0.4539 -0.0000
vn -0.8566 0.5159 -0.0000
vn -0.8180 0.5102 0.2658
vn -0.8475 0.4539 0.2754
vn -0.8147 0.5159 0.2647
vn -0.6957 0.5104 0.5055
vn -0.7209 0.4539 0.5238
vn -0.6931 0.5159 0.5035
vn -0.5056 0.5100 0.6959
vn -0.5238 0.4538 0.7209
vn -0.5036 0.5158 0.6931
vn -0.2658 0.5102 0.8180
vn -0.2754 0.4538 0.8475
vn -0.2647 0.5159 0.8147
vn -0.0000 0.5105 0.8599
vn -0.0000 0.4539 0.8911
vn -0.0000 0.5160 0.8566
vn 0.8047 0.1027 -0.5847
vn 0.5847 0.1026 -0.8047
vn 0.5877 -0.0189 -0.8089
vn 0.8089 -0.0189 -0.5877
vn 0.9460 0.1027 -0.3074
vn 0.9509 -0.0189 -0.3090
vn 0.9947 0.1027 -0.0000
vn 0.9998 -0.0189 -0.0000
vn 0.9460 0.1027 0.3074
vn 0.9509 -0.0189 0.3090
vn 0.8047 0.1027 0.5847
vn 0.8089 -0.0189 0.5877
vn 0.5847 0.1026 0.8047
vn 0.5877 -0.0189 0.8089
vn 0.3074 0.1026 0.9460
vn 0.3090 -0.0189 0.9509
vn -0.0000 0.1026 0.9947
vn -0.0000 -0.0189 0.9998
vn -0.3074 0.1026 0.9460
vn -0.3090 -0.0189 0.9509
vn -0.5847 0.1026 0.8047
vn -0.5877 -0.0189 0.8089
vn -0.8047 0.1026 0.5847
vn -0.8089 -0.0189 0.5877
vn -0.9460 0.1026 0.3074
vn -0.9509 -0.0189 0.3090
vn -0.9947 0.1026 -0.0000
vn -0.9998 -0.0189 -0.0000
vn -0.9460 0.1026 -0.3074
vn -0.9509 -0.0189 -0.3090
vn -0.8047 0.1027 -0.5847
vn -0.8089 -0.0189 -0.5877
vn -0.5847 0.1027 -0.8047
vn -0.5877 -0.0189 -0.8089
vn -0.3074 0.1026 -0.9460
vn -0.3089 -0.0189 -0.9509
vn -0.0000 0.1027 -0.9947
vn -0.0000 -0.0189 -0.9998
vn 0.3074 0.1027 -0.9460
vn 0.3090 -0.0189 -0.9509
vn 0.7917 0.2058 -0.5752
vn 0.5753 0.2053 -0.7918
vn 0.9308 0.2053 -0.3024
vn 0.9786 0.2058 -0.0000
vn 0.9307 0.2056 0.3024
vn 0.7918 0.2053 0.5753
vn 0.5752 0.2056 0.7917
vn 0.3024 0.2058 0.9307
vn -0.0000 0.2058 0.9786
vn -0.3024 0.2056 0.9307
vn -0.5752 0.2058 0.7917
vn -0.7917 0.2058 0.5752
vn -0.9307 0.2058 0.3024
vn -0.9786 0.2058 -0.0000
vn -0.9308 0.2053 -0.3024
vn -0.7917 0.2056 -0.5752
vn -0.5752 0.2058 -0.7917
vn -0.3024 0.2056 -0.9307
vn -0.0000 0.2058 -0.9786
vn 0.3024 0.2059 -0.9307
vn 0.7934 0.1955 -0.5764
vn 0.5764 0.1955 -0.7934
vn 0.9327 0.1955 -0.3031
vn 0.9807 0.1955 -0.0000
vn 0.9327 0.1953 0.3031
vn 0.7934 0.1955 0.5764
vn 0.5764 0.1955 0.7934
vn 0.3030 0.1955 0.9327
vn -0.0000 0.1956 0.9807
vn -0.3030 0.1955 0.9327
vn -0.5764 0.1957 0.7934
vn -0.7934 0.1956 0.5764
vn -0.9327 0.1956 0.3031
vn -0.9807 0.1955 -0.0000
vn -0.9327 0.1956 -0.3031
vn -0.7934 0.1955 -0.5764
vn -0.5764 0.1955 -0.7934
vn -0.3030 0.1955 -0.9327
vn -0.0000 0.1955 -0.9807
vn 0.3030 0.1956 -0.9327
vn 0.7944 0.1890 -0.5772
vn 0.5771 0.1895 -0.7944
vn 0.9338 0.1894 -0.3034
vn 0.9820 0.1890 -0.0000
vn 0.9338 0.1895 0.3034
vn 0.7944 0.1894 0.5771
vn 0.5772 0.1890 0.7944
vn 0.3034 0.1895 0.9338
vn -0.0000 0.1890 0.9820
vn -0.3034 0.1894 0.9339
vn -0.5772 0.1890 0.7944
vn -0.7944 0.1890 0.5772
vn -0.9338 0.1894 0.3034
vn -0.9820 0.1890 -0.0000
vn -0.9339 0.1890 -0.3034
vn -0.7944 0.1890 -0.5772
vn -0.5772 0.1894 -0.7944
vn -0.3034 0.1894 -0.9338
vn -0.0000 0.1890 -0.9820
vn 0.3034 0.1895 -0.9338
vn 0.7923 0.2021 -0.5757
vn 0.5756 0.2021 -0.7923
vn 0.9314 0.2021 -0.3026
vn 0.9794 0.2018 -0.0000
vn 0.9314 0.2021 0.3026
vn 0.7923 0.2021 0.5757
vn 0.5757 0.2021 0.7923
vn 0.3026 0.2021 0.9314
vn -0.0000 0.2018 0.9794
vn -0.3026 0.2021 0.9314
vn -0.5757 0.2021 0.7923
vn -0.7923 0.2021 0.5757
vn -0.9314 0.2021 0.3026
vn -0.9794 0.2021 -0.0000
vn -0.9315 0.2018 -0.3027
vn -0.7923 0.2021 -0.5757
vn -0.5757 0.2021 -0.7923
vn -0.3026 0.2021 -0.9314
vn -0.0000 0.2021 -0.9794
vn 0.3026 0.2021 -0.9314
vn 0.7891 0.2206 -0.5733
vn 0.5733 0.2206 -0.7891
vn 0.9276 0.2206 -0.3014
vn 0.9754 0.2206 -0.0000
vn 0.9276 0.2206 0.3014
vn 0.7891 0.2206 0.5733
vn 0.5733 0.2206 0.7891
vn 0.3014 0.2206 0.9276
vn -0.0000 0.2206 0.9754
vn -0.3014 0.2206 0.9276
vn -0.5733 0.2206 0.7891
vn -0.7891 0.2206 0.5733
vn -0.9276 0.2206 0.3014
vn -0.9754 0.2206 -0.0000
vn -0.9276 0.2206 -0.3014
vn -0.7891 0.2206 -0.5733
vn -0.5733 0.2206 -0.7891
vn -0.3014 0.2206 -0.9276
vn -0.0000 0.2206 -0.9754
vn 0.3014 0.2206 -0.9276
vn 0.5520 0.3437 0.7597
vn 0.5350 0.4143 0.7363
vn 0.7363 0.4143 0.5350
vn 0.7597 0.3438 0.5520
vn 0.5046 0.5129 0.6945
vn 0.6945 0.5129 0.5046
vn 0.4681 0.6049 0.6442
vn 0.6443 0.6048 0.4681
vn 0.4644 0.6130 0.6392
vn 0.6392 0.6130 0.4644
vn 0.2902 0.3437 0.8931
vn 0.8931 0.3438 0.2902
vn 0.9391 0.3438 -0.0000
vn 0.8931 0.3438 -0.2902
vn 0.7597 0.3438 -0.5520
vn 0.5520 0.3437 -0.7597
vn 0.2902 0.3437 -0.8931
vn -0.0000 0.3437 -0.9391
vn -0.2902 0.3437 -0.8931
vn -0.5520 0.3437 -0.7597
vn -0.7597 0.3438 -0.5520
vn -0.8931 0.3437 -0.2902
vn -0.9391 0.3438 -0.0000
vn -0.8931 0.3438 0.2902
vn -0.7597 0.3438 0.5520
vn -0.5520 0.3437 0.7597
vn -0.2902 0.3437 0.8931
vn -0.0000 0.3437 0.9391
vn 0.4891 0.5547 0.6731
vn 0.6731 0.5547 0.4891
vn 0.7913 0.5548 0.2571
vn 0.7514 0.6131 0.2441
vn 0.8320 0.5548 -0.0000
vn 0.7900 0.6131 -0.0000
vn 0.7913 0.5548 -0.2571
vn 0.7514 0.6131 -0.2441
vn 0.6731 0.5547 -0.4891
vn 0.6392 0.6131 -0.4644
vn 0.4891 0.5548 -0.6731
vn 0.4644 0.6131 -0.6392
vn 0.2571 0.5548 -0.7913
vn 0.2441 0.6131 -0.7514
vn -0.0000 0.5547 -0.8320
vn -0.0000 0.6131 -0.7900
vn -0.2571 0.5547 -0.7913
vn -0.2441 0.6130 -0.7514
vn -0.4891 0.5547 -0.6731
vn -0.4644 0.6130 -0.6392
vn -0.6731 0.5547 -0.4891
vn -0.6392 0.6130 -0.4644
vn -0.7913 0.5548 -0.2571
vn -0.7514 0.6131 -0.2441
vn -0.8320 0.5548 -0.0000
vn -0.7900 0.6131 -0.0000
vn -0.7913 0.5548 0.2571
vn -0.7514 0.6131 0.2441
vn -0.6731 0.5547 0.4891
vn -0.6392 0.6131 0.4644
vn -0.4891 0.5548 0.6731
vn -0.4644 0.6131 0.6392
vn -0.2571 0.5547 0.7913
vn -0.2441 0.6131 0.7514
vn -0.0000 0.5547 0.8320
vn -0.0000 0.6130 0.7901
vn 0.2571 0.5547 0.7913
vn 0.2441 0.6130 0.7514
vn 0.7574 0.6048 0.2461
vn 0.8164 0.5129 0.2653
vn 0.8656 0.4143 0.2812
vn 0.7964 0.6048 -0.0000
vn 0.8585 0.5129 -0.0000
vn 0.9102 0.4143 -0.0000
vn 0.7574 0.6048 -0.2461
vn 0.8164 0.5129 -0.2653
vn 0.8656 0.4143 -0.2812
vn 0.6443 0.6048 -0.4681
vn 0.6945 0.5128 -0.5046
vn 0.7363 0.4143 -0.5350
vn 0.4681 0.6048 -0.6443
vn 0.5046 0.5129 -0.6945
vn 0.5349 0.4144 -0.7363
vn 0.2461 0.6048 -0.7574
vn 0.2653 0.5129 -0.8165
vn 0.2812 0.4143 -0.8656
vn -0.0000 0.6048 -0.7964
vn -0.0000 0.5129 -0.8585
vn -0.0000 0.4142 -0.9102
vn -0.2461 0.6049 -0.7574
vn -0.2653 0.5129 -0.8164
vn -0.2813 0.4143 -0.8656
vn -0.4681 0.6049 -0.6443
vn -0.5046 0.5128 -0.6945
vn -0.5350 0.4143 -0.7363
vn -0.6443 0.6048 -0.4681
vn -0.6945 0.5128 -0.5046
vn -0.7363 0.4143 -0.5350
vn -0.7574 0.6048 -0.2461
vn -0.8164 0.5129 -0.2653
vn -0.8656 0.4143 -0.2812
vn -0.7963 0.6048 -0.0000
vn -0.8584 0.5129 -0.0000
vn -0.9102 0.4141 -0.0000
vn -0.7573 0.6049 0.2461
vn -0.8165 0.5129 0.2653
vn -0.8656 0.4143 0.2812
vn -0.6443 0.6048 0.4681
vn -0.6945 0.5129 0.5046
vn -0.7364 0.4142 0.5350
vn -0.4681 0.6048 0.6443
vn -0.5046 0.5129 0.6945
vn -0.5350 0.4143 0.7363
vn -0.2461 0.6048 0.7574
vn -0.2653 0.5129 0.8165
vn -0.2813 0.4143 0.8656
vn -0.0000 0.6049 0.7963
vn -0.0000 0.5129 0.8585
vn -0.0000 0.4142 0.9102
vn 0.2461 0.6049 0.7574
vn 0.2653 0.5129 0.8165
vn 0.2813 0.4142 0.8656
vn 0.0444 -0.9896 0.1367
vn 0.0845 -0.9896 0.1163
vn 0.1081 -0.9829 0.1488
vn 0.0568 -0.9829 0.1749
vn 0.1163 -0.9896 0.0845
vn 0.1488 -0.9829 0.1081
vn 0.1367 -0.9896 0.0444
vn 0.1749 -0.9829 0.0568
vn 0.1438 -0.9896 -0.0000
vn 0.1839 -0.9829 -0.0000
vn 0.1367 -0.9896 -0.0444
vn 0.1749 -0.9829 -0.0568
vn 0.1163 -0.9896 -0.0845
vn 0.1488 -0.9829 -0.1081
vn 0.0845 -0.9896 -0.1163
vn 0.1081 -0.9829 -0.1488
vn 0.0444 -0.9896 -0.1367
vn 0.0568 -0.9829 -0.1749
vn -0.0000 -0.9896 -0.1438
vn -0.0000 -0.9829 -0.1839
vn -0.0444 -0.9896 -0.1367
vn -0.0568 -0.9829 -0.1749
vn -0.0845 -0.9896 -0.1163
vn -0.1081 -0.9829 -0.1488
vn -0.1163 -0.9896 -0.0845
vn -0.1488 -0.9829 -0.1081
vn -0.1367 -0.9896 -0.0444
vn -0.1749 -0.9829 -0.0568
vn -0.1438 -0.9896 -0.0000
vn -0.1839 -0.9829 -0.0000
vn -0.1367 -0.9896 0.0444
vn -0.1749 -0.9829 0.0568
vn -0.1163 -0.9896 0.0845
vn -0.1488 -0.9829 0.1081
vn -0.0845 -0.9896 0.1163
vn -0.1081 -0.9829 0.1488
vn -0.0444 -0.9896 0.1367
vn -0.0568 -0.9829 0.1749
vn -0.0000 -0.9896 0.1438
vn -0.0000 -0.9829 0.1839
vn 0.2702 0.4850 0.8317
vn 0.1932 0.7806 0.5945
vn -0.0000 0.7806 0.6251
vn -0.0000 0.4850 0.8745
vn 0.3089 0.0275 0.9507
vn -0.0000 0.0275 0.9996
vn 0.2780 -0.4368 0.8555
vn -0.0000 -0.4368 0.8996
vn 0.1863 -0.7979 0.5733
vn -0.0000 -0.7978 0.6029
vn 0.5140 0.4851 0.7075
vn 0.3674 0.7806 0.5057
vn 0.5876 0.0275 0.8087
vn 0.5288 -0.4368 0.7278
vn 0.3543 -0.7979 0.4877
vn 0.7075 0.4850 0.5140
vn 0.5057 0.7806 0.3674
vn 0.8087 0.0272 0.5876
vn 0.7278 -0.4368 0.5288
vn 0.4877 -0.7979 0.3543
vn 0.8317 0.4850 0.2702
vn 0.5945 0.7806 0.1932
vn 0.9507 0.0275 0.3089
vn 0.8555 -0.4369 0.2780
vn 0.5734 -0.7978 0.1863
vn 0.8745 0.4850 -0.0000
vn 0.6251 0.7806 -0.0000
vn 0.9996 0.0272 -0.0000
vn 0.8995 -0.4369 -0.0000
vn 0.6029 -0.7978 -0.0000
vn 0.8317 0.4850 -0.2702
vn 0.5945 0.7806 -0.1932
vn 0.9507 0.0275 -0.3089
vn 0.8555 -0.4369 -0.2780
vn 0.5734 -0.7978 -0.1863
vn 0.7075 0.4850 -0.5140
vn 0.5057 0.7805 -0.3674
vn 0.8087 0.0272 -0.5876
vn 0.7278 -0.4368 -0.5288
vn 0.4877 -0.7978 -0.3544
vn 0.5140 0.4850 -0.7075
vn 0.3674 0.7806 -0.5057
vn 0.5876 0.0275 -0.8087
vn 0.5288 -0.4368 -0.7278
vn 0.3544 -0.7978 -0.4877
vn 0.2702 0.4850 -0.8317
vn 0.1932 0.7806 -0.5945
vn 0.3089 0.0275 -0.9507
vn 0.2780 -0.4369 -0.8555
vn 0.1863 -0.7978 -0.5734
vn -0.0000 0.4850 -0.8745
vn -0.0000 0.7806 -0.6251
vn -0.0000 0.0275 -0.9996
vn -0.0000 -0.4368 -0.8996
vn -0.0000 -0.7978 -0.6029
vn -0.2702 0.4850 -0.8317
vn -0.1932 0.7806 -0.5945
vn -0.3089 0.0275 -0.9507
vn -0.2780 -0.4369 -0.8555
vn -0.1863 -0.7978 -0.5734
vn -0.5140 0.4850 -0.7075
vn -0.3674 0.7806 -0.5057
vn -0.5876 0.0272 -0.8087
vn -0.5287 -0.4369 -0.7277
vn -0.3544 -0.7978 -0.4878
vn -0.7075 0.4850 -0.5140
vn -0.5057 0.7806 -0.3674
vn -0.8087 0.0275 -0.5876
vn -0.7277 -0.4369 -0.5287
vn -0.4877 -0.7978 -0.3543
vn -0.8317 0.4851 -0.2702
vn -0.5945 0.7806 -0.1932
vn -0.9507 0.0275 -0.3089
vn -0.8555 -0.4368 -0.2780
vn -0.5734 -0.7978 -0.1863
vn -0.8745 0.4850 -0.0000
vn -0.6251 0.7806 -0.0000
vn -0.9996 0.0275 -0.0000
vn -0.8995 -0.4369 -0.0000
vn -0.6028 -0.7979 -0.0000
vn -0.8317 0.4850 0.2702
vn -0.5945 0.7806 0.1932
vn -0.9507 0.0275 0.3089
vn -0.8555 -0.4369 0.2780
vn -0.5734 -0.7978 0.1863
vn -0.7075 0.4851 0.5140
vn -0.5057 0.7806 0.3674
vn -0.8087 0.0275 0.5876
vn -0.7277 -0.4369 0.5287
vn -0.4878 -0.7978 0.3544
vn -0.5141 0.4849 0.7075
vn -0.3674 0.7806 0.5057
vn -0.5876 0.0272 0.8087
vn -0.5288 -0.4367 0.7278
vn -0.3543 -0.7979 0.4877
vn -0.2702 0.4850 0.8317
vn -0.1931 0.7806 0.5945
vn -0.3089 0.0275 0.9507
vn -0.2780 -0.4367 0.8556
vn -0.1863 -0.7979 0.5733
vn 0.2637 0.5213 0.8116
vn 0.1851 0.8007 0.5697
vn -0.0000 0.8007 0.5990
vn -0.0000 0.5213 0.8534
vn 0.3059 0.1414 0.9415
vn -0.0000 0.1415 0.9899
vn 0.2984 -0.2597 0.9184
vn -0.0000 -0.2598 0.9657
vn 0.1848 -0.8015 0.5687
vn 0.2422 -0.6212 0.7453
vn -0.0000 -0.6212 0.7836
vn -0.0000 -0.8015 0.5980
vn 0.5016 0.5214 0.6904
vn 0.3521 0.8007 0.4846
vn 0.5819 0.1414 0.8009
vn 0.5676 -0.2597 0.7813
vn 0.4606 -0.6212 0.6340
vn 0.3515 -0.8015 0.4838
vn 0.6904 0.5213 0.5016
vn 0.4846 0.8008 0.3521
vn 0.8009 0.1414 0.5819
vn 0.7812 -0.2598 0.5676
vn 0.6340 -0.6212 0.4606
vn 0.4838 -0.8015 0.3515
vn 0.8116 0.5213 0.2637
vn 0.5697 0.8008 0.1851
vn 0.9415 0.1414 0.3059
vn 0.9184 -0.2598 0.2984
vn 0.7453 -0.6212 0.2421
vn 0.5687 -0.8015 0.1848
vn 0.8533 0.5214 -0.0000
vn 0.5990 0.8007 -0.0000
vn 0.9900 0.1413 -0.0000
vn 0.9657 -0.2598 -0.0000
vn 0.7837 -0.6212 -0.0000
vn 0.5980 -0.8015 -0.0000
vn 0.8116 0.5213 -0.2637
vn 0.5697 0.8007 -0.1851
vn 0.9415 0.1413 -0.3059
vn 0.9184 -0.2598 -0.2984
vn 0.7453 -0.6212 -0.2422
vn 0.5687 -0.8015 -0.1848
vn 0.6904 0.5213 -0.5016
vn 0.4846 0.8008 -0.3521
vn 0.8009 0.1415 -0.5819
vn 0.7812 -0.2598 -0.5676
vn 0.6340 -0.6212 -0.4606
vn 0.4838 -0.8015 -0.3515
vn 0.5016 0.5213 -0.6904
vn 0.3521 0.8007 -0.4846
vn 0.5819 0.1413 -0.8009
vn 0.5676 -0.2598 -0.7812
vn 0.4606 -0.6212 -0.6340
vn 0.3515 -0.8014 -0.4838
vn 0.2637 0.5213 -0.8116
vn 0.1851 0.8007 -0.5697
vn 0.3059 0.1415 -0.9415
vn 0.2984 -0.2598 -0.9184
vn 0.2422 -0.6212 -0.7453
vn 0.1848 -0.8015 -0.5688
vn -0.0000 0.5213 -0.8534
vn -0.0000 0.8007 -0.5990
vn -0.0000 0.1415 -0.9899
vn -0.0000 -0.2598 -0.9657
vn -0.0000 -0.6212 -0.7836
vn -0.0000 -0.8015 -0.5980
vn -0.2637 0.5213 -0.8116
vn -0.1851 0.8007 -0.5697
vn -0.3059 0.1414 -0.9415
vn -0.2984 -0.2598 -0.9184
vn -0.2422 -0.6212 -0.7453
vn -0.1848 -0.8015 -0.5688
vn -0.5016 0.5213 -0.6904
vn -0.3521 0.8008 -0.4846
vn -0.5819 0.1413 -0.8009
vn -0.5676 -0.2598 -0.7812
vn -0.4606 -0.6212 -0.6340
vn -0.3515 -0.8015 -0.4838
vn -0.6904 0.5213 -0.5016
vn -0.4846 0.8007 -0.3521
vn -0.8009 0.1414 -0.5819
vn -0.7813 -0.2597 -0.5676
vn -0.6340 -0.6212 -0.4606
vn -0.4838 -0.8015 -0.3515
vn -0.8116 0.5213 -0.2637
vn -0.5697 0.8008 -0.1851
vn -0.9415 0.1414 -0.3059
vn -0.9184 -0.2598 -0.2984
vn -0.7453 -0.6212 -0.2422
vn -0.5687 -0.8015 -0.1848
vn -0.8533 0.5214 -0.0000
vn -0.5990 0.8008 -0.0000
vn -0.9900 0.1414 -0.0000
vn -0.9657 -0.2598 -0.0000
vn -0.7836 -0.6212 -0.0000
vn -0.5980 -0.8015 -0.0000
vn -0.8116 0.5214 0.2637
vn -0.5697 0.8007 0.1851
vn -0.9415 0.1413 0.3059
vn -0.9184 -0.2598 0.2984
vn -0.7453 -0.6212 0.2422
vn -0.5687 -0.8015 0.1848
vn -0.6904 0.5213 0.5016
vn -0.4846 0.8008 0.3521
vn -0.8009 0.1414 0.5819
vn -0.7812 -0.2598 0.5676
vn -0.6340 -0.6212 0.4606
vn -0.4838 -0.8015 0.3515
vn -0.5016 0.5213 0.6904
vn -0.3521 0.8008 0.4846
vn -0.5819 0.1414 0.8009
vn -0.5676 -0.2598 0.7812
vn -0.4606 -0.6212 0.6340
vn -0.3515 -0.8015 0.4838
vn -0.2637 0.5213 0.8116
vn -0.1851 0.8007 0.5697
vn -0.3059 0.1414 0.9415
vn -0.2984 -0.2598 0.9184
vn -0.2422 -0.6212 0.7453
vn -0.1848 -0.8015 0.5687
vn 0.3001 0.2388 0.9235
vn 0.2756 0.4526 0.8481
vn -0.0000 0.4526 0.8917
vn -0.0000 0.2390 0.9710
vn 0.3089 0.0206 0.9509
vn -0.0000 0.0206 0.9998
vn 0.3028 -0.1991 0.9320
vn -0.0000 -0.1987 0.9801
vn 0.2521 -0.5782 0.7759
vn 0.2821 -0.4083 0.8682
vn -0.0000 -0.4083 0.9128
vn -0.0000 -0.5782 0.8159
vn 0.5707 0.2390 0.7856
vn 0.5242 0.4525 0.7214
vn 0.5877 0.0206 0.8088
vn 0.5760 -0.1988 0.7929
vn 0.5366 -0.4083 0.7385
vn 0.4796 -0.5782 0.6601
vn 0.7855 0.2395 0.5707
vn 0.7214 0.4525 0.5241
vn 0.8088 0.0206 0.5877
vn 0.7928 -0.1992 0.5760
vn 0.7385 -0.4083 0.5366
vn 0.6601 -0.5782 0.4795
vn 0.9235 0.2390 0.3001
vn 0.8481 0.4525 0.2756
vn 0.9509 0.0206 0.3089
vn 0.9320 -0.1992 0.3028
vn 0.8682 -0.4082 0.2821
vn 0.7759 -0.5782 0.2521
vn 0.9710 0.2389 -0.0000
vn 0.8917 0.4525 -0.0000
vn 0.9998 0.0205 -0.0000
vn 0.9801 -0.1986 -0.0000
vn 0.9129 -0.4082 -0.0000
vn 0.8159 -0.5782 -0.0000
vn 0.9235 0.2389 -0.3001
vn 0.8481 0.4526 -0.2756
vn 0.9509 0.0205 -0.3089
vn 0.9320 -0.1992 -0.3028
vn 0.8682 -0.4083 -0.2821
vn 0.7759 -0.5782 -0.2521
vn 0.7856 0.2390 -0.5707
vn 0.7214 0.4526 -0.5241
vn 0.8088 0.0205 -0.5877
vn 0.7929 -0.1988 -0.5761
vn 0.7385 -0.4082 -0.5366
vn 0.6601 -0.5782 -0.4796
vn 0.5708 0.2390 -0.7856
vn 0.5242 0.4526 -0.7214
vn 0.5877 0.0205 -0.8088
vn 0.5761 -0.1988 -0.7929
vn 0.5366 -0.4082 -0.7385
vn 0.4796 -0.5782 -0.6601
vn 0.3001 0.2390 -0.9235
vn 0.2756 0.4526 -0.8481
vn 0.3090 0.0205 -0.9509
vn 0.3028 -0.1991 -0.9320
vn 0.2821 -0.4083 -0.8682
vn 0.2521 -0.5782 -0.7759
vn -0.0000 0.2390 -0.9710
vn -0.0000 0.4526 -0.8917
vn -0.0000 0.0205 -0.9998
vn -0.0000 -0.1988 -0.9800
vn -0.0000 -0.4082 -0.9129
vn -0.0000 -0.5782 -0.8159
vn -0.3001 0.2390 -0.9235
vn -0.2755 0.4526 -0.8481
vn -0.3089 0.0205 -0.9509
vn -0.3029 -0.1987 -0.9321
vn -0.2821 -0.4082 -0.8682
vn -0.2521 -0.5782 -0.7759
vn -0.5707 0.2390 -0.7856
vn -0.5241 0.4526 -0.7214
vn -0.5877 0.0205 -0.8088
vn -0.5761 -0.1987 -0.7929
vn -0.5366 -0.4083 -0.7385
vn -0.4796 -0.5782 -0.6601
vn -0.7856 0.2390 -0.5707
vn -0.7214 0.4525 -0.5241
vn -0.8089 0.0206 -0.5877
vn -0.7929 -0.1988 -0.5760
vn -0.7385 -0.4083 -0.5366
vn -0.6601 -0.5782 -0.4796
vn -0.9235 0.2388 -0.3001
vn -0.8481 0.4525 -0.2756
vn -0.9509 0.0206 -0.3089
vn -0.9320 -0.1991 -0.3028
vn -0.8682 -0.4082 -0.2821
vn -0.7759 -0.5782 -0.2521
vn -0.9710 0.2391 -0.0000
vn -0.8917 0.4525 -0.0000
vn -0.9998 0.0206 -0.0000
vn -0.9800 -0.1988 -0.0000
vn -0.9128 -0.4083 -0.0000
vn -0.8159 -0.5782 -0.0000
vn -0.9235 0.2388 0.3001
vn -0.8481 0.4525 0.2756
vn -0.9509 0.0206 0.3089
vn -0.9320 -0.1991 0.3028
vn -0.8682 -0.4082 0.2821
vn -0.7759 -0.5782 0.2521
vn -0.7855 0.2395 0.5707
vn -0.7214 0.4525 0.5241
vn -0.8089 0.0206 0.5877
vn -0.7928 -0.1991 0.5760
vn -0.7385 -0.4083 0.5366
vn -0.6600 -0.5783 0.4795
vn -0.5707 0.2390 0.7856
vn -0.5242 0.4525 0.7214
vn -0.5877 0.0206 0.8088
vn -0.5761 -0.1987 0.7929
vn -0.5366 -0.4083 0.7385
vn -0.4796 -0.5782 0.6601
vn -0.3001 0.2391 0.9235
vn -0.2755 0.4526 0.8481
vn -0.3089 0.0206 0.9509
vn -0.3028 -0.1991 0.9320
vn -0.2821 -0.4084 0.8681
vn -0.2521 -0.5782 0.7759
vn 0.2337 0.9175 0.3217
vn 0.1229 0.9175 0.3782
vn 0.3217 0.9175 0.2337
vn 0.3782 0.9175 0.1229
vn 0.3976 0.9175 -0.0000
vn 0.3782 0.9175 -0.1229
vn 0.3217 0.9175 -0.2337
vn 0.2337 0.9175 -0.3217
vn 0.1229 0.9175 -0.3782
vn -0.0000 0.9175 -0.3976
vn -0.1229 0.9175 -0.3782
vn -0.2337 0.9176 -0.3217
vn -0.3217 0.9176 -0.2337
vn -0.3782 0.9175 -0.1229
vn -0.3976 0.9175 -0.0000
vn -0.3782 0.9175 0.1229
vn -0.3217 0.9175 0.2337
vn -0.2337 0.9175 0.3217
vn -0.1229 0.9175 0.3782
vn -0.0000 0.9175 0.3976
vn 0.3063 0.1343 0.9424
vn 0.5825 0.1343 0.8016
vn 0.8017 0.1344 0.5825
vn 0.9424 0.1344 0.3062
vn 0.9909 0.1344 -0.0000
vn 0.9424 0.1343 -0.3062
vn 0.8017 0.1343 -0.5825
vn 0.5822 0.1344 -0.8018
vn 0.3061 0.1344 -0.9425
vn -0.0000 0.1344 -0.9909
vn -0.3060 0.1344 -0.9425
vn -0.5826 0.1345 -0.8016
vn -0.8017 0.1345 -0.5824
vn -0.9424 0.1345 -0.3061
vn -0.9909 0.1345 -0.0000
vn -0.9425 0.1344 0.3061
vn -0.8016 0.1344 0.5825
vn -0.5825 0.1343 0.8016
vn -0.3063 0.1343 0.9424
vn -0.0000 0.1343 0.9909
vn 0.2411 0.6256 0.7420
vn -0.0000 0.6256 0.7802
vn 0.0236 0.9971 0.0725
vn -0.0000 0.9971 0.0763
vn 0.3085 -0.0626 0.9492
vn 0.3084 -0.0626 0.9492
vn -0.0000 -0.0627 0.9980
vn 0.4586 0.6256 0.6312
vn 0.5867 -0.0621 0.8074
vn 0.5866 -0.0621 0.8075
vn 0.0448 0.9971 0.0617
vn 0.6312 0.6256 0.4586
vn 0.8075 -0.0622 0.5866
vn 0.8074 -0.0622 0.5867
vn 0.0617 0.9971 0.0448
vn 0.7420 0.6256 0.2411
vn 0.9491 -0.0630 0.3085
vn 0.9492 -0.0630 0.3084
vn 0.0725 0.9971 0.0236
vn 0.7802 0.6256 -0.0000
vn 0.9980 -0.0635 -0.0000
vn 0.0763 0.9971 -0.0000
vn 0.7420 0.6255 -0.2411
vn 0.9492 -0.0631 -0.3084
vn 0.0725 0.9971 -0.0236
vn 0.6312 0.6254 -0.4586
vn 0.8074 -0.0630 -0.5866
vn 0.0617 0.9971 -0.0448
vn 0.4586 0.6255 -0.6312
vn 0.5865 -0.0632 -0.8075
vn 0.5867 -0.0632 -0.8073
vn 0.0448 0.9971 -0.0617
vn 0.2411 0.6256 -0.7420
vn 0.3084 -0.0630 -0.9492
vn 0.0236 0.9971 -0.0725
vn -0.0000 0.6256 -0.7802
vn -0.0000 -0.0627 -0.9980
vn -0.0000 0.9971 -0.0763
vn -0.2411 0.6256 -0.7420
vn -0.3084 -0.0628 -0.9492
vn -0.0236 0.9971 -0.0725
vn -0.4586 0.6256 -0.6311
vn -0.5866 -0.0629 -0.8074
vn -0.0448 0.9971 -0.0617
vn -0.6311 0.6256 -0.4585
vn -0.8074 -0.0631 -0.5866
vn -0.0617 0.9971 -0.0448
vn -0.7419 0.6257 -0.2410
vn -0.9491 -0.0635 -0.3084
vn -0.0725 0.9971 -0.0236
vn -0.7801 0.6257 -0.0000
vn -0.9980 -0.0636 -0.0000
vn -0.0763 0.9971 -0.0000
vn -0.7419 0.6257 0.2410
vn -0.9491 -0.0634 0.3084
vn -0.9492 -0.0634 0.3084
vn -0.0725 0.9971 0.0236
vn -0.6311 0.6256 0.4585
vn -0.8074 -0.0630 0.5866
vn -0.0617 0.9971 0.0448
vn -0.4586 0.6256 0.6312
vn -0.5867 -0.0627 0.8074
vn -0.5866 -0.0627 0.8074
vn -0.0448 0.9971 0.0617
vn -0.2411 0.6256 0.7420
vn -0.3084 -0.0626 0.9492
vn -0.0236 0.9971 0.0725
vn 0.3090 0.0031 0.9511
vn 0.5878 0.0031 0.8090
vn 0.5878 -0.0019 0.8090
vn 0.3090 -0.0020 0.9511
vn 0.8090 0.0031 0.5878
vn 0.8090 -0.0019 0.5878
vn 0.9511 0.0031 0.3090
vn 0.9511 -0.0019 0.3090
vn 1.0000 0.0031 -0.0000
vn 1.0000 -0.0019 -0.0000
vn 0.9510 0.0031 -0.3090
vn 0.9511 -0.0019 -0.3090
vn 0.8090 0.0031 -0.5877
vn 0.8090 -0.0020 -0.5878
vn 0.5878 0.0031 -0.8090
vn 0.5878 -0.0019 -0.8090
vn 0.3090 0.0031 -0.9511
vn 0.3090 -0.0020 -0.9511
vn -0.0000 0.0031 -1.0000
vn -0.0000 -0.0020 -1.0000
vn -0.3090 0.0031 -0.9511
vn -0.3090 -0.0020 -0.9511
vn -0.5878 0.0031 -0.8090
vn -0.5878 -0.0020 -0.8090
vn -0.8090 0.0031 -0.5878
vn -0.8090 -0.0019 -0.5878
vn -0.9511 0.0031 -0.3090
vn -0.9511 -0.0019 -0.3090
vn -1.0000 0.0031 -0.0000
vn -1.0000 -0.0019 -0.0000
vn -0.9510 0.0031 0.3090
vn -0.9511 -0.0019 0.3090
vn -0.8090 0.0031 0.5878
vn -0.8090 -0.0019 0.5878
vn -0.5878 0.0031 0.8090
vn -0.5878 -0.0020 0.8090
vn -0.3090 0.0031 0.9511
vn -0.3090 -0.0020 0.9511
vn -0.0000 0.0031 1.0000
vn -0.0000 -0.0019 1.0000
vn 0.3188 0.8401 0.4388
vn 0.1676 0.8401 0.5159
vn 0.4388 0.8401 0.3188
vn 0.5158 0.8401 0.1676
vn 0.5424 0.8401 -0.0000
vn 0.5159 0.8401 -0.1676
vn 0.4388 0.8401 -0.3188
vn 0.3188 0.8401 -0.4388
vn 0.1676 0.8402 -0.5158
vn -0.0000 0.8401 -0.5424
vn -0.1676 0.8401 -0.5158
vn -0.3188 0.8401 -0.4388
vn -0.4388 0.8401 -0.3188
vn -0.5158 0.8401 -0.1676
vn -0.5424 0.8401 -0.0000
vn -0.5159 0.8401 0.1676
vn -0.4388 0.8401 0.3188
vn -0.3188 0.8401 0.4388
vn -0.1676 0.8401 0.5158
vn -0.0000 0.8401 0.5424
vn 0.2468 -0.6019 0.7595
vn 0.4694 -0.6020 0.6460
vn 0.6460 -0.6020 0.4693
vn 0.7595 -0.6019 0.2468
vn 0.7985 -0.6019 -0.0000
vn 0.7594 -0.6020 -0.2468
vn 0.6460 -0.6019 -0.4694
vn 0.4694 -0.6019 -0.6460
vn 0.2468 -0.6019 -0.7595
vn -0.0000 -0.6019 -0.7986
vn -0.2467 -0.6019 -0.7595
vn -0.4694 -0.6019 -0.6461
vn -0.6460 -0.6019 -0.4694
vn -0.7594 -0.6020 -0.2468
vn -0.7985 -0.6020 -0.0000
vn -0.7595 -0.6019 0.2468
vn -0.6460 -0.6019 0.4694
vn -0.4694 -0.6019 0.6461
vn -0.2467 -0.6019 0.7595
vn -0.0000 -0.6019 0.7985
vn 0.2237 0.6901 0.6883
vn 0.4254 0.6901 0.5855
vn 0.2698 0.4876 0.8304
vn 0.5131 0.4876 0.7064
vn 0.2991 0.2522 0.9203
vn 0.5688 0.2521 0.7829
vn 0.5855 0.6901 0.4254
vn 0.7063 0.4876 0.5132
vn 0.7829 0.2523 0.5688
vn 0.6885 0.6899 0.2237
vn 0.8303 0.4877 0.2698
vn 0.9202 0.2526 0.2990
vn 0.7240 0.6898 -0.0000
vn 0.8730 0.4878 -0.0000
vn 0.9675 0.2527 -0.0000
vn 0.6885 0.6899 -0.2237
vn 0.8303 0.4877 -0.2698
vn 0.9202 0.2527 -0.2990
vn 0.5856 0.6899 -0.4255
vn 0.7064 0.4876 -0.5131
vn 0.7828 0.2526 -0.5687
vn 0.4254 0.6900 -0.5856
vn 0.5132 0.4876 -0.7063
vn 0.5688 0.2524 -0.7828
vn 0.2236 0.6901 -0.6883
vn 0.2698 0.4876 -0.8304
vn 0.2990 0.2523 -0.9203
vn -0.0000 0.6901 -0.7237
vn -0.0000 0.4879 -0.8729
vn -0.0000 0.2524 -0.9676
vn -0.2237 0.6901 -0.6883
vn -0.2698 0.4876 -0.8303
vn -0.2990 0.2523 -0.9203
vn -0.4254 0.6901 -0.5855
vn -0.5131 0.4876 -0.7063
vn -0.5688 0.2521 -0.7829
vn -0.5856 0.6901 -0.4254
vn -0.7063 0.4876 -0.5132
vn -0.7829 0.2522 -0.5688
vn -0.6885 0.6899 -0.2237
vn -0.8303 0.4876 -0.2698
vn -0.9202 0.2528 -0.2990
vn -0.7240 0.6898 -0.0000
vn -0.8730 0.4877 -0.0000
vn -0.9676 0.2526 -0.0000
vn -0.6885 0.6899 0.2237
vn -0.8302 0.4879 0.2697
vn -0.9203 0.2524 0.2990
vn -0.5856 0.6900 0.4254
vn -0.7063 0.4876 0.5132
vn -0.7829 0.2521 0.5688
vn -0.4254 0.6901 0.5855
vn -0.5131 0.4877 0.7063
vn -0.5688 0.2521 0.7829
vn -0.2237 0.6901 0.6883
vn -0.2698 0.4877 0.8303
vn -0.2990 0.2523 0.9203
vn -0.0000 0.6901 0.7238
vn -0.0000 0.4876 0.8730
vn -0.0000 0.2524 0.9676
vn 0.2725 -0.4717 0.8386
vn -0.0000 -0.4716 0.8818
vn 0.2926 -0.3220 0.9004
vn -0.0000 -0.3220 0.9467
vn 0.3048 -0.1632 0.9383
vn -0.0000 -0.1633 0.9866
vn 0.5181 -0.4720 0.7133
vn 0.5565 -0.3218 0.7660
vn 0.5799 -0.1631 0.7982
vn 0.7134 -0.4717 0.5183
vn 0.7659 -0.3220 0.5565
vn 0.7982 -0.1631 0.5799
vn 0.8387 -0.4716 0.2725
vn 0.9003 -0.3222 0.2925
vn 0.9383 -0.1632 0.3049
vn 0.8818 -0.4716 -0.0000
vn 0.9467 -0.3221 -0.0000
vn 0.9866 -0.1633 -0.0000
vn 0.8387 -0.4716 -0.2725
vn 0.9003 -0.3222 -0.2926
vn 0.9383 -0.1633 -0.3048
vn 0.7133 -0.4717 -0.5183
vn 0.7659 -0.3222 -0.5564
vn 0.7982 -0.1632 -0.5799
vn 0.5183 -0.4718 -0.7133
vn 0.5564 -0.3220 -0.7660
vn 0.5800 -0.1631 -0.7981
vn 0.2725 -0.4716 -0.8386
vn 0.2925 -0.3220 -0.9004
vn 0.3049 -0.1632 -0.9383
vn -0.0000 -0.4715 -0.8819
vn -0.0000 -0.3220 -0.9467
vn -0.0000 -0.1633 -0.9866
vn -0.2725 -0.4717 -0.8386
vn -0.2925 -0.3220 -0.9004
vn -0.3048 -0.1632 -0.9383
vn -0.5183 -0.4717 -0.7134
vn -0.5565 -0.3219 -0.7660
vn -0.5799 -0.1633 -0.7981
vn -0.7135 -0.4715 -0.5184
vn -0.7660 -0.3219 -0.5564
vn -0.7981 -0.1636 -0.5799
vn -0.8387 -0.4714 -0.2726
vn -0.9005 -0.3218 -0.2926
vn -0.9383 -0.1634 -0.3049
vn -0.8819 -0.4715 -0.0000
vn -0.9468 -0.3217 -0.0000
vn -0.9866 -0.1632 -0.0000
vn -0.8388 -0.4714 0.2726
vn -0.9005 -0.3218 0.2926
vn -0.9383 -0.1635 0.3049
vn -0.7135 -0.4714 0.5184
vn -0.7660 -0.3219 0.5565
vn -0.7981 -0.1636 0.5799
vn -0.5183 -0.4715 0.7135
vn -0.5565 -0.3218 0.7660
vn -0.5799 -0.1634 0.7981
vn -0.2724 -0.4715 0.8387
vn -0.2926 -0.3218 0.9004
vn -0.3049 -0.1633 0.9383
vn 0.4221 0.6960 0.5809
vn 0.2219 0.6960 0.6829
vn 0.5810 0.6959 0.4221
vn 0.6830 0.6959 0.2219
vn 0.7182 0.6959 -0.0000
vn 0.6830 0.6959 -0.2219
vn 0.5809 0.6960 -0.4220
vn 0.4220 0.6960 -0.5809
vn 0.2219 0.6960 -0.6829
vn -0.0000 0.6960 -0.7180
vn -0.2219 0.6960 -0.6829
vn -0.4220 0.6960 -0.5809
vn -0.5809 0.6960 -0.4221
vn -0.6829 0.6960 -0.2219
vn -0.7180 0.6960 -0.0000
vn -0.6829 0.6960 0.2219
vn -0.5809 0.6960 0.4221
vn -0.4221 0.6960 0.5809
vn -0.2219 0.6960 0.6829
vn -0.0000 0.6960 0.7180
vn 0.4718 0.6067 0.6398
vn 0.3444 0.8144 0.4671
vn 0.1833 0.8144 0.5507
vn 0.2511 0.6064 0.7544
vn 0.5556 0.3516 0.7534
vn 0.2956 0.3517 0.8882
vn 0.5812 -0.1852 0.7924
vn 0.5922 0.0658 0.8031
vn 0.3150 0.0659 0.9468
vn 0.3079 -0.1852 0.9332
vn 0.0041 0.8144 0.5803
vn 0.0057 0.6066 0.7950
vn 0.0067 0.3517 0.9361
vn 0.0070 0.0659 0.9978
vn 0.0044 -0.1852 0.9827
vn 0.6465 0.6066 0.4627
vn 0.4719 0.8144 0.3378
vn 0.7612 0.3517 0.5448
vn 0.8114 0.0658 0.5808
vn 0.7976 -0.1852 0.5740
vn 0.7579 0.6065 0.2403
vn 0.5532 0.8144 0.1754
vn 0.8922 0.3520 0.2829
vn 0.9511 0.0659 0.3017
vn 0.9360 -0.1852 0.2995
vn 0.7949 0.6067 -0.0057
vn 0.5803 0.8144 -0.0041
vn 0.9360 0.3520 -0.0067
vn 0.9978 0.0659 -0.0070
vn 0.9827 -0.1852 -0.0044
vn 0.7543 0.6066 -0.2511
vn 0.5507 0.8144 -0.1833
vn 0.8881 0.3520 -0.2956
vn 0.9468 0.0659 -0.3150
vn 0.9332 -0.1852 -0.3079
vn 0.6398 0.6066 -0.4719
vn 0.4671 0.8144 -0.3445
vn 0.7533 0.3520 -0.5555
vn 0.8031 0.0659 -0.5922
vn 0.7924 -0.1852 -0.5812
vn 0.4626 0.6066 -0.6465
vn 0.3378 0.8143 -0.4720
vn 0.5448 0.3520 -0.7611
vn 0.5808 0.0659 -0.8114
vn 0.5741 -0.1851 -0.7976
vn 0.2402 0.6067 -0.7578
vn 0.1754 0.8144 -0.5532
vn 0.2829 0.3516 -0.8924
vn 0.3017 0.0659 -0.9511
vn 0.2995 -0.1852 -0.9360
vn -0.0057 0.6065 -0.7951
vn -0.0041 0.8144 -0.5803
vn -0.0067 0.3521 -0.9360
vn -0.0070 0.0659 -0.9978
vn -0.0044 -0.1852 -0.9827
vn -0.2511 0.6066 -0.7543
vn -0.1832 0.8144 -0.5507
vn -0.2956 0.3516 -0.8882
vn -0.3150 0.0659 -0.9468
vn -0.3079 -0.1851 -0.9332
vn -0.4719 0.6066 -0.6398
vn -0.3445 0.8143 -0.4671
vn -0.5556 0.3516 -0.7534
vn -0.5921 0.0659 -0.8031
vn -0.5812 -0.1852 -0.7924
vn -0.6465 0.6065 -0.4627
vn -0.4719 0.8143 -0.3378
vn -0.7613 0.3515 -0.5449
vn -0.8113 0.0659 -0.5808
vn -0.7976 -0.1852 -0.5740
vn -0.7579 0.6065 -0.2403
vn -0.5532 0.8143 -0.1754
vn -0.8924 0.3516 -0.2829
vn -0.9511 0.0659 -0.3017
vn -0.9360 -0.1852 -0.2995
vn -0.7949 0.6067 0.0057
vn -0.5804 0.8144 0.0041
vn -0.9361 0.3516 0.0067
vn -0.9978 0.0659 0.0070
vn -0.9827 -0.1852 0.0044
vn -0.7543 0.6066 0.2511
vn -0.5507 0.8144 0.1833
vn -0.8881 0.3521 0.2956
vn -0.9468 0.0659 0.3150
vn -0.9332 -0.1851 0.3079
vn -0.6398 0.6066 0.4719
vn -0.4671 0.8144 0.3445
vn -0.7533 0.3520 0.5555
vn -0.8031 0.0659 0.5922
vn -0.7924 -0.1852 0.5812
vn -0.4627 0.6065 0.6465
vn -0.3378 0.8143 0.4719
vn -0.5449 0.3514 0.7613
vn -0.5808 0.0659 0.8114
vn -0.5740 -0.1852 0.7976
vn -0.2402 0.6067 0.7578
vn -0.1754 0.8144 0.5532
vn -0.2829 0.3520 0.8922
vn -0.3017 0.0659 0.9511
vn -0.2995 -0.1852 0.9360
vn 0.1134 0.9302 0.3491
vn 0.1119 0.9321 0.3445
vn 0.2129 0.9321 0.2930
vn 0.2158 0.9302 0.2970
vn -0.0000 0.9302 0.3670
vn -0.0000 0.9321 0.3622
vn 0.2930 0.9321 0.2129
vn 0.2969 0.9302 0.2158
vn 0.3445 0.9321 0.1119
vn 0.3491 0.9302 0.1134
vn 0.3622 0.9321 -0.0000
vn 0.3670 0.9302 -0.0000
vn 0.3445 0.9321 -0.1119
vn 0.3491 0.9302 -0.1134
vn 0.2930 0.9321 -0.2129
vn 0.2969 0.9302 -0.2157
vn 0.2129 0.9321 -0.2931
vn 0.2157 0.9302 -0.2969
vn 0.1119 0.9321 -0.3445
vn 0.1134 0.9302 -0.3491
vn -0.0000 0.9321 -0.3623
vn -0.0000 0.9302 -0.3671
vn -0.1119 0.9321 -0.3445
vn -0.1134 0.9302 -0.3491
vn -0.2129 0.9321 -0.2931
vn -0.2157 0.9302 -0.2969
vn -0.2931 0.9321 -0.2129
vn -0.2970 0.9302 -0.2158
vn -0.3445 0.9321 -0.1119
vn -0.3491 0.9302 -0.1134
vn -0.3623 0.9321 -0.0000
vn -0.3671 0.9302 -0.0000
vn -0.3445 0.9321 0.1119
vn -0.3491 0.9302 0.1134
vn -0.2931 0.9321 0.2129
vn -0.2969 0.9302 0.2157
vn -0.2129 0.9321 0.2931
vn -0.2157 0.9302 0.2969
vn -0.1119 0.9321 0.3445
vn -0.1134 0.9302 0.3491
vn 0.3068 -0.1849 0.9336
vn 0.5803 -0.1849 0.7932
vn 0.7970 -0.1849 0.5750
vn 0.9357 -0.1849 0.3006
vn 0.9827 -0.1849 -0.0032
vn 0.9337 -0.1849 -0.3068
vn 0.7932 -0.1849 -0.5803
vn 0.5750 -0.1849 -0.7970
vn 0.3006 -0.1849 -0.9357
vn -0.0032 -0.1849 -0.9828
vn -0.3068 -0.1849 -0.9336
vn -0.5803 -0.1849 -0.7932
vn -0.7970 -0.1849 -0.5750
vn -0.9356 -0.1849 -0.3006
vn -0.9828 -0.1849 0.0032
vn -0.9337 -0.1849 0.3068
vn -0.7932 -0.1849 0.5803
vn -0.5750 -0.1849 0.7970
vn -0.3006 -0.1849 0.9357
vn 0.0032 -0.1849 0.9828
vn 0.3086 0.0601 0.9493
vn 0.0002 0.0602 0.9982
vn 0.2845 0.3909 0.8753
vn 0.0001 0.3910 0.9204
vn 0.2325 0.6586 0.7157
vn -0.0001 0.6586 0.7525
vn 0.1583 0.8587 0.4874
vn -0.0001 0.8587 0.5124
vn 0.5869 0.0601 0.8074
vn 0.5409 0.3913 0.7445
vn 0.4424 0.6583 0.6090
vn 0.3012 0.8587 0.4147
vn -0.3083 0.0601 0.9494
vn -0.2844 0.3915 0.8752
vn -0.2326 0.6584 0.7158
vn -0.1585 0.8587 0.4874
vn 0.8077 0.0601 0.5866
vn 0.7445 0.3913 0.5409
vn 0.6087 0.6586 0.4424
vn 0.4145 0.8587 0.3013
vn 0.9494 0.0601 0.3083
vn 0.8754 0.3909 0.2844
vn 0.7156 0.6587 0.2326
vn 0.4873 0.8587 0.1584
vn 0.9982 0.0602 -0.0002
vn 0.9202 0.3915 -0.0000
vn 0.7526 0.6585 0.0001
vn 0.5125 0.8587 0.0001
vn 0.9493 0.0602 -0.3086
vn 0.8753 0.3911 -0.2844
vn 0.7158 0.6585 -0.2325
vn 0.4875 0.8586 -0.1583
vn 0.8074 0.0602 -0.5869
vn 0.7444 0.3915 -0.5409
vn 0.6091 0.6583 -0.4424
vn 0.4148 0.8586 -0.3013
vn 0.5866 0.0602 -0.8077
vn 0.5409 0.3914 -0.7445
vn 0.4424 0.6585 -0.6088
vn 0.3013 0.8587 -0.4145
vn 0.3083 0.0602 -0.9494
vn 0.2844 0.3913 -0.8752
vn 0.2326 0.6586 -0.7156
vn 0.1584 0.8588 -0.4873
vn -0.0002 0.0602 -0.9982
vn -0.0000 0.3913 -0.9203
vn 0.0001 0.6585 -0.7526
vn 0.0001 0.8588 -0.5124
vn -0.3087 0.0602 -0.9493
vn -0.2844 0.3910 -0.8753
vn -0.2325 0.6586 -0.7157
vn -0.1583 0.8588 -0.4873
vn -0.5869 0.0602 -0.8074
vn -0.5409 0.3913 -0.7445
vn -0.4423 0.6585 -0.6089
vn -0.3012 0.8587 -0.4147
vn -0.8077 0.0602 -0.5865
vn -0.7445 0.3914 -0.5409
vn -0.6087 0.6586 -0.4424
vn -0.4146 0.8587 -0.3013
vn -0.9494 0.0601 -0.3083
vn -0.8752 0.3913 -0.2844
vn -0.7158 0.6584 -0.2327
vn -0.4874 0.8587 -0.1584
vn -0.9982 0.0601 0.0002
vn -0.9202 0.3914 -0.0000
vn -0.7526 0.6585 -0.0001
vn -0.5126 0.8586 -0.0001
vn -0.9493 0.0601 0.3087
vn -0.8753 0.3910 0.2844
vn -0.7158 0.6585 0.2325
vn -0.4874 0.8587 0.1583
vn -0.8074 0.0601 0.5869
vn -0.7446 0.3910 0.5410
vn -0.6089 0.6585 0.4423
vn -0.4146 0.8587 0.3012
vn -0.5866 0.0601 0.8077
vn -0.5408 0.3915 0.7445
vn -0.4424 0.6587 0.6087
vn -0.3012 0.8587 0.4145
vn 0.3421 0.8172 0.4639
vn 0.1820 0.8171 0.5470
vn 0.4687 0.8172 0.3355
vn 0.5495 0.8171 0.1742
vn 0.5765 0.8171 -0.0041
vn 0.5470 0.8171 -0.1820
vn 0.4639 0.8171 -0.3421
vn 0.3355 0.8171 -0.4688
vn 0.1743 0.8171 -0.5495
vn -0.0041 0.8171 -0.5764
vn -0.1820 0.8171 -0.5470
vn -0.3421 0.8171 -0.4640
vn -0.4687 0.8171 -0.3355
vn -0.5495 0.8171 -0.1743
vn -0.5764 0.8171 0.0041
vn -0.5470 0.8171 0.1820
vn -0.4639 0.8171 0.3421
vn -0.3355 0.8171 0.4688
vn -0.1742 0.8171 0.5495
vn 0.0041 0.8171 0.5764
vn 0.5759 0.2416 0.7810
vn 0.5934 0.0177 0.8047
vn 0.3157 0.0177 0.9487
vn 0.3064 0.2412 0.9208
vn 0.5246 0.4676 0.7114
vn 0.2792 0.4672 0.8389
vn 0.4433 0.6650 0.6010
vn 0.2358 0.6650 0.7087
vn 0.0071 0.0177 0.9998
vn 0.0069 0.2411 0.9705
vn 0.0063 0.4675 0.8840
vn 0.0053 0.6650 0.7468
vn 0.7892 0.2411 0.5649
vn 0.8131 0.0177 0.5819
vn 0.7189 0.4673 0.5146
vn 0.6074 0.6650 0.4346
vn 0.9251 0.2411 0.2934
vn 0.9531 0.0177 0.3022
vn 0.8426 0.4675 0.2672
vn 0.7119 0.6650 0.2258
vn 0.9704 0.2415 -0.0069
vn 0.9998 0.0177 -0.0071
vn 0.8841 0.4672 -0.0063
vn 0.7468 0.6651 -0.0053
vn 0.9208 0.2412 -0.3064
vn 0.9487 0.0177 -0.3157
vn 0.8388 0.4675 -0.2791
vn 0.7086 0.6650 -0.2358
vn 0.7811 0.2412 -0.5760
vn 0.8047 0.0177 -0.5934
vn 0.7116 0.4672 -0.5247
vn 0.6012 0.6649 -0.4433
vn 0.5649 0.2412 -0.7892
vn 0.5820 0.0177 -0.8130
vn 0.5145 0.4677 -0.7187
vn 0.4347 0.6649 -0.6073
vn 0.2933 0.2411 -0.9251
vn 0.3022 0.0177 -0.9531
vn 0.2672 0.4675 -0.8426
vn 0.2258 0.6650 -0.7119
vn -0.0069 0.2411 -0.9705
vn -0.0071 0.0177 -0.9998
vn -0.0063 0.4672 -0.8841
vn -0.0053 0.6650 -0.7468
vn -0.3064 0.2411 -0.9209
vn -0.3157 0.0177 -0.9487
vn -0.2791 0.4673 -0.8389
vn -0.2358 0.6650 -0.7086
vn -0.5760 0.2412 -0.7811
vn -0.5934 0.0177 -0.8047
vn -0.5246 0.4676 -0.7114
vn -0.4435 0.6646 -0.6014
vn -0.7891 0.2413 -0.5649
vn -0.8131 0.0177 -0.5819
vn -0.7188 0.4677 -0.5144
vn -0.6073 0.6650 -0.4346
vn -0.9249 0.2418 -0.2933
vn -0.9531 0.0176 -0.3022
vn -0.8428 0.4673 -0.2672
vn -0.7120 0.6648 -0.2258
vn -0.9705 0.2412 0.0069
vn -0.9998 0.0176 0.0071
vn -0.8840 0.4675 0.0063
vn -0.7469 0.6649 0.0053
vn -0.9208 0.2414 0.3065
vn -0.9487 0.0176 0.3157
vn -0.8388 0.4675 0.2791
vn -0.7087 0.6649 0.2358
vn -0.7810 0.2414 0.5760
vn -0.8047 0.0176 0.5934
vn -0.7116 0.4672 0.5247
vn -0.6011 0.6649 0.4433
vn -0.5649 0.2410 0.7892
vn -0.5820 0.0176 0.8130
vn -0.5145 0.4676 0.7188
vn -0.4347 0.6649 0.6074
vn -0.2933 0.2411 0.9251
vn -0.3022 0.0177 0.9531
vn -0.2672 0.4676 0.8426
vn -0.2258 0.6649 0.7120
vn 0.0205 0.9979 0.0615
vn 0.0385 0.9979 0.0521
vn 0.0527 0.9979 0.0377
vn 0.0618 0.9979 0.0196
vn 0.0648 0.9979 -0.0005
vn 0.0615 0.9979 -0.0205
vn 0.0521 0.9979 -0.0385
vn 0.0377 0.9979 -0.0527
vn 0.0196 0.9979 -0.0618
vn -0.0005 0.9979 -0.0648
vn -0.0205 0.9979 -0.0615
vn -0.0384 0.9979 -0.0521
vn -0.0527 0.9979 -0.0377
vn -0.0618 0.9979 -0.0196
vn -0.0648 0.9979 0.0005
vn -0.0615 0.9979 0.0205
vn -0.0522 0.9979 0.0385
vn -0.0377 0.9979 0.0527
vn -0.0196 0.9979 0.0618
vn 0.0005 0.9979 0.0648
vn 0.5875 0.1418 0.7967
vn 0.3125 0.1418 0.9393
vn 0.8050 0.1418 0.5761
vn 0.9436 0.1418 0.2992
vn 0.9899 0.1418 -0.0070
vn 0.9393 0.1418 -0.3126
vn 0.7967 0.1418 -0.5875
vn 0.5762 0.1418 -0.8049
vn 0.2992 0.1418 -0.9436
vn -0.0070 0.1418 -0.9899
vn -0.3126 0.1418 -0.9393
vn -0.5875 0.1418 -0.7967
vn -0.8049 0.1418 -0.5762
vn -0.9436 0.1418 -0.2992
vn -0.9899 0.1418 0.0070
vn -0.9393 0.1418 0.3126
vn -0.7967 0.1418 0.5875
vn -0.5762 0.1418 0.8049
vn -0.2992 0.1418 0.9436
vn 0.0070 0.1418 0.9899
vn 0.5185 0.4867 0.7031
vn 0.7104 0.4867 0.5084
vn 0.1519 0.9667 0.2061
vn 0.2082 0.9667 0.1490
vn 0.4172 0.7112 0.5658
vn 0.5717 0.7112 0.4092
vn 0.2758 0.4867 0.8289
vn 0.2220 0.7112 0.6671
vn 0.0808 0.9667 0.2429
vn 0.8327 0.4867 0.2641
vn 0.2440 0.9667 0.0774
vn 0.6701 0.7112 0.2125
vn 0.8736 0.4867 -0.0062
vn 0.2560 0.9667 -0.0018
vn 0.7030 0.7112 -0.0050
vn 0.8289 0.4867 -0.2758
vn 0.2429 0.9667 -0.0808
vn 0.6671 0.7112 -0.2220
vn 0.7031 0.4867 -0.5185
vn 0.2061 0.9667 -0.1520
vn 0.5658 0.7112 -0.4172
vn 0.5085 0.4867 -0.7103
vn 0.1490 0.9667 -0.2082
vn 0.4092 0.7112 -0.5717
vn 0.2641 0.4867 -0.8327
vn 0.0774 0.9667 -0.2440
vn 0.2125 0.7112 -0.6701
vn -0.0062 0.4867 -0.8735
vn -0.0018 0.9667 -0.2560
vn -0.0050 0.7112 -0.7030
vn -0.2758 0.4867 -0.8289
vn -0.0808 0.9667 -0.2429
vn -0.2220 0.7112 -0.6671
vn -0.5185 0.4867 -0.7031
vn -0.1519 0.9667 -0.2061
vn -0.4173 0.7112 -0.5658
vn -0.7104 0.4867 -0.5084
vn -0.2082 0.9667 -0.1490
vn -0.5717 0.7112 -0.4092
vn -0.8327 0.4867 -0.2641
vn -0.2440 0.9667 -0.0774
vn -0.6701 0.7112 -0.2125
vn -0.8735 0.4867 0.0062
vn -0.2560 0.9667 0.0018
vn -0.7030 0.7112 0.0050
vn -0.8289 0.4867 0.2758
vn -0.2429 0.9667 0.0808
vn -0.6670 0.7112 0.2220
vn -0.7031 0.4867 0.5184
vn -0.2061 0.9667 0.1520
vn -0.5658 0.7112 0.4172
vn -0.5085 0.4867 0.7104
vn -0.1490 0.9667 0.2082
vn -0.4092 0.7112 0.5717
vn -0.2641 0.4867 0.8327
vn -0.0774 0.9667 0.2440
vn -0.2125 0.7112 0.6701
vn 0.0062 0.4867 0.8735
vn 0.0018 0.9667 0.2560
vn 0.0050 0.7112 0.7030
vn 0.5819 -0.1417 0.8009
vn 0.5746 -0.2104 0.7909
vn 0.3021 -0.2102 0.9298
vn 0.3059 -0.1417 0.9415
vn 0.5596 -0.3061 0.7702
vn 0.2942 -0.3060 0.9054
vn 0.5391 -0.3986 0.7420
vn 0.2834 -0.3986 0.8723
vn 0.5134 -0.4870 0.7066
vn 0.2699 -0.4870 0.8307
vn 0.4905 -0.5510 0.6751
vn 0.2579 -0.5510 0.7937
vn 0.6752 -0.5509 -0.4905
vn 0.4905 -0.5509 -0.6752
vn 0.4842 -0.5669 -0.6664
vn 0.6664 -0.5669 -0.4842
vn 0.7937 -0.5510 -0.2579
vn 0.7834 -0.5669 -0.2546
vn 0.8346 -0.5509 -0.0000
vn 0.8238 -0.5669 -0.0000
vn 0.7937 -0.5509 0.2579
vn 0.7835 -0.5669 0.2546
vn 0.6752 -0.5510 0.4905
vn 0.6665 -0.5669 0.4842
vn 0.4842 -0.5669 0.6664
vn 0.2546 -0.5669 0.7835
vn -0.0000 -0.5509 0.8346
vn -0.0000 -0.5669 0.8238
vn -0.2579 -0.5510 0.7937
vn -0.2546 -0.5669 0.7835
vn -0.4905 -0.5509 0.6752
vn -0.4842 -0.5669 0.6664
vn -0.6752 -0.5509 0.4905
vn -0.6665 -0.5669 0.4842
vn -0.7937 -0.5510 0.2579
vn -0.7835 -0.5669 0.2546
vn -0.8346 -0.5509 -0.0000
vn -0.8238 -0.5669 -0.0000
vn -0.7937 -0.5509 -0.2579
vn -0.7835 -0.5669 -0.2546
vn -0.6752 -0.5509 -0.4905
vn -0.6665 -0.5669 -0.4842
vn -0.4905 -0.5509 -0.6752
vn -0.4842 -0.5669 -0.6664
vn -0.2579 -0.5509 -0.7937
vn -0.2546 -0.5669 -0.7835
vn -0.0000 -0.5510 -0.8345
vn -0.0000 -0.5669 -0.8238
vn 0.2579 -0.5510 -0.7937
vn 0.2546 -0.5669 -0.7835
vn 0.5819 -0.1417 -0.8009
vn 0.8009 -0.1417 -0.5819
vn 0.9415 -0.1417 -0.3059
vn 0.9899 -0.1417 -0.0000
vn 0.9415 -0.1417 0.3059
vn 0.8009 -0.1417 0.5819
vn -0.0000 -0.1417 0.9899
vn -0.3059 -0.1417 0.9415
vn -0.5819 -0.1417 0.8009
vn -0.8009 -0.1417 0.5819
vn -0.9415 -0.1417 0.3059
vn -0.9899 -0.1417 -0.0000
vn -0.9415 -0.1417 -0.3059
vn -0.8009 -0.1417 -0.5819
vn -0.5819 -0.1417 -0.8009
vn -0.3059 -0.1417 -0.9415
vn -0.0000 -0.1417 -0.9899
vn 0.3059 -0.1417 -0.9415
vn 0.5747 -0.2102 -0.7909
vn 0.3021 -0.2102 -0.9298
vn 0.5596 -0.3060 -0.7702
vn 0.2942 -0.3060 -0.9054
vn 0.5391 -0.3986 -0.7420
vn 0.2834 -0.3986 -0.8723
vn 0.5134 -0.4870 -0.7066
vn 0.2699 -0.4870 -0.8306
vn 0.7909 -0.2102 -0.5747
vn 0.7702 -0.3061 -0.5596
vn 0.7420 -0.3986 -0.5391
vn 0.7066 -0.4870 -0.5134
vn 0.9298 -0.2102 -0.3021
vn 0.9054 -0.3060 -0.2942
vn 0.8723 -0.3985 -0.2834
vn 0.8306 -0.4870 -0.2699
vn 0.9777 -0.2102 -0.0000
vn 0.9520 -0.3060 -0.0000
vn 0.9171 -0.3986 -0.0000
vn 0.8734 -0.4870 -0.0000
vn 0.9298 -0.2102 0.3021
vn 0.9054 -0.3061 0.2942
vn 0.8723 -0.3985 0.2834
vn 0.8306 -0.4870 0.2699
vn 0.7909 -0.2102 0.5747
vn 0.7702 -0.3061 0.5596
vn 0.7420 -0.3986 0.5391
vn 0.7066 -0.4870 0.5134
vn -0.0000 -0.2102 0.9777
vn -0.0000 -0.3061 0.9520
vn -0.0000 -0.3986 0.9171
vn -0.0000 -0.4870 0.8734
vn -0.3021 -0.2102 0.9298
vn -0.2942 -0.3060 0.9054
vn -0.2834 -0.3986 0.8722
vn -0.2699 -0.4870 0.8306
vn -0.5747 -0.2102 0.7909
vn -0.5596 -0.3061 0.7702
vn -0.5391 -0.3986 0.7420
vn -0.5134 -0.4870 0.7066
vn -0.7910 -0.2101 0.5747
vn -0.7702 -0.3060 0.5596
vn -0.7420 -0.3986 0.5391
vn -0.7066 -0.4870 0.5134
vn -0.9298 -0.2101 0.3021
vn -0.9054 -0.3061 0.2942
vn -0.8723 -0.3985 0.2834
vn -0.8306 -0.4870 0.2699
vn -0.9776 -0.2104 -0.0000
vn -0.9520 -0.3061 -0.0000
vn -0.9171 -0.3986 -0.0000
vn -0.8734 -0.4870 -0.0000
vn -0.9298 -0.2100 -0.3021
vn -0.9054 -0.3060 -0.2942
vn -0.8723 -0.3985 -0.2834
vn -0.8307 -0.4869 -0.2699
vn -0.7909 -0.2102 -0.5746
vn -0.7702 -0.3061 -0.5596
vn -0.7420 -0.3986 -0.5391
vn -0.7066 -0.4870 -0.5134
vn -0.5747 -0.2102 -0.7909
vn -0.5596 -0.3060 -0.7702
vn -0.5391 -0.3987 -0.7419
vn -0.5134 -0.4870 -0.7066
vn -0.3021 -0.2102 -0.9298
vn -0.2942 -0.3060 -0.9054
vn -0.2834 -0.3986 -0.8723
vn -0.2699 -0.4870 -0.8306
vn -0.0000 -0.2103 -0.9776
vn -0.0000 -0.3060 -0.9520
vn -0.0000 -0.3986 -0.9171
vn -0.0000 -0.4870 -0.8734
vt 0.663675 0.435565
vt 0.633456 0.410829
vt 0.658306 0.380471
vt 0.688525 0.405208
vt 0.669842 0.170918
vt 0.692267 0.143522
vt 0.720074 0.166285
vt 0.712408 0.175650
vt 0.633456 0.153454
vt 0.661920 0.118681
vt 0.871265 0.305688
vt 0.878931 0.296323
vt 0.922785 0.332222
vt 0.894321 0.366995
vt 0.892791 0.279392
vt 0.936645 0.315291
vt 0.675780 0.101750
vt 0.706126 0.126591
vt 0.690385 0.083908
vt 0.720732 0.108749
vt 0.907396 0.261550
vt 0.951250 0.297449
vt 0.720183 0.047507
vt 0.743751 0.080629
vt 0.914214 0.253221
vt 0.981048 0.261048
vt 0.862682 0.254746
vt 0.877287 0.236903
vt 0.884105 0.228574
vt 0.846755 0.211910
vt 0.863782 0.191110
vt 0.832150 0.229753
vt 0.848822 0.271677
vt 0.818290 0.246684
vt 0.801932 0.205016
vt 0.816537 0.187174
vt 0.788072 0.221947
vt 0.841156 0.281042
vt 0.799699 0.269395
vt 0.770084 0.243921
vt 0.772289 0.302880
vt 0.742070 0.278144
vt 0.843627 0.339452
vt 0.813518 0.314805
vt 0.744909 0.336327
vt 0.714691 0.311591
vt 0.715437 0.372331
vt 0.685218 0.347595
vt 0.748215 0.204961
vt 0.720577 0.238725
vt 0.684770 0.209413
vt 0.755881 0.195596
vt 0.769741 0.178665
vt 0.733933 0.149354
vt 0.748539 0.131512
vt 0.784346 0.160823
vt 0.755357 0.123182
vt 0.791164 0.152494
vt 0.833564 0.166373
vt 0.861010 0.132845
vt 0.891228 0.157582
vt 0.888396 0.099390
vt 0.918614 0.124127
vt 0.781418 0.091346
vt 0.817225 0.120658
vt 0.917871 0.063383
vt 0.948089 0.088119
vt 0.910166 0.196738
vt 0.940275 0.221384
vt 0.944784 0.030505
vt 0.975003 0.055241
vt 0.969636 0.000146
vt 0.999854 0.024882
vt 0.642758 0.569673
vt 0.653274 0.602064
vt 0.644890 0.606362
vt 0.633456 0.571170
vt 0.673285 0.629620
vt 0.666640 0.636298
vt 0.700832 0.649643
vt 0.696576 0.658048
vt 0.733217 0.660174
vt 0.731767 0.669483
vt 0.767273 0.660182
vt 0.768770 0.669483
vt 0.799663 0.649666
vt 0.803962 0.658050
vt 0.827219 0.629655
vt 0.833898 0.636300
vt 0.847242 0.602108
vt 0.855647 0.606364
vt 0.857773 0.569723
vt 0.867082 0.571173
vt 0.857781 0.535667
vt 0.867082 0.534169
vt 0.847265 0.503276
vt 0.855649 0.498978
vt 0.827254 0.475721
vt 0.833899 0.469041
vt 0.799708 0.455697
vt 0.803964 0.447292
vt 0.767322 0.445166
vt 0.768772 0.435857
vt 0.733266 0.445159
vt 0.731769 0.435857
vt 0.700876 0.455675
vt 0.696578 0.447291
vt 0.673320 0.475686
vt 0.666642 0.469040
vt 0.653297 0.503231
vt 0.644891 0.498976
vt 0.642766 0.535618
vt 0.633457 0.534168
vt 0.750269 0.552670
vt 0.535488 0.095100
vt 0.535488 0.126750
vt 0.518742 0.126750
vt 0.518742 0.095099
vt 0.535488 0.158402
vt 0.518742 0.158402
vt 0.535488 0.190053
vt 0.518742 0.190053
vt 0.535488 0.221703
vt 0.518742 0.221703
vt 0.535488 0.253354
vt 0.518742 0.253354
vt 0.535488 0.285005
vt 0.518742 0.285005
vt 0.535488 0.316656
vt 0.518742 0.316656
vt 0.535488 0.348307
vt 0.518742 0.348307
vt 0.535488 0.379958
vt 0.518742 0.379957
vt 0.535488 0.411610
vt 0.518742 0.411609
vt 0.535488 0.443260
vt 0.518742 0.443260
vt 0.535488 0.474911
vt 0.518742 0.474911
vt 0.535488 0.506562
vt 0.518742 0.506562
vt 0.535488 0.538213
vt 0.518742 0.538213
vt 0.535488 0.569864
vt 0.518742 0.569864
vt 0.535488 0.601515
vt 0.518742 0.601515
vt 0.535488 0.633165
vt 0.518742 0.633165
vt 0.535488 0.000147
vt 0.535488 0.031798
vt 0.518742 0.031798
vt 0.518742 0.000147
vt 0.535488 0.063449
vt 0.518742 0.063449
vt 0.591348 0.095099
vt 0.589925 0.095099
vt 0.589925 0.063449
vt 0.591348 0.063449
vt 0.593808 0.095099
vt 0.592794 0.095100
vt 0.592794 0.063449
vt 0.593808 0.063449
vt 0.591348 0.126750
vt 0.589925 0.126750
vt 0.592794 0.126750
vt 0.593808 0.126750
vt 0.591348 0.158402
vt 0.589925 0.158402
vt 0.592794 0.158402
vt 0.593808 0.158402
vt 0.591348 0.190053
vt 0.589925 0.190053
vt 0.592794 0.190053
vt 0.593808 0.190053
vt 0.591348 0.221703
vt 0.589925 0.221703
vt 0.592794 0.221703
vt 0.593808 0.221703
vt 0.591348 0.253354
vt 0.589925 0.253354
vt 0.592794 0.253354
vt 0.593808 0.253354
vt 0.591348 0.285005
vt 0.589925 0.285005
vt 0.592794 0.285005
vt 0.593808 0.285005
vt 0.591348 0.316656
vt 0.589925 0.316656
vt 0.592794 0.316656
vt 0.593808 0.316656
vt 0.591348 0.348307
vt 0.589925 0.348307
vt 0.592794 0.348307
vt 0.593808 0.348307
vt 0.591348 0.379958
vt 0.589925 0.379958
vt 0.592794 0.379958
vt 0.593808 0.379958
vt 0.591348 0.411609
vt 0.589925 0.411610
vt 0.592794 0.411609
vt 0.593808 0.411610
vt 0.591348 0.443260
vt 0.589925 0.443261
vt 0.592794 0.443261
vt 0.593808 0.443261
vt 0.591348 0.474912
vt 0.589925 0.474911
vt 0.592794 0.474911
vt 0.593808 0.474911
vt 0.591348 0.506562
vt 0.589925 0.506562
vt 0.592794 0.506562
vt 0.593808 0.506562
vt 0.591348 0.538213
vt 0.589925 0.538213
vt 0.592794 0.538213
vt 0.593808 0.538213
vt 0.591348 0.569864
vt 0.589925 0.569864
vt 0.592794 0.569864
vt 0.593808 0.569864
vt 0.591348 0.601515
vt 0.589925 0.601515
vt 0.592794 0.601515
vt 0.593808 0.601515
vt 0.591348 0.633166
vt 0.589925 0.633165
vt 0.592794 0.633165
vt 0.593808 0.633165
vt 0.589925 0.000147
vt 0.591348 0.000147
vt 0.591348 0.031798
vt 0.589925 0.031798
vt 0.592794 0.000147
vt 0.592794 0.031798
vt 0.593808 0.000147
vt 0.593808 0.031798
vt 0.567481 0.095099
vt 0.567481 0.126750
vt 0.557204 0.126750
vt 0.557204 0.095099
vt 0.567481 0.158402
vt 0.557204 0.158402
vt 0.567481 0.190053
vt 0.557204 0.190053
vt 0.567481 0.221703
vt 0.557204 0.221703
vt 0.567481 0.253354
vt 0.557204 0.253354
vt 0.567481 0.285005
vt 0.557204 0.285005
vt 0.567481 0.316656
vt 0.557204 0.316656
vt 0.567481 0.348307
vt 0.557204 0.348307
vt 0.567481 0.379958
vt 0.557204 0.379957
vt 0.567481 0.411609
vt 0.557204 0.411610
vt 0.567481 0.443260
vt 0.557204 0.443260
vt 0.567481 0.474912
vt 0.557204 0.474912
vt 0.567481 0.506562
vt 0.557204 0.506562
vt 0.567481 0.538213
vt 0.557204 0.538213
vt 0.567481 0.569864
vt 0.557204 0.569864
vt 0.567481 0.601514
vt 0.557204 0.601514
vt 0.567481 0.633165
vt 0.557204 0.633166
vt 0.567481 0.000147
vt 0.567481 0.031798
vt 0.557203 0.031798
vt 0.557203 0.000147
vt 0.567481 0.063449
vt 0.557203 0.063449
vt 0.585953 0.126750
vt 0.585953 0.095099
vt 0.585953 0.158402
vt 0.585953 0.190053
vt 0.585953 0.221703
vt 0.585953 0.253354
vt 0.585953 0.285005
vt 0.585953 0.316656
vt 0.585953 0.348307
vt 0.585953 0.379958
vt 0.585953 0.411610
vt 0.585953 0.443261
vt 0.585953 0.474911
vt 0.585953 0.506562
vt 0.585953 0.538213
vt 0.585953 0.569864
vt 0.585953 0.601515
vt 0.585953 0.633165
vt 0.585953 0.031798
vt 0.585953 0.000147
vt 0.585953 0.063449
vt 0.581699 0.095100
vt 0.581699 0.126750
vt 0.577080 0.095099
vt 0.577080 0.126750
vt 0.572279 0.095099
vt 0.572279 0.126750
vt 0.581699 0.158402
vt 0.577080 0.158402
vt 0.572279 0.158402
vt 0.581699 0.190053
vt 0.577080 0.190053
vt 0.572279 0.190053
vt 0.581699 0.221703
vt 0.577080 0.221703
vt 0.572279 0.221703
vt 0.581699 0.253354
vt 0.577080 0.253354
vt 0.572279 0.253354
vt 0.581699 0.285005
vt 0.577080 0.285005
vt 0.572279 0.285005
vt 0.581699 0.316656
vt 0.577080 0.316656
vt 0.572279 0.316656
vt 0.581699 0.348307
vt 0.577080 0.348307
vt 0.572279 0.348307
vt 0.581699 0.379958
vt 0.577080 0.379958
vt 0.572279 0.379958
vt 0.581699 0.411610
vt 0.577080 0.411610
vt 0.572279 0.411610
vt 0.581699 0.443260
vt 0.577080 0.443260
vt 0.572279 0.443260
vt 0.581699 0.474911
vt 0.577080 0.474911
vt 0.572279 0.474911
vt 0.581699 0.506562
vt 0.577080 0.506562
vt 0.572279 0.506562
vt 0.581699 0.538213
vt 0.577080 0.538213
vt 0.572279 0.538213
vt 0.581699 0.569864
vt 0.577080 0.569864
vt 0.572279 0.569864
vt 0.581699 0.601515
vt 0.577080 0.601515
vt 0.572279 0.601515
vt 0.581699 0.633165
vt 0.577080 0.633165
vt 0.572279 0.633165
vt 0.581699 0.000147
vt 0.581699 0.031798
vt 0.577080 0.000147
vt 0.577080 0.031798
vt 0.572279 0.000147
vt 0.572279 0.031798
vt 0.581699 0.063449
vt 0.577080 0.063449
vt 0.572279 0.063449
vt 0.633164 0.095099
vt 0.633164 0.126750
vt 0.605304 0.126750
vt 0.605304 0.095099
vt 0.633164 0.158402
vt 0.605304 0.158402
vt 0.633164 0.190053
vt 0.605304 0.190053
vt 0.633164 0.221703
vt 0.605304 0.221703
vt 0.633164 0.253354
vt 0.605304 0.253354
vt 0.633164 0.285005
vt 0.605304 0.285005
vt 0.633164 0.316656
vt 0.605304 0.316656
vt 0.633164 0.348307
vt 0.605304 0.348307
vt 0.633164 0.379958
vt 0.605304 0.379958
vt 0.633164 0.411609
vt 0.605304 0.411609
vt 0.633164 0.443261
vt 0.605304 0.443261
vt 0.633164 0.474912
vt 0.605304 0.474912
vt 0.633164 0.506562
vt 0.605304 0.506562
vt 0.633164 0.538213
vt 0.605304 0.538213
vt 0.633164 0.569864
vt 0.605304 0.569864
vt 0.633164 0.601515
vt 0.605304 0.601515
vt 0.633164 0.633165
vt 0.605304 0.633165
vt 0.633164 0.000147
vt 0.633164 0.031798
vt 0.605304 0.031798
vt 0.605304 0.000147
vt 0.633164 0.063449
vt 0.605304 0.063449
vt 0.596522 0.095100
vt 0.596522 0.126750
vt 0.596522 0.158402
vt 0.596522 0.190053
vt 0.596522 0.221703
vt 0.596522 0.253354
vt 0.596522 0.285005
vt 0.596522 0.316656
vt 0.596522 0.348307
vt 0.596522 0.379958
vt 0.596522 0.411610
vt 0.596522 0.443260
vt 0.596522 0.474911
vt 0.596522 0.506562
vt 0.596522 0.538213
vt 0.596522 0.569864
vt 0.596522 0.601515
vt 0.596522 0.633165
vt 0.596522 0.000147
vt 0.596522 0.031798
vt 0.596522 0.063449
vt 0.598056 0.095099
vt 0.598056 0.063449
vt 0.600143 0.095100
vt 0.600143 0.063449
vt 0.602622 0.095100
vt 0.602622 0.063449
vt 0.598056 0.126750
vt 0.600143 0.126750
vt 0.602622 0.126750
vt 0.598056 0.158402
vt 0.600143 0.158402
vt 0.602622 0.158402
vt 0.598056 0.190053
vt 0.600143 0.190053
vt 0.602622 0.190053
vt 0.598056 0.221703
vt 0.600143 0.221703
vt 0.602622 0.221703
vt 0.598056 0.253354
vt 0.600143 0.253354
vt 0.602622 0.253354
vt 0.598056 0.285005
vt 0.600143 0.285005
vt 0.602622 0.285005
vt 0.598056 0.316656
vt 0.600143 0.316656
vt 0.602622 0.316656
vt 0.598056 0.348307
vt 0.600143 0.348307
vt 0.602622 0.348307
vt 0.598056 0.379958
vt 0.600143 0.379958
vt 0.602622 0.379958
vt 0.598056 0.411609
vt 0.600143 0.411610
vt 0.602622 0.411610
vt 0.598056 0.443260
vt 0.600143 0.443260
vt 0.602622 0.443260
vt 0.598056 0.474911
vt 0.600143 0.474912
vt 0.602622 0.474911
vt 0.598056 0.506562
vt 0.600143 0.506562
vt 0.602622 0.506562
vt 0.598056 0.538213
vt 0.600143 0.538213
vt 0.602622 0.538213
vt 0.598056 0.569864
vt 0.600143 0.569864
vt 0.602622 0.569864
vt 0.598056 0.601515
vt 0.600143 0.601515
vt 0.602622 0.601515
vt 0.598056 0.633165
vt 0.600143 0.633166
vt 0.602622 0.633165
vt 0.598056 0.000147
vt 0.598056 0.031798
vt 0.600143 0.000147
vt 0.600143 0.031798
vt 0.602622 0.000147
vt 0.602622 0.031798
vt 0.501947 0.126750
vt 0.501947 0.095099
vt 0.501947 0.158402
vt 0.501947 0.190053
vt 0.501947 0.221703
vt 0.501947 0.253354
vt 0.501947 0.285005
vt 0.501947 0.316656
vt 0.501947 0.348307
vt 0.501947 0.379957
vt 0.501947 0.411609
vt 0.501947 0.443260
vt 0.501947 0.474912
vt 0.501947 0.506562
vt 0.501947 0.538213
vt 0.501947 0.569864
vt 0.501947 0.601515
vt 0.501947 0.633165
vt 0.501947 0.031798
vt 0.501947 0.000147
vt 0.501947 0.063449
vt 0.463168 0.095100
vt 0.455381 0.095100
vt 0.455381 0.063449
vt 0.463168 0.063449
vt 0.472832 0.095100
vt 0.472832 0.063449
vt 0.483292 0.095100
vt 0.483292 0.063449
vt 0.493374 0.095099
vt 0.493374 0.063449
vt 0.463168 0.126750
vt 0.455381 0.126750
vt 0.472832 0.126750
vt 0.483292 0.126750
vt 0.493374 0.126750
vt 0.463168 0.158402
vt 0.455381 0.158402
vt 0.472832 0.158402
vt 0.483292 0.158401
vt 0.493374 0.158402
vt 0.463168 0.190053
vt 0.455381 0.190053
vt 0.472832 0.190053
vt 0.483292 0.190052
vt 0.493374 0.190052
vt 0.463168 0.221703
vt 0.455381 0.221703
vt 0.472832 0.221703
vt 0.483292 0.221703
vt 0.493374 0.221703
vt 0.463168 0.253354
vt 0.455381 0.253354
vt 0.472832 0.253354
vt 0.483292 0.253354
vt 0.493374 0.253354
vt 0.463168 0.285005
vt 0.455381 0.285005
vt 0.472832 0.285005
vt 0.483292 0.285005
vt 0.493374 0.285005
vt 0.463168 0.316656
vt 0.455381 0.316656
vt 0.472832 0.316656
vt 0.483292 0.316655
vt 0.493374 0.316656
vt 0.463168 0.348306
vt 0.455381 0.348307
vt 0.472832 0.348306
vt 0.483292 0.348307
vt 0.493374 0.348307
vt 0.463168 0.379957
vt 0.455381 0.379957
vt 0.472832 0.379957
vt 0.483292 0.379957
vt 0.493374 0.379957
vt 0.463168 0.411609
vt 0.455381 0.411609
vt 0.472832 0.411609
vt 0.483292 0.411609
vt 0.493374 0.411609
vt 0.463168 0.443260
vt 0.455381 0.443261
vt 0.472832 0.443260
vt 0.483292 0.443260
vt 0.493374 0.443260
vt 0.463168 0.474912
vt 0.455381 0.474912
vt 0.472832 0.474912
vt 0.483292 0.474911
vt 0.493374 0.474911
vt 0.463168 0.506562
vt 0.455381 0.506562
vt 0.472832 0.506562
vt 0.483292 0.506562
vt 0.493374 0.506562
vt 0.463168 0.538213
vt 0.455381 0.538213
vt 0.472832 0.538213
vt 0.483292 0.538213
vt 0.493374 0.538213
vt 0.463168 0.569864
vt 0.455381 0.569864
vt 0.472832 0.569864
vt 0.483292 0.569864
vt 0.493374 0.569864
vt 0.463168 0.601515
vt 0.455381 0.601514
vt 0.472832 0.601515
vt 0.483292 0.601515
vt 0.493374 0.601515
vt 0.463168 0.633165
vt 0.455381 0.633165
vt 0.472832 0.633165
vt 0.483292 0.633165
vt 0.493374 0.633165
vt 0.455381 0.000147
vt 0.463168 0.000147
vt 0.463168 0.031798
vt 0.455381 0.031798
vt 0.472832 0.000147
vt 0.472832 0.031798
vt 0.483292 0.000147
vt 0.483292 0.031798
vt 0.493374 0.000147
vt 0.493374 0.031798
vt 0.451501 0.126750
vt 0.451501 0.095099
vt 0.451501 0.158402
vt 0.451500 0.190053
vt 0.451500 0.221703
vt 0.451500 0.253354
vt 0.451500 0.285005
vt 0.451500 0.316656
vt 0.451500 0.348307
vt 0.451500 0.379957
vt 0.451500 0.411610
vt 0.451501 0.443260
vt 0.451501 0.474911
vt 0.451500 0.506562
vt 0.451500 0.538213
vt 0.451500 0.569864
vt 0.451500 0.601515
vt 0.451500 0.633166
vt 0.451501 0.031798
vt 0.451501 0.000147
vt 0.451501 0.063449
vt 0.449311 0.095099
vt 0.448257 0.095099
vt 0.448257 0.063449
vt 0.449311 0.063449
vt 0.450517 0.095100
vt 0.450517 0.063449
vt 0.449311 0.126750
vt 0.448258 0.126750
vt 0.450518 0.126750
vt 0.449311 0.158402
vt 0.448258 0.158402
vt 0.450518 0.158402
vt 0.449311 0.190053
vt 0.448257 0.190052
vt 0.450517 0.190053
vt 0.449311 0.221703
vt 0.448257 0.221703
vt 0.450517 0.221703
vt 0.449311 0.253354
vt 0.448257 0.253354
vt 0.450517 0.253354
vt 0.449311 0.285005
vt 0.448257 0.285005
vt 0.450517 0.285005
vt 0.449311 0.316656
vt 0.448257 0.316656
vt 0.450517 0.316656
vt 0.449311 0.348307
vt 0.448257 0.348307
vt 0.450517 0.348307
vt 0.449311 0.379957
vt 0.448257 0.379957
vt 0.450517 0.379957
vt 0.449311 0.411610
vt 0.448257 0.411609
vt 0.450517 0.411609
vt 0.449311 0.443260
vt 0.448257 0.443260
vt 0.450517 0.443260
vt 0.449311 0.474911
vt 0.448257 0.474911
vt 0.450517 0.474911
vt 0.449311 0.506562
vt 0.448257 0.506562
vt 0.450517 0.506562
vt 0.449311 0.538213
vt 0.448257 0.538213
vt 0.450517 0.538213
vt 0.449311 0.569864
vt 0.448257 0.569864
vt 0.450517 0.569864
vt 0.449311 0.601515
vt 0.448257 0.601515
vt 0.450517 0.601515
vt 0.449311 0.633166
vt 0.448257 0.633165
vt 0.450517 0.633166
vt 0.448257 0.000147
vt 0.449311 0.000147
vt 0.449311 0.031798
vt 0.448257 0.031798
vt 0.450517 0.000147
vt 0.450517 0.031798
vt 0.447055 0.126750
vt 0.447055 0.095099
vt 0.447055 0.158402
vt 0.447055 0.190053
vt 0.447055 0.221703
vt 0.447055 0.253354
vt 0.447055 0.285005
vt 0.447055 0.316656
vt 0.447055 0.348307
vt 0.447055 0.379957
vt 0.447055 0.411610
vt 0.447055 0.443260
vt 0.447055 0.474912
vt 0.447055 0.506562
vt 0.447055 0.538213
vt 0.447055 0.569864
vt 0.447055 0.601515
vt 0.447055 0.633165
vt 0.447055 0.031798
vt 0.447055 0.000147
vt 0.447055 0.063449
vt 0.445877 0.095099
vt 0.445877 0.126750
vt 0.443031 0.095100
vt 0.444503 0.095100
vt 0.444503 0.126750
vt 0.443031 0.126750
vt 0.445877 0.158402
vt 0.444503 0.158401
vt 0.443031 0.158401
vt 0.445876 0.190052
vt 0.444503 0.190053
vt 0.443031 0.190053
vt 0.445876 0.221703
vt 0.444503 0.221703
vt 0.443031 0.221703
vt 0.445876 0.253354
vt 0.444503 0.253354
vt 0.443031 0.253354
vt 0.445876 0.285005
vt 0.444503 0.285005
vt 0.443031 0.285005
vt 0.445876 0.316656
vt 0.444503 0.316656
vt 0.443031 0.316656
vt 0.445876 0.348307
vt 0.444503 0.348307
vt 0.443031 0.348307
vt 0.445876 0.379957
vt 0.444503 0.379957
vt 0.443031 0.379957
vt 0.445876 0.411610
vt 0.444503 0.411609
vt 0.443031 0.411610
vt 0.445876 0.443260
vt 0.444503 0.443260
vt 0.443031 0.443260
vt 0.445877 0.474911
vt 0.444503 0.474911
vt 0.443031 0.474911
vt 0.445876 0.506562
vt 0.444503 0.506562
vt 0.443031 0.506562
vt 0.445876 0.538213
vt 0.444503 0.538213
vt 0.443031 0.538213
vt 0.445876 0.569864
vt 0.444503 0.569864
vt 0.443031 0.569864
vt 0.445876 0.601515
vt 0.444503 0.601515
vt 0.443031 0.601515
vt 0.445877 0.633165
vt 0.444503 0.633166
vt 0.443031 0.633165
vt 0.445877 0.000147
vt 0.445877 0.031798
vt 0.443031 0.000147
vt 0.444503 0.000147
vt 0.444503 0.031798
vt 0.443031 0.031798
vt 0.445877 0.063449
vt 0.444503 0.063449
vt 0.443031 0.063449
vt 0.302882 0.285005
vt 0.302882 0.316656
vt 0.279524 0.316656
vt 0.279524 0.285005
vt 0.302882 0.253354
vt 0.279524 0.253354
vt 0.302882 0.221703
vt 0.279524 0.221703
vt 0.302882 0.190052
vt 0.279524 0.190052
vt 0.302882 0.158401
vt 0.279524 0.158401
vt 0.302882 0.126750
vt 0.279524 0.126750
vt 0.302882 0.095100
vt 0.279524 0.095100
vt 0.302882 0.063449
vt 0.279524 0.063449
vt 0.302882 0.031797
vt 0.279524 0.031797
vt 0.302882 0.000147
vt 0.279525 0.000147
vt 0.302882 0.601515
vt 0.302882 0.633165
vt 0.279524 0.633165
vt 0.279524 0.601515
vt 0.302882 0.569864
vt 0.279524 0.569864
vt 0.302882 0.538213
vt 0.279524 0.538213
vt 0.302882 0.506562
vt 0.279524 0.506562
vt 0.302882 0.474911
vt 0.279524 0.474911
vt 0.302882 0.443261
vt 0.279524 0.443261
vt 0.302882 0.411609
vt 0.279524 0.411609
vt 0.302882 0.379957
vt 0.279524 0.379957
vt 0.302882 0.348307
vt 0.279524 0.348307
vt 0.326241 0.285004
vt 0.326241 0.316656
vt 0.326241 0.253354
vt 0.326241 0.221703
vt 0.326241 0.190052
vt 0.326241 0.158401
vt 0.326241 0.126750
vt 0.326241 0.095100
vt 0.326241 0.063449
vt 0.326241 0.031797
vt 0.326241 0.000147
vt 0.326241 0.601515
vt 0.326241 0.633166
vt 0.326241 0.569864
vt 0.326241 0.538213
vt 0.326241 0.506563
vt 0.326241 0.474911
vt 0.326241 0.443261
vt 0.326241 0.411609
vt 0.326241 0.379957
vt 0.326241 0.348307
vt 0.349598 0.285004
vt 0.349598 0.316656
vt 0.349598 0.253354
vt 0.349598 0.221703
vt 0.349598 0.190052
vt 0.349598 0.158401
vt 0.349598 0.126750
vt 0.349598 0.095100
vt 0.349598 0.063449
vt 0.349598 0.031797
vt 0.349598 0.000147
vt 0.349598 0.601515
vt 0.349598 0.633165
vt 0.349598 0.569864
vt 0.349598 0.538213
vt 0.349598 0.506562
vt 0.349598 0.474911
vt 0.349598 0.443261
vt 0.349598 0.411609
vt 0.349598 0.379957
vt 0.349598 0.348307
vt 0.372957 0.285005
vt 0.372957 0.316655
vt 0.372957 0.253354
vt 0.372957 0.221703
vt 0.372957 0.190053
vt 0.372957 0.158401
vt 0.372957 0.126750
vt 0.372957 0.095100
vt 0.372957 0.063449
vt 0.372957 0.031797
vt 0.372957 0.000147
vt 0.372957 0.601515
vt 0.372957 0.633165
vt 0.372957 0.569864
vt 0.372957 0.538213
vt 0.372957 0.506562
vt 0.372957 0.474911
vt 0.372957 0.443261
vt 0.372957 0.411610
vt 0.372957 0.379957
vt 0.372957 0.348307
vt 0.396314 0.285004
vt 0.396314 0.316656
vt 0.396314 0.253354
vt 0.396314 0.221703
vt 0.396314 0.190053
vt 0.396315 0.158401
vt 0.396315 0.126750
vt 0.396315 0.095100
vt 0.396314 0.063449
vt 0.396314 0.031798
vt 0.396315 0.000147
vt 0.396314 0.601515
vt 0.396314 0.633166
vt 0.396314 0.569864
vt 0.396314 0.538213
vt 0.396314 0.506562
vt 0.396314 0.474911
vt 0.396314 0.443260
vt 0.396314 0.411610
vt 0.396314 0.379957
vt 0.396314 0.348307
vt 0.415963 0.285005
vt 0.415963 0.316656
vt 0.415963 0.253354
vt 0.415963 0.221703
vt 0.415963 0.190052
vt 0.415963 0.158401
vt 0.415963 0.126750
vt 0.415963 0.095100
vt 0.415963 0.063449
vt 0.415963 0.031798
vt 0.415963 0.000147
vt 0.415963 0.601515
vt 0.415963 0.633166
vt 0.415963 0.569864
vt 0.415963 0.538213
vt 0.415963 0.506562
vt 0.415963 0.474911
vt 0.415963 0.443260
vt 0.415963 0.411609
vt 0.415963 0.379957
vt 0.415963 0.348307
vt 0.419005 0.126750
vt 0.424872 0.126750
vt 0.424872 0.158402
vt 0.419005 0.158401
vt 0.430455 0.126750
vt 0.430455 0.158402
vt 0.435693 0.126750
vt 0.435693 0.158401
vt 0.440515 0.126750
vt 0.440515 0.158402
vt 0.419005 0.095100
vt 0.419005 0.190053
vt 0.419005 0.221703
vt 0.419005 0.253354
vt 0.419005 0.285005
vt 0.419005 0.316656
vt 0.419005 0.348307
vt 0.419005 0.379957
vt 0.419005 0.411609
vt 0.419005 0.443260
vt 0.419005 0.474911
vt 0.419005 0.506562
vt 0.419005 0.538213
vt 0.419005 0.569864
vt 0.419005 0.601515
vt 0.419005 0.633165
vt 0.419006 0.000147
vt 0.419005 0.031798
vt 0.419005 0.063449
vt 0.440515 0.190052
vt 0.440515 0.221703
vt 0.440515 0.253354
vt 0.440515 0.285005
vt 0.440515 0.316656
vt 0.440515 0.348307
vt 0.440515 0.379957
vt 0.440515 0.411610
vt 0.440515 0.443260
vt 0.440515 0.474912
vt 0.440515 0.506562
vt 0.440515 0.538213
vt 0.440515 0.569864
vt 0.440515 0.601515
vt 0.440515 0.633165
vt 0.440515 0.031798
vt 0.440515 0.000147
vt 0.440515 0.063449
vt 0.440515 0.095100
vt 0.435692 0.190052
vt 0.430455 0.190053
vt 0.424871 0.190052
vt 0.435692 0.221703
vt 0.430455 0.221703
vt 0.424871 0.221703
vt 0.435692 0.253354
vt 0.430455 0.253354
vt 0.424871 0.253354
vt 0.435692 0.285005
vt 0.430455 0.285005
vt 0.424871 0.285005
vt 0.435692 0.316656
vt 0.430455 0.316656
vt 0.424871 0.316656
vt 0.435692 0.348307
vt 0.430455 0.348306
vt 0.424871 0.348307
vt 0.435692 0.379957
vt 0.430455 0.379957
vt 0.424871 0.379957
vt 0.435692 0.411609
vt 0.430455 0.411610
vt 0.424871 0.411610
vt 0.435692 0.443260
vt 0.430455 0.443261
vt 0.424871 0.443260
vt 0.435693 0.474911
vt 0.430455 0.474912
vt 0.424872 0.474911
vt 0.435692 0.506562
vt 0.430455 0.506562
vt 0.424871 0.506562
vt 0.435692 0.538213
vt 0.430455 0.538213
vt 0.424871 0.538213
vt 0.435692 0.569864
vt 0.430455 0.569864
vt 0.424871 0.569864
vt 0.435692 0.601515
vt 0.430455 0.601514
vt 0.424871 0.601515
vt 0.435693 0.633165
vt 0.430455 0.633165
vt 0.424872 0.633166
vt 0.435693 0.000147
vt 0.435693 0.031798
vt 0.430455 0.000147
vt 0.430455 0.031798
vt 0.424872 0.000147
vt 0.424871 0.031798
vt 0.435692 0.063449
vt 0.430455 0.063449
vt 0.424871 0.063449
vt 0.435693 0.095100
vt 0.430455 0.095100
vt 0.424872 0.095099
vt 0.232808 0.095101
vt 0.232808 0.126750
vt 0.229086 0.126750
vt 0.229086 0.095100
vt 0.232808 0.158400
vt 0.229087 0.158401
vt 0.232808 0.190052
vt 0.229086 0.190053
vt 0.232808 0.221703
vt 0.229086 0.221703
vt 0.232808 0.253354
vt 0.229086 0.253354
vt 0.232808 0.285005
vt 0.229086 0.285005
vt 0.232808 0.316656
vt 0.229086 0.316656
vt 0.232808 0.348306
vt 0.229086 0.348307
vt 0.232808 0.379957
vt 0.229086 0.379957
vt 0.232808 0.411610
vt 0.229086 0.411610
vt 0.232808 0.443261
vt 0.229086 0.443261
vt 0.232808 0.474911
vt 0.229086 0.474911
vt 0.232808 0.506562
vt 0.229086 0.506562
vt 0.232808 0.538213
vt 0.229086 0.538213
vt 0.232808 0.569864
vt 0.229086 0.569864
vt 0.232808 0.601516
vt 0.229086 0.601515
vt 0.232808 0.633165
vt 0.229086 0.633165
vt 0.232808 0.000147
vt 0.232808 0.031798
vt 0.229086 0.031798
vt 0.229086 0.000147
vt 0.232808 0.063449
vt 0.229086 0.063450
vt 0.218237 0.095100
vt 0.215684 0.095100
vt 0.215684 0.063450
vt 0.218237 0.063450
vt 0.221603 0.095100
vt 0.221603 0.063450
vt 0.225021 0.095100
vt 0.225021 0.063450
vt 0.227716 0.095100
vt 0.227716 0.063450
vt 0.218238 0.126750
vt 0.215684 0.126750
vt 0.221605 0.126750
vt 0.225021 0.126750
vt 0.227716 0.126750
vt 0.218238 0.158401
vt 0.215684 0.158401
vt 0.221605 0.158401
vt 0.225021 0.158401
vt 0.227716 0.158401
vt 0.218237 0.190053
vt 0.215684 0.190053
vt 0.221603 0.190053
vt 0.225021 0.190053
vt 0.227716 0.190053
vt 0.218237 0.221703
vt 0.215684 0.221703
vt 0.221603 0.221703
vt 0.225021 0.221703
vt 0.227716 0.221703
vt 0.218237 0.253354
vt 0.215684 0.253354
vt 0.221604 0.253354
vt 0.225021 0.253354
vt 0.227716 0.253354
vt 0.218237 0.285005
vt 0.215684 0.285005
vt 0.221604 0.285005
vt 0.225021 0.285005
vt 0.227716 0.285005
vt 0.218237 0.316656
vt 0.215684 0.316656
vt 0.221604 0.316656
vt 0.225021 0.316656
vt 0.227716 0.316656
vt 0.218237 0.348307
vt 0.215684 0.348307
vt 0.221604 0.348307
vt 0.225021 0.348307
vt 0.227716 0.348307
vt 0.218237 0.379957
vt 0.215684 0.379957
vt 0.221604 0.379957
vt 0.225021 0.379957
vt 0.227716 0.379957
vt 0.218237 0.411609
vt 0.215684 0.411609
vt 0.221604 0.411610
vt 0.225021 0.411609
vt 0.227716 0.411609
vt 0.218237 0.443261
vt 0.215684 0.443261
vt 0.221604 0.443261
vt 0.225021 0.443261
vt 0.227716 0.443261
vt 0.218237 0.474911
vt 0.215684 0.474911
vt 0.221604 0.474911
vt 0.225021 0.474911
vt 0.227716 0.474911
vt 0.218237 0.506562
vt 0.215684 0.506562
vt 0.221604 0.506562
vt 0.225021 0.506562
vt 0.227716 0.506562
vt 0.218237 0.538213
vt 0.215684 0.538213
vt 0.221604 0.538213
vt 0.225021 0.538213
vt 0.227716 0.538213
vt 0.218237 0.569864
vt 0.215684 0.569864
vt 0.221604 0.569864
vt 0.225021 0.569864
vt 0.227716 0.569864
vt 0.218237 0.601515
vt 0.215684 0.601515
vt 0.221604 0.601515
vt 0.225021 0.601515
vt 0.227716 0.601515
vt 0.218237 0.633165
vt 0.215684 0.633165
vt 0.221604 0.633165
vt 0.225021 0.633165
vt 0.227716 0.633165
vt 0.215684 0.000146
vt 0.218237 0.000146
vt 0.218237 0.031797
vt 0.215684 0.031797
vt 0.221603 0.000147
vt 0.221603 0.031798
vt 0.225021 0.000146
vt 0.225021 0.031797
vt 0.227716 0.000147
vt 0.227716 0.031797
vt 0.199540 0.095100
vt 0.197195 0.095100
vt 0.197195 0.063450
vt 0.199540 0.063450
vt 0.202624 0.095100
vt 0.202624 0.063450
vt 0.205912 0.095100
vt 0.205912 0.063450
vt 0.210876 0.095100
vt 0.208832 0.095100
vt 0.208832 0.063450
vt 0.210876 0.063450
vt 0.199540 0.126750
vt 0.197196 0.126750
vt 0.202624 0.126750
vt 0.205913 0.126750
vt 0.208832 0.126750
vt 0.210876 0.126750
vt 0.199540 0.158401
vt 0.197196 0.158401
vt 0.202624 0.158401
vt 0.205913 0.158401
vt 0.208832 0.158401
vt 0.210876 0.158401
vt 0.199540 0.190053
vt 0.197195 0.190053
vt 0.202624 0.190053
vt 0.205912 0.190053
vt 0.208832 0.190053
vt 0.210876 0.190053
vt 0.199540 0.221703
vt 0.197195 0.221703
vt 0.202624 0.221703
vt 0.205912 0.221703
vt 0.208832 0.221703
vt 0.210876 0.221703
vt 0.199540 0.253354
vt 0.197195 0.253354
vt 0.202624 0.253354
vt 0.205912 0.253354
vt 0.208832 0.253354
vt 0.210876 0.253354
vt 0.199540 0.285005
vt 0.197195 0.285005
vt 0.202624 0.285005
vt 0.205912 0.285005
vt 0.208832 0.285005
vt 0.210876 0.285005
vt 0.199539 0.316656
vt 0.197195 0.316656
vt 0.202624 0.316656
vt 0.205912 0.316656
vt 0.208832 0.316656
vt 0.210876 0.316656
vt 0.199540 0.348307
vt 0.197195 0.348307
vt 0.202624 0.348307
vt 0.205912 0.348307
vt 0.208832 0.348307
vt 0.210876 0.348307
vt 0.199540 0.379957
vt 0.197195 0.379957
vt 0.202624 0.379957
vt 0.205912 0.379957
vt 0.208832 0.379957
vt 0.210876 0.379957
vt 0.199540 0.411609
vt 0.197195 0.411609
vt 0.202624 0.411610
vt 0.205912 0.411610
vt 0.208832 0.411610
vt 0.210876 0.411610
vt 0.199540 0.443261
vt 0.197195 0.443261
vt 0.202624 0.443261
vt 0.205912 0.443261
vt 0.208832 0.443261
vt 0.210876 0.443261
vt 0.199540 0.474911
vt 0.197195 0.474911
vt 0.202624 0.474911
vt 0.205912 0.474911
vt 0.208832 0.474911
vt 0.210876 0.474911
vt 0.199540 0.506562
vt 0.197195 0.506562
vt 0.202624 0.506562
vt 0.205912 0.506562
vt 0.208832 0.506562
vt 0.210876 0.506562
vt 0.199540 0.538213
vt 0.197195 0.538213
vt 0.202624 0.538213
vt 0.205912 0.538213
vt 0.208832 0.538213
vt 0.210876 0.538213
vt 0.199540 0.569864
vt 0.197195 0.569864
vt 0.202624 0.569864
vt 0.205912 0.569864
vt 0.208832 0.569864
vt 0.210876 0.569864
vt 0.199539 0.601515
vt 0.197195 0.601515
vt 0.202624 0.601515
vt 0.205912 0.601515
vt 0.208832 0.601515
vt 0.210876 0.601515
vt 0.199540 0.633165
vt 0.197195 0.633165
vt 0.202624 0.633165
vt 0.205912 0.633165
vt 0.208832 0.633165
vt 0.210876 0.633165
vt 0.197195 0.000147
vt 0.199540 0.000146
vt 0.199540 0.031797
vt 0.197195 0.031797
vt 0.202624 0.000147
vt 0.202624 0.031798
vt 0.205912 0.000147
vt 0.205912 0.031798
vt 0.208832 0.000146
vt 0.208832 0.031798
vt 0.210876 0.000147
vt 0.210876 0.031797
vt 0.157053 0.095100
vt 0.154352 0.095100
vt 0.154352 0.063450
vt 0.157053 0.063450
vt 0.159910 0.095100
vt 0.159910 0.063450
vt 0.162781 0.095101
vt 0.162781 0.063450
vt 0.168004 0.095100
vt 0.165525 0.095100
vt 0.165525 0.063450
vt 0.168004 0.063450
vt 0.157053 0.126750
vt 0.154352 0.126751
vt 0.159910 0.126751
vt 0.162781 0.126750
vt 0.165525 0.126750
vt 0.168004 0.126750
vt 0.157053 0.158400
vt 0.154352 0.158400
vt 0.159910 0.158401
vt 0.162781 0.158400
vt 0.165525 0.158400
vt 0.168004 0.158401
vt 0.157052 0.190053
vt 0.154352 0.190053
vt 0.159910 0.190053
vt 0.162781 0.190053
vt 0.165525 0.190053
vt 0.168004 0.190053
vt 0.157052 0.221703
vt 0.154352 0.221703
vt 0.159910 0.221703
vt 0.162781 0.221703
vt 0.165525 0.221703
vt 0.168004 0.221703
vt 0.157052 0.253354
vt 0.154352 0.253354
vt 0.159910 0.253354
vt 0.162781 0.253354
vt 0.165525 0.253354
vt 0.168004 0.253354
vt 0.157052 0.285005
vt 0.154352 0.285005
vt 0.159910 0.285005
vt 0.162781 0.285005
vt 0.165525 0.285005
vt 0.168004 0.285005
vt 0.157052 0.316656
vt 0.154352 0.316656
vt 0.159910 0.316656
vt 0.162781 0.316656
vt 0.165525 0.316656
vt 0.168004 0.316656
vt 0.157052 0.348307
vt 0.154352 0.348307
vt 0.159910 0.348307
vt 0.162781 0.348306
vt 0.165525 0.348307
vt 0.168004 0.348307
vt 0.157052 0.379957
vt 0.154352 0.379957
vt 0.159910 0.379957
vt 0.162781 0.379957
vt 0.165525 0.379957
vt 0.168004 0.379957
vt 0.157052 0.411609
vt 0.154352 0.411609
vt 0.159910 0.411609
vt 0.162781 0.411609
vt 0.165525 0.411610
vt 0.168004 0.411610
vt 0.157052 0.443261
vt 0.154352 0.443261
vt 0.159910 0.443261
vt 0.162781 0.443261
vt 0.165525 0.443261
vt 0.168004 0.443261
vt 0.157052 0.474911
vt 0.154352 0.474911
vt 0.159910 0.474911
vt 0.162781 0.474911
vt 0.165525 0.474911
vt 0.168004 0.474911
vt 0.157052 0.506562
vt 0.154352 0.506562
vt 0.159910 0.506562
vt 0.162781 0.506562
vt 0.165525 0.506562
vt 0.168004 0.506562
vt 0.157052 0.538213
vt 0.154352 0.538213
vt 0.159910 0.538213
vt 0.162781 0.538213
vt 0.165525 0.538213
vt 0.168004 0.538213
vt 0.157052 0.569864
vt 0.154352 0.569864
vt 0.159910 0.569864
vt 0.162781 0.569864
vt 0.165525 0.569864
vt 0.168004 0.569864
vt 0.157052 0.601515
vt 0.154352 0.601515
vt 0.159910 0.601515
vt 0.162781 0.601515
vt 0.165525 0.601515
vt 0.168004 0.601516
vt 0.157052 0.633165
vt 0.154352 0.633165
vt 0.159910 0.633165
vt 0.162781 0.633165
vt 0.165525 0.633165
vt 0.168004 0.633165
vt 0.154352 0.000146
vt 0.157053 0.000147
vt 0.157053 0.031797
vt 0.154352 0.031798
vt 0.159910 0.000146
vt 0.159910 0.031798
vt 0.162781 0.000147
vt 0.162781 0.031797
vt 0.165525 0.000146
vt 0.165525 0.031798
vt 0.168004 0.000147
vt 0.168004 0.031798
vt 0.212873 0.126750
vt 0.212872 0.095100
vt 0.212873 0.158401
vt 0.212872 0.190053
vt 0.212872 0.221703
vt 0.212872 0.253354
vt 0.212872 0.285005
vt 0.212872 0.316656
vt 0.212872 0.348307
vt 0.212872 0.379957
vt 0.212872 0.411609
vt 0.212872 0.443261
vt 0.212872 0.474911
vt 0.212872 0.506562
vt 0.212872 0.538213
vt 0.212872 0.569864
vt 0.212872 0.601515
vt 0.212872 0.633165
vt 0.212872 0.031797
vt 0.212872 0.000147
vt 0.212872 0.063450
vt 0.211216 0.095100
vt 0.211216 0.126750
vt 0.211216 0.158401
vt 0.211216 0.190053
vt 0.211216 0.221703
vt 0.211216 0.253354
vt 0.211216 0.285005
vt 0.211216 0.316656
vt 0.211216 0.348307
vt 0.211216 0.379957
vt 0.211216 0.411610
vt 0.211216 0.443261
vt 0.211216 0.474911
vt 0.211216 0.506562
vt 0.211216 0.538213
vt 0.211216 0.569864
vt 0.211216 0.601515
vt 0.211216 0.633165
vt 0.211216 0.000147
vt 0.211216 0.031798
vt 0.211216 0.063450
vt 0.212329 0.095100
vt 0.212329 0.063450
vt 0.212630 0.095100
vt 0.212630 0.063450
vt 0.212329 0.126750
vt 0.212630 0.126750
vt 0.212329 0.158401
vt 0.212630 0.158401
vt 0.212329 0.190053
vt 0.212630 0.190052
vt 0.212329 0.221703
vt 0.212630 0.221703
vt 0.212329 0.253354
vt 0.212630 0.253354
vt 0.212329 0.285005
vt 0.212630 0.285005
vt 0.212329 0.316656
vt 0.212630 0.316656
vt 0.212329 0.348307
vt 0.212630 0.348307
vt 0.212329 0.379957
vt 0.212630 0.379957
vt 0.212329 0.411610
vt 0.212630 0.411610
vt 0.212329 0.443261
vt 0.212630 0.443261
vt 0.212329 0.474911
vt 0.212630 0.474911
vt 0.212329 0.506562
vt 0.212630 0.506562
vt 0.212329 0.538213
vt 0.212630 0.538213
vt 0.212329 0.569864
vt 0.212630 0.569864
vt 0.212329 0.601515
vt 0.212630 0.601515
vt 0.212329 0.633165
vt 0.212630 0.633165
vt 0.212329 0.000146
vt 0.212329 0.031798
vt 0.212630 0.000146
vt 0.212630 0.031798
vt 0.191245 0.095101
vt 0.191245 0.126751
vt 0.175915 0.126751
vt 0.175915 0.095101
vt 0.191245 0.158400
vt 0.175915 0.158400
vt 0.191245 0.190052
vt 0.175915 0.190052
vt 0.191245 0.221703
vt 0.175915 0.221703
vt 0.191245 0.253354
vt 0.175915 0.253354
vt 0.191245 0.285005
vt 0.175915 0.285005
vt 0.191245 0.316656
vt 0.175915 0.316656
vt 0.191245 0.348306
vt 0.175915 0.348306
vt 0.191245 0.379957
vt 0.175915 0.379957
vt 0.191245 0.411610
vt 0.175915 0.411610
vt 0.191245 0.443261
vt 0.175915 0.443262
vt 0.191245 0.474911
vt 0.175915 0.474911
vt 0.191245 0.506562
vt 0.175915 0.506562
vt 0.191245 0.538213
vt 0.175915 0.538213
vt 0.191245 0.569864
vt 0.175915 0.569864
vt 0.191245 0.601515
vt 0.175915 0.601516
vt 0.191245 0.633165
vt 0.175915 0.633165
vt 0.191245 0.000146
vt 0.191245 0.031798
vt 0.175915 0.031798
vt 0.175915 0.000146
vt 0.191245 0.063450
vt 0.175915 0.063450
vt 0.192555 0.126750
vt 0.192554 0.095100
vt 0.192555 0.158400
vt 0.192554 0.190053
vt 0.192554 0.221703
vt 0.192554 0.253354
vt 0.192554 0.285005
vt 0.192554 0.316656
vt 0.192554 0.348306
vt 0.192554 0.379957
vt 0.192554 0.411609
vt 0.192554 0.443261
vt 0.192554 0.474911
vt 0.192554 0.506562
vt 0.192554 0.538213
vt 0.192554 0.569864
vt 0.192554 0.601516
vt 0.192554 0.633165
vt 0.192554 0.031797
vt 0.192554 0.000146
vt 0.192554 0.063450
vt 0.174501 0.095100
vt 0.174501 0.126750
vt 0.174501 0.158400
vt 0.174501 0.190053
vt 0.174501 0.221703
vt 0.174501 0.253354
vt 0.174501 0.285005
vt 0.174501 0.316656
vt 0.174501 0.348307
vt 0.174501 0.379957
vt 0.174501 0.411610
vt 0.174501 0.443261
vt 0.174501 0.474911
vt 0.174501 0.506562
vt 0.174501 0.538213
vt 0.174501 0.569864
vt 0.174501 0.601516
vt 0.174501 0.633165
vt 0.174501 0.000146
vt 0.174501 0.031798
vt 0.174501 0.063450
vt 0.192305 0.095100
vt 0.192306 0.126750
vt 0.191991 0.095100
vt 0.191991 0.126750
vt 0.191630 0.095100
vt 0.191630 0.126750
vt 0.192306 0.158401
vt 0.191991 0.158400
vt 0.191630 0.158400
vt 0.192305 0.190053
vt 0.191991 0.190053
vt 0.191630 0.190053
vt 0.192305 0.221703
vt 0.191991 0.221703
vt 0.191630 0.221703
vt 0.192305 0.253354
vt 0.191991 0.253354
vt 0.191630 0.253354
vt 0.192305 0.285005
vt 0.191991 0.285005
vt 0.191630 0.285005
vt 0.192305 0.316656
vt 0.191991 0.316656
vt 0.191630 0.316656
vt 0.192305 0.348307
vt 0.191991 0.348307
vt 0.191630 0.348307
vt 0.192305 0.379957
vt 0.191991 0.379957
vt 0.191630 0.379957
vt 0.192305 0.411610
vt 0.191991 0.411610
vt 0.191630 0.411610
vt 0.192305 0.443261
vt 0.191991 0.443261
vt 0.191630 0.443261
vt 0.192305 0.474911
vt 0.191991 0.474911
vt 0.191630 0.474911
vt 0.192305 0.506562
vt 0.191991 0.506562
vt 0.191630 0.506562
vt 0.192305 0.538213
vt 0.191991 0.538213
vt 0.191630 0.538213
vt 0.192305 0.569864
vt 0.191991 0.569864
vt 0.191630 0.569864
vt 0.192305 0.601515
vt 0.191991 0.601515
vt 0.191630 0.601515
vt 0.192305 0.633165
vt 0.191991 0.633165
vt 0.191630 0.633165
vt 0.192305 0.000147
vt 0.192305 0.031797
vt 0.191991 0.000147
vt 0.191991 0.031797
vt 0.191630 0.000147
vt 0.191630 0.031798
vt 0.192305 0.063450
vt 0.191991 0.063450
vt 0.191630 0.063450
vt 0.174821 0.095100
vt 0.174821 0.063450
vt 0.175170 0.095100
vt 0.175170 0.063450
vt 0.175538 0.095100
vt 0.175538 0.063450
vt 0.174821 0.126750
vt 0.175170 0.126750
vt 0.175538 0.126751
vt 0.174821 0.158400
vt 0.175170 0.158400
vt 0.175538 0.158400
vt 0.174821 0.190053
vt 0.175170 0.190053
vt 0.175538 0.190052
vt 0.174821 0.221703
vt 0.175170 0.221703
vt 0.175538 0.221703
vt 0.174821 0.253354
vt 0.175170 0.253354
vt 0.175538 0.253354
vt 0.174821 0.285005
vt 0.175170 0.285005
vt 0.175538 0.285005
vt 0.174821 0.316656
vt 0.175170 0.316656
vt 0.175538 0.316656
vt 0.174821 0.348307
vt 0.175170 0.348307
vt 0.175538 0.348307
vt 0.174821 0.379957
vt 0.175170 0.379957
vt 0.175538 0.379957
vt 0.174821 0.411610
vt 0.175170 0.411609
vt 0.175538 0.411609
vt 0.174821 0.443261
vt 0.175170 0.443261
vt 0.175538 0.443262
vt 0.174821 0.474911
vt 0.175170 0.474911
vt 0.175538 0.474911
vt 0.174821 0.506562
vt 0.175170 0.506562
vt 0.175538 0.506562
vt 0.174821 0.538213
vt 0.175170 0.538213
vt 0.175538 0.538213
vt 0.174821 0.569864
vt 0.175170 0.569864
vt 0.175538 0.569864
vt 0.174821 0.601516
vt 0.175170 0.601515
vt 0.175538 0.601516
vt 0.174821 0.633165
vt 0.175170 0.633165
vt 0.175538 0.633165
vt 0.174821 0.000147
vt 0.174821 0.031798
vt 0.175170 0.000147
vt 0.175170 0.031797
vt 0.175538 0.000146
vt 0.175538 0.031797
vt 0.153463 0.126751
vt 0.153463 0.095101
vt 0.153463 0.158400
vt 0.153463 0.190053
vt 0.153463 0.221703
vt 0.153463 0.253354
vt 0.153463 0.285005
vt 0.153463 0.316656
vt 0.153463 0.348307
vt 0.153463 0.379957
vt 0.153463 0.411609
vt 0.153463 0.443261
vt 0.153463 0.474911
vt 0.153463 0.506562
vt 0.153463 0.538213
vt 0.153463 0.569864
vt 0.153463 0.601515
vt 0.153463 0.633165
vt 0.153463 0.031797
vt 0.153463 0.000146
vt 0.153463 0.063450
vt 0.039524 0.127463
vt 0.038458 0.127465
vt 0.038458 0.095815
vt 0.039524 0.095812
vt 0.040870 0.127458
vt 0.040870 0.095808
vt 0.043908 0.127443
vt 0.042375 0.127452
vt 0.042375 0.095801
vt 0.043908 0.095793
vt 0.038458 0.064163
vt 0.039524 0.064161
vt 0.040870 0.064157
vt 0.042375 0.064151
vt 0.043908 0.064142
vt 0.039524 0.159112
vt 0.038458 0.159114
vt 0.040870 0.159108
vt 0.042375 0.159100
vt 0.043908 0.159092
vt 0.039524 0.190765
vt 0.038458 0.190766
vt 0.040870 0.190760
vt 0.042375 0.190753
vt 0.043908 0.190744
vt 0.039524 0.222415
vt 0.038458 0.222417
vt 0.040870 0.222411
vt 0.042375 0.222404
vt 0.043908 0.222395
vt 0.039524 0.254066
vt 0.038458 0.254068
vt 0.040870 0.254062
vt 0.042375 0.254055
vt 0.043908 0.254046
vt 0.039524 0.285717
vt 0.038458 0.285718
vt 0.040870 0.285713
vt 0.042375 0.285706
vt 0.043908 0.285698
vt 0.039524 0.317368
vt 0.038458 0.317370
vt 0.040870 0.317364
vt 0.042375 0.317357
vt 0.043908 0.317348
vt 0.039524 0.349019
vt 0.038458 0.349021
vt 0.040870 0.349014
vt 0.042375 0.349007
vt 0.043908 0.348999
vt 0.039524 0.380671
vt 0.038458 0.380672
vt 0.040870 0.380665
vt 0.042375 0.380658
vt 0.043908 0.380650
vt 0.039524 0.412321
vt 0.038458 0.412323
vt 0.040870 0.412317
vt 0.042375 0.412309
vt 0.043908 0.412301
vt 0.039524 0.443973
vt 0.038458 0.443974
vt 0.040870 0.443969
vt 0.042375 0.443962
vt 0.043908 0.443953
vt 0.039524 0.475623
vt 0.038458 0.475624
vt 0.040870 0.475619
vt 0.042375 0.475612
vt 0.043908 0.475602
vt 0.039524 0.507274
vt 0.038458 0.507275
vt 0.040870 0.507270
vt 0.042375 0.507263
vt 0.043908 0.507254
vt 0.039524 0.538925
vt 0.038458 0.538926
vt 0.040870 0.538921
vt 0.042375 0.538914
vt 0.043908 0.538905
vt 0.039524 0.570575
vt 0.038458 0.570577
vt 0.040870 0.570571
vt 0.042375 0.570564
vt 0.043908 0.570556
vt 0.039524 0.602228
vt 0.038458 0.602230
vt 0.040870 0.602223
vt 0.042375 0.602216
vt 0.043908 0.602208
vt 0.039524 0.633877
vt 0.038458 0.633879
vt 0.040870 0.633872
vt 0.042375 0.633866
vt 0.043908 0.633857
vt 0.038458 0.000859
vt 0.039524 0.000858
vt 0.039524 0.032510
vt 0.038458 0.032511
vt 0.040870 0.000854
vt 0.040870 0.032506
vt 0.042375 0.000847
vt 0.042375 0.032499
vt 0.043908 0.000838
vt 0.043908 0.032490
vt 0.152276 0.095100
vt 0.152276 0.126750
vt 0.152276 0.063450
vt 0.152276 0.158400
vt 0.152276 0.190053
vt 0.152276 0.221703
vt 0.152276 0.253354
vt 0.152276 0.285005
vt 0.152276 0.316656
vt 0.152276 0.348307
vt 0.152276 0.379957
vt 0.152276 0.411609
vt 0.152276 0.443261
vt 0.152276 0.474911
vt 0.152276 0.506562
vt 0.152276 0.538213
vt 0.152276 0.569864
vt 0.152276 0.601515
vt 0.152276 0.633165
vt 0.152276 0.000146
vt 0.152276 0.031798
vt 0.147761 0.095131
vt 0.147761 0.126781
vt 0.147761 0.158430
vt 0.147761 0.190083
vt 0.147761 0.221734
vt 0.147761 0.253385
vt 0.147761 0.285035
vt 0.147761 0.316687
vt 0.147761 0.348337
vt 0.147761 0.379988
vt 0.147761 0.411640
vt 0.147761 0.443292
vt 0.147761 0.474941
vt 0.147759 0.506593
vt 0.147759 0.538244
vt 0.147759 0.569894
vt 0.147759 0.601546
vt 0.147759 0.633195
vt 0.147761 0.000176
vt 0.147761 0.031828
vt 0.147761 0.063480
vt 0.149469 0.095122
vt 0.149469 0.063471
vt 0.150420 0.095114
vt 0.150420 0.063463
vt 0.151255 0.095107
vt 0.151255 0.063455
vt 0.151895 0.095102
vt 0.151895 0.063451
vt 0.149469 0.126772
vt 0.150420 0.126764
vt 0.151255 0.126757
vt 0.151895 0.126752
vt 0.149469 0.031819
vt 0.150420 0.031810
vt 0.151255 0.031803
vt 0.151895 0.031799
vt 0.149469 0.158420
vt 0.150420 0.158412
vt 0.151255 0.158406
vt 0.151895 0.158402
vt 0.149469 0.190073
vt 0.150420 0.190065
vt 0.151255 0.190058
vt 0.151895 0.190054
vt 0.149469 0.221724
vt 0.150420 0.221715
vt 0.151255 0.221709
vt 0.151895 0.221705
vt 0.149469 0.253375
vt 0.150420 0.253366
vt 0.151255 0.253360
vt 0.151895 0.253356
vt 0.149469 0.285026
vt 0.150420 0.285017
vt 0.151255 0.285011
vt 0.151895 0.285007
vt 0.149469 0.316677
vt 0.150420 0.316669
vt 0.151255 0.316662
vt 0.151895 0.316658
vt 0.149469 0.348328
vt 0.150420 0.348319
vt 0.151255 0.348314
vt 0.151895 0.348309
vt 0.149469 0.379979
vt 0.150420 0.379970
vt 0.151255 0.379964
vt 0.151895 0.379959
vt 0.149469 0.411630
vt 0.150420 0.411621
vt 0.151255 0.411615
vt 0.151895 0.411611
vt 0.149469 0.443282
vt 0.150420 0.443274
vt 0.151255 0.443267
vt 0.151895 0.443262
vt 0.149469 0.474931
vt 0.150420 0.474923
vt 0.151255 0.474917
vt 0.151895 0.474912
vt 0.149469 0.506584
vt 0.150420 0.506574
vt 0.151255 0.506568
vt 0.151895 0.506564
vt 0.149469 0.538235
vt 0.150420 0.538225
vt 0.151255 0.538219
vt 0.151895 0.538215
vt 0.149469 0.569885
vt 0.150420 0.569877
vt 0.151255 0.569869
vt 0.151895 0.569865
vt 0.149469 0.601537
vt 0.150420 0.601529
vt 0.151255 0.601522
vt 0.151895 0.601517
vt 0.149469 0.633186
vt 0.150420 0.633178
vt 0.151255 0.633171
vt 0.151895 0.633166
vt 0.149469 0.000168
vt 0.150420 0.000159
vt 0.151255 0.000152
vt 0.151895 0.000148
vt 0.000567 0.127465
vt 0.000567 0.095817
vt 0.000567 0.159112
vt 0.000567 0.190765
vt 0.000567 0.222416
vt 0.000567 0.254067
vt 0.000567 0.285718
vt 0.000567 0.317370
vt 0.000567 0.349021
vt 0.000567 0.380672
vt 0.000567 0.412323
vt 0.000567 0.443974
vt 0.000567 0.475624
vt 0.000567 0.507276
vt 0.000567 0.538926
vt 0.000567 0.570577
vt 0.000567 0.602231
vt 0.000567 0.633879
vt 0.000567 0.032512
vt 0.000567 0.000859
vt 0.000567 0.064164
vt 0.163264 0.797288
vt 0.162448 0.796470
vt 0.179684 0.772747
vt 0.180713 0.773272
vt 0.164087 0.798112
vt 0.181750 0.773801
vt 0.000146 0.127466
vt 0.000146 0.095816
vt 0.164916 0.798941
vt 0.182795 0.774334
vt 0.188745 0.744855
vt 0.189886 0.745037
vt 0.191037 0.745220
vt 0.000146 0.064164
vt 0.192194 0.745404
vt 0.139251 0.814736
vt 0.138726 0.813706
vt 0.139780 0.815773
vt 0.140312 0.816819
vt 0.000146 0.159111
vt 0.111015 0.823910
vt 0.110834 0.822769
vt 0.111197 0.825061
vt 0.111380 0.826219
vt 0.000146 0.190765
vt 0.081328 0.823911
vt 0.081509 0.822770
vt 0.081146 0.825061
vt 0.080962 0.826220
vt 0.000146 0.222416
vt 0.053095 0.814738
vt 0.053619 0.813708
vt 0.052566 0.815775
vt 0.052033 0.816820
vt 0.000146 0.254067
vt 0.029078 0.797289
vt 0.029895 0.796472
vt 0.028254 0.798112
vt 0.027424 0.798941
vt 0.000146 0.285718
vt 0.011628 0.773272
vt 0.012658 0.772748
vt 0.010590 0.773800
vt 0.009545 0.774332
vt 0.000146 0.317370
vt 0.002454 0.745039
vt 0.003595 0.744859
vt 0.001304 0.745221
vt 0.000146 0.745404
vt 0.000146 0.349019
vt 0.002454 0.715353
vt 0.003595 0.715535
vt 0.001303 0.715170
vt 0.000146 0.714987
vt 0.000146 0.380672
vt 0.011627 0.687119
vt 0.012656 0.687644
vt 0.010590 0.686590
vt 0.009545 0.686057
vt 0.000146 0.412324
vt 0.029076 0.663102
vt 0.029892 0.663919
vt 0.028253 0.662278
vt 0.027424 0.661449
vt 0.000146 0.443975
vt 0.053091 0.645654
vt 0.053616 0.646682
vt 0.052564 0.644615
vt 0.052031 0.643571
vt 0.000146 0.475624
vt 0.081325 0.636479
vt 0.081506 0.637620
vt 0.081143 0.635328
vt 0.080960 0.634170
vt 0.000146 0.507276
vt 0.111011 0.636478
vt 0.110830 0.637619
vt 0.111193 0.635328
vt 0.111378 0.634170
vt 0.000146 0.538926
vt 0.139244 0.645652
vt 0.138720 0.646680
vt 0.139773 0.644614
vt 0.140306 0.643569
vt 0.000146 0.570577
vt 0.163262 0.663101
vt 0.162446 0.663916
vt 0.164086 0.662278
vt 0.164917 0.661449
vt 0.000146 0.602231
vt 0.180710 0.687115
vt 0.179681 0.687638
vt 0.181749 0.686587
vt 0.182793 0.686054
vt 0.000146 0.633879
vt 0.189886 0.715349
vt 0.188744 0.715529
vt 0.191036 0.715167
vt 0.192194 0.714985
vt 0.000146 0.000859
vt 0.000146 0.032511
vt 0.152087 0.758642
vt 0.140561 0.774529
vt 0.096169 0.730196
vt 0.124691 0.786074
vt 0.106025 0.792152
vt 0.086396 0.792165
vt 0.067725 0.786113
vt 0.051837 0.774585
vt 0.040290 0.758712
vt 0.034212 0.740049
vt 0.034200 0.720420
vt 0.040253 0.701748
vt 0.051779 0.685862
vt 0.067651 0.674314
vt 0.086315 0.668236
vt 0.105943 0.668224
vt 0.124615 0.674277
vt 0.140504 0.685805
vt 0.152049 0.701674
vt 0.158128 0.720340
vt 0.158140 0.739969
vt 0.157702 0.791741
vt 0.173708 0.769716
vt 0.135675 0.807741
vt 0.109775 0.816153
vt 0.082546 0.816151
vt 0.056651 0.807734
vt 0.034625 0.791726
vt 0.018622 0.769696
vt 0.010211 0.743799
vt 0.010214 0.716572
vt 0.018630 0.690675
vt 0.034638 0.668649
vt 0.056667 0.652648
vt 0.082565 0.644236
vt 0.109793 0.644238
vt 0.135688 0.652656
vt 0.157716 0.668663
vt 0.173717 0.690690
vt 0.182129 0.716588
vt 0.182126 0.743818
vt 0.152022 0.786019
vt 0.132041 0.800543
vt 0.146308 0.780275
vt 0.128382 0.793315
vt 0.166538 0.766028
vt 0.159329 0.762331
vt 0.108543 0.808185
vt 0.107297 0.800179
vt 0.083837 0.808191
vt 0.085126 0.800193
vt 0.060339 0.800562
vt 0.064036 0.793354
vt 0.040348 0.786047
vt 0.046091 0.780332
vt 0.025820 0.766062
vt 0.033048 0.762403
vt 0.018180 0.742568
vt 0.026185 0.741322
vt 0.018173 0.717862
vt 0.026172 0.719150
vt 0.025802 0.694363
vt 0.033011 0.698060
vt 0.040319 0.674371
vt 0.046032 0.680115
vt 0.060301 0.659845
vt 0.063960 0.667074
vt 0.083797 0.652204
vt 0.085043 0.660210
vt 0.108502 0.652199
vt 0.107213 0.660196
vt 0.132000 0.659827
vt 0.128304 0.667036
vt 0.151993 0.674343
vt 0.146250 0.680058
vt 0.166519 0.694325
vt 0.159291 0.697985
vt 0.174160 0.717820
vt 0.166155 0.719067
vt 0.174167 0.742528
vt 0.166168 0.741240
vt 0.274851 0.126750
vt 0.267576 0.126750
vt 0.267576 0.095100
vt 0.274851 0.095101
vt 0.260451 0.126750
vt 0.260451 0.095101
vt 0.253538 0.126751
vt 0.253539 0.095101
vt 0.246907 0.126750
vt 0.246907 0.095100
vt 0.240623 0.126750
vt 0.240623 0.095100
vt 0.240623 0.285005
vt 0.240623 0.316656
vt 0.240623 0.253354
vt 0.240623 0.221703
vt 0.240623 0.190052
vt 0.240623 0.158400
vt 0.240623 0.063450
vt 0.240623 0.031797
vt 0.240623 0.000147
vt 0.240623 0.601515
vt 0.240623 0.633165
vt 0.240623 0.569864
vt 0.240623 0.538213
vt 0.240623 0.506562
vt 0.240623 0.474911
vt 0.240623 0.443261
vt 0.240623 0.411610
vt 0.240623 0.379957
vt 0.240623 0.348307
vt 0.274851 0.316656
vt 0.274851 0.285005
vt 0.274851 0.253354
vt 0.274851 0.221703
vt 0.274851 0.190052
vt 0.274851 0.158399
vt 0.274851 0.063449
vt 0.274851 0.031798
vt 0.274851 0.000147
vt 0.274851 0.633165
vt 0.274851 0.601516
vt 0.274851 0.569864
vt 0.274851 0.538213
vt 0.274851 0.506562
vt 0.274851 0.474911
vt 0.274851 0.443261
vt 0.274851 0.411610
vt 0.274851 0.379957
vt 0.274851 0.348307
vt 0.267576 0.316656
vt 0.267576 0.348307
vt 0.260451 0.316656
vt 0.260451 0.348307
vt 0.253538 0.316656
vt 0.253538 0.348307
vt 0.246907 0.316656
vt 0.246907 0.348307
vt 0.267576 0.285005
vt 0.260451 0.285004
vt 0.253538 0.285005
vt 0.246907 0.285005
vt 0.267576 0.253354
vt 0.260451 0.253354
vt 0.253538 0.253354
vt 0.246907 0.253354
vt 0.267576 0.221703
vt 0.260451 0.221703
vt 0.253538 0.221703
vt 0.246907 0.221703
vt 0.267576 0.190053
vt 0.260451 0.190053
vt 0.253538 0.190052
vt 0.246907 0.190052
vt 0.267576 0.158399
vt 0.260451 0.158400
vt 0.253538 0.158401
vt 0.246907 0.158400
vt 0.267576 0.063449
vt 0.260451 0.063449
vt 0.253539 0.063449
vt 0.246907 0.063450
vt 0.267576 0.031797
vt 0.260451 0.031798
vt 0.253539 0.031797
vt 0.246907 0.031797
vt 0.267576 0.000147
vt 0.260451 0.000147
vt 0.253539 0.000147
vt 0.246907 0.000147
vt 0.267576 0.633165
vt 0.267576 0.601516
vt 0.260451 0.633166
vt 0.260451 0.601516
vt 0.253538 0.633165
vt 0.253538 0.601515
vt 0.246907 0.633166
vt 0.246907 0.601516
vt 0.267576 0.569864
vt 0.260451 0.569864
vt 0.253538 0.569864
vt 0.246907 0.569864
vt 0.267576 0.538213
vt 0.260451 0.538213
vt 0.253538 0.538213
vt 0.246907 0.538213
vt 0.267576 0.506562
vt 0.260451 0.506562
vt 0.253538 0.506562
vt 0.246907 0.506562
vt 0.267576 0.474911
vt 0.260451 0.474911
vt 0.253538 0.474911
vt 0.246907 0.474911
vt 0.267576 0.443261
vt 0.260451 0.443261
vt 0.253538 0.443262
vt 0.246907 0.443262
vt 0.267576 0.411609
vt 0.260451 0.411610
vt 0.253538 0.411610
vt 0.246907 0.411610
vt 0.267576 0.379957
vt 0.260451 0.379957
vt 0.253538 0.379957
vt 0.246907 0.379957
s 1
usemtl initialShadingGroup.001
f 4/1/1 1/2/1 2/3/1 5/4/1
f 1/5/2 3/6/3 35/7/4 2/8/5
f 4/9/6 6/10/7 3/6/7 1/5/6
f 5/11/8 7/12/9 6/13/10 4/14/11
f 7/12/9 10/15/12 8/16/13 6/13/10
f 6/10/7 8/17/14 9/18/14 3/6/7
f 8/17/14 11/19/15 13/20/15 9/18/14
f 10/15/12 14/21/16 11/22/17 8/16/13
f 11/19/15 12/23/18 48/24/18 13/20/15
f 14/21/16 15/25/19 12/26/20 11/22/17
f 14/21/16 10/15/12 19/27/21 16/28/22
f 15/25/19 14/21/16 16/28/22 17/29/23
f 17/29/23 16/28/22 18/30/24 43/31/25
f 16/28/22 19/27/21 21/32/26 18/30/24
f 10/15/12 7/12/9 20/33/27 19/27/21
f 19/27/21 20/33/27 23/34/28 21/32/26
f 22/35/29 41/36/30 18/30/30 21/32/29
f 24/37/31 22/35/29 21/32/29 23/34/31
f 20/33/27 27/38/32 25/39/33 23/34/28
f 26/40/34 24/37/31 23/34/31 25/39/34
f 27/41/35 28/42/35 26/40/35 25/39/35
f 27/38/32 5/11/8 31/43/36 29/44/36
f 7/12/9 5/11/8 27/38/32 20/33/27
f 28/42/37 27/41/37 29/45/37 30/46/37
f 31/47/38 32/48/38 30/46/38 29/45/38
f 5/4/39 2/3/39 32/48/39 31/47/39
f 2/8/5 28/49/40 30/50/41 32/51/41
f 28/49/40 33/52/42 24/37/43 26/40/44
f 2/8/5 35/7/4 33/52/42 28/49/40
f 33/52/42 34/53/45 22/35/46 24/37/43
f 35/7/4 36/54/47 34/53/45 33/52/42
f 3/6/3 9/18/48 36/54/47 35/7/4
f 9/18/48 13/20/49 37/55/50 36/54/47
f 36/54/47 37/55/50 39/56/51 34/53/45
f 13/20/49 48/24/52 38/57/53 37/55/50
f 37/55/50 38/57/53 40/58/54 39/56/51
f 39/56/51 40/58/54 42/59/55 41/36/56
f 34/53/45 39/56/51 41/36/56 22/35/46
f 41/36/30 42/59/57 43/31/57 18/30/30
f 40/60/58 17/61/58 43/31/58 42/59/58
f 17/61/59 40/60/59 44/62/59 46/63/59
f 40/58/54 38/57/53 45/64/41 44/65/41
f 45/66/60 47/67/60 46/63/60 44/62/60
f 15/25/19 17/29/23 46/68/36 47/69/36
f 38/70/61 15/71/61 47/67/61 45/66/61
f 48/72/62 12/73/62 15/71/62 38/70/62
f 49/74/63 50/75/64 70/76/64 69/77/63
f 50/75/64 51/78/65 71/79/65 70/76/64
f 51/78/65 52/80/66 72/81/66 71/79/65
f 52/80/66 53/82/36 73/83/36 72/81/66
f 53/82/36 54/84/67 74/85/67 73/83/36
f 54/84/67 55/86/68 75/87/68 74/85/67
f 55/86/68 56/88/69 76/89/69 75/87/68
f 56/88/69 57/90/70 77/91/70 76/89/69
f 57/90/70 58/92/38 78/93/38 77/91/70
f 58/92/38 59/94/71 79/95/71 78/93/38
f 59/94/71 60/96/72 80/97/72 79/95/71
f 60/96/72 61/98/73 81/99/73 80/97/72
f 61/98/73 62/100/74 82/101/74 81/99/73
f 62/100/74 63/102/41 83/103/41 82/101/74
f 63/102/41 64/104/75 84/105/75 83/103/41
f 64/104/75 65/106/76 85/107/76 84/105/75
f 65/106/76 66/108/77 86/109/77 85/107/76
f 66/108/77 67/110/78 87/111/78 86/109/77
f 67/110/78 68/112/60 88/113/60 87/111/78
f 68/112/60 49/74/63 69/77/63 88/113/60
f 50/75/14 49/74/14 89/114/14
f 51/78/14 50/75/14 89/114/14
f 52/80/14 51/78/14 89/114/14
f 53/82/14 52/80/14 89/114/14
f 54/84/14 53/82/14 89/114/14
f 55/86/14 54/84/14 89/114/14
f 56/88/14 55/86/14 89/114/14
f 57/90/14 56/88/14 89/114/14
f 58/92/14 57/90/14 89/114/14
f 59/94/14 58/92/14 89/114/14
f 60/96/14 59/94/14 89/114/14
f 61/98/14 60/96/14 89/114/14
f 62/100/14 61/98/14 89/114/14
f 63/102/14 62/100/14 89/114/14
f 64/104/14 63/102/14 89/114/14
f 65/106/14 64/104/14 89/114/14
f 66/108/14 65/106/14 89/114/14
f 67/110/14 66/108/14 89/114/14
f 68/112/14 67/110/14 89/114/14
f 49/74/14 68/112/14 89/114/14
f 530/115/79 531/116/80 111/117/81 110/118/82
f 531/116/80 532/119/83 112/120/84 111/117/81
f 532/119/83 533/121/85 113/122/86 112/120/84
f 533/121/85 534/123/87 114/124/88 113/122/86
f 534/123/87 535/125/89 115/126/90 114/124/88
f 535/125/89 536/127/91 116/128/92 115/126/90
f 536/127/91 537/129/93 117/130/94 116/128/92
f 537/129/93 538/131/95 118/132/96 117/130/94
f 538/131/95 539/133/97 119/134/98 118/132/96
f 539/133/97 540/135/99 120/136/100 119/134/98
f 540/135/99 541/137/101 121/138/102 120/136/100
f 541/137/101 542/139/103 122/140/104 121/138/102
f 542/139/103 543/141/105 123/142/106 122/140/104
f 543/141/105 544/143/107 124/144/108 123/142/106
f 544/143/107 545/145/109 125/146/110 124/144/108
f 545/145/109 546/147/111 126/148/112 125/146/110
f 546/147/111 547/149/113 127/150/114 126/148/112
f 547/151/113 548/152/115 128/153/116 127/154/114
f 548/152/115 549/155/117 129/156/118 128/153/116
f 549/155/117 530/115/79 110/118/82 129/156/118
f 132/157/119 133/158/120 209/159/121 208/160/122
f 130/161/123 131/162/124 207/163/125 206/164/126
f 131/162/127 132/157/128 208/160/129 207/163/129
f 133/158/120 132/157/119 136/165/130 137/166/131
f 132/157/128 131/162/127 135/167/132 136/165/132
f 131/162/124 130/161/123 134/168/133 135/167/134
f 137/166/131 136/165/130 140/169/135 141/170/136
f 136/165/132 135/167/132 139/171/137 140/169/137
f 135/167/134 134/168/133 138/172/138 139/171/139
f 141/170/136 140/169/135 144/173/140 145/174/141
f 140/169/137 139/171/137 143/175/142 144/173/142
f 139/171/139 138/172/138 142/176/143 143/175/144
f 145/174/141 144/173/140 148/177/145 149/178/146
f 144/173/142 143/175/142 147/179/147 148/177/147
f 143/175/144 142/176/143 146/180/148 147/179/149
f 149/178/146 148/177/145 152/181/150 153/182/151
f 148/177/147 147/179/147 151/183/152 152/181/152
f 147/179/149 146/180/148 150/184/153 151/183/154
f 153/182/151 152/181/150 156/185/155 157/186/156
f 152/181/152 151/183/152 155/187/157 156/185/157
f 151/183/154 150/184/153 154/188/158 155/187/159
f 157/186/156 156/185/155 160/189/160 161/190/161
f 156/185/157 155/187/157 159/191/162 160/189/162
f 155/187/159 154/188/158 158/192/163 159/191/164
f 161/190/161 160/189/160 164/193/165 165/194/166
f 160/189/162 159/191/162 163/195/167 164/193/168
f 159/191/164 158/192/163 162/196/169 163/195/170
f 165/194/166 164/193/165 168/197/171 169/198/172
f 164/193/168 163/195/167 167/199/173 168/197/173
f 163/195/170 162/196/169 166/200/174 167/199/175
f 169/198/172 168/197/171 172/201/176 173/202/177
f 168/197/173 167/199/173 171/203/178 172/201/179
f 167/199/175 166/200/174 170/204/180 171/203/181
f 173/202/177 172/201/176 176/205/182 177/206/183
f 172/201/179 171/203/178 175/207/184 176/205/185
f 171/203/181 170/204/180 174/208/186 175/207/187
f 177/206/183 176/205/182 180/209/188 181/210/189
f 176/205/185 175/207/184 179/211/190 180/209/190
f 175/207/187 174/208/186 178/212/191 179/211/192
f 181/210/189 180/209/188 184/213/193 185/214/194
f 180/209/190 179/211/190 183/215/195 184/213/195
f 179/211/192 178/212/191 182/216/196 183/215/197
f 185/214/194 184/213/193 188/217/198 189/218/199
f 184/213/195 183/215/195 187/219/200 188/217/200
f 183/215/197 182/216/196 186/220/201 187/219/202
f 189/218/199 188/217/198 192/221/203 193/222/204
f 188/217/200 187/219/200 191/223/205 192/221/206
f 187/219/202 186/220/201 190/224/207 191/223/208
f 193/222/204 192/221/203 196/225/209 197/226/210
f 192/221/206 191/223/205 195/227/211 196/225/211
f 191/223/208 190/224/207 194/228/212 195/227/213
f 197/226/210 196/225/209 200/229/214 201/230/215
f 196/225/211 195/227/211 199/231/216 200/229/217
f 195/227/213 194/228/212 198/232/218 199/231/219
f 201/233/215 200/234/214 204/235/220 205/236/221
f 200/234/217 199/237/216 203/238/222 204/235/223
f 199/237/219 198/239/218 202/240/224 203/238/225
f 205/236/221 204/235/220 208/160/122 209/159/121
f 204/235/223 203/238/222 207/163/129 208/160/129
f 203/238/225 202/240/224 206/164/126 207/163/125
f 210/241/226 215/242/227 91/243/228 90/244/229
f 215/242/227 220/245/230 92/246/231 91/243/228
f 220/245/230 225/247/232 93/248/233 92/246/231
f 225/247/232 230/249/234 94/250/235 93/248/233
f 230/249/234 235/251/236 95/252/237 94/250/235
f 235/251/236 240/253/238 96/254/239 95/252/237
f 240/253/238 245/255/240 97/256/241 96/254/239
f 245/255/240 250/257/242 98/258/243 97/256/241
f 250/257/242 255/259/244 99/260/245 98/258/243
f 255/259/244 260/261/246 100/262/247 99/260/245
f 260/261/246 265/263/248 101/264/249 100/262/247
f 265/263/248 270/265/250 102/266/251 101/264/249
f 270/265/250 275/267/252 103/268/253 102/266/251
f 275/267/252 280/269/254 104/270/255 103/268/253
f 280/269/254 285/271/256 105/272/257 104/270/255
f 285/271/256 290/273/258 106/274/259 105/272/257
f 290/273/258 295/275/260 107/276/261 106/274/259
f 295/277/260 300/278/262 108/279/263 107/280/261
f 300/278/262 305/281/264 109/282/265 108/279/263
f 305/281/264 210/241/226 90/244/229 109/282/265
f 133/158/120 137/166/131 219/283/266 214/284/267
f 137/166/131 141/170/136 224/285/268 219/283/266
f 141/170/136 145/174/141 229/286/269 224/285/268
f 145/174/141 149/178/146 234/287/270 229/286/269
f 149/178/146 153/182/151 239/288/271 234/287/270
f 153/182/151 157/186/156 244/289/272 239/288/271
f 157/186/156 161/190/161 249/290/273 244/289/272
f 161/190/161 165/194/166 254/291/274 249/290/273
f 165/194/166 169/198/172 259/292/275 254/291/274
f 169/198/172 173/202/177 264/293/276 259/292/275
f 173/202/177 177/206/183 269/294/277 264/293/276
f 177/206/183 181/210/189 274/295/278 269/294/277
f 181/210/189 185/214/194 279/296/279 274/295/278
f 185/214/194 189/218/199 284/297/280 279/296/279
f 189/218/199 193/222/204 289/298/281 284/297/280
f 193/222/204 197/226/210 294/299/282 289/298/281
f 197/226/210 201/230/215 299/300/283 294/299/282
f 201/233/215 205/236/221 304/301/284 299/302/283
f 205/236/221 209/159/121 309/303/285 304/301/284
f 209/159/121 133/158/120 214/284/267 309/303/285
f 213/304/286 214/284/267 219/283/266 218/305/287
f 212/306/288 213/304/286 218/305/287 217/307/289
f 210/241/226 211/308/290 216/309/291 215/242/227
f 211/308/290 212/306/288 217/307/289 216/309/291
f 218/305/287 219/283/266 224/285/268 223/310/292
f 217/307/289 218/305/287 223/310/292 222/311/293
f 215/242/227 216/309/291 221/312/294 220/245/230
f 216/309/291 217/307/289 222/311/293 221/312/294
f 223/310/292 224/285/268 229/286/269 228/313/295
f 222/311/293 223/310/292 228/313/295 227/314/296
f 220/245/230 221/312/294 226/315/297 225/247/232
f 221/312/294 222/311/293 227/314/296 226/315/297
f 228/313/295 229/286/269 234/287/270 233/316/298
f 227/314/296 228/313/295 233/316/298 232/317/299
f 225/247/232 226/315/297 231/318/300 230/249/234
f 226/315/297 227/314/296 232/317/299 231/318/300
f 233/316/298 234/287/270 239/288/271 238/319/301
f 232/317/299 233/316/298 238/319/301 237/320/302
f 230/249/234 231/318/300 236/321/303 235/251/236
f 231/318/300 232/317/299 237/320/302 236/321/303
f 238/319/301 239/288/271 244/289/272 243/322/304
f 237/320/302 238/319/301 243/322/304 242/323/305
f 235/251/236 236/321/303 241/324/306 240/253/238
f 236/321/303 237/320/302 242/323/305 241/324/306
f 243/322/304 244/289/272 249/290/273 248/325/307
f 242/323/305 243/322/304 248/325/307 247/326/308
f 240/253/238 241/324/306 246/327/309 245/255/240
f 241/324/306 242/323/305 247/326/308 246/327/309
f 248/325/307 249/290/273 254/291/274 253/328/310
f 247/326/308 248/325/307 253/328/310 252/329/311
f 245/255/240 246/327/309 251/330/312 250/257/242
f 246/327/309 247/326/308 252/329/311 251/330/312
f 253/328/310 254/291/274 259/292/275 258/331/313
f 252/329/311 253/328/310 258/331/313 257/332/314
f 250/257/242 251/330/312 256/333/315 255/259/244
f 251/330/312 252/329/311 257/332/314 256/333/315
f 258/331/313 259/292/275 264/293/276 263/334/316
f 257/332/314 258/331/313 263/334/316 262/335/317
f 255/259/244 256/333/315 261/336/318 260/261/246
f 256/333/315 257/332/314 262/335/317 261/336/318
f 263/334/316 264/293/276 269/294/277 268/337/319
f 262/335/317 263/334/316 268/337/319 267/338/320
f 260/261/246 261/336/318 266/339/321 265/263/248
f 261/336/318 262/335/317 267/338/320 266/339/321
f 268/337/319 269/294/277 274/295/278 273/340/322
f 267/338/320 268/337/319 273/340/322 272/341/323
f 265/263/248 266/339/321 271/342/324 270/265/250
f 266/339/321 267/338/320 272/341/323 271/342/324
f 273/340/322 274/295/278 279/296/279 278/343/325
f 272/341/323 273/340/322 278/343/325 277/344/326
f 270/265/250 271/342/324 276/345/327 275/267/252
f 271/342/324 272/341/323 277/344/326 276/345/327
f 278/343/325 279/296/279 284/297/280 283/346/328
f 277/344/326 278/343/325 283/346/328 282/347/329
f 275/267/252 276/345/327 281/348/330 280/269/254
f 276/345/327 277/344/326 282/347/329 281/348/330
f 283/346/328 284/297/280 289/298/281 288/349/331
f 282/347/329 283/346/328 288/349/331 287/350/332
f 280/269/254 281/348/330 286/351/333 285/271/256
f 281/348/330 282/347/329 287/350/332 286/351/333
f 288/349/331 289/298/281 294/299/282 293/352/334
f 287/350/332 288/349/331 293/352/334 292/353/335
f 285/271/256 286/351/333 291/354/336 290/273/258
f 286/351/333 287/350/332 292/353/335 291/354/336
f 293/352/334 294/299/282 299/300/283 298/355/337
f 292/353/335 293/352/334 298/355/337 297/356/338
f 290/273/258 291/354/336 296/357/339 295/275/260
f 291/354/336 292/353/335 297/356/338 296/357/339
f 298/358/337 299/302/283 304/301/284 303/359/340
f 297/360/338 298/358/337 303/359/340 302/361/341
f 295/277/260 296/362/339 301/363/342 300/278/262
f 296/362/339 297/360/338 302/361/341 301/363/342
f 303/359/340 304/301/284 309/303/285 308/364/343
f 302/361/341 303/359/340 308/364/343 307/365/344
f 300/278/262 301/363/342 306/366/345 305/281/264
f 301/363/342 302/361/341 307/365/344 306/366/345
f 214/284/267 213/304/286 308/364/343 309/303/285
f 213/304/286 212/306/288 307/365/344 308/364/343
f 212/306/288 211/308/290 306/366/345 307/365/344
f 211/308/290 210/241/226 305/281/264 306/366/345
f 69/367/63 70/368/64 315/369/346 310/370/347
f 70/368/64 71/371/65 320/372/348 315/369/346
f 71/371/65 72/373/66 325/374/349 320/372/348
f 72/373/66 73/375/36 330/376/350 325/374/349
f 73/375/36 74/377/67 335/378/351 330/376/350
f 74/377/67 75/379/68 340/380/352 335/378/351
f 75/379/68 76/381/69 345/382/353 340/380/352
f 76/381/69 77/383/70 350/384/354 345/382/353
f 77/383/70 78/385/38 355/386/355 350/384/354
f 78/385/38 79/387/71 360/388/356 355/386/355
f 79/387/71 80/389/72 365/390/357 360/388/356
f 80/389/72 81/391/73 370/392/358 365/390/357
f 81/391/73 82/393/74 375/394/359 370/392/358
f 82/393/74 83/395/41 380/396/360 375/394/359
f 83/395/41 84/397/75 385/398/361 380/396/360
f 84/397/75 85/399/76 390/400/362 385/398/361
f 85/399/76 86/401/77 395/402/363 390/400/362
f 86/403/77 87/404/78 400/405/364 395/406/363
f 87/404/78 88/407/60 405/408/365 400/405/364
f 88/407/60 69/367/63 310/370/347 405/408/365
f 314/409/366 319/410/367 134/168/133 130/161/123
f 319/410/367 324/411/368 138/172/138 134/168/133
f 324/411/368 329/412/369 142/176/143 138/172/138
f 329/412/369 334/413/370 146/180/148 142/176/143
f 334/413/370 339/414/371 150/184/153 146/180/148
f 339/414/371 344/415/372 154/188/158 150/184/153
f 344/415/372 349/416/373 158/192/163 154/188/158
f 349/416/373 354/417/374 162/196/169 158/192/163
f 354/417/374 359/418/375 166/200/174 162/196/169
f 359/418/375 364/419/376 170/204/180 166/200/174
f 364/419/376 369/420/377 174/208/186 170/204/180
f 369/420/377 374/421/378 178/212/191 174/208/186
f 374/421/378 379/422/379 182/216/196 178/212/191
f 379/422/379 384/423/380 186/220/201 182/216/196
f 384/423/380 389/424/381 190/224/207 186/220/201
f 389/424/381 394/425/382 194/228/212 190/224/207
f 394/425/382 399/426/383 198/232/218 194/228/212
f 399/427/383 404/428/384 202/240/224 198/239/218
f 404/428/384 409/429/385 206/164/126 202/240/224
f 409/429/385 314/409/366 130/161/123 206/164/126
f 313/430/386 314/409/366 409/429/385 408/431/387
f 312/432/388 313/430/386 408/431/387 407/433/389
f 310/370/347 311/434/390 406/435/391 405/408/365
f 311/434/390 312/432/388 407/433/389 406/435/391
f 314/409/366 313/430/386 318/436/392 319/410/367
f 313/430/386 312/432/388 317/437/393 318/436/392
f 312/432/388 311/434/390 316/438/394 317/437/393
f 311/434/390 310/370/347 315/369/346 316/438/394
f 319/410/367 318/436/392 323/439/395 324/411/368
f 318/436/392 317/437/393 322/440/396 323/439/395
f 317/437/393 316/438/394 321/441/397 322/440/396
f 316/438/394 315/369/346 320/372/348 321/441/397
f 324/411/368 323/439/395 328/442/398 329/412/369
f 323/439/395 322/440/396 327/443/399 328/442/398
f 322/440/396 321/441/397 326/444/400 327/443/399
f 321/441/397 320/372/348 325/374/349 326/444/400
f 329/412/369 328/442/398 333/445/401 334/413/370
f 328/442/398 327/443/399 332/446/402 333/445/401
f 327/443/399 326/444/400 331/447/403 332/446/402
f 326/444/400 325/374/349 330/376/350 331/447/403
f 334/413/370 333/445/401 338/448/404 339/414/371
f 333/445/401 332/446/402 337/449/405 338/448/404
f 332/446/402 331/447/403 336/450/406 337/449/405
f 331/447/403 330/376/350 335/378/351 336/450/406
f 339/414/371 338/448/404 343/451/407 344/415/372
f 338/448/404 337/449/405 342/452/408 343/451/407
f 337/449/405 336/450/406 341/453/409 342/452/408
f 336/450/406 335/378/351 340/380/352 341/453/409
f 344/415/372 343/451/407 348/454/410 349/416/373
f 343/451/407 342/452/408 347/455/411 348/454/410
f 342/452/408 341/453/409 346/456/412 347/455/411
f 341/453/409 340/380/352 345/382/353 346/456/412
f 349/416/373 348/454/410 353/457/413 354/417/374
f 348/454/410 347/455/411 352/458/414 353/457/413
f 347/455/411 346/456/412 351/459/415 352/458/414
f 346/456/412 345/382/353 350/384/354 351/459/415
f 354/417/374 353/457/413 358/460/416 359/418/375
f 353/457/413 352/458/414 357/461/417 358/460/416
f 352/458/414 351/459/415 356/462/418 357/461/417
f 351/459/415 350/384/354 355/386/355 356/462/418
f 359/418/375 358/460/416 363/463/419 364/419/376
f 358/460/416 357/461/417 362/464/420 363/463/419
f 357/461/417 356/462/418 361/465/421 362/464/420
f 356/462/418 355/386/355 360/388/356 361/465/421
f 364/419/376 363/463/419 368/466/422 369/420/377
f 363/463/419 362/464/420 367/467/423 368/466/422
f 362/464/420 361/465/421 366/468/424 367/467/423
f 361/465/421 360/388/356 365/390/357 366/468/424
f 369/420/377 368/466/422 373/469/425 374/421/378
f 368/466/422 367/467/423 372/470/426 373/469/425
f 367/467/423 366/468/424 371/471/427 372/470/426
f 366/468/424 365/390/357 370/392/358 371/471/427
f 374/421/378 373/469/425 378/472/428 379/422/379
f 373/469/425 372/470/426 377/473/429 378/472/428
f 372/470/426 371/471/427 376/474/430 377/473/429
f 371/471/427 370/392/358 375/394/359 376/474/430
f 379/422/379 378/472/428 383/475/431 384/423/380
f 378/472/428 377/473/429 382/476/432 383/475/431
f 377/473/429 376/474/430 381/477/433 382/476/432
f 376/474/430 375/394/359 380/396/360 381/477/433
f 384/423/380 383/475/431 388/478/434 389/424/381
f 383/475/431 382/476/432 387/479/435 388/478/434
f 382/476/432 381/477/433 386/480/436 387/479/435
f 381/477/433 380/396/360 385/398/361 386/480/436
f 389/424/381 388/478/434 393/481/437 394/425/382
f 388/478/434 387/479/435 392/482/438 393/481/437
f 387/479/435 386/480/436 391/483/439 392/482/438
f 386/480/436 385/398/361 390/400/362 391/483/439
f 394/425/382 393/481/437 398/484/440 399/426/383
f 393/481/437 392/482/438 397/485/441 398/484/440
f 392/482/438 391/483/439 396/486/442 397/485/441
f 391/483/439 390/400/362 395/402/363 396/486/442
f 399/427/383 398/487/440 403/488/443 404/428/384
f 398/487/440 397/489/441 402/490/444 403/488/443
f 397/489/441 396/491/442 401/492/445 402/490/444
f 396/491/442 395/406/363 400/405/364 401/492/445
f 404/428/384 403/488/443 408/431/387 409/429/385
f 403/488/443 402/490/444 407/433/389 408/431/387
f 402/490/444 401/492/445 406/435/391 407/433/389
f 401/492/445 400/405/364 405/408/365 406/435/391
f 110/118/82 111/117/81 416/493/446 410/494/447
f 111/117/81 112/120/84 422/495/448 416/493/446
f 112/120/84 113/122/86 428/496/449 422/495/448
f 113/122/86 114/124/88 434/497/450 428/496/449
f 114/124/88 115/126/90 440/498/451 434/497/450
f 115/126/90 116/128/92 446/499/452 440/498/451
f 116/128/92 117/130/94 452/500/453 446/499/452
f 117/130/94 118/132/96 458/501/454 452/500/453
f 118/132/96 119/134/98 464/502/455 458/501/454
f 119/134/98 120/136/100 470/503/456 464/502/455
f 120/136/100 121/138/102 476/504/457 470/503/456
f 121/138/102 122/140/104 482/505/458 476/504/457
f 122/140/104 123/142/106 488/506/459 482/505/458
f 123/142/106 124/144/108 494/507/460 488/506/459
f 124/144/108 125/146/110 500/508/461 494/507/460
f 125/146/110 126/148/112 506/509/462 500/508/461
f 126/148/112 127/150/114 512/510/463 506/509/462
f 127/154/114 128/153/116 518/511/464 512/512/463
f 128/153/116 129/156/118 524/513/465 518/511/464
f 129/156/118 110/118/82 410/494/447 524/513/465
f 414/514/466 415/515/467 529/516/468 528/517/469
f 413/518/470 414/514/466 528/517/469 527/519/471
f 412/520/472 413/518/470 527/519/471 526/521/473
f 410/494/447 411/522/474 525/523/475 524/513/465
f 411/522/474 412/520/472 526/521/473 525/523/475
f 415/515/467 414/514/466 420/524/476 421/525/477
f 414/514/466 413/518/470 419/526/478 420/524/476
f 413/518/470 412/520/472 418/527/479 419/526/478
f 412/520/472 411/522/474 417/528/480 418/527/479
f 411/522/474 410/494/447 416/493/446 417/528/480
f 421/525/477 420/524/476 426/529/481 427/530/482
f 420/524/476 419/526/478 425/531/483 426/529/481
f 419/526/478 418/527/479 424/532/484 425/531/483
f 418/527/479 417/528/480 423/533/485 424/532/484
f 417/528/480 416/493/446 422/495/448 423/533/485
f 427/530/482 426/529/481 432/534/486 433/535/487
f 426/529/481 425/531/483 431/536/488 432/534/486
f 425/531/483 424/532/484 430/537/489 431/536/488
f 424/532/484 423/533/485 429/538/490 430/537/489
f 423/533/485 422/495/448 428/496/449 429/538/490
f 433/535/487 432/534/486 438/539/491 439/540/492
f 432/534/486 431/536/488 437/541/493 438/539/491
f 431/536/488 430/537/489 436/542/494 437/541/493
f 430/537/489 429/538/490 435/543/495 436/542/494
f 429/538/490 428/496/449 434/497/450 435/543/495
f 439/540/492 438/539/491 444/544/496 445/545/497
f 438/539/491 437/541/493 443/546/498 444/544/496
f 437/541/493 436/542/494 442/547/499 443/546/498
f 436/542/494 435/543/495 441/548/500 442/547/499
f 435/543/495 434/497/450 440/498/451 441/548/500
f 445/545/497 444/544/496 450/549/501 451/550/502
f 444/544/496 443/546/498 449/551/503 450/549/501
f 443/546/498 442/547/499 448/552/504 449/551/503
f 442/547/499 441/548/500 447/553/505 448/552/504
f 441/548/500 440/498/451 446/499/452 447/553/505
f 451/550/502 450/549/501 456/554/506 457/555/507
f 450/549/501 449/551/503 455/556/508 456/554/506
f 449/551/503 448/552/504 454/557/509 455/556/508
f 448/552/504 447/553/505 453/558/510 454/557/509
f 447/553/505 446/499/452 452/500/453 453/558/510
f 457/555/507 456/554/506 462/559/511 463/560/512
f 456/554/506 455/556/508 461/561/513 462/559/511
f 455/556/508 454/557/509 460/562/514 461/561/513
f 454/557/509 453/558/510 459/563/515 460/562/514
f 453/558/510 452/500/453 458/501/454 459/563/515
f 463/560/512 462/559/511 468/564/516 469/565/517
f 462/559/511 461/561/513 467/566/518 468/564/516
f 461/561/513 460/562/514 466/567/519 467/566/518
f 460/562/514 459/563/515 465/568/520 466/567/519
f 459/563/515 458/501/454 464/502/455 465/568/520
f 469/565/517 468/564/516 474/569/521 475/570/522
f 468/564/516 467/566/518 473/571/523 474/569/521
f 467/566/518 466/567/519 472/572/524 473/571/523
f 466/567/519 465/568/520 471/573/525 472/572/524
f 465/568/520 464/502/455 470/503/456 471/573/525
f 475/570/522 474/569/521 480/574/526 481/575/527
f 474/569/521 473/571/523 479/576/528 480/574/526
f 473/571/523 472/572/524 478/577/529 479/576/528
f 472/572/524 471/573/525 477/578/530 478/577/529
f 471/573/525 470/503/456 476/504/457 477/578/530
f 481/575/527 480/574/526 486/579/531 487/580/532
f 480/574/526 479/576/528 485/581/533 486/579/531
f 479/576/528 478/577/529 484/582/534 485/581/533
f 478/577/529 477/578/530 483/583/535 484/582/534
f 477/578/530 476/504/457 482/505/458 483/583/535
f 487/580/532 486/579/531 492/584/536 493/585/537
f 486/579/531 485/581/533 491/586/538 492/584/536
f 485/581/533 484/582/534 490/587/539 491/586/538
f 484/582/534 483/583/535 489/588/540 490/587/539
f 483/583/535 482/505/458 488/506/459 489/588/540
f 493/585/537 492/584/536 498/589/541 499/590/542
f 492/584/536 491/586/538 497/591/543 498/589/541
f 491/586/538 490/587/539 496/592/544 497/591/543
f 490/587/539 489/588/540 495/593/545 496/592/544
f 489/588/540 488/506/459 494/507/460 495/593/545
f 499/590/542 498/589/541 504/594/546 505/595/547
f 498/589/541 497/591/543 503/596/548 504/594/546
f 497/591/543 496/592/544 502/597/549 503/596/548
f 496/592/544 495/593/545 501/598/550 502/597/549
f 495/593/545 494/507/460 500/508/461 501/598/550
f 505/595/547 504/594/546 510/599/551 511/600/552
f 504/594/546 503/596/548 509/601/553 510/599/551
f 503/596/548 502/597/549 508/602/554 509/601/553
f 502/597/549 501/598/550 507/603/555 508/602/554
f 501/598/550 500/508/461 506/509/462 507/603/555
f 511/600/552 510/599/551 516/604/556 517/605/557
f 510/599/551 509/601/553 515/606/558 516/604/556
f 509/601/553 508/602/554 514/607/559 515/606/558
f 508/602/554 507/603/555 513/608/560 514/607/559
f 507/603/555 506/509/462 512/510/463 513/608/560
f 517/609/557 516/610/556 522/611/561 523/612/562
f 516/610/556 515/613/558 521/614/563 522/611/561
f 515/613/558 514/615/559 520/616/564 521/614/563
f 514/615/559 513/617/560 519/618/565 520/616/564
f 513/617/560 512/512/463 518/511/464 519/618/565
f 523/612/562 522/611/561 528/517/469 529/516/468
f 522/611/561 521/614/563 527/519/471 528/517/469
f 521/614/563 520/616/564 526/521/473 527/519/471
f 520/616/564 519/618/565 525/523/475 526/521/473
f 519/618/565 518/511/464 524/513/465 525/523/475
f 90/244/229 91/243/228 531/116/80 530/115/79
f 91/243/228 92/246/231 532/119/83 531/116/80
f 92/246/231 93/248/233 533/121/85 532/119/83
f 93/248/233 94/250/235 534/123/87 533/121/85
f 94/250/235 95/252/237 535/125/89 534/123/87
f 95/252/237 96/254/239 536/127/91 535/125/89
f 96/254/239 97/256/241 537/129/93 536/127/91
f 97/256/241 98/258/243 538/131/95 537/129/93
f 98/258/243 99/260/245 539/133/97 538/131/95
f 99/260/245 100/262/247 540/135/99 539/133/97
f 100/262/247 101/264/249 541/137/101 540/135/99
f 101/264/249 102/266/251 542/139/103 541/137/101
f 102/266/251 103/268/253 543/141/105 542/139/103
f 103/268/253 104/270/255 544/143/107 543/141/105
f 104/270/255 105/272/257 545/145/109 544/143/107
f 105/272/257 106/274/259 546/147/111 545/145/109
f 106/274/259 107/276/261 547/149/113 546/147/111
f 107/280/261 108/279/263 548/152/115 547/151/113
f 108/279/263 109/282/265 549/155/117 548/152/115
f 109/282/265 90/244/229 530/115/79 549/155/117
f 415/515/467 421/525/477 574/619/566 570/620/567
f 421/525/477 427/530/482 578/621/568 574/619/566
f 427/530/482 433/535/487 582/622/569 578/621/568
f 433/535/487 439/540/492 586/623/570 582/622/569
f 439/540/492 445/545/497 590/624/571 586/623/570
f 445/545/497 451/550/502 594/625/572 590/624/571
f 451/550/502 457/555/507 598/626/573 594/625/572
f 457/555/507 463/560/512 602/627/574 598/626/573
f 463/560/512 469/565/517 606/628/575 602/627/574
f 469/565/517 475/570/522 610/629/576 606/628/575
f 475/570/522 481/575/527 614/630/577 610/629/576
f 481/575/527 487/580/532 618/631/578 614/630/577
f 487/580/532 493/585/537 622/632/579 618/631/578
f 493/585/537 499/590/542 626/633/580 622/632/579
f 499/590/542 505/595/547 630/634/581 626/633/580
f 505/595/547 511/600/552 634/635/582 630/634/581
f 511/600/552 517/605/557 638/636/583 634/635/582
f 517/609/557 523/612/562 642/637/584 638/638/583
f 523/612/562 529/516/468 646/639/585 642/637/584
f 529/516/468 415/515/467 570/620/567 646/639/585
f 572/640/586 573/641/587 649/642/588 648/643/589
f 570/620/567 571/644/590 647/645/591 646/639/585
f 571/644/592 572/640/593 648/643/594 647/645/594
f 573/641/587 572/640/586 576/646/595 577/647/596
f 572/640/593 571/644/592 575/648/597 576/646/597
f 571/644/590 570/620/567 574/619/566 575/648/598
f 577/647/596 576/646/595 580/649/599 581/650/600
f 576/646/597 575/648/597 579/651/601 580/649/601
f 575/648/598 574/619/566 578/621/568 579/651/602
f 581/650/600 580/649/599 584/652/603 585/653/604
f 580/649/601 579/651/601 583/654/605 584/652/605
f 579/651/602 578/621/568 582/622/569 583/654/606
f 585/653/604 584/652/603 588/655/607 589/656/608
f 584/652/605 583/654/605 587/657/609 588/655/609
f 583/654/606 582/622/569 586/623/570 587/657/610
f 589/656/608 588/655/607 592/658/611 593/659/612
f 588/655/609 587/657/609 591/660/613 592/658/613
f 587/657/610 586/623/570 590/624/571 591/660/614
f 593/659/612 592/658/611 596/661/615 597/662/616
f 592/658/613 591/660/613 595/663/617 596/661/617
f 591/660/614 590/624/571 594/625/572 595/663/618
f 597/662/616 596/661/615 600/664/619 601/665/620
f 596/661/617 595/663/617 599/666/621 600/664/621
f 595/663/618 594/625/572 598/626/573 599/666/622
f 601/665/620 600/664/619 604/667/623 605/668/624
f 600/664/621 599/666/621 603/669/625 604/667/625
f 599/666/622 598/626/573 602/627/574 603/669/626
f 605/668/624 604/667/623 608/670/627 609/671/628
f 604/667/625 603/669/625 607/672/629 608/670/629
f 603/669/626 602/627/574 606/628/575 607/672/630
f 609/671/628 608/670/627 612/673/631 613/674/632
f 608/670/629 607/672/629 611/675/633 612/673/633
f 607/672/630 606/628/575 610/629/576 611/675/634
f 613/674/632 612/673/631 616/676/635 617/677/636
f 612/673/633 611/675/633 615/678/637 616/676/637
f 611/675/634 610/629/576 614/630/577 615/678/638
f 617/677/636 616/676/635 620/679/639 621/680/640
f 616/676/637 615/678/637 619/681/641 620/679/641
f 615/678/638 614/630/577 618/631/578 619/681/642
f 621/680/640 620/679/639 624/682/643 625/683/644
f 620/679/641 619/681/641 623/684/645 624/682/645
f 619/681/642 618/631/578 622/632/579 623/684/646
f 625/683/644 624/682/643 628/685/647 629/686/648
f 624/682/645 623/684/645 627/687/649 628/685/649
f 623/684/646 622/632/579 626/633/580 627/687/650
f 629/686/648 628/685/647 632/688/651 633/689/652
f 628/685/649 627/687/649 631/690/653 632/688/653
f 627/687/650 626/633/580 630/634/581 631/690/654
f 633/689/652 632/688/651 636/691/655 637/692/656
f 632/688/653 631/690/653 635/693/657 636/691/657
f 631/690/654 630/634/581 634/635/582 635/693/658
f 637/692/656 636/691/655 640/694/659 641/695/660
f 636/691/657 635/693/657 639/696/661 640/694/661
f 635/693/658 634/635/582 638/636/583 639/696/662
f 641/697/660 640/698/659 644/699/663 645/700/664
f 640/698/661 639/701/661 643/702/665 644/699/665
f 639/701/662 638/638/583 642/637/584 643/702/666
f 645/700/664 644/699/663 648/643/589 649/642/588
f 644/699/665 643/702/665 647/645/594 648/643/594
f 643/702/666 642/637/584 646/639/585 647/645/591
f 573/641/587 577/647/596 657/703/667 653/704/668
f 577/647/596 581/650/600 661/705/669 657/703/667
f 581/650/600 585/653/604 665/706/670 661/705/669
f 585/653/604 589/656/608 669/707/671 665/706/670
f 589/656/608 593/659/612 673/708/672 669/707/671
f 593/659/612 597/662/616 677/709/673 673/708/672
f 597/662/616 601/665/620 681/710/674 677/709/673
f 601/665/620 605/668/624 685/711/675 681/710/674
f 605/668/624 609/671/628 689/712/676 685/711/675
f 609/671/628 613/674/632 693/713/677 689/712/676
f 613/674/632 617/677/636 697/714/678 693/713/677
f 617/677/636 621/680/640 701/715/679 697/714/678
f 621/680/640 625/683/644 705/716/680 701/715/679
f 625/683/644 629/686/648 709/717/681 705/716/680
f 629/686/648 633/689/652 713/718/682 709/717/681
f 633/689/652 637/692/656 717/719/683 713/718/682
f 637/692/656 641/695/660 721/720/684 717/719/683
f 641/697/660 645/700/664 725/721/685 721/722/684
f 645/700/664 649/642/588 729/723/686 725/721/685
f 649/642/588 573/641/587 653/704/668 729/723/686
f 652/724/687 653/704/668 657/703/667 656/725/688
f 650/726/689 651/727/690 655/728/691 654/729/692
f 651/727/690 652/724/687 656/725/688 655/728/691
f 656/725/688 657/703/667 661/705/669 660/730/693
f 654/729/692 655/728/691 659/731/694 658/732/695
f 655/728/691 656/725/688 660/730/693 659/731/694
f 660/730/693 661/705/669 665/706/670 664/733/696
f 658/732/695 659/731/694 663/734/697 662/735/698
f 659/731/694 660/730/693 664/733/696 663/734/697
f 664/733/696 665/706/670 669/707/671 668/736/699
f 662/735/698 663/734/697 667/737/700 666/738/701
f 663/734/697 664/733/696 668/736/699 667/737/700
f 668/736/699 669/707/671 673/708/672 672/739/702
f 666/738/701 667/737/700 671/740/703 670/741/704
f 667/737/700 668/736/699 672/739/702 671/740/703
f 672/739/702 673/708/672 677/709/673 676/742/705
f 670/741/704 671/740/703 675/743/706 674/744/707
f 671/740/703 672/739/702 676/742/705 675/743/706
f 676/742/705 677/709/673 681/710/674 680/745/708
f 674/744/707 675/743/706 679/746/709 678/747/710
f 675/743/706 676/742/705 680/745/708 679/746/709
f 680/745/708 681/710/674 685/711/675 684/748/711
f 678/747/710 679/746/709 683/749/712 682/750/713
f 679/746/709 680/745/708 684/748/711 683/749/712
f 684/748/711 685/711/675 689/712/676 688/751/714
f 682/750/713 683/749/712 687/752/715 686/753/716
f 683/749/712 684/748/711 688/751/714 687/752/715
f 688/751/714 689/712/676 693/713/677 692/754/717
f 686/753/716 687/752/715 691/755/718 690/756/719
f 687/752/715 688/751/714 692/754/717 691/755/718
f 692/754/717 693/713/677 697/714/678 696/757/720
f 690/756/719 691/755/718 695/758/721 694/759/722
f 691/755/718 692/754/717 696/757/720 695/758/721
f 696/757/720 697/714/678 701/715/679 700/760/723
f 694/759/722 695/758/721 699/761/724 698/762/725
f 695/758/721 696/757/720 700/760/723 699/761/724
f 700/760/723 701/715/679 705/716/680 704/763/726
f 698/762/725 699/761/724 703/764/727 702/765/728
f 699/761/724 700/760/723 704/763/726 703/764/727
f 704/763/726 705/716/680 709/717/681 708/766/729
f 702/765/728 703/764/727 707/767/730 706/768/731
f 703/764/727 704/763/726 708/766/729 707/767/730
f 708/766/729 709/717/681 713/718/682 712/769/732
f 706/768/731 707/767/730 711/770/733 710/771/734
f 707/767/730 708/766/729 712/769/732 711/770/733
f 712/769/732 713/718/682 717/719/683 716/772/735
f 710/771/734 711/770/733 715/773/736 714/774/737
f 711/770/733 712/769/732 716/772/735 715/773/736
f 716/772/735 717/719/683 721/720/684 720/775/738
f 714/774/737 715/773/736 719/776/739 718/777/740
f 715/773/736 716/772/735 720/775/738 719/776/739
f 720/778/738 721/722/684 725/721/685 724/779/741
f 718/780/740 719/781/739 723/782/742 722/783/743
f 719/781/739 720/778/738 724/779/741 723/782/742
f 724/779/741 725/721/685 729/723/686 728/784/744
f 722/783/743 723/782/742 727/785/745 726/786/746
f 723/782/742 724/779/741 728/784/744 727/785/745
f 653/704/668 652/724/687 728/784/744 729/723/686
f 652/724/687 651/727/690 727/785/745 728/784/744
f 651/727/690 650/726/689 726/786/746 727/785/745
f 751/787/747 750/788/748 730/789/749 731/790/750
f 752/791/751 751/787/747 731/790/750 732/792/752
f 753/793/753 752/791/751 732/792/752 733/794/754
f 754/795/755 753/793/753 733/794/754 734/796/756
f 755/797/757 754/795/755 734/796/756 735/798/758
f 756/799/759 755/797/757 735/798/758 736/800/760
f 757/801/761 756/799/759 736/800/760 737/802/762
f 758/803/763 757/801/761 737/802/762 738/804/764
f 759/805/765 758/803/763 738/804/764 739/806/766
f 760/807/767 759/805/765 739/806/766 740/808/768
f 761/809/769 760/810/767 740/811/768 741/812/770
f 762/813/771 761/809/769 741/812/770 742/814/772
f 763/815/773 762/813/771 742/814/772 743/816/774
f 764/817/775 763/815/773 743/816/774 744/818/776
f 765/819/777 764/817/775 744/818/776 745/820/778
f 766/821/779 765/819/777 745/820/778 746/822/780
f 767/823/781 766/821/779 746/822/780 747/824/782
f 768/825/783 767/823/781 747/824/782 748/826/784
f 769/827/785 768/825/783 748/826/784 749/828/786
f 750/788/748 769/827/785 749/828/786 730/789/749
f 771/829/787 770/830/788 750/788/748 751/787/747
f 772/831/789 771/829/787 751/787/747 752/791/751
f 773/832/790 772/831/789 752/791/751 753/793/753
f 774/833/791 773/832/790 753/793/753 754/795/755
f 775/834/792 774/833/791 754/795/755 755/797/757
f 776/835/793 775/834/792 755/797/757 756/799/759
f 777/836/794 776/835/793 756/799/759 757/801/761
f 778/837/795 777/836/794 757/801/761 758/803/763
f 779/838/796 778/837/795 758/803/763 759/805/765
f 780/839/797 779/838/796 759/805/765 760/807/767
f 781/840/798 780/841/797 760/810/767 761/809/769
f 782/842/799 781/840/798 761/809/769 762/813/771
f 783/843/800 782/842/799 762/813/771 763/815/773
f 784/844/801 783/843/800 763/815/773 764/817/775
f 785/845/802 784/844/801 764/817/775 765/819/777
f 786/846/803 785/845/802 765/819/777 766/821/779
f 787/847/804 786/846/803 766/821/779 767/823/781
f 788/848/805 787/847/804 767/823/781 768/825/783
f 789/849/806 788/848/805 768/825/783 769/827/785
f 770/830/788 789/849/806 769/827/785 750/788/748
f 791/850/807 790/851/808 770/830/788 771/829/787
f 792/852/809 791/850/807 771/829/787 772/831/789
f 793/853/810 792/852/809 772/831/789 773/832/790
f 794/854/811 793/853/810 773/832/790 774/833/791
f 795/855/812 794/854/811 774/833/791 775/834/792
f 796/856/813 795/855/812 775/834/792 776/835/793
f 797/857/814 796/856/813 776/835/793 777/836/794
f 798/858/815 797/857/814 777/836/794 778/837/795
f 799/859/816 798/858/815 778/837/795 779/838/796
f 800/860/817 799/859/816 779/838/796 780/839/797
f 801/861/818 800/862/817 780/841/797 781/840/798
f 802/863/819 801/861/818 781/840/798 782/842/799
f 803/864/820 802/863/819 782/842/799 783/843/800
f 804/865/821 803/864/820 783/843/800 784/844/801
f 805/866/822 804/865/821 784/844/801 785/845/802
f 806/867/823 805/866/822 785/845/802 786/846/803
f 807/868/824 806/867/823 786/846/803 787/847/804
f 808/869/825 807/868/824 787/847/804 788/848/805
f 809/870/826 808/869/825 788/848/805 789/849/806
f 790/851/808 809/870/826 789/849/806 770/830/788
f 811/871/827 810/872/828 790/851/808 791/850/807
f 812/873/829 811/871/827 791/850/807 792/852/809
f 813/874/830 812/873/829 792/852/809 793/853/810
f 814/875/831 813/874/830 793/853/810 794/854/811
f 815/876/832 814/875/831 794/854/811 795/855/812
f 816/877/833 815/876/832 795/855/812 796/856/813
f 817/878/834 816/877/833 796/856/813 797/857/814
f 818/879/835 817/878/834 797/857/814 798/858/815
f 819/880/836 818/879/835 798/858/815 799/859/816
f 820/881/837 819/880/836 799/859/816 800/860/817
f 821/882/838 820/883/837 800/862/817 801/861/818
f 822/884/839 821/882/838 801/861/818 802/863/819
f 823/885/840 822/884/839 802/863/819 803/864/820
f 824/886/841 823/885/840 803/864/820 804/865/821
f 825/887/842 824/886/841 804/865/821 805/866/822
f 826/888/843 825/887/842 805/866/822 806/867/823
f 827/889/844 826/888/843 806/867/823 807/868/824
f 828/890/845 827/889/844 807/868/824 808/869/825
f 829/891/846 828/890/845 808/869/825 809/870/826
f 810/872/828 829/891/846 809/870/826 790/851/808
f 831/892/847 830/893/848 810/872/828 811/871/827
f 832/894/849 831/892/847 811/871/827 812/873/829
f 833/895/850 832/894/849 812/873/829 813/874/830
f 834/896/851 833/895/850 813/874/830 814/875/831
f 835/897/852 834/896/851 814/875/831 815/876/832
f 836/898/853 835/897/852 815/876/832 816/877/833
f 837/899/854 836/898/853 816/877/833 817/878/834
f 838/900/855 837/899/854 817/878/834 818/879/835
f 839/901/856 838/900/855 818/879/835 819/880/836
f 840/902/857 839/901/856 819/880/836 820/881/837
f 841/903/858 840/904/857 820/883/837 821/882/838
f 842/905/859 841/903/858 821/882/838 822/884/839
f 843/906/860 842/905/859 822/884/839 823/885/840
f 844/907/861 843/906/860 823/885/840 824/886/841
f 845/908/862 844/907/861 824/886/841 825/887/842
f 846/909/863 845/908/862 825/887/842 826/888/843
f 847/910/864 846/909/863 826/888/843 827/889/844
f 848/911/865 847/910/864 827/889/844 828/890/845
f 849/912/866 848/911/865 828/890/845 829/891/846
f 830/893/848 849/912/866 829/891/846 810/872/828
f 851/913/867 850/914/868 830/893/848 831/892/847
f 852/915/869 851/913/867 831/892/847 832/894/849
f 853/916/870 852/915/869 832/894/849 833/895/850
f 854/917/871 853/916/870 833/895/850 834/896/851
f 855/918/872 854/917/871 834/896/851 835/897/852
f 856/919/873 855/918/872 835/897/852 836/898/853
f 857/920/874 856/919/873 836/898/853 837/899/854
f 858/921/875 857/920/874 837/899/854 838/900/855
f 859/922/876 858/921/875 838/900/855 839/901/856
f 860/923/877 859/922/876 839/901/856 840/902/857
f 861/924/878 860/925/877 840/904/857 841/903/858
f 862/926/879 861/924/878 841/903/858 842/905/859
f 863/927/880 862/926/879 842/905/859 843/906/860
f 864/928/881 863/927/880 843/906/860 844/907/861
f 865/929/882 864/928/881 844/907/861 845/908/862
f 866/930/883 865/929/882 845/908/862 846/909/863
f 867/931/884 866/930/883 846/909/863 847/910/864
f 868/932/885 867/931/884 847/910/864 848/911/865
f 869/933/886 868/932/885 848/911/865 849/912/866
f 850/914/868 869/933/886 849/912/866 830/893/848
f 874/934/887 873/935/888 876/936/889 875/937/890
f 873/935/888 872/938/891 877/939/892 876/936/889
f 872/938/891 871/940/893 878/941/894 877/939/892
f 871/940/893 870/942/895 879/943/896 878/941/894
f 965/944/897 874/934/887 856/919/873 857/920/874
f 874/934/887 875/937/890 855/918/872 856/919/873
f 875/937/890 880/945/898 854/917/871 855/918/872
f 880/945/898 885/946/899 853/916/870 854/917/871
f 885/946/899 890/947/900 852/915/869 853/916/870
f 890/947/900 895/948/901 851/913/867 852/915/869
f 895/948/901 900/949/902 850/914/868 851/913/867
f 900/949/902 905/950/903 869/933/886 850/914/868
f 905/950/903 910/951/904 868/932/885 869/933/886
f 910/951/904 915/952/905 867/931/884 868/932/885
f 915/952/905 920/953/906 866/930/883 867/931/884
f 920/953/906 925/954/907 865/929/882 866/930/883
f 925/954/907 930/955/908 864/928/881 865/929/882
f 930/955/908 935/956/909 863/927/880 864/928/881
f 935/956/909 940/957/910 862/926/879 863/927/880
f 940/957/910 945/958/911 861/924/878 862/926/879
f 945/958/911 950/959/912 860/925/877 861/924/878
f 950/960/912 955/961/913 859/922/876 860/923/877
f 955/961/913 960/962/914 858/921/875 859/922/876
f 960/962/914 965/944/897 857/920/874 858/921/875
f 654/729/915 658/732/916 879/943/896 870/942/895
f 658/732/916 662/735/917 884/963/918 879/943/896
f 662/735/917 666/738/919 889/964/920 884/963/918
f 666/738/919 670/741/921 894/965/922 889/964/920
f 670/741/921 674/744/923 899/966/924 894/965/922
f 674/744/923 678/747/925 904/967/926 899/966/924
f 678/747/925 682/750/927 909/968/928 904/967/926
f 682/750/927 686/753/929 914/969/930 909/968/928
f 686/753/929 690/756/931 919/970/932 914/969/930
f 690/756/931 694/759/933 924/971/934 919/970/932
f 694/759/933 698/762/935 929/972/936 924/971/934
f 698/762/935 702/765/937 934/973/938 929/972/936
f 702/765/937 706/768/939 939/974/940 934/973/938
f 706/768/939 710/771/941 944/975/942 939/974/940
f 710/771/941 714/774/943 949/976/944 944/975/942
f 714/774/943 718/777/945 954/977/946 949/976/944
f 718/780/945 722/783/947 959/978/948 954/979/946
f 722/783/947 726/786/949 964/980/950 959/978/948
f 726/786/949 650/726/951 969/981/952 964/980/950
f 650/726/951 654/729/915 870/942/895 969/981/952
f 878/941/894 879/943/896 884/963/918 883/982/953
f 877/939/892 878/941/894 883/982/953 882/983/954
f 875/937/890 876/936/889 881/984/955 880/945/898
f 876/936/889 877/939/892 882/983/954 881/984/955
f 883/982/953 884/963/918 889/964/920 888/985/956
f 882/983/954 883/982/953 888/985/956 887/986/957
f 880/945/898 881/984/955 886/987/958 885/946/899
f 881/984/955 882/983/954 887/986/957 886/987/958
f 888/985/956 889/964/920 894/965/922 893/988/959
f 887/986/957 888/985/956 893/988/959 892/989/960
f 885/946/899 886/987/958 891/990/961 890/947/900
f 886/987/958 887/986/957 892/989/960 891/990/961
f 893/988/959 894/965/922 899/966/924 898/991/962
f 892/989/960 893/988/959 898/991/962 897/992/963
f 890/947/900 891/990/961 896/993/964 895/948/901
f 891/990/961 892/989/960 897/992/963 896/993/964
f 898/991/962 899/966/924 904/967/926 903/994/965
f 897/992/963 898/991/962 903/994/965 902/995/966
f 895/948/901 896/993/964 901/996/967 900/949/902
f 896/993/964 897/992/963 902/995/966 901/996/967
f 903/994/965 904/967/926 909/968/928 908/997/968
f 902/995/966 903/994/965 908/997/968 907/998/969
f 900/949/902 901/996/967 906/999/970 905/950/903
f 901/996/967 902/995/966 907/998/969 906/999/970
f 908/997/968 909/968/928 914/969/930 913/1000/971
f 907/998/969 908/997/968 913/1000/971 912/1001/972
f 905/950/903 906/999/970 911/1002/973 910/951/904
f 906/999/970 907/998/969 912/1001/972 911/1002/973
f 913/1000/971 914/969/930 919/970/932 918/1003/974
f 912/1001/972 913/1000/971 918/1003/974 917/1004/975
f 910/951/904 911/1002/973 916/1005/976 915/952/905
f 911/1002/973 912/1001/972 917/1004/975 916/1005/976
f 918/1003/974 919/970/932 924/971/934 923/1006/977
f 917/1004/975 918/1003/974 923/1006/977 922/1007/978
f 915/952/905 916/1005/976 921/1008/979 920/953/906
f 916/1005/976 917/1004/975 922/1007/978 921/1008/979
f 923/1006/977 924/971/934 929/972/936 928/1009/980
f 922/1007/978 923/1006/977 928/1009/980 927/1010/981
f 920/953/906 921/1008/979 926/1011/982 925/954/907
f 921/1008/979 922/1007/978 927/1010/981 926/1011/982
f 928/1009/980 929/972/936 934/973/938 933/1012/983
f 927/1010/981 928/1009/980 933/1012/983 932/1013/984
f 925/954/907 926/1011/982 931/1014/985 930/955/908
f 926/1011/982 927/1010/981 932/1013/984 931/1014/985
f 933/1012/983 934/973/938 939/974/940 938/1015/986
f 932/1013/984 933/1012/983 938/1015/986 937/1016/987
f 930/955/908 931/1014/985 936/1017/988 935/956/909
f 931/1014/985 932/1013/984 937/1016/987 936/1017/988
f 938/1015/986 939/974/940 944/975/942 943/1018/989
f 937/1016/987 938/1015/986 943/1018/989 942/1019/990
f 935/956/909 936/1017/988 941/1020/991 940/957/910
f 936/1017/988 937/1016/987 942/1019/990 941/1020/991
f 943/1018/989 944/975/942 949/976/944 948/1021/992
f 942/1019/990 943/1018/989 948/1021/992 947/1022/993
f 940/957/910 941/1020/991 946/1023/994 945/958/911
f 941/1020/991 942/1019/990 947/1022/993 946/1023/994
f 948/1021/992 949/976/944 954/977/946 953/1024/995
f 947/1022/993 948/1021/992 953/1024/995 952/1025/996
f 945/958/911 946/1023/994 951/1026/997 950/959/912
f 946/1023/994 947/1022/993 952/1025/996 951/1026/997
f 953/1027/995 954/979/946 959/978/948 958/1028/998
f 952/1029/996 953/1027/995 958/1028/998 957/1030/999
f 950/960/912 951/1031/997 956/1032/1000 955/961/913
f 951/1031/997 952/1029/996 957/1030/999 956/1032/1000
f 958/1028/998 959/978/948 964/980/950 963/1033/1001
f 957/1030/999 958/1028/998 963/1033/1001 962/1034/1002
f 955/961/913 956/1032/1000 961/1035/1003 960/962/914
f 956/1032/1000 957/1030/999 962/1034/1002 961/1035/1003
f 963/1033/1001 964/980/950 969/981/952 968/1036/1004
f 962/1034/1002 963/1033/1001 968/1036/1004 967/1037/1005
f 960/962/914 961/1035/1003 966/1038/1006 965/944/897
f 961/1035/1003 962/1034/1002 967/1037/1005 966/1038/1006
f 870/942/895 871/940/893 968/1036/1004 969/981/952
f 871/940/893 872/938/891 967/1037/1005 968/1036/1004
f 872/938/891 873/935/888 966/1038/1006 967/1037/1005
f 873/935/888 874/934/887 965/944/897 966/1038/1006
f 550/1039/1007 551/1040/1008 976/1041/1009 970/1042/1010
f 551/1040/1008 552/1043/1011 982/1044/1012 976/1041/1009
f 552/1043/1011 553/1045/1013 988/1046/1014 982/1044/1012
f 553/1045/1013 554/1047/1015 994/1048/1016 988/1046/1014
f 554/1047/1015 555/1049/1017 1000/1050/1018 994/1048/1016
f 555/1049/1017 556/1051/1019 1006/1052/1020 1000/1050/1018
f 556/1051/1019 557/1053/1021 1012/1054/1022 1006/1052/1020
f 557/1053/1021 558/1055/1023 1018/1056/1024 1012/1054/1022
f 558/1055/1023 559/1057/1025 1024/1058/1026 1018/1056/1024
f 559/1057/1025 560/1059/1027 1030/1060/1028 1024/1058/1026
f 560/1059/1027 561/1061/1029 1036/1062/1030 1030/1060/1028
f 561/1061/1029 562/1063/1031 1042/1064/1032 1036/1062/1030
f 562/1063/1031 563/1065/1033 1048/1066/1034 1042/1064/1032
f 563/1065/1033 564/1067/1035 1054/1068/1036 1048/1066/1034
f 564/1067/1035 565/1069/1037 1060/1070/1038 1054/1068/1036
f 565/1069/1037 566/1071/1039 1066/1072/1040 1060/1070/1038
f 566/1071/1039 567/1073/1041 1072/1074/1042 1066/1072/1040
f 567/1075/1041 568/1076/1043 1078/1077/1044 1072/1078/1042
f 568/1076/1043 569/1079/1045 1084/1080/1046 1078/1077/1044
f 569/1079/1045 550/1039/1007 970/1042/1010 1084/1080/1046
f 974/1081/1047 975/1082/1048 1089/1083/1049 1088/1084/1050
f 973/1085/1051 974/1081/1047 1088/1084/1050 1087/1086/1052
f 972/1087/1053 973/1085/1051 1087/1086/1052 1086/1088/1054
f 970/1042/1010 971/1089/1055 1085/1090/1056 1084/1080/1046
f 971/1089/1055 972/1087/1053 1086/1088/1054 1085/1090/1056
f 975/1082/1048 974/1081/1047 980/1091/1057 981/1092/1058
f 974/1081/1047 973/1085/1051 979/1093/1059 980/1091/1057
f 973/1085/1051 972/1087/1053 978/1094/1060 979/1093/1059
f 972/1087/1053 971/1089/1055 977/1095/1061 978/1094/1060
f 971/1089/1055 970/1042/1010 976/1041/1009 977/1095/1061
f 981/1092/1058 980/1091/1057 986/1096/1062 987/1097/1063
f 980/1091/1057 979/1093/1059 985/1098/1064 986/1096/1062
f 979/1093/1059 978/1094/1060 984/1099/1065 985/1098/1064
f 978/1094/1060 977/1095/1061 983/1100/1066 984/1099/1065
f 977/1095/1061 976/1041/1009 982/1044/1012 983/1100/1066
f 987/1097/1063 986/1096/1062 992/1101/1067 993/1102/1068
f 986/1096/1062 985/1098/1064 991/1103/1069 992/1101/1067
f 985/1098/1064 984/1099/1065 990/1104/1070 991/1103/1069
f 984/1099/1065 983/1100/1066 989/1105/1071 990/1104/1070
f 983/1100/1066 982/1044/1012 988/1046/1014 989/1105/1071
f 993/1102/1068 992/1101/1067 998/1106/1072 999/1107/1073
f 992/1101/1067 991/1103/1069 997/1108/1074 998/1106/1072
f 991/1103/1069 990/1104/1070 996/1109/1075 997/1108/1074
f 990/1104/1070 989/1105/1071 995/1110/1076 996/1109/1075
f 989/1105/1071 988/1046/1014 994/1048/1016 995/1110/1076
f 999/1107/1073 998/1106/1072 1004/1111/1077 1005/1112/1078
f 998/1106/1072 997/1108/1074 1003/1113/1079 1004/1111/1077
f 997/1108/1074 996/1109/1075 1002/1114/1080 1003/1113/1079
f 996/1109/1075 995/1110/1076 1001/1115/1081 1002/1114/1080
f 995/1110/1076 994/1048/1016 1000/1050/1018 1001/1115/1081
f 1005/1112/1078 1004/1111/1077 1010/1116/1082 1011/1117/1083
f 1004/1111/1077 1003/1113/1079 1009/1118/1084 1010/1116/1082
f 1003/1113/1079 1002/1114/1080 1008/1119/1085 1009/1118/1084
f 1002/1114/1080 1001/1115/1081 1007/1120/1086 1008/1119/1085
f 1001/1115/1081 1000/1050/1018 1006/1052/1020 1007/1120/1086
f 1011/1117/1083 1010/1116/1082 1016/1121/1087 1017/1122/1088
f 1010/1116/1082 1009/1118/1084 1015/1123/1089 1016/1121/1087
f 1009/1118/1084 1008/1119/1085 1014/1124/1090 1015/1123/1089
f 1008/1119/1085 1007/1120/1086 1013/1125/1091 1014/1124/1090
f 1007/1120/1086 1006/1052/1020 1012/1054/1022 1013/1125/1091
f 1017/1122/1088 1016/1121/1087 1022/1126/1092 1023/1127/1093
f 1016/1121/1087 1015/1123/1089 1021/1128/1094 1022/1126/1092
f 1015/1123/1089 1014/1124/1090 1020/1129/1095 1021/1128/1094
f 1014/1124/1090 1013/1125/1091 1019/1130/1096 1020/1129/1095
f 1013/1125/1091 1012/1054/1022 1018/1056/1024 1019/1130/1096
f 1023/1127/1093 1022/1126/1092 1028/1131/1097 1029/1132/1098
f 1022/1126/1092 1021/1128/1094 1027/1133/1099 1028/1131/1097
f 1021/1128/1094 1020/1129/1095 1026/1134/1100 1027/1133/1099
f 1020/1129/1095 1019/1130/1096 1025/1135/1101 1026/1134/1100
f 1019/1130/1096 1018/1056/1024 1024/1058/1026 1025/1135/1101
f 1029/1132/1098 1028/1131/1097 1034/1136/1102 1035/1137/1103
f 1028/1131/1097 1027/1133/1099 1033/1138/1104 1034/1136/1102
f 1027/1133/1099 1026/1134/1100 1032/1139/1105 1033/1138/1104
f 1026/1134/1100 1025/1135/1101 1031/1140/1106 1032/1139/1105
f 1025/1135/1101 1024/1058/1026 1030/1060/1028 1031/1140/1106
f 1035/1137/1103 1034/1136/1102 1040/1141/1107 1041/1142/1108
f 1034/1136/1102 1033/1138/1104 1039/1143/1109 1040/1141/1107
f 1033/1138/1104 1032/1139/1105 1038/1144/1110 1039/1143/1109
f 1032/1139/1105 1031/1140/1106 1037/1145/1111 1038/1144/1110
f 1031/1140/1106 1030/1060/1028 1036/1062/1030 1037/1145/1111
f 1041/1142/1108 1040/1141/1107 1046/1146/1112 1047/1147/1113
f 1040/1141/1107 1039/1143/1109 1045/1148/1114 1046/1146/1112
f 1039/1143/1109 1038/1144/1110 1044/1149/1115 1045/1148/1114
f 1038/1144/1110 1037/1145/1111 1043/1150/1116 1044/1149/1115
f 1037/1145/1111 1036/1062/1030 1042/1064/1032 1043/1150/1116
f 1047/1147/1113 1046/1146/1112 1052/1151/1117 1053/1152/1118
f 1046/1146/1112 1045/1148/1114 1051/1153/1119 1052/1151/1117
f 1045/1148/1114 1044/1149/1115 1050/1154/1120 1051/1153/1119
f 1044/1149/1115 1043/1150/1116 1049/1155/1121 1050/1154/1120
f 1043/1150/1116 1042/1064/1032 1048/1066/1034 1049/1155/1121
f 1053/1152/1118 1052/1151/1117 1058/1156/1122 1059/1157/1123
f 1052/1151/1117 1051/1153/1119 1057/1158/1124 1058/1156/1122
f 1051/1153/1119 1050/1154/1120 1056/1159/1125 1057/1158/1124
f 1050/1154/1120 1049/1155/1121 1055/1160/1126 1056/1159/1125
f 1049/1155/1121 1048/1066/1034 1054/1068/1036 1055/1160/1126
f 1059/1157/1123 1058/1156/1122 1064/1161/1127 1065/1162/1128
f 1058/1156/1122 1057/1158/1124 1063/1163/1129 1064/1161/1127
f 1057/1158/1124 1056/1159/1125 1062/1164/1130 1063/1163/1129
f 1056/1159/1125 1055/1160/1126 1061/1165/1131 1062/1164/1130
f 1055/1160/1126 1054/1068/1036 1060/1070/1038 1061/1165/1131
f 1065/1162/1128 1064/1161/1127 1070/1166/1132 1071/1167/1133
f 1064/1161/1127 1063/1163/1129 1069/1168/1134 1070/1166/1132
f 1063/1163/1129 1062/1164/1130 1068/1169/1135 1069/1168/1134
f 1062/1164/1130 1061/1165/1131 1067/1170/1136 1068/1169/1135
f 1061/1165/1131 1060/1070/1038 1066/1072/1040 1067/1170/1136
f 1071/1167/1133 1070/1166/1132 1076/1171/1137 1077/1172/1138
f 1070/1166/1132 1069/1168/1134 1075/1173/1139 1076/1171/1137
f 1069/1168/1134 1068/1169/1135 1074/1174/1140 1075/1173/1139
f 1068/1169/1135 1067/1170/1136 1073/1175/1141 1074/1174/1140
f 1067/1170/1136 1066/1072/1040 1072/1074/1042 1073/1175/1141
f 1077/1176/1138 1076/1177/1137 1082/1178/1142 1083/1179/1143
f 1076/1177/1137 1075/1180/1139 1081/1181/1144 1082/1178/1142
f 1075/1180/1139 1074/1182/1140 1080/1183/1145 1081/1181/1144
f 1074/1182/1140 1073/1184/1141 1079/1185/1146 1080/1183/1145
f 1073/1184/1141 1072/1078/1042 1078/1077/1044 1079/1185/1146
f 1083/1179/1143 1082/1178/1142 1088/1084/1050 1089/1083/1049
f 1082/1178/1142 1081/1181/1144 1087/1086/1052 1088/1084/1050
f 1081/1181/1144 1080/1183/1145 1086/1088/1054 1087/1086/1052
f 1080/1183/1145 1079/1185/1146 1085/1090/1056 1086/1088/1054
f 1079/1185/1146 1078/1077/1044 1084/1080/1046 1085/1090/1056
f 1094/1186/1147 1095/1187/1148 1209/1188/1149 1208/1189/1150
f 1093/1190/1151 1094/1186/1147 1208/1189/1150 1207/1191/1152
f 1092/1192/1153 1093/1190/1151 1207/1191/1152 1206/1193/1154
f 1090/1194/1155 1091/1195/1156 1205/1196/1157 1204/1197/1158
f 1091/1195/1156 1092/1192/1153 1206/1193/1154 1205/1196/1157
f 1095/1187/1148 1094/1186/1147 1100/1198/1159 1101/1199/1160
f 1094/1186/1147 1093/1190/1151 1099/1200/1161 1100/1198/1159
f 1093/1190/1151 1092/1192/1153 1098/1201/1162 1099/1200/1161
f 1092/1192/1153 1091/1195/1156 1097/1202/1163 1098/1201/1162
f 1091/1195/1156 1090/1194/1155 1096/1203/1164 1097/1202/1163
f 1101/1199/1160 1100/1198/1159 1106/1204/1165 1107/1205/1166
f 1100/1198/1159 1099/1200/1161 1105/1206/1167 1106/1204/1165
f 1099/1200/1161 1098/1201/1162 1104/1207/1168 1105/1206/1167
f 1098/1201/1162 1097/1202/1163 1103/1208/1169 1104/1207/1168
f 1097/1202/1163 1096/1203/1164 1102/1209/1170 1103/1208/1169
f 1107/1205/1166 1106/1204/1165 1112/1210/1171 1113/1211/1172
f 1106/1204/1165 1105/1206/1167 1111/1212/1173 1112/1210/1171
f 1105/1206/1167 1104/1207/1168 1110/1213/1174 1111/1212/1173
f 1104/1207/1168 1103/1208/1169 1109/1214/1175 1110/1213/1174
f 1103/1208/1169 1102/1209/1170 1108/1215/1176 1109/1214/1175
f 1113/1211/1172 1112/1210/1171 1118/1216/1177 1119/1217/1178
f 1112/1210/1171 1111/1212/1173 1117/1218/1179 1118/1216/1177
f 1111/1212/1173 1110/1213/1174 1116/1219/1180 1117/1218/1179
f 1110/1213/1174 1109/1214/1175 1115/1220/1181 1116/1219/1180
f 1109/1214/1175 1108/1215/1176 1114/1221/1182 1115/1220/1181
f 1119/1217/1178 1118/1216/1177 1124/1222/1183 1125/1223/1184
f 1118/1216/1177 1117/1218/1179 1123/1224/1185 1124/1222/1183
f 1117/1218/1179 1116/1219/1180 1122/1225/1186 1123/1224/1185
f 1116/1219/1180 1115/1220/1181 1121/1226/1187 1122/1225/1186
f 1115/1220/1181 1114/1221/1182 1120/1227/1188 1121/1226/1187
f 1125/1223/1184 1124/1222/1183 1130/1228/1189 1131/1229/1190
f 1124/1222/1183 1123/1224/1185 1129/1230/1191 1130/1228/1189
f 1123/1224/1185 1122/1225/1186 1128/1231/1192 1129/1230/1191
f 1122/1225/1186 1121/1226/1187 1127/1232/1193 1128/1231/1192
f 1121/1226/1187 1120/1227/1188 1126/1233/1194 1127/1232/1193
f 1131/1229/1190 1130/1228/1189 1136/1234/1195 1137/1235/1196
f 1130/1228/1189 1129/1230/1191 1135/1236/1197 1136/1234/1195
f 1129/1230/1191 1128/1231/1192 1134/1237/1198 1135/1236/1197
f 1128/1231/1192 1127/1232/1193 1133/1238/1199 1134/1237/1198
f 1127/1232/1193 1126/1233/1194 1132/1239/1200 1133/1238/1199
f 1137/1235/1196 1136/1234/1195 1142/1240/1201 1143/1241/1202
f 1136/1234/1195 1135/1236/1197 1141/1242/1203 1142/1240/1201
f 1135/1236/1197 1134/1237/1198 1140/1243/1204 1141/1242/1203
f 1134/1237/1198 1133/1238/1199 1139/1244/1205 1140/1243/1204
f 1133/1238/1199 1132/1239/1200 1138/1245/1206 1139/1244/1205
f 1143/1241/1202 1142/1240/1201 1148/1246/1207 1149/1247/1208
f 1142/1240/1201 1141/1242/1203 1147/1248/1209 1148/1246/1207
f 1141/1242/1203 1140/1243/1204 1146/1249/1210 1147/1248/1209
f 1140/1243/1204 1139/1244/1205 1145/1250/1211 1146/1249/1210
f 1139/1244/1205 1138/1245/1206 1144/1251/1212 1145/1250/1211
f 1149/1247/1208 1148/1246/1207 1154/1252/1213 1155/1253/1214
f 1148/1246/1207 1147/1248/1209 1153/1254/1215 1154/1252/1213
f 1147/1248/1209 1146/1249/1210 1152/1255/1216 1153/1254/1215
f 1146/1249/1210 1145/1250/1211 1151/1256/1217 1152/1255/1216
f 1145/1250/1211 1144/1251/1212 1150/1257/1218 1151/1256/1217
f 1155/1253/1214 1154/1252/1213 1160/1258/1219 1161/1259/1220
f 1154/1252/1213 1153/1254/1215 1159/1260/1221 1160/1258/1219
f 1153/1254/1215 1152/1255/1216 1158/1261/1222 1159/1260/1221
f 1152/1255/1216 1151/1256/1217 1157/1262/1223 1158/1261/1222
f 1151/1256/1217 1150/1257/1218 1156/1263/1224 1157/1262/1223
f 1161/1259/1220 1160/1258/1219 1166/1264/1225 1167/1265/1226
f 1160/1258/1219 1159/1260/1221 1165/1266/1227 1166/1264/1225
f 1159/1260/1221 1158/1261/1222 1164/1267/1228 1165/1266/1227
f 1158/1261/1222 1157/1262/1223 1163/1268/1229 1164/1267/1228
f 1157/1262/1223 1156/1263/1224 1162/1269/1230 1163/1268/1229
f 1167/1265/1226 1166/1264/1225 1172/1270/1231 1173/1271/1232
f 1166/1264/1225 1165/1266/1227 1171/1272/1233 1172/1270/1231
f 1165/1266/1227 1164/1267/1228 1170/1273/1234 1171/1272/1233
f 1164/1267/1228 1163/1268/1229 1169/1274/1235 1170/1273/1234
f 1163/1268/1229 1162/1269/1230 1168/1275/1236 1169/1274/1235
f 1173/1271/1232 1172/1270/1231 1178/1276/1237 1179/1277/1238
f 1172/1270/1231 1171/1272/1233 1177/1278/1239 1178/1276/1237
f 1171/1272/1233 1170/1273/1234 1176/1279/1240 1177/1278/1239
f 1170/1273/1234 1169/1274/1235 1175/1280/1241 1176/1279/1240
f 1169/1274/1235 1168/1275/1236 1174/1281/1242 1175/1280/1241
f 1179/1277/1238 1178/1276/1237 1184/1282/1243 1185/1283/1244
f 1178/1276/1237 1177/1278/1239 1183/1284/1245 1184/1282/1243
f 1177/1278/1239 1176/1279/1240 1182/1285/1246 1183/1284/1245
f 1176/1279/1240 1175/1280/1241 1181/1286/1247 1182/1285/1246
f 1175/1280/1241 1174/1281/1242 1180/1287/1248 1181/1286/1247
f 1185/1283/1244 1184/1282/1243 1190/1288/1249 1191/1289/1250
f 1184/1282/1243 1183/1284/1245 1189/1290/1251 1190/1288/1249
f 1183/1284/1245 1182/1285/1246 1188/1291/1252 1189/1290/1251
f 1182/1285/1246 1181/1286/1247 1187/1292/1253 1188/1291/1252
f 1181/1286/1247 1180/1287/1248 1186/1293/1254 1187/1292/1253
f 1191/1289/1250 1190/1288/1249 1196/1294/1255 1197/1295/1256
f 1190/1288/1249 1189/1290/1251 1195/1296/1257 1196/1294/1255
f 1189/1290/1251 1188/1291/1252 1194/1297/1258 1195/1296/1257
f 1188/1291/1252 1187/1292/1253 1193/1298/1259 1194/1297/1258
f 1187/1292/1253 1186/1293/1254 1192/1299/1260 1193/1298/1259
f 1197/1300/1256 1196/1301/1255 1202/1302/1261 1203/1303/1262
f 1196/1301/1255 1195/1304/1257 1201/1305/1263 1202/1302/1261
f 1195/1304/1257 1194/1306/1258 1200/1307/1264 1201/1305/1263
f 1194/1306/1258 1193/1308/1259 1199/1309/1265 1200/1307/1264
f 1193/1308/1259 1192/1310/1260 1198/1311/1266 1199/1309/1265
f 1203/1303/1262 1202/1302/1261 1208/1189/1150 1209/1188/1149
f 1202/1302/1261 1201/1305/1263 1207/1191/1152 1208/1189/1150
f 1201/1305/1263 1200/1307/1264 1206/1193/1154 1207/1191/1152
f 1200/1307/1264 1199/1309/1265 1205/1196/1157 1206/1193/1154
f 1199/1309/1265 1198/1311/1266 1204/1197/1158 1205/1196/1157
f 1214/1312/1267 1215/1313/1268 1329/1314/1269 1328/1315/1270
f 1213/1316/1271 1214/1312/1267 1328/1315/1270 1327/1317/1272
f 1212/1318/1273 1213/1316/1271 1327/1317/1272 1326/1319/1274
f 1210/1320/1275 1211/1321/1276 1325/1322/1277 1324/1323/1278
f 1211/1321/1276 1212/1318/1273 1326/1319/1274 1325/1322/1277
f 1215/1313/1268 1214/1312/1267 1220/1324/1279 1221/1325/1280
f 1214/1312/1267 1213/1316/1271 1219/1326/1281 1220/1324/1279
f 1213/1316/1271 1212/1318/1273 1218/1327/1282 1219/1326/1281
f 1212/1318/1273 1211/1321/1276 1217/1328/1283 1218/1327/1282
f 1211/1321/1276 1210/1320/1275 1216/1329/1284 1217/1328/1283
f 1221/1325/1280 1220/1324/1279 1226/1330/1285 1227/1331/1286
f 1220/1324/1279 1219/1326/1281 1225/1332/1287 1226/1330/1285
f 1219/1326/1281 1218/1327/1282 1224/1333/1288 1225/1332/1287
f 1218/1327/1282 1217/1328/1283 1223/1334/1289 1224/1333/1288
f 1217/1328/1283 1216/1329/1284 1222/1335/1290 1223/1334/1289
f 1227/1331/1286 1226/1330/1285 1232/1336/1291 1233/1337/1292
f 1226/1330/1285 1225/1332/1287 1231/1338/1293 1232/1336/1291
f 1225/1332/1287 1224/1333/1288 1230/1339/1294 1231/1338/1293
f 1224/1333/1288 1223/1334/1289 1229/1340/1295 1230/1339/1294
f 1223/1334/1289 1222/1335/1290 1228/1341/1296 1229/1340/1295
f 1233/1337/1292 1232/1336/1291 1238/1342/1297 1239/1343/1298
f 1232/1336/1291 1231/1338/1293 1237/1344/1299 1238/1342/1297
f 1231/1338/1293 1230/1339/1294 1236/1345/1300 1237/1344/1299
f 1230/1339/1294 1229/1340/1295 1235/1346/1301 1236/1345/1300
f 1229/1340/1295 1228/1341/1296 1234/1347/1302 1235/1346/1301
f 1239/1343/1298 1238/1342/1297 1244/1348/1303 1245/1349/1304
f 1238/1342/1297 1237/1344/1299 1243/1350/1305 1244/1348/1303
f 1237/1344/1299 1236/1345/1300 1242/1351/1306 1243/1350/1305
f 1236/1345/1300 1235/1346/1301 1241/1352/1307 1242/1351/1306
f 1235/1346/1301 1234/1347/1302 1240/1353/1308 1241/1352/1307
f 1245/1349/1304 1244/1348/1303 1250/1354/1309 1251/1355/1310
f 1244/1348/1303 1243/1350/1305 1249/1356/1311 1250/1354/1309
f 1243/1350/1305 1242/1351/1306 1248/1357/1312 1249/1356/1311
f 1242/1351/1306 1241/1352/1307 1247/1358/1313 1248/1357/1312
f 1241/1352/1307 1240/1353/1308 1246/1359/1314 1247/1358/1313
f 1251/1355/1310 1250/1354/1309 1256/1360/1315 1257/1361/1316
f 1250/1354/1309 1249/1356/1311 1255/1362/1317 1256/1360/1315
f 1249/1356/1311 1248/1357/1312 1254/1363/1318 1255/1362/1317
f 1248/1357/1312 1247/1358/1313 1253/1364/1319 1254/1363/1318
f 1247/1358/1313 1246/1359/1314 1252/1365/1320 1253/1364/1319
f 1257/1361/1316 1256/1360/1315 1262/1366/1321 1263/1367/1322
f 1256/1360/1315 1255/1362/1317 1261/1368/1323 1262/1366/1321
f 1255/1362/1317 1254/1363/1318 1260/1369/1324 1261/1368/1323
f 1254/1363/1318 1253/1364/1319 1259/1370/1325 1260/1369/1324
f 1253/1364/1319 1252/1365/1320 1258/1371/1326 1259/1370/1325
f 1263/1367/1322 1262/1366/1321 1268/1372/1327 1269/1373/1328
f 1262/1366/1321 1261/1368/1323 1267/1374/1329 1268/1372/1327
f 1261/1368/1323 1260/1369/1324 1266/1375/1330 1267/1374/1329
f 1260/1369/1324 1259/1370/1325 1265/1376/1331 1266/1375/1330
f 1259/1370/1325 1258/1371/1326 1264/1377/1332 1265/1376/1331
f 1269/1373/1328 1268/1372/1327 1274/1378/1333 1275/1379/1334
f 1268/1372/1327 1267/1374/1329 1273/1380/1335 1274/1378/1333
f 1267/1374/1329 1266/1375/1330 1272/1381/1336 1273/1380/1335
f 1266/1375/1330 1265/1376/1331 1271/1382/1337 1272/1381/1336
f 1265/1376/1331 1264/1377/1332 1270/1383/1338 1271/1382/1337
f 1275/1379/1334 1274/1378/1333 1280/1384/1339 1281/1385/1340
f 1274/1378/1333 1273/1380/1335 1279/1386/1341 1280/1384/1339
f 1273/1380/1335 1272/1381/1336 1278/1387/1342 1279/1386/1341
f 1272/1381/1336 1271/1382/1337 1277/1388/1343 1278/1387/1342
f 1271/1382/1337 1270/1383/1338 1276/1389/1344 1277/1388/1343
f 1281/1385/1340 1280/1384/1339 1286/1390/1345 1287/1391/1346
f 1280/1384/1339 1279/1386/1341 1285/1392/1347 1286/1390/1345
f 1279/1386/1341 1278/1387/1342 1284/1393/1348 1285/1392/1347
f 1278/1387/1342 1277/1388/1343 1283/1394/1349 1284/1393/1348
f 1277/1388/1343 1276/1389/1344 1282/1395/1350 1283/1394/1349
f 1287/1391/1346 1286/1390/1345 1292/1396/1351 1293/1397/1352
f 1286/1390/1345 1285/1392/1347 1291/1398/1353 1292/1396/1351
f 1285/1392/1347 1284/1393/1348 1290/1399/1354 1291/1398/1353
f 1284/1393/1348 1283/1394/1349 1289/1400/1355 1290/1399/1354
f 1283/1394/1349 1282/1395/1350 1288/1401/1356 1289/1400/1355
f 1293/1397/1352 1292/1396/1351 1298/1402/1357 1299/1403/1358
f 1292/1396/1351 1291/1398/1353 1297/1404/1359 1298/1402/1357
f 1291/1398/1353 1290/1399/1354 1296/1405/1360 1297/1404/1359
f 1290/1399/1354 1289/1400/1355 1295/1406/1361 1296/1405/1360
f 1289/1400/1355 1288/1401/1356 1294/1407/1362 1295/1406/1361
f 1299/1403/1358 1298/1402/1357 1304/1408/1363 1305/1409/1364
f 1298/1402/1357 1297/1404/1359 1303/1410/1365 1304/1408/1363
f 1297/1404/1359 1296/1405/1360 1302/1411/1366 1303/1410/1365
f 1296/1405/1360 1295/1406/1361 1301/1412/1367 1302/1411/1366
f 1295/1406/1361 1294/1407/1362 1300/1413/1368 1301/1412/1367
f 1305/1409/1364 1304/1408/1363 1310/1414/1369 1311/1415/1370
f 1304/1408/1363 1303/1410/1365 1309/1416/1371 1310/1414/1369
f 1303/1410/1365 1302/1411/1366 1308/1417/1372 1309/1416/1371
f 1302/1411/1366 1301/1412/1367 1307/1418/1373 1308/1417/1372
f 1301/1412/1367 1300/1413/1368 1306/1419/1374 1307/1418/1373
f 1311/1415/1370 1310/1414/1369 1316/1420/1375 1317/1421/1376
f 1310/1414/1369 1309/1416/1371 1315/1422/1377 1316/1420/1375
f 1309/1416/1371 1308/1417/1372 1314/1423/1378 1315/1422/1377
f 1308/1417/1372 1307/1418/1373 1313/1424/1379 1314/1423/1378
f 1307/1418/1373 1306/1419/1374 1312/1425/1380 1313/1424/1379
f 1317/1426/1376 1316/1427/1375 1322/1428/1381 1323/1429/1382
f 1316/1427/1375 1315/1430/1377 1321/1431/1383 1322/1428/1381
f 1315/1430/1377 1314/1432/1378 1320/1433/1384 1321/1431/1383
f 1314/1432/1378 1313/1434/1379 1319/1435/1385 1320/1433/1384
f 1313/1434/1379 1312/1436/1380 1318/1437/1386 1319/1435/1385
f 1323/1429/1382 1322/1428/1381 1328/1315/1270 1329/1314/1269
f 1322/1428/1381 1321/1431/1383 1327/1317/1272 1328/1315/1270
f 1321/1431/1383 1320/1433/1384 1326/1319/1274 1327/1317/1272
f 1320/1433/1384 1319/1435/1385 1325/1322/1277 1326/1319/1274
f 1319/1435/1385 1318/1437/1386 1324/1323/1278 1325/1322/1277
f 975/1082/1048 981/1092/1058 1334/1438/1387 1330/1439/1388
f 981/1092/1058 987/1097/1063 1338/1440/1389 1334/1438/1387
f 987/1097/1063 993/1102/1068 1342/1441/1390 1338/1440/1389
f 993/1102/1068 999/1107/1073 1346/1442/1391 1342/1441/1390
f 999/1107/1073 1005/1112/1078 1350/1443/1392 1346/1442/1391
f 1005/1112/1078 1011/1117/1083 1354/1444/1393 1350/1443/1392
f 1011/1117/1083 1017/1122/1088 1358/1445/1394 1354/1444/1393
f 1017/1122/1088 1023/1127/1093 1362/1446/1395 1358/1445/1394
f 1023/1127/1093 1029/1132/1098 1366/1447/1396 1362/1446/1395
f 1029/1132/1098 1035/1137/1103 1370/1448/1397 1366/1447/1396
f 1035/1137/1103 1041/1142/1108 1374/1449/1398 1370/1448/1397
f 1041/1142/1108 1047/1147/1113 1378/1450/1399 1374/1449/1398
f 1047/1147/1113 1053/1152/1118 1382/1451/1400 1378/1450/1399
f 1053/1152/1118 1059/1157/1123 1386/1452/1401 1382/1451/1400
f 1059/1157/1123 1065/1162/1128 1390/1453/1402 1386/1452/1401
f 1065/1162/1128 1071/1167/1133 1394/1454/1403 1390/1453/1402
f 1071/1167/1133 1077/1172/1138 1398/1455/1404 1394/1454/1403
f 1077/1176/1138 1083/1179/1143 1402/1456/1405 1398/1457/1404
f 1083/1179/1143 1089/1083/1049 1406/1458/1406 1402/1456/1405
f 1089/1083/1049 975/1082/1048 1330/1439/1388 1406/1458/1406
f 1333/1459/1407 1337/1460/1408 1096/1203/1164 1090/1194/1155
f 1337/1460/1408 1341/1461/1409 1102/1209/1170 1096/1203/1164
f 1341/1461/1409 1345/1462/1410 1108/1215/1176 1102/1209/1170
f 1345/1462/1410 1349/1463/1411 1114/1221/1182 1108/1215/1176
f 1349/1463/1411 1353/1464/1412 1120/1227/1188 1114/1221/1182
f 1353/1464/1412 1357/1465/1413 1126/1233/1194 1120/1227/1188
f 1357/1465/1413 1361/1466/1414 1132/1239/1200 1126/1233/1194
f 1361/1466/1414 1365/1467/1415 1138/1245/1206 1132/1239/1200
f 1365/1467/1415 1369/1468/1416 1144/1251/1212 1138/1245/1206
f 1369/1468/1416 1373/1469/1417 1150/1257/1218 1144/1251/1212
f 1373/1469/1417 1377/1470/1418 1156/1263/1224 1150/1257/1218
f 1377/1470/1418 1381/1471/1419 1162/1269/1230 1156/1263/1224
f 1381/1471/1419 1385/1472/1420 1168/1275/1236 1162/1269/1230
f 1385/1472/1420 1389/1473/1421 1174/1281/1242 1168/1275/1236
f 1389/1473/1421 1393/1474/1422 1180/1287/1248 1174/1281/1242
f 1393/1474/1422 1397/1475/1423 1186/1293/1254 1180/1287/1248
f 1397/1475/1423 1401/1476/1424 1192/1299/1260 1186/1293/1254
f 1401/1477/1424 1405/1478/1425 1198/1311/1266 1192/1310/1260
f 1405/1478/1425 1409/1479/1426 1204/1197/1158 1198/1311/1266
f 1409/1479/1426 1333/1459/1407 1090/1194/1155 1204/1197/1158
f 1332/1480/1427 1333/1459/1407 1409/1479/1426 1408/1481/1428
f 1330/1439/1388 1331/1482/1429 1407/1483/1430 1406/1458/1406
f 1331/1482/1431 1332/1480/1432 1408/1481/1433 1407/1483/1433
f 1333/1459/1407 1332/1480/1427 1336/1484/1434 1337/1460/1408
f 1332/1480/1432 1331/1482/1431 1335/1485/1435 1336/1484/1436
f 1331/1482/1429 1330/1439/1388 1334/1438/1387 1335/1485/1437
f 1337/1460/1408 1336/1484/1434 1340/1486/1438 1341/1461/1409
f 1336/1484/1436 1335/1485/1435 1339/1487/1439 1340/1486/1440
f 1335/1485/1437 1334/1438/1387 1338/1440/1389 1339/1487/1441
f 1341/1461/1409 1340/1486/1438 1344/1488/1442 1345/1462/1410
f 1340/1486/1440 1339/1487/1439 1343/1489/1443 1344/1488/1444
f 1339/1487/1441 1338/1440/1389 1342/1441/1390 1343/1489/1445
f 1345/1462/1410 1344/1488/1442 1348/1490/1446 1349/1463/1411
f 1344/1488/1444 1343/1489/1443 1347/1491/1447 1348/1490/1447
f 1343/1489/1445 1342/1441/1390 1346/1442/1391 1347/1491/1448
f 1349/1463/1411 1348/1490/1446 1352/1492/1449 1353/1464/1412
f 1348/1490/1447 1347/1491/1447 1351/1493/1450 1352/1492/1450
f 1347/1491/1448 1346/1442/1391 1350/1443/1392 1351/1493/1451
f 1353/1464/1412 1352/1492/1449 1356/1494/1452 1357/1465/1413
f 1352/1492/1450 1351/1493/1450 1355/1495/1453 1356/1494/1453
f 1351/1493/1451 1350/1443/1392 1354/1444/1393 1355/1495/1454
f 1357/1465/1413 1356/1494/1452 1360/1496/1455 1361/1466/1414
f 1356/1494/1453 1355/1495/1453 1359/1497/1456 1360/1496/1457
f 1355/1495/1454 1354/1444/1393 1358/1445/1394 1359/1497/1458
f 1361/1466/1414 1360/1496/1455 1364/1498/1459 1365/1467/1415
f 1360/1496/1457 1359/1497/1456 1363/1499/1460 1364/1498/1460
f 1359/1497/1458 1358/1445/1394 1362/1446/1395 1363/1499/1461
f 1365/1467/1415 1364/1498/1459 1368/1500/1462 1369/1468/1416
f 1364/1498/1460 1363/1499/1460 1367/1501/1463 1368/1500/1463
f 1363/1499/1461 1362/1446/1395 1366/1447/1396 1367/1501/1464
f 1369/1468/1416 1368/1500/1462 1372/1502/1465 1373/1469/1417
f 1368/1500/1463 1367/1501/1463 1371/1503/1466 1372/1502/1466
f 1367/1501/1464 1366/1447/1396 1370/1448/1397 1371/1503/1467
f 1373/1469/1417 1372/1502/1465 1376/1504/1468 1377/1470/1418
f 1372/1502/1466 1371/1503/1466 1375/1505/1469 1376/1504/1469
f 1371/1503/1467 1370/1448/1397 1374/1449/1398 1375/1505/1470
f 1377/1470/1418 1376/1504/1468 1380/1506/1471 1381/1471/1419
f 1376/1504/1469 1375/1505/1469 1379/1507/1472 1380/1506/1472
f 1375/1505/1470 1374/1449/1398 1378/1450/1399 1379/1507/1473
f 1381/1471/1419 1380/1506/1471 1384/1508/1474 1385/1472/1420
f 1380/1506/1472 1379/1507/1472 1383/1509/1475 1384/1508/1475
f 1379/1507/1473 1378/1450/1399 1382/1451/1400 1383/1509/1476
f 1385/1472/1420 1384/1508/1474 1388/1510/1477 1389/1473/1421
f 1384/1508/1475 1383/1509/1475 1387/1511/1478 1388/1510/1478
f 1383/1509/1476 1382/1451/1400 1386/1452/1401 1387/1511/1479
f 1389/1473/1421 1388/1510/1477 1392/1512/1480 1393/1474/1422
f 1388/1510/1478 1387/1511/1478 1391/1513/1481 1392/1512/1482
f 1387/1511/1479 1386/1452/1401 1390/1453/1402 1391/1513/1483
f 1393/1474/1422 1392/1512/1480 1396/1514/1484 1397/1475/1423
f 1392/1512/1482 1391/1513/1481 1395/1515/1485 1396/1514/1485
f 1391/1513/1483 1390/1453/1402 1394/1454/1403 1395/1515/1486
f 1397/1475/1423 1396/1514/1484 1400/1516/1487 1401/1476/1424
f 1396/1514/1485 1395/1515/1485 1399/1517/1488 1400/1516/1489
f 1395/1515/1486 1394/1454/1403 1398/1455/1404 1399/1517/1490
f 1401/1477/1424 1400/1518/1487 1404/1519/1491 1405/1478/1425
f 1400/1518/1489 1399/1520/1488 1403/1521/1492 1404/1519/1492
f 1399/1520/1490 1398/1457/1404 1402/1456/1405 1403/1521/1493
f 1405/1478/1425 1404/1519/1491 1408/1481/1428 1409/1479/1426
f 1404/1519/1492 1403/1521/1492 1407/1483/1433 1408/1481/1433
f 1403/1521/1493 1402/1456/1405 1406/1458/1406 1407/1483/1430
f 1410/1522/1494 1415/1523/1495 1515/1524/1496 1510/1525/1497
f 1415/1523/1495 1420/1526/1498 1520/1527/1499 1515/1524/1496
f 1420/1526/1498 1425/1528/1500 1525/1529/1501 1520/1527/1499
f 1425/1528/1500 1430/1530/1502 1530/1531/1503 1525/1529/1501
f 1430/1530/1502 1435/1532/1504 1535/1533/1505 1530/1531/1503
f 1435/1532/1504 1440/1534/1506 1540/1535/1507 1535/1533/1505
f 1440/1534/1506 1445/1536/1508 1545/1537/1509 1540/1535/1507
f 1445/1536/1508 1450/1538/1510 1550/1539/1511 1545/1537/1509
f 1450/1538/1510 1455/1540/1512 1555/1541/1513 1550/1539/1511
f 1455/1540/1512 1460/1542/1514 1560/1543/1515 1555/1541/1513
f 1460/1542/1514 1465/1544/1516 1565/1545/1517 1560/1543/1515
f 1465/1544/1516 1470/1546/1518 1570/1547/1519 1565/1545/1517
f 1470/1546/1518 1475/1548/1520 1575/1549/1521 1570/1547/1519
f 1475/1548/1520 1480/1550/1522 1580/1551/1523 1575/1549/1521
f 1480/1550/1522 1485/1552/1524 1585/1553/1525 1580/1551/1523
f 1485/1552/1524 1490/1554/1526 1590/1555/1527 1585/1553/1525
f 1490/1554/1526 1495/1556/1528 1595/1557/1529 1590/1555/1527
f 1495/1558/1528 1500/1559/1530 1600/1560/1531 1595/1561/1529
f 1500/1559/1530 1505/1562/1532 1605/1563/1533 1600/1560/1531
f 1505/1562/1532 1410/1522/1494 1510/1525/1497 1605/1563/1533
f 1095/1187/1148 1101/1199/1160 1419/1564/1534 1414/1565/1535
f 1101/1199/1160 1107/1205/1166 1424/1566/1536 1419/1564/1534
f 1107/1205/1166 1113/1211/1172 1429/1567/1537 1424/1566/1536
f 1113/1211/1172 1119/1217/1178 1434/1568/1538 1429/1567/1537
f 1119/1217/1178 1125/1223/1184 1439/1569/1539 1434/1568/1538
f 1125/1223/1184 1131/1229/1190 1444/1570/1540 1439/1569/1539
f 1131/1229/1190 1137/1235/1196 1449/1571/1541 1444/1570/1540
f 1137/1235/1196 1143/1241/1202 1454/1572/1542 1449/1571/1541
f 1143/1241/1202 1149/1247/1208 1459/1573/1543 1454/1572/1542
f 1149/1247/1208 1155/1253/1214 1464/1574/1544 1459/1573/1543
f 1155/1253/1214 1161/1259/1220 1469/1575/1545 1464/1574/1544
f 1161/1259/1220 1167/1265/1226 1474/1576/1546 1469/1575/1545
f 1167/1265/1226 1173/1271/1232 1479/1577/1547 1474/1576/1546
f 1173/1271/1232 1179/1277/1238 1484/1578/1548 1479/1577/1547
f 1179/1277/1238 1185/1283/1244 1489/1579/1549 1484/1578/1548
f 1185/1283/1244 1191/1289/1250 1494/1580/1550 1489/1579/1549
f 1191/1289/1250 1197/1295/1256 1499/1581/1551 1494/1580/1550
f 1197/1300/1256 1203/1303/1262 1504/1582/1552 1499/1583/1551
f 1203/1303/1262 1209/1188/1149 1509/1584/1553 1504/1582/1552
f 1209/1188/1149 1095/1187/1148 1414/1565/1535 1509/1584/1553
f 1514/1585/1554 1519/1586/1555 1216/1329/1284 1210/1320/1275
f 1519/1586/1555 1524/1587/1556 1222/1335/1290 1216/1329/1284
f 1524/1587/1556 1529/1588/1557 1228/1341/1296 1222/1335/1290
f 1529/1588/1557 1534/1589/1558 1234/1347/1302 1228/1341/1296
f 1534/1589/1558 1539/1590/1559 1240/1353/1308 1234/1347/1302
f 1539/1590/1559 1544/1591/1560 1246/1359/1314 1240/1353/1308
f 1544/1591/1560 1549/1592/1561 1252/1365/1320 1246/1359/1314
f 1549/1592/1561 1554/1593/1562 1258/1371/1326 1252/1365/1320
f 1554/1593/1562 1559/1594/1563 1264/1377/1332 1258/1371/1326
f 1559/1594/1563 1564/1595/1564 1270/1383/1338 1264/1377/1332
f 1564/1595/1564 1569/1596/1565 1276/1389/1344 1270/1383/1338
f 1569/1596/1565 1574/1597/1566 1282/1395/1350 1276/1389/1344
f 1574/1597/1566 1579/1598/1567 1288/1401/1356 1282/1395/1350
f 1579/1598/1567 1584/1599/1568 1294/1407/1362 1288/1401/1356
f 1584/1599/1568 1589/1600/1569 1300/1413/1368 1294/1407/1362
f 1589/1600/1569 1594/1601/1570 1306/1419/1374 1300/1413/1368
f 1594/1601/1570 1599/1602/1571 1312/1425/1380 1306/1419/1374
f 1599/1603/1571 1604/1604/1572 1318/1437/1386 1312/1436/1380
f 1604/1604/1572 1609/1605/1573 1324/1323/1278 1318/1437/1386
f 1609/1605/1573 1514/1585/1554 1210/1320/1275 1324/1323/1278
f 1413/1606/1574 1414/1565/1535 1419/1564/1534 1418/1607/1575
f 1412/1608/1576 1413/1606/1574 1418/1607/1575 1417/1609/1577
f 1410/1522/1494 1411/1610/1578 1416/1611/1579 1415/1523/1495
f 1411/1610/1578 1412/1608/1576 1417/1609/1577 1416/1611/1579
f 1418/1607/1575 1419/1564/1534 1424/1566/1536 1423/1612/1580
f 1417/1609/1577 1418/1607/1575 1423/1612/1580 1422/1613/1581
f 1415/1523/1495 1416/1611/1579 1421/1614/1582 1420/1526/1498
f 1416/1611/1579 1417/1609/1577 1422/1613/1581 1421/1614/1582
f 1423/1612/1580 1424/1566/1536 1429/1567/1537 1428/1615/1583
f 1422/1613/1581 1423/1612/1580 1428/1615/1583 1427/1616/1584
f 1420/1526/1498 1421/1614/1582 1426/1617/1585 1425/1528/1500
f 1421/1614/1582 1422/1613/1581 1427/1616/1584 1426/1617/1585
f 1428/1615/1583 1429/1567/1537 1434/1568/1538 1433/1618/1586
f 1427/1616/1584 1428/1615/1583 1433/1618/1586 1432/1619/1587
f 1425/1528/1500 1426/1617/1585 1431/1620/1588 1430/1530/1502
f 1426/1617/1585 1427/1616/1584 1432/1619/1587 1431/1620/1588
f 1433/1618/1586 1434/1568/1538 1439/1569/1539 1438/1621/1589
f 1432/1619/1587 1433/1618/1586 1438/1621/1589 1437/1622/1590
f 1430/1530/1502 1431/1620/1588 1436/1623/1591 1435/1532/1504
f 1431/1620/1588 1432/1619/1587 1437/1622/1590 1436/1623/1591
f 1438/1621/1589 1439/1569/1539 1444/1570/1540 1443/1624/1592
f 1437/1622/1590 1438/1621/1589 1443/1624/1592 1442/1625/1593
f 1435/1532/1504 1436/1623/1591 1441/1626/1594 1440/1534/1506
f 1436/1623/1591 1437/1622/1590 1442/1625/1593 1441/1626/1594
f 1443/1624/1592 1444/1570/1540 1449/1571/1541 1448/1627/1595
f 1442/1625/1593 1443/1624/1592 1448/1627/1595 1447/1628/1596
f 1440/1534/1506 1441/1626/1594 1446/1629/1597 1445/1536/1508
f 1441/1626/1594 1442/1625/1593 1447/1628/1596 1446/1629/1597
f 1448/1627/1595 1449/1571/1541 1454/1572/1542 1453/1630/1598
f 1447/1628/1596 1448/1627/1595 1453/1630/1598 1452/1631/1599
f 1445/1536/1508 1446/1629/1597 1451/1632/1600 1450/1538/1510
f 1446/1629/1597 1447/1628/1596 1452/1631/1599 1451/1632/1600
f 1453/1630/1598 1454/1572/1542 1459/1573/1543 1458/1633/1601
f 1452/1631/1599 1453/1630/1598 1458/1633/1601 1457/1634/1602
f 1450/1538/1510 1451/1632/1600 1456/1635/1603 1455/1540/1512
f 1451/1632/1600 1452/1631/1599 1457/1634/1602 1456/1635/1603
f 1458/1633/1601 1459/1573/1543 1464/1574/1544 1463/1636/1604
f 1457/1634/1602 1458/1633/1601 1463/1636/1604 1462/1637/1605
f 1455/1540/1512 1456/1635/1603 1461/1638/1606 1460/1542/1514
f 1456/1635/1603 1457/1634/1602 1462/1637/1605 1461/1638/1606
f 1463/1636/1604 1464/1574/1544 1469/1575/1545 1468/1639/1607
f 1462/1637/1605 1463/1636/1604 1468/1639/1607 1467/1640/1608
f 1460/1542/1514 1461/1638/1606 1466/1641/1609 1465/1544/1516
f 1461/1638/1606 1462/1637/1605 1467/1640/1608 1466/1641/1609
f 1468/1639/1607 1469/1575/1545 1474/1576/1546 1473/1642/1610
f 1467/1640/1608 1468/1639/1607 1473/1642/1610 1472/1643/1611
f 1465/1544/1516 1466/1641/1609 1471/1644/1612 1470/1546/1518
f 1466/1641/1609 1467/1640/1608 1472/1643/1611 1471/1644/1612
f 1473/1642/1610 1474/1576/1546 1479/1577/1547 1478/1645/1613
f 1472/1643/1611 1473/1642/1610 1478/1645/1613 1477/1646/1614
f 1470/1546/1518 1471/1644/1612 1476/1647/1615 1475/1548/1520
f 1471/1644/1612 1472/1643/1611 1477/1646/1614 1476/1647/1615
f 1478/1645/1613 1479/1577/1547 1484/1578/1548 1483/1648/1616
f 1477/1646/1614 1478/1645/1613 1483/1648/1616 1482/1649/1617
f 1475/1548/1520 1476/1647/1615 1481/1650/1618 1480/1550/1522
f 1476/1647/1615 1477/1646/1614 1482/1649/1617 1481/1650/1618
f 1483/1648/1616 1484/1578/1548 1489/1579/1549 1488/1651/1619
f 1482/1649/1617 1483/1648/1616 1488/1651/1619 1487/1652/1620
f 1480/1550/1522 1481/1650/1618 1486/1653/1621 1485/1552/1524
f 1481/1650/1618 1482/1649/1617 1487/1652/1620 1486/1653/1621
f 1488/1651/1619 1489/1579/1549 1494/1580/1550 1493/1654/1622
f 1487/1652/1620 1488/1651/1619 1493/1654/1622 1492/1655/1623
f 1485/1552/1524 1486/1653/1621 1491/1656/1624 1490/1554/1526
f 1486/1653/1621 1487/1652/1620 1492/1655/1623 1491/1656/1624
f 1493/1654/1622 1494/1580/1550 1499/1581/1551 1498/1657/1625
f 1492/1655/1623 1493/1654/1622 1498/1657/1625 1497/1658/1626
f 1490/1554/1526 1491/1656/1624 1496/1659/1627 1495/1556/1528
f 1491/1656/1624 1492/1655/1623 1497/1658/1626 1496/1659/1627
f 1498/1660/1625 1499/1583/1551 1504/1582/1552 1503/1661/1628
f 1497/1662/1626 1498/1660/1625 1503/1661/1628 1502/1663/1629
f 1495/1558/1528 1496/1664/1627 1501/1665/1630 1500/1559/1530
f 1496/1664/1627 1497/1662/1626 1502/1663/1629 1501/1665/1630
f 1503/1661/1628 1504/1582/1552 1509/1584/1553 1508/1666/1631
f 1502/1663/1629 1503/1661/1628 1508/1666/1631 1507/1667/1632
f 1500/1559/1530 1501/1665/1630 1506/1668/1633 1505/1562/1532
f 1501/1665/1630 1502/1663/1629 1507/1667/1632 1506/1668/1633
f 1414/1565/1535 1413/1606/1574 1508/1666/1631 1509/1584/1553
f 1413/1606/1574 1412/1608/1576 1507/1667/1632 1508/1666/1631
f 1412/1608/1576 1411/1610/1578 1506/1668/1633 1507/1667/1632
f 1411/1610/1578 1410/1522/1494 1505/1562/1532 1506/1668/1633
f 1513/1669/1634 1514/1585/1554 1609/1605/1573 1608/1670/1635
f 1512/1671/1636 1513/1669/1634 1608/1670/1635 1607/1672/1637
f 1510/1525/1497 1511/1673/1638 1606/1674/1639 1605/1563/1533
f 1511/1673/1638 1512/1671/1636 1607/1672/1637 1606/1674/1639
f 1514/1585/1554 1513/1669/1634 1518/1675/1640 1519/1586/1555
f 1513/1669/1634 1512/1671/1636 1517/1676/1641 1518/1675/1640
f 1512/1671/1636 1511/1673/1638 1516/1677/1642 1517/1676/1641
f 1511/1673/1638 1510/1525/1497 1515/1524/1496 1516/1677/1642
f 1519/1586/1555 1518/1675/1640 1523/1678/1643 1524/1587/1556
f 1518/1675/1640 1517/1676/1641 1522/1679/1644 1523/1678/1643
f 1517/1676/1641 1516/1677/1642 1521/1680/1645 1522/1679/1644
f 1516/1677/1642 1515/1524/1496 1520/1527/1499 1521/1680/1645
f 1524/1587/1556 1523/1678/1643 1528/1681/1646 1529/1588/1557
f 1523/1678/1643 1522/1679/1644 1527/1682/1647 1528/1681/1646
f 1522/1679/1644 1521/1680/1645 1526/1683/1648 1527/1682/1647
f 1521/1680/1645 1520/1527/1499 1525/1529/1501 1526/1683/1648
f 1529/1588/1557 1528/1681/1646 1533/1684/1649 1534/1589/1558
f 1528/1681/1646 1527/1682/1647 1532/1685/1650 1533/1684/1649
f 1527/1682/1647 1526/1683/1648 1531/1686/1651 1532/1685/1650
f 1526/1683/1648 1525/1529/1501 1530/1531/1503 1531/1686/1651
f 1534/1589/1558 1533/1684/1649 1538/1687/1652 1539/1590/1559
f 1533/1684/1649 1532/1685/1650 1537/1688/1653 1538/1687/1652
f 1532/1685/1650 1531/1686/1651 1536/1689/1654 1537/1688/1653
f 1531/1686/1651 1530/1531/1503 1535/1533/1505 1536/1689/1654
f 1539/1590/1559 1538/1687/1652 1543/1690/1655 1544/1591/1560
f 1538/1687/1652 1537/1688/1653 1542/1691/1656 1543/1690/1655
f 1537/1688/1653 1536/1689/1654 1541/1692/1657 1542/1691/1656
f 1536/1689/1654 1535/1533/1505 1540/1535/1507 1541/1692/1657
f 1544/1591/1560 1543/1690/1655 1548/1693/1658 1549/1592/1561
f 1543/1690/1655 1542/1691/1656 1547/1694/1659 1548/1693/1658
f 1542/1691/1656 1541/1692/1657 1546/1695/1660 1547/1694/1659
f 1541/1692/1657 1540/1535/1507 1545/1537/1509 1546/1695/1660
f 1549/1592/1561 1548/1693/1658 1553/1696/1661 1554/1593/1562
f 1548/1693/1658 1547/1694/1659 1552/1697/1662 1553/1696/1661
f 1547/1694/1659 1546/1695/1660 1551/1698/1663 1552/1697/1662
f 1546/1695/1660 1545/1537/1509 1550/1539/1511 1551/1698/1663
f 1554/1593/1562 1553/1696/1661 1558/1699/1664 1559/1594/1563
f 1553/1696/1661 1552/1697/1662 1557/1700/1665 1558/1699/1664
f 1552/1697/1662 1551/1698/1663 1556/1701/1666 1557/1700/1665
f 1551/1698/1663 1550/1539/1511 1555/1541/1513 1556/1701/1666
f 1559/1594/1563 1558/1699/1664 1563/1702/1667 1564/1595/1564
f 1558/1699/1664 1557/1700/1665 1562/1703/1668 1563/1702/1667
f 1557/1700/1665 1556/1701/1666 1561/1704/1669 1562/1703/1668
f 1556/1701/1666 1555/1541/1513 1560/1543/1515 1561/1704/1669
f 1564/1595/1564 1563/1702/1667 1568/1705/1670 1569/1596/1565
f 1563/1702/1667 1562/1703/1668 1567/1706/1671 1568/1705/1670
f 1562/1703/1668 1561/1704/1669 1566/1707/1672 1567/1706/1671
f 1561/1704/1669 1560/1543/1515 1565/1545/1517 1566/1707/1672
f 1569/1596/1565 1568/1705/1670 1573/1708/1673 1574/1597/1566
f 1568/1705/1670 1567/1706/1671 1572/1709/1674 1573/1708/1673
f 1567/1706/1671 1566/1707/1672 1571/1710/1675 1572/1709/1674
f 1566/1707/1672 1565/1545/1517 1570/1547/1519 1571/1710/1675
f 1574/1597/1566 1573/1708/1673 1578/1711/1676 1579/1598/1567
f 1573/1708/1673 1572/1709/1674 1577/1712/1677 1578/1711/1676
f 1572/1709/1674 1571/1710/1675 1576/1713/1678 1577/1712/1677
f 1571/1710/1675 1570/1547/1519 1575/1549/1521 1576/1713/1678
f 1579/1598/1567 1578/1711/1676 1583/1714/1679 1584/1599/1568
f 1578/1711/1676 1577/1712/1677 1582/1715/1680 1583/1714/1679
f 1577/1712/1677 1576/1713/1678 1581/1716/1681 1582/1715/1680
f 1576/1713/1678 1575/1549/1521 1580/1551/1523 1581/1716/1681
f 1584/1599/1568 1583/1714/1679 1588/1717/1682 1589/1600/1569
f 1583/1714/1679 1582/1715/1680 1587/1718/1683 1588/1717/1682
f 1582/1715/1680 1581/1716/1681 1586/1719/1684 1587/1718/1683
f 1581/1716/1681 1580/1551/1523 1585/1553/1525 1586/1719/1684
f 1589/1600/1569 1588/1717/1682 1593/1720/1685 1594/1601/1570
f 1588/1717/1682 1587/1718/1683 1592/1721/1686 1593/1720/1685
f 1587/1718/1683 1586/1719/1684 1591/1722/1687 1592/1721/1686
f 1586/1719/1684 1585/1553/1525 1590/1555/1527 1591/1722/1687
f 1594/1601/1570 1593/1720/1685 1598/1723/1688 1599/1602/1571
f 1593/1720/1685 1592/1721/1686 1597/1724/1689 1598/1723/1688
f 1592/1721/1686 1591/1722/1687 1596/1725/1690 1597/1724/1689
f 1591/1722/1687 1590/1555/1527 1595/1557/1529 1596/1725/1690
f 1599/1603/1571 1598/1726/1688 1603/1727/1691 1604/1604/1572
f 1598/1726/1688 1597/1728/1689 1602/1729/1692 1603/1727/1691
f 1597/1728/1689 1596/1730/1690 1601/1731/1693 1602/1729/1692
f 1596/1730/1690 1595/1561/1529 1600/1560/1531 1601/1731/1693
f 1604/1604/1572 1603/1727/1691 1608/1670/1635 1609/1605/1573
f 1603/1727/1691 1602/1729/1692 1607/1672/1637 1608/1670/1635
f 1602/1729/1692 1601/1731/1693 1606/1674/1639 1607/1672/1637
f 1601/1731/1693 1600/1560/1531 1605/1563/1533 1606/1674/1639
f 1215/1313/1268 1221/1325/1280 1611/1732/1694 1610/1733/1695
f 1221/1325/1280 1227/1331/1286 1612/1734/1696 1611/1732/1694
f 1227/1331/1286 1233/1337/1292 1613/1735/1697 1612/1734/1696
f 1233/1337/1292 1239/1343/1298 1614/1736/1698 1613/1735/1697
f 1239/1343/1298 1245/1349/1304 1615/1737/1699 1614/1736/1698
f 1245/1349/1304 1251/1355/1310 1616/1738/1700 1615/1737/1699
f 1251/1355/1310 1257/1361/1316 1617/1739/1701 1616/1738/1700
f 1257/1361/1316 1263/1367/1322 1618/1740/1702 1617/1739/1701
f 1263/1367/1322 1269/1373/1328 1619/1741/1703 1618/1740/1702
f 1269/1373/1328 1275/1379/1334 1620/1742/1704 1619/1741/1703
f 1275/1379/1334 1281/1385/1340 1621/1743/1705 1620/1742/1704
f 1281/1385/1340 1287/1391/1346 1622/1744/1706 1621/1743/1705
f 1287/1391/1346 1293/1397/1352 1623/1745/1707 1622/1744/1706
f 1293/1397/1352 1299/1403/1358 1624/1746/1708 1623/1745/1707
f 1299/1403/1358 1305/1409/1364 1625/1747/1709 1624/1746/1708
f 1305/1409/1364 1311/1415/1370 1626/1748/1710 1625/1747/1709
f 1311/1415/1370 1317/1421/1376 1627/1749/1711 1626/1748/1710
f 1317/1426/1376 1323/1429/1382 1628/1750/1712 1627/1751/1711
f 1323/1429/1382 1329/1314/1269 1629/1752/1713 1628/1750/1712
f 1329/1314/1269 1215/1313/1268 1610/1733/1695 1629/1752/1713
f 1633/1753/1714 1634/1754/1715 1639/1755/1716 1638/1756/1717
f 1632/1757/1718 1633/1753/1714 1638/1756/1717 1637/1758/1719
f 1630/1759/1720 1631/1760/1721 1636/1761/1722 1635/1762/1723
f 1631/1760/1721 1632/1757/1718 1637/1758/1719 1636/1761/1722
f 1638/1756/1717 1639/1755/1716 1729/1763/1724 1728/1764/1725
f 1637/1758/1719 1638/1756/1717 1728/1764/1725 1727/1765/1726
f 1635/1762/1723 1636/1761/1722 1726/1766/1727 1725/1767/1728
f 1636/1761/1722 1637/1758/1719 1727/1765/1726 1726/1766/1727
f 1634/1754/1715 1633/1753/1714 1643/1768/1729 1644/1769/1730
f 1633/1753/1714 1632/1757/1718 1642/1770/1731 1643/1768/1729
f 1632/1757/1718 1631/1760/1721 1641/1771/1732 1642/1770/1731
f 1631/1760/1721 1630/1759/1720 1640/1772/1733 1641/1771/1732
f 1644/1769/1730 1643/1768/1729 1648/1773/1734 1649/1774/1735
f 1643/1768/1729 1642/1770/1731 1647/1775/1736 1648/1773/1734
f 1642/1770/1731 1641/1771/1732 1646/1776/1737 1647/1775/1736
f 1641/1771/1732 1640/1772/1733 1645/1777/1738 1646/1776/1737
f 1649/1774/1735 1648/1773/1734 1653/1778/1739 1654/1779/1740
f 1648/1773/1734 1647/1775/1736 1652/1780/1741 1653/1778/1739
f 1647/1775/1736 1646/1776/1737 1651/1781/1742 1652/1780/1741
f 1646/1776/1737 1645/1777/1738 1650/1782/1743 1651/1781/1742
f 1654/1779/1740 1653/1778/1739 1658/1783/1744 1659/1784/1745
f 1653/1778/1739 1652/1780/1741 1657/1785/1746 1658/1783/1744
f 1652/1780/1741 1651/1781/1742 1656/1786/1747 1657/1785/1746
f 1651/1781/1742 1650/1782/1743 1655/1787/1748 1656/1786/1747
f 1659/1784/1745 1658/1783/1744 1663/1788/1749 1664/1789/1750
f 1658/1783/1744 1657/1785/1746 1662/1790/1751 1663/1788/1749
f 1657/1785/1746 1656/1786/1747 1661/1791/1752 1662/1790/1751
f 1656/1786/1747 1655/1787/1748 1660/1792/1753 1661/1791/1752
f 1664/1789/1750 1663/1788/1749 1668/1793/1754 1669/1794/1755
f 1663/1788/1749 1662/1790/1751 1667/1795/1756 1668/1793/1754
f 1662/1790/1751 1661/1791/1752 1666/1796/1757 1667/1795/1756
f 1661/1791/1752 1660/1792/1753 1665/1797/1758 1666/1796/1757
f 1669/1794/1755 1668/1793/1754 1673/1798/1759 1674/1799/1760
f 1668/1793/1754 1667/1795/1756 1672/1800/1761 1673/1798/1759
f 1667/1795/1756 1666/1796/1757 1671/1801/1762 1672/1800/1761
f 1666/1796/1757 1665/1797/1758 1670/1802/1763 1671/1801/1762
f 1674/1799/1760 1673/1798/1759 1678/1803/1764 1679/1804/1765
f 1673/1798/1759 1672/1800/1761 1677/1805/1766 1678/1803/1764
f 1672/1800/1761 1671/1801/1762 1676/1806/1767 1677/1805/1766
f 1671/1801/1762 1670/1802/1763 1675/1807/1768 1676/1806/1767
f 1679/1804/1765 1678/1803/1764 1683/1808/1769 1684/1809/1770
f 1678/1803/1764 1677/1805/1766 1682/1810/1771 1683/1808/1769
f 1677/1805/1766 1676/1806/1767 1681/1811/1772 1682/1810/1771
f 1676/1806/1767 1675/1807/1768 1680/1812/1773 1681/1811/1772
f 1684/1809/1770 1683/1808/1769 1688/1813/1774 1689/1814/1775
f 1683/1808/1769 1682/1810/1771 1687/1815/1776 1688/1813/1774
f 1682/1810/1771 1681/1811/1772 1686/1816/1777 1687/1815/1776
f 1681/1811/1772 1680/1812/1773 1685/1817/1778 1686/1816/1777
f 1689/1814/1775 1688/1813/1774 1693/1818/1779 1694/1819/1780
f 1688/1813/1774 1687/1815/1776 1692/1820/1781 1693/1818/1779
f 1687/1815/1776 1686/1816/1777 1691/1821/1782 1692/1820/1781
f 1686/1816/1777 1685/1817/1778 1690/1822/1783 1691/1821/1782
f 1694/1819/1780 1693/1818/1779 1698/1823/1784 1699/1824/1785
f 1693/1818/1779 1692/1820/1781 1697/1825/1786 1698/1823/1784
f 1692/1820/1781 1691/1821/1782 1696/1826/1787 1697/1825/1786
f 1691/1821/1782 1690/1822/1783 1695/1827/1788 1696/1826/1787
f 1699/1824/1785 1698/1823/1784 1703/1828/1789 1704/1829/1790
f 1698/1823/1784 1697/1825/1786 1702/1830/1791 1703/1828/1789
f 1697/1825/1786 1696/1826/1787 1701/1831/1792 1702/1830/1791
f 1696/1826/1787 1695/1827/1788 1700/1832/1793 1701/1831/1792
f 1704/1829/1790 1703/1828/1789 1708/1833/1794 1709/1834/1795
f 1703/1828/1789 1702/1830/1791 1707/1835/1796 1708/1833/1794
f 1702/1830/1791 1701/1831/1792 1706/1836/1797 1707/1835/1796
f 1701/1831/1792 1700/1832/1793 1705/1837/1798 1706/1836/1797
f 1709/1834/1795 1708/1833/1794 1713/1838/1799 1714/1839/1800
f 1708/1833/1794 1707/1835/1796 1712/1840/1801 1713/1838/1799
f 1707/1835/1796 1706/1836/1797 1711/1841/1802 1712/1840/1801
f 1706/1836/1797 1705/1837/1798 1710/1842/1803 1711/1841/1802
f 1714/1839/1800 1713/1838/1799 1718/1843/1804 1719/1844/1805
f 1713/1838/1799 1712/1840/1801 1717/1845/1806 1718/1843/1804
f 1712/1840/1801 1711/1841/1802 1716/1846/1807 1717/1845/1806
f 1711/1841/1802 1710/1842/1803 1715/1847/1808 1716/1846/1807
f 1719/1848/1805 1718/1849/1804 1723/1850/1809 1724/1851/1810
f 1718/1849/1804 1717/1852/1806 1722/1853/1811 1723/1850/1809
f 1717/1852/1806 1716/1854/1807 1721/1855/1812 1722/1853/1811
f 1716/1854/1807 1715/1856/1808 1720/1857/1813 1721/1855/1812
f 1724/1851/1810 1723/1850/1809 1728/1764/1725 1729/1763/1724
f 1723/1850/1809 1722/1853/1811 1727/1765/1726 1728/1764/1725
f 1722/1853/1811 1721/1855/1812 1726/1766/1727 1727/1765/1726
f 1721/1855/1812 1720/1857/1813 1725/1767/1728 1726/1766/1727
f 1730/1858/1814 1610/1733/1815 1611/1732/1816 1736/1859/1817
f 1610/1733/1815 1730/1858/1814 1742/1860/1818 1629/1752/1819
f 1736/1859/1817 1611/1732/1816 1612/1734/1820 1748/1861/1821
f 1748/1861/1821 1612/1734/1820 1613/1735/1822 1754/1862/1823
f 1754/1862/1823 1613/1735/1822 1614/1736/1824 1760/1863/1825
f 1760/1863/1825 1614/1736/1824 1615/1737/1826 1766/1864/1827
f 1766/1864/1827 1615/1737/1826 1616/1738/1828 1772/1865/1829
f 1772/1865/1829 1616/1738/1828 1617/1739/1830 1778/1866/1831
f 1778/1866/1831 1617/1739/1830 1618/1740/1832 1784/1867/1833
f 1784/1867/1833 1618/1740/1832 1619/1741/1834 1790/1868/1835
f 1790/1868/1835 1619/1741/1834 1620/1742/1836 1796/1869/1837
f 1796/1869/1837 1620/1742/1836 1621/1743/1838 1802/1870/1839
f 1802/1870/1839 1621/1743/1838 1622/1744/1840 1808/1871/1841
f 1808/1871/1841 1622/1744/1840 1623/1745/1842 1814/1872/1843
f 1814/1872/1843 1623/1745/1842 1624/1746/1844 1820/1873/1845
f 1820/1873/1845 1624/1746/1844 1625/1747/1846 1826/1874/1847
f 1826/1874/1847 1625/1747/1846 1626/1748/1848 1832/1875/1849
f 1832/1875/1849 1626/1748/1848 1627/1749/1850 1838/1876/1851
f 1838/1877/1851 1627/1751/1850 1628/1750/1852 1844/1878/1853
f 1844/1878/1853 1628/1750/1852 1629/1752/1819 1742/1860/1818
f 1735/1879/1854 1741/1880/1855 1630/1759/1720 1635/1762/1723
f 1741/1880/1855 1753/1881/1856 1640/1772/1733 1630/1759/1720
f 1753/1881/1856 1759/1882/1857 1645/1777/1738 1640/1772/1733
f 1759/1882/1857 1765/1883/1858 1650/1782/1743 1645/1777/1738
f 1765/1883/1858 1771/1884/1859 1655/1787/1748 1650/1782/1743
f 1771/1884/1859 1777/1885/1860 1660/1792/1753 1655/1787/1748
f 1777/1885/1860 1783/1886/1861 1665/1797/1758 1660/1792/1753
f 1783/1886/1861 1789/1887/1862 1670/1802/1763 1665/1797/1758
f 1789/1887/1862 1795/1888/1863 1675/1807/1768 1670/1802/1763
f 1795/1888/1863 1801/1889/1864 1680/1812/1773 1675/1807/1768
f 1801/1889/1864 1807/1890/1865 1685/1817/1778 1680/1812/1773
f 1807/1890/1865 1813/1891/1866 1690/1822/1783 1685/1817/1778
f 1813/1891/1866 1819/1892/1867 1695/1827/1788 1690/1822/1783
f 1819/1892/1867 1825/1893/1868 1700/1832/1793 1695/1827/1788
f 1825/1893/1868 1831/1894/1869 1705/1837/1798 1700/1832/1793
f 1831/1894/1869 1837/1895/1870 1710/1842/1803 1705/1837/1798
f 1837/1895/1870 1843/1896/1871 1715/1847/1808 1710/1842/1803
f 1843/1897/1871 1849/1898/1872 1720/1857/1813 1715/1856/1808
f 1849/1898/1872 1747/1899/1873 1725/1767/1728 1720/1857/1813
f 1747/1899/1873 1735/1879/1854 1635/1762/1723 1725/1767/1728
f 1734/1900/1874 1735/1879/1854 1747/1899/1873 1746/1901/1875
f 1733/1902/1876 1734/1900/1874 1746/1901/1875 1745/1903/1877
f 1732/1904/1878 1733/1902/1876 1745/1903/1877 1744/1905/1879
f 1730/1858/1814 1731/1906/1880 1743/1907/1881 1742/1860/1818
f 1731/1906/1880 1732/1904/1878 1744/1905/1879 1743/1907/1881
f 1735/1879/1854 1734/1900/1874 1740/1908/1882 1741/1880/1855
f 1734/1900/1874 1733/1902/1876 1739/1909/1883 1740/1908/1882
f 1733/1902/1876 1732/1904/1878 1738/1910/1884 1739/1909/1883
f 1732/1904/1878 1731/1906/1880 1737/1911/1885 1738/1910/1884
f 1731/1906/1880 1730/1858/1814 1736/1859/1817 1737/1911/1885
f 1746/1901/1875 1747/1899/1873 1849/1898/1872 1848/1912/1886
f 1745/1903/1877 1746/1901/1875 1848/1912/1886 1847/1913/1887
f 1744/1905/1879 1745/1903/1877 1847/1913/1887 1846/1914/1888
f 1742/1860/1818 1743/1907/1881 1845/1915/1889 1844/1878/1853
f 1743/1907/1881 1744/1905/1879 1846/1914/1888 1845/1915/1889
f 1741/1880/1855 1740/1908/1882 1752/1916/1890 1753/1881/1856
f 1740/1908/1882 1739/1909/1883 1751/1917/1891 1752/1916/1890
f 1739/1909/1883 1738/1910/1884 1750/1918/1892 1751/1917/1891
f 1738/1910/1884 1737/1911/1885 1749/1919/1893 1750/1918/1892
f 1737/1911/1885 1736/1859/1817 1748/1861/1821 1749/1919/1893
f 1753/1881/1856 1752/1916/1890 1758/1920/1894 1759/1882/1857
f 1752/1916/1890 1751/1917/1891 1757/1921/1895 1758/1920/1894
f 1751/1917/1891 1750/1918/1892 1756/1922/1896 1757/1921/1895
f 1750/1918/1892 1749/1919/1893 1755/1923/1897 1756/1922/1896
f 1749/1919/1893 1748/1861/1821 1754/1862/1823 1755/1923/1897
f 1759/1882/1857 1758/1920/1894 1764/1924/1898 1765/1883/1858
f 1758/1920/1894 1757/1921/1895 1763/1925/1899 1764/1924/1898
f 1757/1921/1895 1756/1922/1896 1762/1926/1900 1763/1925/1899
f 1756/1922/1896 1755/1923/1897 1761/1927/1901 1762/1926/1900
f 1755/1923/1897 1754/1862/1823 1760/1863/1825 1761/1927/1901
f 1765/1883/1858 1764/1924/1898 1770/1928/1902 1771/1884/1859
f 1764/1924/1898 1763/1925/1899 1769/1929/1903 1770/1928/1902
f 1763/1925/1899 1762/1926/1900 1768/1930/1904 1769/1929/1903
f 1762/1926/1900 1761/1927/1901 1767/1931/1905 1768/1930/1904
f 1761/1927/1901 1760/1863/1825 1766/1864/1827 1767/1931/1905
f 1771/1884/1859 1770/1928/1902 1776/1932/1906 1777/1885/1860
f 1770/1928/1902 1769/1929/1903 1775/1933/1907 1776/1932/1906
f 1769/1929/1903 1768/1930/1904 1774/1934/1908 1775/1933/1907
f 1768/1930/1904 1767/1931/1905 1773/1935/1909 1774/1934/1908
f 1767/1931/1905 1766/1864/1827 1772/1865/1829 1773/1935/1909
f 1777/1885/1860 1776/1932/1906 1782/1936/1910 1783/1886/1861
f 1776/1932/1906 1775/1933/1907 1781/1937/1911 1782/1936/1910
f 1775/1933/1907 1774/1934/1908 1780/1938/1912 1781/1937/1911
f 1774/1934/1908 1773/1935/1909 1779/1939/1913 1780/1938/1912
f 1773/1935/1909 1772/1865/1829 1778/1866/1831 1779/1939/1913
f 1783/1886/1861 1782/1936/1910 1788/1940/1914 1789/1887/1862
f 1782/1936/1910 1781/1937/1911 1787/1941/1915 1788/1940/1914
f 1781/1937/1911 1780/1938/1912 1786/1942/1916 1787/1941/1915
f 1780/1938/1912 1779/1939/1913 1785/1943/1917 1786/1942/1916
f 1779/1939/1913 1778/1866/1831 1784/1867/1833 1785/1943/1917
f 1789/1887/1862 1788/1940/1914 1794/1944/1918 1795/1888/1863
f 1788/1940/1914 1787/1941/1915 1793/1945/1919 1794/1944/1918
f 1787/1941/1915 1786/1942/1916 1792/1946/1920 1793/1945/1919
f 1786/1942/1916 1785/1943/1917 1791/1947/1921 1792/1946/1920
f 1785/1943/1917 1784/1867/1833 1790/1868/1835 1791/1947/1921
f 1795/1888/1863 1794/1944/1918 1800/1948/1922 1801/1889/1864
f 1794/1944/1918 1793/1945/1919 1799/1949/1923 1800/1948/1922
f 1793/1945/1919 1792/1946/1920 1798/1950/1924 1799/1949/1923
f 1792/1946/1920 1791/1947/1921 1797/1951/1925 1798/1950/1924
f 1791/1947/1921 1790/1868/1835 1796/1869/1837 1797/1951/1925
f 1801/1889/1864 1800/1948/1922 1806/1952/1926 1807/1890/1865
f 1800/1948/1922 1799/1949/1923 1805/1953/1927 1806/1952/1926
f 1799/1949/1923 1798/1950/1924 1804/1954/1928 1805/1953/1927
f 1798/1950/1924 1797/1951/1925 1803/1955/1929 1804/1954/1928
f 1797/1951/1925 1796/1869/1837 1802/1870/1839 1803/1955/1929
f 1807/1890/1865 1806/1952/1926 1812/1956/1930 1813/1891/1866
f 1806/1952/1926 1805/1953/1927 1811/1957/1931 1812/1956/1930
f 1805/1953/1927 1804/1954/1928 1810/1958/1932 1811/1957/1931
f 1804/1954/1928 1803/1955/1929 1809/1959/1933 1810/1958/1932
f 1803/1955/1929 1802/1870/1839 1808/1871/1841 1809/1959/1933
f 1813/1891/1866 1812/1956/1930 1818/1960/1934 1819/1892/1867
f 1812/1956/1930 1811/1957/1931 1817/1961/1935 1818/1960/1934
f 1811/1957/1931 1810/1958/1932 1816/1962/1936 1817/1961/1935
f 1810/1958/1932 1809/1959/1933 1815/1963/1937 1816/1962/1936
f 1809/1959/1933 1808/1871/1841 1814/1872/1843 1815/1963/1937
f 1819/1892/1867 1818/1960/1934 1824/1964/1938 1825/1893/1868
f 1818/1960/1934 1817/1961/1935 1823/1965/1939 1824/1964/1938
f 1817/1961/1935 1816/1962/1936 1822/1966/1940 1823/1965/1939
f 1816/1962/1936 1815/1963/1937 1821/1967/1941 1822/1966/1940
f 1815/1963/1937 1814/1872/1843 1820/1873/1845 1821/1967/1941
f 1825/1893/1868 1824/1964/1938 1830/1968/1942 1831/1894/1869
f 1824/1964/1938 1823/1965/1939 1829/1969/1943 1830/1968/1942
f 1823/1965/1939 1822/1966/1940 1828/1970/1944 1829/1969/1943
f 1822/1966/1940 1821/1967/1941 1827/1971/1945 1828/1970/1944
f 1821/1967/1941 1820/1873/1845 1826/1874/1847 1827/1971/1945
f 1831/1894/1869 1830/1968/1942 1836/1972/1946 1837/1895/1870
f 1830/1968/1942 1829/1969/1943 1835/1973/1947 1836/1972/1946
f 1829/1969/1943 1828/1970/1944 1834/1974/1948 1835/1973/1947
f 1828/1970/1944 1827/1971/1945 1833/1975/1949 1834/1974/1948
f 1827/1971/1945 1826/1874/1847 1832/1875/1849 1833/1975/1949
f 1837/1895/1870 1836/1972/1946 1842/1976/1950 1843/1896/1871
f 1836/1972/1946 1835/1973/1947 1841/1977/1951 1842/1976/1950
f 1835/1973/1947 1834/1974/1948 1840/1978/1952 1841/1977/1951
f 1834/1974/1948 1833/1975/1949 1839/1979/1953 1840/1978/1952
f 1833/1975/1949 1832/1875/1849 1838/1876/1851 1839/1979/1953
f 1843/1897/1871 1842/1980/1950 1848/1912/1886 1849/1898/1872
f 1842/1980/1950 1841/1981/1951 1847/1913/1887 1848/1912/1886
f 1841/1981/1951 1840/1982/1952 1846/1914/1888 1847/1913/1887
f 1840/1982/1952 1839/1983/1953 1845/1915/1889 1846/1914/1888
f 1839/1983/1953 1838/1877/1851 1844/1878/1853 1845/1915/1889
f 1639/1755/1716 1634/1754/1715 1851/1984/1954 1856/1985/1955
f 1634/1754/1715 1644/1769/1730 1861/1986/1956 1851/1984/1954
f 1644/1769/1730 1649/1774/1735 1866/1987/1957 1861/1986/1956
f 1649/1774/1735 1654/1779/1740 1871/1988/1958 1866/1987/1957
f 1654/1779/1740 1659/1784/1745 1876/1989/1959 1871/1988/1958
f 1659/1784/1745 1664/1789/1750 1881/1990/1960 1876/1989/1959
f 1664/1789/1750 1669/1794/1755 1886/1991/1961 1881/1990/1960
f 1669/1794/1755 1674/1799/1760 1891/1992/1962 1886/1991/1961
f 1674/1799/1760 1679/1804/1765 1896/1993/1963 1891/1992/1962
f 1679/1804/1765 1684/1809/1770 1901/1994/1964 1896/1993/1963
f 1684/1809/1770 1689/1814/1775 1906/1995/1965 1901/1994/1964
f 1689/1814/1775 1694/1819/1780 1911/1996/1966 1906/1995/1965
f 1694/1819/1780 1699/1824/1785 1916/1997/1967 1911/1996/1966
f 1699/1824/1785 1704/1829/1790 1921/1998/1968 1916/1997/1967
f 1704/1829/1790 1709/1834/1795 1926/1999/1969 1921/1998/1968
f 1709/1834/1795 1714/1839/1800 1931/2000/1970 1926/1999/1969
f 1714/1839/1800 1719/1844/1805 1936/2001/1971 1931/2000/1970
f 1719/1848/1805 1724/1851/1810 1941/2002/1972 1936/2003/1971
f 1724/1851/1810 1729/1763/1724 1946/2004/1973 1941/2002/1972
f 1729/1763/1724 1639/1755/1716 1856/1985/1955 1946/2004/1973
f 1854/2005/1974 1855/2006/1975 1860/2007/1976 1859/2008/1977
f 1853/2009/1978 1854/2005/1974 1859/2008/1977 1858/2010/1979
f 1851/1984/1954 1852/2011/1980 1857/2012/1981 1856/1985/1955
f 1852/2013/1980 1853/2009/1978 1858/2010/1979 1857/2014/1981
f 1859/2008/1977 1860/2007/1976 1950/2015/1982 1949/2016/1983
f 1858/2010/1979 1859/2008/1977 1949/2016/1983 1948/2017/1984
f 1856/1985/1955 1857/2012/1981 1947/2018/1985 1946/2004/1973
f 1857/2014/1981 1858/2010/1979 1948/2017/1984 1947/2019/1985
f 1855/2006/1975 1854/2005/1974 1864/2020/1986 1865/2021/1987
f 1854/2005/1974 1853/2009/1978 1863/2022/1988 1864/2020/1986
f 1853/2009/1978 1852/2013/1980 1862/2023/1989 1863/2022/1988
f 1852/2011/1980 1851/1984/1954 1861/1986/1956 1862/2024/1989
f 1865/2021/1987 1864/2020/1986 1869/2025/1990 1870/2026/1991
f 1864/2020/1986 1863/2022/1988 1868/2027/1992 1869/2025/1990
f 1863/2022/1988 1862/2023/1989 1867/2028/1993 1868/2027/1992
f 1862/2024/1989 1861/1986/1956 1866/1987/1957 1867/2029/1993
f 1870/2026/1991 1869/2025/1990 1874/2030/1994 1875/2031/1995
f 1869/2025/1990 1868/2027/1992 1873/2032/1996 1874/2030/1994
f 1868/2027/1992 1867/2028/1993 1872/2033/1997 1873/2032/1996
f 1867/2029/1993 1866/1987/1957 1871/1988/1958 1872/2034/1997
f 1875/2031/1995 1874/2030/1994 1879/2035/1998 1880/2036/1999
f 1874/2030/1994 1873/2032/1996 1878/2037/2000 1879/2035/1998
f 1873/2032/1996 1872/2033/1997 1877/2038/2001 1878/2037/2000
f 1872/2034/1997 1871/1988/1958 1876/1989/1959 1877/2039/2001
f 1880/2036/1999 1879/2035/1998 1884/2040/2002 1885/2041/2003
f 1879/2035/1998 1878/2037/2000 1883/2042/2004 1884/2040/2002
f 1878/2037/2000 1877/2038/2001 1882/2043/2005 1883/2042/2004
f 1877/2039/2001 1876/1989/1959 1881/1990/1960 1882/2044/2005
f 1885/2041/2003 1884/2040/2002 1889/2045/2006 1890/2046/2007
f 1884/2040/2002 1883/2042/2004 1888/2047/2008 1889/2045/2006
f 1883/2042/2004 1882/2043/2005 1887/2048/2009 1888/2047/2008
f 1882/2044/2005 1881/1990/1960 1886/1991/1961 1887/2049/2009
f 1890/2046/2007 1889/2045/2006 1894/2050/2010 1895/2051/2011
f 1889/2045/2006 1888/2047/2008 1893/2052/2012 1894/2050/2010
f 1888/2047/2008 1887/2048/2009 1892/2053/2013 1893/2052/2012
f 1887/2049/2009 1886/1991/1961 1891/1992/1962 1892/2054/2013
f 1895/2051/2011 1894/2050/2010 1899/2055/2014 1900/2056/2015
f 1894/2050/2010 1893/2052/2012 1898/2057/2016 1899/2055/2014
f 1893/2052/2012 1892/2053/2013 1897/2058/2017 1898/2057/2016
f 1892/2054/2013 1891/1992/1962 1896/1993/1963 1897/2059/2017
f 1900/2056/2015 1899/2055/2014 1904/2060/2018 1905/2061/2019
f 1899/2055/2014 1898/2057/2016 1903/2062/2020 1904/2060/2018
f 1898/2057/2016 1897/2058/2017 1902/2063/2021 1903/2062/2020
f 1897/2059/2017 1896/1993/1963 1901/1994/1964 1902/2064/2021
f 1905/2061/2019 1904/2060/2018 1909/2065/2022 1910/2066/2023
f 1904/2060/2018 1903/2062/2020 1908/2067/2024 1909/2065/2022
f 1903/2062/2020 1902/2063/2021 1907/2068/2025 1908/2067/2024
f 1902/2064/2021 1901/1994/1964 1906/1995/1965 1907/2069/2025
f 1910/2066/2023 1909/2065/2022 1914/2070/2026 1915/2071/2027
f 1909/2065/2022 1908/2067/2024 1913/2072/2028 1914/2070/2026
f 1908/2067/2024 1907/2068/2025 1912/2073/2029 1913/2072/2028
f 1907/2069/2025 1906/1995/1965 1911/1996/1966 1912/2074/2029
f 1915/2071/2027 1914/2070/2026 1919/2075/2030 1920/2076/2031
f 1914/2070/2026 1913/2072/2028 1918/2077/2032 1919/2075/2030
f 1913/2072/2028 1912/2073/2029 1917/2078/2033 1918/2077/2032
f 1912/2074/2029 1911/1996/1966 1916/1997/1967 1917/2079/2033
f 1920/2076/2031 1919/2075/2030 1924/2080/2034 1925/2081/2035
f 1919/2075/2030 1918/2077/2032 1923/2082/2036 1924/2080/2034
f 1918/2077/2032 1917/2078/2033 1922/2083/2037 1923/2082/2036
f 1917/2079/2033 1916/1997/1967 1921/1998/1968 1922/2084/2037
f 1925/2081/2035 1924/2080/2034 1929/2085/2038 1930/2086/2039
f 1924/2080/2034 1923/2082/2036 1928/2087/2040 1929/2085/2038
f 1923/2082/2036 1922/2083/2037 1927/2088/2041 1928/2087/2040
f 1922/2084/2037 1921/1998/1968 1926/1999/1969 1927/2089/2041
f 1930/2086/2039 1929/2085/2038 1934/2090/2042 1935/2091/2043
f 1929/2085/2038 1928/2087/2040 1933/2092/2044 1934/2090/2042
f 1928/2087/2040 1927/2088/2041 1932/2093/2045 1933/2092/2044
f 1927/2089/2041 1926/1999/1969 1931/2000/1970 1932/2094/2045
f 1935/2091/2043 1934/2090/2042 1939/2095/2046 1940/2096/2047
f 1934/2090/2042 1933/2092/2044 1938/2097/2048 1939/2095/2046
f 1933/2092/2044 1932/2093/2045 1937/2098/2049 1938/2097/2048
f 1932/2094/2045 1931/2000/1970 1936/2001/1971 1937/2099/2049
f 1940/2096/2047 1939/2095/2046 1944/2100/2050 1945/2101/2051
f 1939/2095/2046 1938/2097/2048 1943/2102/2052 1944/2100/2050
f 1938/2097/2048 1937/2098/2049 1942/2103/2053 1943/2102/2052
f 1937/2104/2049 1936/2003/1971 1941/2002/1972 1942/2105/2053
f 1945/2101/2051 1944/2100/2050 1949/2016/1983 1950/2015/1982
f 1944/2100/2050 1943/2102/2052 1948/2017/1984 1949/2016/1983
f 1943/2102/2052 1942/2103/2053 1947/2019/1985 1948/2017/1984
f 1942/2105/2053 1941/2002/1972 1946/2004/1973 1947/2018/1985
f 1955/2106/2054 1951/2107/2055 1850/2108/29
f 1951/2107/2055 1959/2109/2056 1850/2108/29
f 1959/2109/2056 1963/2110/2057 1850/2108/29
f 1963/2110/2057 1967/2111/2058 1850/2108/29
f 1967/2111/2058 1971/2112/2059 1850/2108/29
f 1971/2112/2059 1975/2113/2060 1850/2108/29
f 1975/2113/2060 1979/2114/2061 1850/2108/29
f 1979/2114/2061 1983/2115/2062 1850/2108/29
f 1983/2115/2062 1987/2116/2063 1850/2108/29
f 1987/2116/2063 1991/2117/2064 1850/2108/29
f 1991/2117/2064 1995/2118/2065 1850/2108/29
f 1995/2118/2065 1999/2119/2066 1850/2108/29
f 1999/2119/2066 2003/2120/2067 1850/2108/29
f 2003/2120/2067 2007/2121/2068 1850/2108/29
f 2007/2121/2068 2011/2122/2069 1850/2108/29
f 2011/2122/2069 2015/2123/2070 1850/2108/29
f 2015/2123/2070 2019/2124/2071 1850/2108/29
f 2019/2124/2071 2023/2125/2072 1850/2108/29
f 2023/2125/2072 2027/2126/2073 1850/2108/29
f 2027/2126/2073 1955/2106/2054 1850/2108/29
f 1860/2007/1976 1855/2006/1975 1954/2127/2074 1958/2128/2075
f 1855/2006/1975 1865/2021/1987 1962/2129/2076 1954/2127/2074
f 1865/2021/1987 1870/2026/1991 1966/2130/2077 1962/2129/2076
f 1870/2026/1991 1875/2031/1995 1970/2131/2078 1966/2130/2077
f 1875/2031/1995 1880/2036/1999 1974/2132/2079 1970/2131/2078
f 1880/2036/1999 1885/2041/2003 1978/2133/2080 1974/2132/2079
f 1885/2041/2003 1890/2046/2007 1982/2134/2081 1978/2133/2080
f 1890/2046/2007 1895/2051/2011 1986/2135/2082 1982/2134/2081
f 1895/2051/2011 1900/2056/2015 1990/2136/2083 1986/2135/2082
f 1900/2056/2015 1905/2061/2019 1994/2137/2084 1990/2136/2083
f 1905/2061/2019 1910/2066/2023 1998/2138/2085 1994/2137/2084
f 1910/2066/2023 1915/2071/2027 2002/2139/2086 1998/2138/2085
f 1915/2071/2027 1920/2076/2031 2006/2140/2087 2002/2139/2086
f 1920/2076/2031 1925/2081/2035 2010/2141/2088 2006/2140/2087
f 1925/2081/2035 1930/2086/2039 2014/2142/2089 2010/2141/2088
f 1930/2086/2039 1935/2091/2043 2018/2143/2090 2014/2142/2089
f 1935/2091/2043 1940/2096/2047 2022/2144/2091 2018/2143/2090
f 1940/2096/2047 1945/2101/2051 2026/2145/2092 2022/2144/2091
f 1945/2101/2051 1950/2015/1982 2030/2146/2093 2026/2145/2092
f 1950/2015/1982 1860/2007/1976 1958/2128/2075 2030/2146/2093
f 1953/2147/2094 1954/2127/2074 1962/2129/2076 1961/2148/2095
f 1951/2107/2055 1952/2149/2096 1960/2150/2097 1959/2109/2056
f 1952/2149/2098 1953/2147/2094 1961/2148/2095 1960/2150/2099
f 1954/2127/2074 1953/2147/2094 1957/2151/2100 1958/2128/2075
f 1953/2147/2094 1952/2149/2098 1956/2152/2101 1957/2151/2100
f 1952/2149/2096 1951/2107/2055 1955/2106/2054 1956/2152/2102
f 1961/2148/2095 1962/2129/2076 1966/2130/2077 1965/2153/2103
f 1959/2109/2056 1960/2150/2097 1964/2154/2104 1963/2110/2057
f 1960/2150/2099 1961/2148/2095 1965/2153/2103 1964/2154/2105
f 1965/2153/2103 1966/2130/2077 1970/2131/2078 1969/2155/2106
f 1963/2110/2057 1964/2154/2104 1968/2156/2107 1967/2111/2058
f 1964/2154/2105 1965/2153/2103 1969/2155/2106 1968/2156/2108
f 1969/2155/2106 1970/2131/2078 1974/2132/2079 1973/2157/2109
f 1967/2111/2058 1968/2156/2107 1972/2158/2110 1971/2112/2059
f 1968/2156/2108 1969/2155/2106 1973/2157/2109 1972/2158/2111
f 1973/2157/2109 1974/2132/2079 1978/2133/2080 1977/2159/2112
f 1971/2112/2059 1972/2158/2110 1976/2160/2113 1975/2113/2060
f 1972/2158/2111 1973/2157/2109 1977/2159/2112 1976/2160/2114
f 1977/2159/2112 1978/2133/2080 1982/2134/2081 1981/2161/2115
f 1975/2113/2060 1976/2160/2113 1980/2162/2116 1979/2114/2061
f 1976/2160/2114 1977/2159/2112 1981/2161/2115 1980/2162/2117
f 1981/2161/2115 1982/2134/2081 1986/2135/2082 1985/2163/2118
f 1979/2114/2061 1980/2162/2116 1984/2164/2119 1983/2115/2062
f 1980/2162/2117 1981/2161/2115 1985/2163/2118 1984/2164/2120
f 1985/2163/2118 1986/2135/2082 1990/2136/2083 1989/2165/2121
f 1983/2115/2062 1984/2164/2119 1988/2166/2122 1987/2116/2063
f 1984/2164/2120 1985/2163/2118 1989/2165/2121 1988/2166/2123
f 1989/2165/2121 1990/2136/2083 1994/2137/2084 1993/2167/2124
f 1987/2116/2063 1988/2166/2122 1992/2168/2125 1991/2117/2064
f 1988/2166/2123 1989/2165/2121 1993/2167/2124 1992/2168/2126
f 1993/2167/2124 1994/2137/2084 1998/2138/2085 1997/2169/2127
f 1991/2117/2064 1992/2168/2125 1996/2170/2128 1995/2118/2065
f 1992/2168/2126 1993/2167/2124 1997/2169/2127 1996/2170/2129
f 1997/2169/2127 1998/2138/2085 2002/2139/2086 2001/2171/2130
f 1995/2118/2065 1996/2170/2128 2000/2172/2131 1999/2119/2066
f 1996/2170/2129 1997/2169/2127 2001/2171/2130 2000/2172/2132
f 2001/2171/2130 2002/2139/2086 2006/2140/2087 2005/2173/2133
f 1999/2119/2066 2000/2172/2131 2004/2174/2134 2003/2120/2067
f 2000/2172/2132 2001/2171/2130 2005/2173/2133 2004/2174/2135
f 2005/2173/2133 2006/2140/2087 2010/2141/2088 2009/2175/2136
f 2003/2120/2067 2004/2174/2134 2008/2176/2137 2007/2121/2068
f 2004/2174/2135 2005/2173/2133 2009/2175/2136 2008/2176/2138
f 2009/2175/2136 2010/2141/2088 2014/2142/2089 2013/2177/2139
f 2007/2121/2068 2008/2176/2137 2012/2178/2140 2011/2122/2069
f 2008/2176/2138 2009/2175/2136 2013/2177/2139 2012/2178/2141
f 2013/2177/2139 2014/2142/2089 2018/2143/2090 2017/2179/2142
f 2011/2122/2069 2012/2178/2140 2016/2180/2143 2015/2123/2070
f 2012/2178/2141 2013/2177/2139 2017/2179/2142 2016/2180/2144
f 2017/2179/2142 2018/2143/2090 2022/2144/2091 2021/2181/2145
f 2015/2123/2070 2016/2180/2143 2020/2182/2146 2019/2124/2071
f 2016/2180/2144 2017/2179/2142 2021/2181/2145 2020/2182/2147
f 2021/2181/2145 2022/2144/2091 2026/2145/2092 2025/2183/2148
f 2019/2124/2071 2020/2182/2146 2024/2184/2149 2023/2125/2072
f 2020/2182/2147 2021/2181/2145 2025/2183/2148 2024/2184/2150
f 2025/2183/2148 2026/2145/2092 2030/2146/2093 2029/2185/2151
f 2023/2125/2072 2024/2184/2149 2028/2186/2152 2027/2126/2073
f 2024/2184/2150 2025/2183/2148 2029/2185/2151 2028/2186/2153
f 1958/2128/2075 1957/2151/2100 2029/2185/2151 2030/2146/2093
f 1957/2151/2100 1956/2152/2101 2028/2186/2153 2029/2185/2151
f 1956/2152/2102 1955/2106/2054 2027/2126/2073 2028/2186/2152
f 2072/2187/2154 2071/2188/2155 2074/2189/2156 2073/2190/2157
f 2071/2188/2155 2070/2191/2158 2075/2192/2159 2074/2189/2156
f 2070/2191/2158 2069/2193/2160 2076/2194/2161 2075/2192/2159
f 2069/2193/2160 2068/2195/2162 2077/2196/2163 2076/2194/2161
f 2068/2195/2162 2067/2197/2164 2078/2198/2165 2077/2196/2163
f 2037/2199/2166 2031/2200/2167 557/1053/2168 556/1051/2169
f 2043/2201/2170 2037/2199/2166 556/1051/2169 555/1049/2171
f 2049/2202/2172 2043/2201/2170 555/1049/2171 554/1047/2173
f 2055/2203/2174 2049/2202/2172 554/1047/2173 553/1045/2175
f 2061/2204/2176 2055/2203/2174 553/1045/2175 552/1043/2177
f 2067/2197/2164 2061/2204/2176 552/1043/2177 551/1040/2178
f 2078/2198/2165 2067/2197/2164 551/1040/2178 550/1039/2179
f 2079/2205/2180 2078/2198/2165 550/1039/2179 569/1079/2181
f 2085/2206/2182 2079/2205/2180 569/1079/2181 568/1076/2183
f 2091/2207/2184 2085/2206/2182 568/1076/2183 567/1075/2185
f 2097/2208/2186 2091/2209/2184 567/1073/2185 566/1071/2187
f 2103/2210/2188 2097/2208/2186 566/1071/2187 565/1069/2189
f 2109/2211/2190 2103/2210/2188 565/1069/2189 564/1067/2191
f 2115/2212/2192 2109/2211/2190 564/1067/2191 563/1065/2193
f 2121/2213/2194 2115/2212/2192 563/1065/2193 562/1063/2195
f 2127/2214/2196 2121/2213/2194 562/1063/2195 561/1061/2197
f 2133/2215/2198 2127/2214/2196 561/1061/2197 560/1059/2199
f 2139/2216/2200 2133/2215/2198 560/1059/2199 559/1057/2201
f 2145/2217/2202 2139/2216/2200 559/1057/2201 558/1055/2203
f 2031/2200/2167 2145/2217/2202 558/1055/2203 557/1053/2168
f 731/790/750 730/789/749 2036/2218/2204 2042/2219/2205
f 732/792/752 731/790/750 2042/2219/2205 2048/2220/2206
f 733/794/754 732/792/752 2048/2220/2206 2054/2221/2207
f 734/796/756 733/794/754 2054/2221/2207 2060/2222/2208
f 735/798/758 734/796/756 2060/2222/2208 2066/2223/2209
f 736/800/760 735/798/758 2066/2223/2209 2072/2187/2154
f 737/802/762 736/800/760 2072/2187/2154 2073/2190/2157
f 738/804/764 737/802/762 2073/2190/2157 2084/2224/2210
f 739/806/766 738/804/764 2084/2224/2210 2090/2225/2211
f 740/808/768 739/806/766 2090/2225/2211 2096/2226/2212
f 741/812/770 740/811/768 2096/2227/2212 2102/2228/2213
f 742/814/772 741/812/770 2102/2228/2213 2108/2229/2214
f 743/816/774 742/814/772 2108/2229/2214 2114/2230/2215
f 744/818/776 743/816/774 2114/2230/2215 2120/2231/2216
f 745/820/778 744/818/776 2120/2231/2216 2126/2232/2217
f 746/822/780 745/820/778 2126/2232/2217 2132/2233/2218
f 747/824/782 746/822/780 2132/2233/2218 2138/2234/2219
f 748/826/784 747/824/782 2138/2234/2219 2144/2235/2220
f 749/828/786 748/826/784 2144/2235/2220 2150/2236/2221
f 730/789/749 749/828/786 2150/2236/2221 2036/2218/2204
f 2035/2237/2222 2036/2218/2204 2150/2236/2221 2149/2238/2223
f 2034/2239/2224 2035/2237/2222 2149/2238/2223 2148/2240/2225
f 2033/2241/2226 2034/2239/2224 2148/2240/2225 2147/2242/2227
f 2031/2200/2167 2032/2243/2228 2146/2244/2229 2145/2217/2202
f 2032/2243/2228 2033/2241/2226 2147/2242/2227 2146/2244/2229
f 2036/2218/2204 2035/2237/2222 2041/2245/2230 2042/2219/2205
f 2035/2237/2222 2034/2239/2224 2040/2246/2231 2041/2245/2230
f 2034/2239/2224 2033/2241/2226 2039/2247/2232 2040/2246/2231
f 2033/2241/2226 2032/2243/2228 2038/2248/2233 2039/2247/2232
f 2032/2243/2228 2031/2200/2167 2037/2199/2166 2038/2248/2233
f 2042/2219/2205 2041/2245/2230 2047/2249/2234 2048/2220/2206
f 2041/2245/2230 2040/2246/2231 2046/2250/2235 2047/2249/2234
f 2040/2246/2231 2039/2247/2232 2045/2251/2236 2046/2250/2235
f 2039/2247/2232 2038/2248/2233 2044/2252/2237 2045/2251/2236
f 2038/2248/2233 2037/2199/2166 2043/2201/2170 2044/2252/2237
f 2048/2220/2206 2047/2249/2234 2053/2253/2238 2054/2221/2207
f 2047/2249/2234 2046/2250/2235 2052/2254/2239 2053/2253/2238
f 2046/2250/2235 2045/2251/2236 2051/2255/2240 2052/2254/2239
f 2045/2251/2236 2044/2252/2237 2050/2256/2241 2051/2255/2240
f 2044/2252/2237 2043/2201/2170 2049/2202/2172 2050/2256/2241
f 2054/2221/2207 2053/2253/2238 2059/2257/2242 2060/2222/2208
f 2053/2253/2238 2052/2254/2239 2058/2258/2243 2059/2257/2242
f 2052/2254/2239 2051/2255/2240 2057/2259/2244 2058/2258/2243
f 2051/2255/2240 2050/2256/2241 2056/2260/2245 2057/2259/2244
f 2050/2256/2241 2049/2202/2172 2055/2203/2174 2056/2260/2245
f 2060/2222/2208 2059/2257/2242 2065/2261/2246 2066/2223/2209
f 2059/2257/2242 2058/2258/2243 2064/2262/2247 2065/2261/2246
f 2058/2258/2243 2057/2259/2244 2063/2263/2248 2064/2262/2247
f 2057/2259/2244 2056/2260/2245 2062/2264/2249 2063/2263/2248
f 2056/2260/2245 2055/2203/2174 2061/2204/2176 2062/2264/2249
f 2066/2223/2209 2065/2261/2246 2071/2188/2155 2072/2187/2154
f 2065/2261/2246 2064/2262/2247 2070/2191/2158 2071/2188/2155
f 2064/2262/2247 2063/2263/2248 2069/2193/2160 2070/2191/2158
f 2063/2263/2248 2062/2264/2249 2068/2195/2162 2069/2193/2160
f 2062/2264/2249 2061/2204/2176 2067/2197/2164 2068/2195/2162
f 2073/2190/2157 2074/2189/2156 2083/2265/2250 2084/2224/2210
f 2074/2189/2156 2075/2192/2159 2082/2266/2251 2083/2265/2250
f 2075/2192/2159 2076/2194/2161 2081/2267/2252 2082/2266/2251
f 2076/2194/2161 2077/2196/2163 2080/2268/2253 2081/2267/2252
f 2077/2196/2163 2078/2198/2165 2079/2205/2180 2080/2268/2253
f 2084/2224/2210 2083/2265/2250 2089/2269/2254 2090/2225/2211
f 2083/2265/2250 2082/2266/2251 2088/2270/2255 2089/2269/2254
f 2082/2266/2251 2081/2267/2252 2087/2271/2256 2088/2270/2255
f 2081/2267/2252 2080/2268/2253 2086/2272/2257 2087/2271/2256
f 2080/2268/2253 2079/2205/2180 2085/2206/2182 2086/2272/2257
f 2090/2225/2211 2089/2269/2254 2095/2273/2258 2096/2226/2212
f 2089/2269/2254 2088/2270/2255 2094/2274/2259 2095/2273/2258
f 2088/2270/2255 2087/2271/2256 2093/2275/2260 2094/2274/2259
f 2087/2271/2256 2086/2272/2257 2092/2276/2261 2093/2275/2260
f 2086/2272/2257 2085/2206/2182 2091/2207/2184 2092/2276/2261
f 2096/2227/2212 2095/2277/2258 2101/2278/2262 2102/2228/2213
f 2095/2277/2258 2094/2279/2259 2100/2280/2263 2101/2278/2262
f 2094/2279/2259 2093/2281/2260 2099/2282/2264 2100/2280/2263
f 2093/2281/2260 2092/2283/2261 2098/2284/2265 2099/2282/2264
f 2092/2283/2261 2091/2209/2184 2097/2208/2186 2098/2284/2265
f 2102/2228/2213 2101/2278/2262 2107/2285/2266 2108/2229/2214
f 2101/2278/2262 2100/2280/2263 2106/2286/2267 2107/2285/2266
f 2100/2280/2263 2099/2282/2264 2105/2287/2268 2106/2286/2267
f 2099/2282/2264 2098/2284/2265 2104/2288/2269 2105/2287/2268
f 2098/2284/2265 2097/2208/2186 2103/2210/2188 2104/2288/2269
f 2108/2229/2214 2107/2285/2266 2113/2289/2270 2114/2230/2215
f 2107/2285/2266 2106/2286/2267 2112/2290/2271 2113/2289/2270
f 2106/2286/2267 2105/2287/2268 2111/2291/2272 2112/2290/2271
f 2105/2287/2268 2104/2288/2269 2110/2292/2273 2111/2291/2272
f 2104/2288/2269 2103/2210/2188 2109/2211/2190 2110/2292/2273
f 2114/2230/2215 2113/2289/2270 2119/2293/2274 2120/2231/2216
f 2113/2289/2270 2112/2290/2271 2118/2294/2275 2119/2293/2274
f 2112/2290/2271 2111/2291/2272 2117/2295/2276 2118/2294/2275
f 2111/2291/2272 2110/2292/2273 2116/2296/2277 2117/2295/2276
f 2110/2292/2273 2109/2211/2190 2115/2212/2192 2116/2296/2277
f 2120/2231/2216 2119/2293/2274 2125/2297/2278 2126/2232/2217
f 2119/2293/2274 2118/2294/2275 2124/2298/2279 2125/2297/2278
f 2118/2294/2275 2117/2295/2276 2123/2299/2280 2124/2298/2279
f 2117/2295/2276 2116/2296/2277 2122/2300/2281 2123/2299/2280
f 2116/2296/2277 2115/2212/2192 2121/2213/2194 2122/2300/2281
f 2126/2232/2217 2125/2297/2278 2131/2301/2282 2132/2233/2218
f 2125/2297/2278 2124/2298/2279 2130/2302/2283 2131/2301/2282
f 2124/2298/2279 2123/2299/2280 2129/2303/2284 2130/2302/2283
f 2123/2299/2280 2122/2300/2281 2128/2304/2285 2129/2303/2284
f 2122/2300/2281 2121/2213/2194 2127/2214/2196 2128/2304/2285
f 2132/2233/2218 2131/2301/2282 2137/2305/2286 2138/2234/2219
f 2131/2301/2282 2130/2302/2283 2136/2306/2287 2137/2305/2286
f 2130/2302/2283 2129/2303/2284 2135/2307/2288 2136/2306/2287
f 2129/2303/2284 2128/2304/2285 2134/2308/2289 2135/2307/2288
f 2128/2304/2285 2127/2214/2196 2133/2215/2198 2134/2308/2289
f 2138/2234/2219 2137/2305/2286 2143/2309/2290 2144/2235/2220
f 2137/2305/2286 2136/2306/2287 2142/2310/2291 2143/2309/2290
f 2136/2306/2287 2135/2307/2288 2141/2311/2292 2142/2310/2291
f 2135/2307/2288 2134/2308/2289 2140/2312/2293 2141/2311/2292
f 2134/2308/2289 2133/2215/2198 2139/2216/2200 2140/2312/2293
f 2144/2235/2220 2143/2309/2290 2149/2238/2223 2150/2236/2221
f 2143/2309/2290 2142/2310/2291 2148/2240/2225 2149/2238/2223
f 2142/2310/2291 2141/2311/2292 2147/2242/2227 2148/2240/2225
f 2141/2311/2292 2140/2312/2293 2146/2244/2229 2147/2242/2227
f 2140/2312/2293 2139/2216/2200 2145/2217/2202 2146/2244/2229
