# Blender 4.4.1
# www.blender.org
mtllib Bishop.mtl
o chessKitExport.006
v -0.189198 1.599844 -0.015760
v -0.194179 1.596546 -0.010830
v -0.178013 1.599844 -0.074774
v -0.181826 1.599844 0.044857
v -0.195602 1.604301 -0.016313
v -0.223510 1.633407 -0.018727
v -0.187983 1.604301 0.046352
v -0.184039 1.604301 -0.077321
v -0.210299 1.633407 -0.088421
v -0.154423 1.604301 -0.130699
v -0.149364 1.599844 -0.126407
v -0.176467 1.633407 -0.149399
v -0.109655 1.604301 -0.171220
v -0.125323 1.633407 -0.195692
v -0.054116 1.604301 -0.194922
v -0.106059 1.599844 -0.165605
v -0.104714 1.596546 -0.163505
v -0.052335 1.599844 -0.188531
v -0.048851 1.596546 -0.187947
v 0.006548 1.599844 -0.192943
v 0.011830 1.596546 -0.193928
v 0.064827 1.599844 -0.178406
v 0.006757 1.604301 -0.199482
v 0.007665 1.633407 -0.227978
v 0.067004 1.604301 -0.184454
v 0.076493 1.633407 -0.210810
v 0.120730 1.604301 -0.151309
v 0.116798 1.599844 -0.146344
v 0.137870 1.633407 -0.172944
v 0.162675 1.604301 -0.103292
v 0.157372 1.599844 -0.099896
v 0.185787 1.633407 -0.118090
v 0.188732 1.604301 -0.045103
v 0.182578 1.599844 -0.043608
v 0.215555 1.633407 -0.051614
v 0.196352 1.604301 0.017562
v 0.184789 1.604301 0.078570
v 0.224261 1.633407 0.019975
v 0.189949 1.599844 0.017009
v 0.194931 1.596546 0.012078
v 0.178763 1.599844 0.076023
v 0.150114 1.599844 0.127655
v 0.181868 1.596546 0.071638
v 0.151041 1.596546 0.124247
v 0.190619 1.590228 0.075061
v 0.193688 1.585195 0.076263
v 0.158305 1.590228 0.130206
v 0.204311 1.590228 0.012631
v 0.207600 1.585195 0.012825
v 0.198040 1.590228 -0.050975
v 0.188947 1.596546 -0.048602
v 0.201228 1.585195 -0.051808
v 0.172420 1.590228 -0.109531
v 0.129959 1.590228 -0.157304
v 0.164507 1.596546 -0.104464
v 0.175195 1.585195 -0.111308
v 0.178367 1.580099 -0.113339
v 0.132049 1.585195 -0.159851
v 0.076014 1.585195 -0.192687
v 0.134440 1.580099 -0.162765
v 0.077388 1.580099 -0.196195
v 0.138022 1.570910 -0.167131
v 0.139168 1.566857 -0.168527
v 0.079445 1.570910 -0.201455
v 0.183124 1.570910 -0.116385
v 0.184646 1.566857 -0.117359
v 0.210339 1.570910 -0.054186
v 0.212087 1.566857 -0.054642
v 0.204874 1.580099 -0.052760
v 0.217000 1.570910 0.013377
v 0.218804 1.566857 0.013484
v 0.202456 1.570910 0.079694
v 0.211361 1.580099 0.013046
v 0.197196 1.580099 0.077636
v 0.163766 1.580099 0.134687
v 0.160853 1.585195 0.132297
v 0.114340 1.580099 0.178616
v 0.168132 1.570910 0.138270
v 0.169529 1.566857 0.139416
v 0.117386 1.570910 0.183371
v 0.118361 1.566857 0.184894
v 0.055186 1.570910 0.210586
v -0.012378 1.570910 0.217246
v 0.053760 1.580099 0.205121
v 0.055643 1.566857 0.212334
v 0.055798 1.562578 0.212928
v -0.012485 1.566857 0.219051
v -0.079353 1.566857 0.204387
v -0.012521 1.562578 0.219663
v -0.012521 1.559138 0.219663
v -0.079576 1.562578 0.204958
v -0.138807 1.562578 0.170251
v -0.079576 1.559138 0.204958
v -0.138807 1.559138 0.170251
v -0.079246 1.554212 0.204114
v -0.138232 1.554212 0.169550
v -0.078284 1.549708 0.201656
v -0.012467 1.554212 0.218759
v -0.012312 1.549708 0.216124
v 0.055569 1.554212 0.212052
v 0.055798 1.559138 0.212928
v 0.054902 1.549708 0.209497
v 0.118203 1.554212 0.184648
v 0.118691 1.559138 0.185410
v 0.116779 1.549708 0.182424
v 0.169303 1.554212 0.139231
v 0.170003 1.559138 0.139805
v 0.167262 1.549708 0.137556
v 0.203866 1.554212 0.080246
v 0.204710 1.559138 0.080575
v 0.201409 1.549708 0.079284
v 0.218511 1.554212 0.013467
v 0.211805 1.554212 -0.054569
v 0.219417 1.559138 0.013520
v 0.215876 1.549708 0.013312
v 0.211741 1.546016 0.013068
v 0.209250 1.549708 -0.053901
v 0.205242 1.546016 -0.052855
v 0.182177 1.549708 -0.115778
v 0.178689 1.546016 -0.113545
v 0.137308 1.549708 -0.166260
v 0.184400 1.554212 -0.117202
v 0.138983 1.554212 -0.168302
v 0.185163 1.559138 -0.117690
v 0.139557 1.559138 -0.169001
v 0.212680 1.559138 -0.054797
v 0.185163 1.562578 -0.117690
v 0.139558 1.562578 -0.169001
v 0.212680 1.562578 -0.054797
v 0.219417 1.562578 0.013520
v 0.204710 1.562578 0.080575
v 0.204139 1.566857 0.080353
v 0.170003 1.562578 0.139805
v 0.118691 1.562578 0.185410
v 0.080327 1.562578 -0.203709
v 0.080104 1.566857 -0.203138
v 0.080327 1.559138 -0.203709
v 0.013272 1.562578 -0.218414
v -0.055047 1.562578 -0.211679
v 0.013236 1.566857 -0.217802
v 0.013272 1.559138 -0.218414
v 0.013218 1.554212 -0.217511
v -0.055047 1.559138 -0.211679
v -0.054818 1.554212 -0.210802
v -0.117941 1.559138 -0.184162
v -0.117452 1.554212 -0.183399
v -0.169251 1.559138 -0.138556
v -0.117940 1.562578 -0.184161
v -0.169251 1.562578 -0.138556
v -0.117609 1.566857 -0.183644
v -0.116635 1.570910 -0.182122
v -0.054892 1.566857 -0.211085
v -0.168779 1.566857 -0.138167
v -0.203388 1.566857 -0.079103
v -0.167381 1.570910 -0.137021
v -0.201706 1.570910 -0.078445
v -0.163015 1.580099 -0.133438
v -0.196445 1.580099 -0.076387
v -0.160102 1.585195 -0.131049
v -0.113590 1.580099 -0.177366
v -0.111558 1.585195 -0.174194
v -0.053010 1.580099 -0.203872
v -0.052057 1.585195 -0.200226
v 0.012798 1.580099 -0.210360
v -0.054435 1.570910 -0.209337
v 0.013129 1.570910 -0.215998
v 0.012576 1.585195 -0.206598
v 0.012382 1.590228 -0.203309
v -0.051224 1.590228 -0.197037
v 0.074814 1.590228 -0.189618
v 0.071390 1.596546 -0.180867
v 0.123999 1.596546 -0.150041
v -0.109782 1.590228 -0.171418
v -0.157554 1.590228 -0.128957
v -0.189868 1.590228 -0.073814
v -0.150290 1.596546 -0.122998
v -0.181117 1.596546 -0.070389
v -0.203559 1.590228 -0.011382
v -0.192938 1.585195 -0.075015
v -0.206849 1.585195 -0.011576
v -0.200477 1.585195 0.053058
v -0.210611 1.580099 -0.011797
v -0.216249 1.570910 -0.012129
v -0.204123 1.580099 0.054008
v -0.209587 1.570910 0.055435
v -0.177617 1.580099 0.114589
v -0.182374 1.570910 0.117634
v -0.174444 1.585195 0.112557
v -0.133689 1.580099 0.164013
v -0.131299 1.585195 0.161101
v -0.076637 1.580099 0.197444
v -0.137271 1.570910 0.168380
v -0.078694 1.570910 0.202703
v -0.138417 1.566857 0.169777
v -0.183896 1.566857 0.118608
v -0.184413 1.562578 0.118939
v -0.211335 1.566857 0.055892
v -0.211929 1.562578 0.056047
v -0.218053 1.566857 -0.012236
v -0.218666 1.562578 -0.012272
v -0.203959 1.562578 -0.079327
v -0.218666 1.559138 -0.012271
v -0.217761 1.554212 -0.012218
v -0.203959 1.559138 -0.079326
v -0.211930 1.559138 0.056046
v -0.184412 1.559138 0.118940
v -0.211054 1.554212 0.055818
v -0.208499 1.549708 0.055151
v -0.183650 1.554212 0.118451
v -0.181427 1.549708 0.117027
v -0.177939 1.546016 0.114794
v -0.136558 1.549708 0.167509
v -0.133930 1.546016 0.164308
v -0.128866 1.540725 0.158136
v -0.076775 1.546016 0.197799
v -0.012069 1.546016 0.211989
v -0.073866 1.540725 0.190364
v -0.011599 1.540725 0.204019
v -0.073866 1.409548 0.190364
v -0.128866 1.409548 0.158136
v -0.011600 1.409548 0.204019
v -0.074041 1.406930 0.190809
v -0.129170 1.406930 0.158505
v -0.074552 1.403488 0.192114
v -0.011628 1.406930 0.204498
v -0.011710 1.403488 0.205895
v 0.051960 1.406930 0.198228
v 0.051840 1.409548 0.197764
v 0.052314 1.403488 0.199583
v 0.110499 1.406930 0.172617
v 0.110240 1.409548 0.172213
v 0.111254 1.403488 0.173795
v 0.158257 1.406930 0.130169
v 0.157887 1.409548 0.129864
v 0.159341 1.403488 0.131058
v 0.190562 1.406930 0.075041
v 0.191867 1.403488 0.075550
v 0.190116 1.409548 0.074866
v 0.204250 1.406930 0.012628
v 0.203772 1.409548 0.012599
v 0.197981 1.406930 -0.050960
v 0.205648 1.403488 0.012709
v 0.199337 1.403488 -0.051314
v 0.207854 1.400616 0.012840
v 0.193925 1.400616 0.076356
v 0.201474 1.400616 -0.051872
v 0.210688 1.398545 0.013006
v 0.196569 1.398545 0.077390
v 0.204221 1.398545 -0.052590
v 0.220521 1.391312 0.013586
v 0.205741 1.391312 0.080979
v 0.238359 1.384079 0.014635
v 0.213752 1.391312 -0.055077
v 0.231040 1.384079 -0.059590
v 0.186095 1.391312 -0.118287
v 0.201143 1.384079 -0.127922
v 0.177800 1.398545 -0.112975
v 0.140260 1.391312 -0.169857
v 0.080731 1.391312 -0.204740
v 0.151594 1.384079 -0.183670
v 0.134012 1.398545 -0.162243
v 0.077142 1.398545 -0.195567
v 0.132211 1.400616 -0.160048
v 0.130809 1.403488 -0.158340
v 0.175409 1.400616 -0.111444
v 0.076107 1.400616 -0.192924
v 0.012590 1.400616 -0.206853
v 0.075303 1.403488 -0.190865
v 0.012461 1.403488 -0.204647
v 0.074792 1.406930 -0.189561
v 0.074617 1.409548 -0.189115
v 0.129920 1.406930 -0.157256
v 0.012379 1.406930 -0.203248
v -0.051210 1.406930 -0.196979
v 0.012351 1.409548 -0.202770
v -0.051089 1.409548 -0.196516
v 0.012351 1.540725 -0.202770
v -0.051089 1.540725 -0.196515
v 0.012819 1.546016 -0.210740
v 0.074617 1.540725 -0.189115
v 0.077527 1.546016 -0.196550
v 0.129616 1.540725 -0.156886
v 0.134682 1.546016 -0.163059
v 0.171964 1.540725 -0.109239
v 0.129616 1.409548 -0.156886
v 0.171965 1.409548 -0.109240
v 0.172368 1.406930 -0.109498
v 0.197517 1.409548 -0.050839
v 0.197517 1.540725 -0.050839
v 0.203772 1.540725 0.012599
v 0.190116 1.540725 0.074866
v 0.157887 1.540725 0.129864
v 0.197551 1.546016 0.077775
v 0.164060 1.546016 0.134929
v 0.114545 1.546016 0.178936
v 0.053856 1.546016 0.205490
v 0.110240 1.540725 0.172212
v 0.051839 1.540725 0.197764
v 0.173548 1.403488 -0.110253
v 0.079036 1.549708 -0.200407
v 0.013063 1.549708 -0.214875
v 0.079998 1.554212 -0.202865
v -0.054151 1.549708 -0.208247
v -0.053105 1.546016 -0.204241
v -0.116029 1.549708 -0.181176
v -0.113795 1.546016 -0.177687
v -0.166511 1.549708 -0.136308
v -0.163309 1.546016 -0.133680
v -0.200657 1.549708 -0.078035
v -0.168552 1.554212 -0.137981
v -0.203116 1.554212 -0.078997
v -0.215125 1.549708 -0.012064
v -0.196801 1.546016 -0.076526
v -0.189365 1.540725 -0.073617
v -0.210990 1.546016 -0.011820
v -0.204492 1.546016 0.054104
v -0.203020 1.540725 -0.011351
v -0.196766 1.540725 0.052088
v -0.203020 1.409548 -0.011351
v -0.203500 1.406930 -0.011379
v -0.196766 1.409548 0.052088
v -0.189365 1.409548 -0.073617
v -0.189811 1.406930 -0.073792
v -0.157137 1.409548 -0.128615
v -0.157508 1.406930 -0.128920
v -0.109490 1.409548 -0.170964
v -0.157137 1.540725 -0.128615
v -0.109490 1.540725 -0.170963
v -0.109749 1.406930 -0.171367
v -0.110503 1.403488 -0.172546
v -0.111695 1.400616 -0.174407
v -0.051563 1.403488 -0.198335
v -0.158590 1.403488 -0.129808
v -0.191116 1.403488 -0.074301
v -0.160298 1.400616 -0.131210
v -0.193173 1.400616 -0.075107
v -0.162493 1.398545 -0.133010
v -0.195818 1.398545 -0.076141
v -0.170108 1.391312 -0.139259
v -0.113226 1.398545 -0.176799
v -0.118538 1.391312 -0.185094
v -0.052839 1.398545 -0.203219
v -0.055327 1.391312 -0.212750
v 0.012758 1.398545 -0.209687
v -0.052121 1.400616 -0.200473
v 0.013336 1.391312 -0.219519
v 0.014387 1.384079 -0.237356
v 0.015132 1.376846 -0.250005
v 0.087241 1.384079 -0.221379
v -0.059839 1.384079 -0.230038
v -0.128172 1.384079 -0.200142
v -0.063040 1.376846 -0.242299
v -0.064480 1.369613 -0.247812
v -0.135004 1.376846 -0.210812
v -0.193716 1.376846 -0.158631
v -0.138078 1.369613 -0.215612
v -0.198122 1.369613 -0.162244
v -0.139103 1.362380 -0.217212
v -0.199591 1.362380 -0.163449
v -0.064959 1.362380 -0.249650
v -0.139102 1.355147 -0.217212
v -0.199591 1.355147 -0.163449
v -0.064960 1.355147 -0.249651
v -0.139102 1.347914 -0.217212
v -0.199591 1.347914 -0.163450
v -0.064960 1.347914 -0.249651
v -0.137053 1.340681 -0.214013
v -0.196653 1.340681 -0.161041
v -0.064000 1.340681 -0.245975
v -0.131932 1.333448 -0.206014
v -0.189311 1.333448 -0.155015
v -0.061601 1.333447 -0.236784
v -0.122497 1.327895 -0.191279
v -0.175785 1.327896 -0.143917
v -0.057181 1.327895 -0.219856
v -0.120999 1.326445 -0.188939
v -0.173637 1.326445 -0.142155
v -0.119993 1.324237 -0.187369
v -0.056480 1.326445 -0.217167
v -0.056009 1.324237 -0.215363
v 0.013605 1.326445 -0.224077
v 0.013768 1.327895 -0.226851
v 0.013495 1.324237 -0.222215
v 0.082395 1.326445 -0.208992
v 0.083407 1.327896 -0.211578
v 0.081715 1.324238 -0.207254
v 0.143156 1.326445 -0.173386
v 0.144918 1.327896 -0.175535
v 0.141973 1.324238 -0.171944
v 0.189941 1.326445 -0.120749
v 0.192280 1.327896 -0.122247
v 0.188370 1.324238 -0.119743
v 0.218170 1.326445 -0.056229
v 0.220858 1.327896 -0.056931
v 0.216366 1.324238 -0.055759
v 0.225079 1.326445 0.013854
v 0.209993 1.326445 0.082643
v 0.227852 1.327896 0.014018
v 0.223217 1.324238 0.013744
v 0.222563 1.321621 0.013706
v 0.208256 1.324238 0.081964
v 0.172947 1.324238 0.142220
v 0.207646 1.321621 0.081725
v 0.207646 1.317674 0.081725
v 0.172440 1.321621 0.141804
v 0.172440 1.317674 0.141804
v 0.120390 1.321621 0.188065
v 0.120744 1.324238 0.188617
v 0.120390 1.317674 0.188065
v 0.056594 1.321621 0.215977
v 0.056759 1.324238 0.216611
v 0.056594 1.317674 0.215977
v -0.012706 1.321621 0.222809
v -0.012746 1.324238 0.223465
v -0.012706 1.317674 0.222809
v -0.080725 1.321621 0.207893
v -0.080964 1.324238 0.208503
v -0.080725 1.317674 0.207893
v -0.140806 1.321621 0.172687
v -0.141222 1.324238 0.173194
v -0.140807 1.317674 0.172687
v -0.187066 1.321621 0.120638
v -0.187619 1.324238 0.120992
v -0.187067 1.317674 0.120639
v -0.214980 1.321621 0.056841
v -0.215613 1.324238 0.057007
v -0.214980 1.317674 0.056841
v -0.221812 1.321621 -0.012457
v -0.222467 1.324238 -0.012496
v -0.221812 1.317674 -0.012457
v -0.206894 1.321621 -0.080475
v -0.207505 1.324238 -0.080714
v -0.206894 1.317674 -0.080475
v -0.171688 1.321621 -0.140555
v -0.172195 1.324238 -0.140971
v -0.171688 1.317674 -0.140555
v -0.119640 1.321621 -0.186817
v -0.119640 1.317674 -0.186817
v -0.055842 1.321621 -0.214728
v -0.055842 1.317674 -0.214728
v 0.013456 1.321621 -0.221561
v 0.013456 1.317674 -0.221561
v 0.081476 1.321621 -0.206643
v 0.081476 1.317674 -0.206643
v 0.141557 1.321621 -0.171438
v 0.141557 1.317674 -0.171438
v 0.187817 1.321621 -0.119390
v 0.187818 1.317674 -0.119390
v 0.215731 1.321621 -0.055593
v 0.215731 1.317674 -0.055593
v 0.222563 1.317674 0.013706
v 0.216362 1.315058 -0.055758
v 0.188367 1.315058 -0.119742
v 0.218159 1.312848 -0.056227
v 0.223214 1.315058 0.013745
v 0.208253 1.315058 0.081963
v 0.225067 1.312848 0.013853
v 0.252149 1.308853 0.015448
v 0.209981 1.312848 0.082639
v 0.174379 1.312848 0.143397
v 0.235246 1.308853 0.092524
v 0.271048 1.297615 0.106533
v 0.195351 1.308853 0.160604
v 0.225072 1.297615 0.184991
v 0.136371 1.308853 0.213024
v 0.121743 1.312847 0.190177
v 0.157101 1.297612 0.245401
v 0.064079 1.308853 0.244653
v 0.057228 1.312847 0.218405
v 0.073791 1.297612 0.281853
v -0.014449 1.308853 0.252395
v -0.012854 1.312848 0.225314
v -0.016708 1.297615 0.290775
v -0.091525 1.308854 0.235493
v -0.081640 1.312848 0.210230
v -0.105533 1.297615 0.271294
v -0.159605 1.308853 0.195598
v -0.142397 1.312848 0.174627
v -0.183992 1.297615 0.225320
v -0.212026 1.308853 0.136620
v -0.189179 1.312848 0.121992
v -0.244405 1.297615 0.157350
v -0.243655 1.308853 0.064328
v -0.217407 1.312848 0.057477
v -0.280855 1.297615 0.074038
v -0.251398 1.308853 -0.014199
v -0.224316 1.312848 -0.012604
v -0.289778 1.297615 -0.016459
v -0.234494 1.308854 -0.091275
v -0.209231 1.312848 -0.081390
v -0.270297 1.297615 -0.105284
v -0.194599 1.308853 -0.159355
v -0.173628 1.312848 -0.142147
v -0.224321 1.297615 -0.183741
v -0.135619 1.308853 -0.211776
v -0.120992 1.312847 -0.188929
v -0.156352 1.297613 -0.244153
v -0.063329 1.308853 -0.243404
v -0.056477 1.312847 -0.217156
v -0.073039 1.297613 -0.280602
v 0.015199 1.308853 -0.251146
v 0.013604 1.312847 -0.224065
v 0.017459 1.297613 -0.289526
v 0.092276 1.308853 -0.234244
v 0.082391 1.312848 -0.208981
v 0.106284 1.297614 -0.270046
v 0.160357 1.308853 -0.194349
v 0.143149 1.312848 -0.173378
v 0.184744 1.297614 -0.224070
v 0.212777 1.308853 -0.135371
v 0.189931 1.312848 -0.120743
v 0.245155 1.297614 -0.156101
v 0.244407 1.308853 -0.063079
v 0.281606 1.297614 -0.072789
v 0.290528 1.297614 0.017707
v 0.292846 1.290122 -0.075724
v 0.254938 1.290122 -0.162365
v 0.294313 1.288619 -0.076106
v 0.302125 1.290122 0.018390
v 0.281865 1.290122 0.110766
v 0.303638 1.288619 0.018480
v 0.283278 1.288619 0.111317
v 0.304794 1.286394 0.018547
v 0.295434 1.286394 -0.076400
v 0.284356 1.286394 0.111740
v 0.305475 1.283674 0.018587
v 0.296093 1.283674 -0.076571
v 0.284991 1.283674 0.111989
v 0.305609 1.280733 0.018596
v 0.296223 1.280733 -0.076605
v 0.285116 1.280734 0.112038
v 0.305185 1.277871 0.018571
v 0.295812 1.277871 -0.076498
v 0.284721 1.277871 0.111883
v 0.304244 1.275376 0.018516
v 0.294899 1.275376 -0.076260
v 0.283842 1.275376 0.111539
v 0.302879 1.273499 0.018435
v 0.301229 1.272428 0.018338
v 0.293577 1.273499 -0.075915
v 0.282570 1.273499 0.111042
v 0.234636 1.273499 0.192839
v 0.281030 1.272429 0.110439
v 0.252537 1.260589 0.099290
v 0.233359 1.272429 0.191791
v 0.162881 1.272425 0.254427
v 0.209705 1.260589 0.172382
v 0.156329 1.235544 0.128586
v 0.146382 1.260585 0.228660
v 0.109152 1.235541 0.170513
v 0.068770 1.260585 0.262620
v -0.015539 1.260589 0.270932
v 0.076498 1.272424 0.292225
v 0.051329 1.235541 0.195813
v -0.011481 1.235544 0.202006
v 0.046205 1.228893 0.176186
v -0.010289 1.228896 0.181756
v 0.098213 1.228894 0.153428
v 0.042964 1.224892 0.163769
v -0.009535 1.224895 0.168946
v 0.039964 1.219290 0.152278
v 0.091294 1.224893 0.142623
v 0.084889 1.219291 0.132619
v 0.130726 1.224895 0.107578
v 0.121544 1.219292 0.100043
v 0.157398 1.224894 0.062065
v 0.140646 1.228896 0.115718
v 0.169346 1.228895 0.066739
v 0.188238 1.235543 0.074131
v 0.181508 1.228895 0.011289
v 0.201758 1.235543 0.012481
v 0.175938 1.228895 -0.045206
v 0.168699 1.224894 0.010534
v 0.156841 1.219292 0.009836
v 0.163522 1.224894 -0.041966
v 0.142377 1.224894 -0.090295
v 0.152030 1.219292 -0.038965
v 0.132373 1.219292 -0.083890
v 0.141763 1.212233 -0.036284
v 0.123436 1.212233 -0.078169
v 0.132975 1.203892 -0.033990
v 0.146248 1.212233 0.009212
v 0.136454 1.212233 0.053869
v 0.137183 1.203892 0.008679
v 0.132924 1.194610 0.008427
v 0.127997 1.203892 0.050560
v 0.106320 1.203893 0.087551
v 0.124024 1.194610 0.049005
v 0.119061 1.165596 0.047065
v 0.103022 1.194611 0.084845
v 0.098903 1.165597 0.081464
v 0.071970 1.194609 0.112441
v 0.069097 1.165595 0.107952
v 0.033909 1.194609 0.129094
v 0.074270 1.203892 0.116034
v 0.079167 1.212232 0.123682
v 0.034988 1.203891 0.133222
v -0.007680 1.203893 0.137430
v 0.037282 1.212232 0.142008
v -0.008213 1.212234 0.146496
v -0.052870 1.212234 0.136702
v -0.008837 1.219292 0.157089
v -0.056737 1.219292 0.146584
v -0.061064 1.224894 0.157645
v -0.099045 1.219291 0.121792
v -0.131623 1.219292 0.085139
v -0.106580 1.224894 0.130974
v -0.092315 1.212233 0.113587
v -0.086554 1.203892 0.106567
v -0.122686 1.212233 0.079417
v -0.141013 1.212233 0.037533
v -0.115038 1.203892 0.074519
v -0.111446 1.194610 0.072219
v -0.132225 1.203892 0.035238
v -0.136431 1.203892 -0.007432
v -0.128098 1.194610 0.034160
v -0.122941 1.165596 0.032815
v -0.132173 1.194610 -0.007181
v -0.126854 1.165596 -0.006868
v -0.123274 1.194610 -0.047759
v -0.102273 1.194610 -0.083599
v -0.127247 1.203892 -0.049313
v -0.118313 1.165596 -0.045817
v -0.098153 1.165596 -0.080218
v -0.116640 1.135480 -0.045163
v -0.116937 1.102199 -0.045279
v -0.125060 1.135480 -0.006763
v -0.096765 1.135481 -0.079080
v -0.097011 1.102200 -0.079282
v -0.067380 1.135480 -0.105194
v -0.068348 1.165596 -0.106707
v -0.067552 1.102199 -0.105463
v -0.031363 1.135479 -0.120951
v 0.007760 1.135479 -0.124810
v -0.031816 1.165595 -0.122690
v -0.031444 1.102198 -0.121260
v -0.033635 1.041097 -0.129654
v 0.007779 1.102198 -0.125129
v 0.008290 1.041097 -0.133788
v 0.046277 1.102199 -0.116688
v 0.049438 1.041098 -0.124766
v 0.080282 1.102199 -0.096762
v 0.046160 1.135480 -0.116389
v 0.080079 1.135480 -0.096514
v 0.046814 1.165596 -0.118062
v 0.081218 1.165596 -0.097903
v 0.048757 1.194610 -0.123025
v 0.007866 1.165595 -0.126603
v 0.008179 1.194609 -0.131922
v -0.033162 1.194609 -0.127846
v 0.008430 1.203891 -0.136181
v -0.034240 1.203891 -0.131973
v 0.050312 1.203892 -0.126996
v 0.008964 1.212232 -0.145246
v -0.036533 1.212232 -0.140760
v 0.009588 1.219291 -0.155840
v 0.053620 1.212233 -0.135454
v 0.057488 1.219291 -0.145335
v 0.093066 1.212233 -0.112340
v 0.087304 1.203892 -0.105320
v 0.099796 1.219292 -0.120544
v 0.107331 1.224894 -0.129726
v 0.061815 1.224894 -0.156397
v 0.115471 1.228895 -0.139646
v 0.066491 1.228895 -0.168347
v 0.153183 1.228895 -0.097214
v 0.128338 1.235543 -0.155327
v 0.073883 1.235542 -0.187237
v 0.172135 1.260589 -0.208705
v 0.170267 1.235543 -0.108153
v 0.228415 1.260589 -0.145383
v 0.195567 1.235543 -0.050329
v 0.262373 1.260588 -0.067769
v 0.270685 1.260588 0.016540
v 0.291978 1.272428 -0.075497
v 0.254182 1.272429 -0.161881
v 0.191543 1.272429 -0.232357
v 0.255574 1.273499 -0.162773
v 0.192592 1.273499 -0.233635
v 0.256724 1.275376 -0.163509
v 0.193459 1.275376 -0.234692
v 0.257520 1.277871 -0.164018
v 0.194057 1.277871 -0.235421
v 0.257877 1.280734 -0.164247
v 0.257763 1.283674 -0.164174
v 0.194327 1.280734 -0.235749
v 0.111789 1.280733 -0.284115
v 0.194240 1.283674 -0.235645
v 0.111740 1.283673 -0.283989
v 0.193809 1.286394 -0.235119
v 0.111493 1.286393 -0.283355
v 0.193075 1.288619 -0.234223
v 0.257190 1.286394 -0.163807
v 0.256216 1.288619 -0.163183
v 0.111070 1.288618 -0.282277
v 0.192113 1.290122 -0.233051
v 0.110518 1.290121 -0.280863
v 0.018142 1.290119 -0.301122
v -0.075973 1.290119 -0.291842
v 0.018230 1.288615 -0.302636
v 0.018298 1.286391 -0.303792
v -0.076357 1.288615 -0.293309
v -0.163433 1.288617 -0.255213
v -0.076649 1.286391 -0.294430
v -0.164057 1.286392 -0.256187
v -0.076822 1.283670 -0.295089
v -0.076855 1.280730 -0.295220
v 0.018338 1.283670 -0.304471
v -0.164424 1.283672 -0.256761
v -0.235896 1.283674 -0.193239
v -0.164498 1.280732 -0.256875
v -0.236000 1.280735 -0.193324
v -0.164267 1.277869 -0.256516
v -0.163759 1.275374 -0.255722
v -0.076748 1.277868 -0.294808
v -0.235672 1.277872 -0.193054
v -0.283970 1.277872 -0.110634
v -0.234942 1.275377 -0.192456
v -0.283092 1.275377 -0.110290
v -0.233885 1.273500 -0.191590
v -0.232608 1.272430 -0.190541
v -0.163022 1.273497 -0.254571
v -0.281819 1.273500 -0.109792
v -0.302128 1.273499 -0.017187
v -0.280279 1.272430 -0.109189
v -0.300478 1.272429 -0.017089
v -0.251786 1.260589 -0.098042
v -0.208954 1.260589 -0.171133
v -0.269934 1.260589 -0.015291
v -0.187487 1.235543 -0.072883
v -0.155578 1.235544 -0.127337
v -0.201008 1.235543 -0.011233
v -0.168597 1.228895 -0.065491
v -0.139896 1.228896 -0.114469
v -0.180758 1.228895 -0.010041
v -0.156647 1.224894 -0.060816
v -0.167949 1.224894 -0.009287
v -0.145587 1.219292 -0.056488
v -0.129976 1.224894 -0.106330
v -0.120793 1.219292 -0.098796
v -0.090545 1.224894 -0.141376
v -0.084140 1.219291 -0.131372
v -0.097464 1.228894 -0.152182
v -0.042214 1.224893 -0.162521
v -0.039213 1.219291 -0.151028
v -0.045455 1.228894 -0.174936
v 0.010286 1.224893 -0.167697
v 0.011040 1.228894 -0.180507
v 0.012233 1.235541 -0.200756
v -0.050579 1.235541 -0.194564
v 0.016291 1.260586 -0.269682
v -0.068019 1.260586 -0.261369
v 0.099041 1.260587 -0.251535
v 0.018088 1.272425 -0.300225
v -0.075747 1.272425 -0.290973
v 0.018185 1.273495 -0.301875
v 0.110191 1.272427 -0.280028
v 0.110793 1.273497 -0.281568
v 0.111291 1.275375 -0.282840
v 0.018266 1.275373 -0.303240
v 0.111635 1.277870 -0.283719
v 0.018321 1.277868 -0.304182
v 0.018346 1.280730 -0.304606
v -0.076509 1.275373 -0.293896
v -0.076165 1.273495 -0.292574
v -0.162131 1.272427 -0.253180
v -0.145632 1.260587 -0.227413
v -0.108402 1.235542 -0.169264
v -0.078418 1.212232 -0.122435
v -0.073521 1.203892 -0.114787
v -0.112590 1.212233 -0.092064
v -0.135704 1.212233 -0.052621
v -0.105569 1.203892 -0.086304
v -0.145498 1.212233 -0.007966
v -0.156091 1.219291 -0.008588
v -0.151280 1.219292 0.040212
v -0.162772 1.224894 0.043213
v -0.175188 1.228895 0.046453
v -0.141627 1.224894 0.091544
v -0.152433 1.228895 0.098463
v -0.169517 1.235543 0.109401
v -0.114720 1.228895 0.140894
v -0.065740 1.228896 0.169595
v -0.127587 1.235543 0.156576
v -0.073132 1.235544 0.188485
v -0.171385 1.260589 0.209953
v -0.098291 1.260589 0.252784
v -0.227664 1.260589 0.146631
v -0.190792 1.272429 0.233606
v -0.253432 1.272429 0.163130
v -0.191840 1.273499 0.234883
v -0.109440 1.272430 0.281277
v -0.110042 1.273500 0.282816
v -0.017337 1.272430 0.301475
v -0.017435 1.273499 0.303125
v -0.017516 1.275377 0.304490
v 0.076916 1.273494 0.293823
v 0.077261 1.275371 0.295146
v 0.163771 1.273494 0.255820
v 0.164508 1.275371 0.256970
v 0.165018 1.277867 0.257765
v 0.235694 1.275376 0.193706
v 0.236422 1.277871 0.194305
v 0.236752 1.280734 0.194574
v 0.165247 1.280730 0.258123
v 0.236646 1.283674 0.194489
v 0.236120 1.286394 0.194056
v 0.165174 1.283669 0.258009
v 0.077573 1.283669 0.296340
v 0.164808 1.286390 0.257436
v 0.077400 1.286389 0.295680
v 0.164183 1.288615 0.256460
v 0.077109 1.288614 0.294559
v 0.163365 1.290118 0.255184
v 0.235225 1.288619 0.193322
v 0.234052 1.290123 0.192359
v 0.076725 1.290117 0.293092
v -0.017390 1.290123 0.302371
v -0.017479 1.288619 0.303885
v -0.109766 1.290123 0.282112
v -0.191362 1.290122 0.234301
v -0.110319 1.288620 0.283525
v -0.192323 1.288619 0.235472
v -0.110740 1.286395 0.284603
v -0.110990 1.283674 0.285238
v -0.017548 1.286394 0.305041
v -0.193058 1.286394 0.236368
v -0.256440 1.286394 0.165056
v -0.193490 1.283674 0.236895
v -0.257013 1.283674 0.165423
v -0.193575 1.280734 0.236998
v -0.193305 1.277871 0.236670
v -0.111038 1.280735 0.285364
v -0.257127 1.280734 0.165496
v -0.295472 1.280734 0.077854
v -0.256769 1.277871 0.165267
v -0.295062 1.277871 0.077747
v -0.255974 1.275376 0.164758
v -0.254824 1.273499 0.164022
v -0.192707 1.275376 0.235940
v -0.294149 1.275376 0.077509
v -0.303492 1.275376 -0.017267
v -0.292826 1.273499 0.077164
v -0.291227 1.272429 0.076747
v -0.261622 1.260589 0.069018
v -0.194815 1.235543 0.051578
v -0.304435 1.277871 -0.017323
v -0.304859 1.280734 -0.017347
v -0.304724 1.283674 -0.017339
v -0.284365 1.280735 -0.110789
v -0.284240 1.283674 -0.110740
v -0.283605 1.286395 -0.110491
v -0.304044 1.286394 -0.017299
v -0.282527 1.288619 -0.110069
v -0.235369 1.286395 -0.192807
v -0.234474 1.288619 -0.192071
v -0.233301 1.290123 -0.191110
v -0.162615 1.290120 -0.253936
v -0.281115 1.290123 -0.109517
v -0.301374 1.290122 -0.017141
v -0.292095 1.290122 0.076973
v -0.302889 1.288619 -0.017230
v -0.293562 1.288619 0.077356
v -0.294683 1.286394 0.077649
v -0.255464 1.288619 0.164432
v -0.254187 1.290122 0.163614
v -0.295342 1.283674 0.077821
v -0.110539 1.275377 0.284089
v -0.110884 1.277872 0.284968
v -0.017570 1.277872 0.305432
v -0.017595 1.280735 0.305855
v 0.077499 1.277867 0.296058
v 0.077607 1.280729 0.296470
v -0.017587 1.283674 0.305722
v -0.071221 1.194610 -0.111195
v 0.115789 1.203892 -0.073272
v 0.084599 1.194610 -0.102022
v 0.112196 1.194610 -0.070971
v 0.107707 1.165596 -0.068098
v 0.128848 1.194610 -0.032914
v 0.123691 1.165596 -0.031568
v 0.127603 1.165596 0.008114
v 0.121953 1.135480 -0.031114
v 0.122262 1.102199 -0.031196
v 0.106195 1.135480 -0.067130
v 0.125810 1.135480 0.008008
v 0.126129 1.102199 0.008027
v 0.117389 1.135480 0.046410
v 0.117687 1.102199 0.046527
v 0.097515 1.135481 0.080325
v 0.068127 1.135479 0.106439
v 0.097762 1.102200 0.080527
v 0.104470 1.041099 0.086030
v 0.068300 1.102198 0.106706
v 0.072977 1.041096 0.114012
v 0.032189 1.102198 0.122508
v 0.034378 1.041096 0.130902
v -0.007029 1.102200 0.126378
v 0.032108 1.135479 0.122198
v 0.032563 1.165594 0.123937
v -0.007011 1.135481 0.126059
v -0.007116 1.165597 0.127852
v -0.045410 1.135481 0.117637
v -0.079330 1.135480 0.097759
v -0.045527 1.102200 0.117935
v -0.046064 1.165596 0.119309
v -0.080468 1.165596 0.099150
v -0.048006 1.194610 0.124272
v -0.007429 1.194611 0.133171
v -0.083849 1.194610 0.103270
v -0.049560 1.203893 0.128245
v -0.106959 1.165596 0.069346
v -0.105445 1.135480 0.068377
v -0.121203 1.135480 0.032361
v -0.105715 1.102199 0.068550
v -0.113021 1.041098 0.073228
v -0.121513 1.102199 0.032442
v -0.079533 1.102199 0.098007
v -0.085036 1.041098 0.104713
v -0.092606 0.982097 0.113938
v -0.048687 1.041098 0.126015
v -0.007539 1.041099 0.135039
v -0.053035 0.982098 0.137128
v -0.008240 0.982098 0.146953
v -0.057383 0.939994 0.148241
v -0.008941 0.939994 0.158866
v -0.100175 0.939993 0.123163
v -0.066015 0.861792 0.170303
v -0.073798 0.794721 0.190198
v -0.010334 0.861792 0.182516
v -0.115202 0.861791 0.141475
v -0.153070 0.861791 0.098872
v -0.128753 0.794720 0.157990
v -0.145281 0.730260 0.178132
v -0.171060 0.794720 0.110393
v -0.193003 0.730260 0.124443
v -0.196590 0.794720 0.052042
v -0.202841 0.794720 -0.011345
v -0.175920 0.861791 0.046646
v -0.221800 0.730260 0.058623
v -0.228849 0.730260 -0.012878
v -0.248897 0.670666 0.065697
v -0.249102 0.669138 0.065751
v -0.216588 0.670666 0.139545
v -0.256807 0.670666 -0.014524
v -0.239542 0.670667 -0.093256
v -0.257018 0.669138 -0.014536
v -0.239739 0.669138 -0.093334
v -0.256295 0.667716 -0.014494
v -0.239065 0.667716 -0.093069
v -0.248401 0.667716 0.065568
v -0.255037 0.666354 -0.014420
v -0.237891 0.666354 -0.092611
v -0.247183 0.666354 0.065250
v -0.254569 0.665345 -0.014393
v -0.237455 0.665346 -0.092440
v -0.246730 0.665346 0.065131
v -0.254581 0.664058 -0.014393
v -0.237466 0.664058 -0.092445
v -0.255651 0.663103 -0.014457
v -0.246740 0.664058 0.065134
v -0.247777 0.663104 0.065404
v -0.214711 0.664058 0.138343
v -0.214700 0.665345 0.138336
v -0.215612 0.663103 0.138920
v -0.161631 0.664058 0.198057
v -0.162311 0.663103 0.198885
v -0.161623 0.665345 0.198048
v -0.092682 0.664059 0.238467
v -0.093073 0.663105 0.239465
v -0.092678 0.665347 0.238456
v -0.014634 0.664059 0.255589
v -0.014634 0.665347 0.255577
v -0.014697 0.663104 0.256658
v 0.064863 0.664055 0.247734
v 0.064860 0.665343 0.247721
v 0.065134 0.663101 0.248770
v 0.138084 0.664056 0.215686
v 0.138662 0.663101 0.216589
v 0.197827 0.664059 0.162618
v 0.138078 0.665343 0.215677
v 0.138331 0.666352 0.216071
v 0.197817 0.665347 0.162611
v 0.198179 0.666355 0.162907
v 0.238208 0.665346 0.093695
v 0.238644 0.666354 0.093866
v 0.255319 0.665346 0.015632
v 0.238218 0.664059 0.093699
v 0.239216 0.663104 0.094090
v 0.255330 0.664058 0.015632
v 0.256400 0.663104 0.015696
v 0.247492 0.664058 -0.063886
v 0.247480 0.665346 -0.063882
v 0.248528 0.663104 -0.064157
v 0.215463 0.664058 -0.137090
v 0.215453 0.665346 -0.137084
v 0.216365 0.663104 -0.137668
v 0.162380 0.664058 -0.196814
v 0.162374 0.665346 -0.196805
v 0.163061 0.663104 -0.197642
v 0.093440 0.664058 -0.237211
v 0.093435 0.665345 -0.237201
v 0.093830 0.663103 -0.238210
v 0.015391 0.664057 -0.254323
v 0.015454 0.663102 -0.255393
v -0.064131 0.664056 -0.246477
v 0.015390 0.665344 -0.254311
v 0.015418 0.666352 -0.254779
v -0.064128 0.665344 -0.246466
v -0.064245 0.666352 -0.246919
v -0.137331 0.665345 -0.214442
v -0.137584 0.666353 -0.214837
v -0.197060 0.665346 -0.161369
v -0.137338 0.664057 -0.214452
v -0.137915 0.663103 -0.215355
v -0.197069 0.664059 -0.161377
v -0.197897 0.663104 -0.162056
v -0.200807 0.661565 -0.164443
v -0.238464 0.663104 -0.092834
v -0.241970 0.661565 -0.094206
v -0.248441 0.659593 -0.096738
v -0.259408 0.661564 -0.014677
v -0.266345 0.659592 -0.015086
v -0.251419 0.661564 0.066354
v -0.258142 0.659593 0.068111
v -0.218782 0.661564 0.140950
v -0.224635 0.659592 0.144697
v -0.164699 0.661564 0.201795
v -0.169106 0.659592 0.207167
v -0.094444 0.661566 0.242970
v -0.096976 0.659594 0.249442
v -0.014918 0.661565 0.260416
v -0.015326 0.659594 0.267354
v 0.066084 0.661562 0.252412
v 0.067838 0.659590 0.259135
v 0.140692 0.661562 0.219759
v 0.144439 0.659590 0.225610
v 0.201564 0.661566 0.165685
v 0.206937 0.659594 0.170093
v 0.242722 0.661565 0.095462
v 0.198655 0.663105 0.163298
v 0.249193 0.659593 0.097995
v 0.260158 0.661564 0.015917
v 0.267094 0.659593 0.016326
v 0.252170 0.661564 -0.065107
v 0.258895 0.659593 -0.066861
v 0.219535 0.661565 -0.139698
v 0.225388 0.659593 -0.143445
v 0.165448 0.661564 -0.200552
v 0.169857 0.659593 -0.205924
v 0.095201 0.661564 -0.241715
v 0.097734 0.659592 -0.248186
v 0.015675 0.661563 -0.259149
v 0.016084 0.659591 -0.266086
v -0.065352 0.661562 -0.251155
v -0.067107 0.659591 -0.257879
v -0.139945 0.661564 -0.218525
v -0.064401 0.663102 -0.247514
v -0.143692 0.659592 -0.224375
v -0.146981 0.655872 -0.229513
v -0.206179 0.659593 -0.168851
v -0.210895 0.655873 -0.172720
v -0.219683 0.638712 -0.179930
v -0.254121 0.655873 -0.098961
v -0.272434 0.655872 -0.015444
v -0.264707 0.638711 -0.103103
v -0.268889 0.629316 -0.104740
v -0.283782 0.638711 -0.016113
v -0.275043 0.638711 0.072523
v -0.288264 0.629316 -0.016376
v -0.279388 0.629316 0.073658
v -0.289790 0.619322 -0.016467
v -0.289790 0.613874 -0.016467
v -0.270312 0.619323 -0.105297
v -0.280866 0.619322 0.074044
v -0.280866 0.613874 0.074044
v -0.244413 0.619322 0.157362
v -0.243126 0.629316 0.156537
v -0.244413 0.613874 0.157362
v -0.184004 0.619322 0.225322
v -0.183034 0.629316 0.224142
v -0.184004 0.613874 0.225322
v -0.105532 0.619324 0.271314
v -0.105532 0.613875 0.271314
v -0.016707 0.619323 0.290801
v -0.104975 0.629317 0.269891
v -0.103340 0.638712 0.265709
v -0.016617 0.629317 0.289276
v -0.016352 0.638712 0.284791
v 0.073382 0.629313 0.280382
v 0.072247 0.638708 0.276037
v 0.073767 0.619319 0.281859
v 0.156279 0.629314 0.244099
v 0.153857 0.638709 0.240319
v 0.157102 0.619321 0.245386
v 0.223915 0.629317 0.184020
v 0.220443 0.638712 0.181172
v 0.225096 0.619324 0.184989
v 0.269642 0.629316 0.105998
v 0.265461 0.638711 0.104361
v 0.271065 0.619323 0.106555
v 0.289015 0.629316 0.017618
v 0.290540 0.619322 0.017707
v 0.280140 0.629316 -0.072407
v 0.284532 0.638711 0.017353
v 0.273184 0.655872 0.016685
v 0.275795 0.638711 -0.071273
v 0.240099 0.638711 -0.152862
v 0.264797 0.655873 -0.068403
v 0.230526 0.655873 -0.146733
v 0.173726 0.655873 -0.210639
v 0.099956 0.655872 -0.253866
v 0.180937 0.638711 -0.219426
v 0.183785 0.629316 -0.222898
v 0.104099 0.638711 -0.264451
v 0.017111 0.638710 -0.283522
v 0.105736 0.629316 -0.268632
v 0.106293 0.619322 -0.270057
v 0.017376 0.629314 -0.288004
v 0.017467 0.619321 -0.289530
v -0.072653 0.629314 -0.279122
v -0.071519 0.638709 -0.274778
v -0.073038 0.619321 -0.280601
v -0.155531 0.629315 -0.242866
v -0.223154 0.629316 -0.182778
v -0.153110 0.638710 -0.239085
v -0.156356 0.619322 -0.244152
v -0.224336 0.619323 -0.183747
v -0.156356 0.613874 -0.244152
v -0.073038 0.613872 -0.280601
v -0.155306 0.603880 -0.242515
v -0.224336 0.613875 -0.183747
v -0.222832 0.603882 -0.182512
v -0.270312 0.613875 -0.105297
v -0.268501 0.603881 -0.104588
v -0.287848 0.603881 -0.016353
v -0.263243 0.594848 -0.102531
v -0.282212 0.594848 -0.016021
v -0.218468 0.594849 -0.178933
v -0.258835 0.589531 -0.100806
v -0.277487 0.589530 -0.015742
v -0.251225 0.582873 -0.097828
v -0.214809 0.589531 -0.175930
v -0.208491 0.582874 -0.170745
v -0.149711 0.589530 -0.233775
v -0.152263 0.594848 -0.237761
v -0.145304 0.582872 -0.226892
v -0.069925 0.589529 -0.268677
v -0.071121 0.594846 -0.273255
v -0.067862 0.582871 -0.260770
v 0.016741 0.589529 -0.277227
v 0.016260 0.582871 -0.269069
v 0.101801 0.589530 -0.258580
v 0.017019 0.594846 -0.281952
v 0.017352 0.603879 -0.287588
v 0.103526 0.594848 -0.262987
v 0.105584 0.603881 -0.268244
v 0.179940 0.594848 -0.218211
v 0.183521 0.603881 -0.222575
v 0.238775 0.594848 -0.152015
v 0.176937 0.589530 -0.214551
v 0.171753 0.582873 -0.208234
v 0.234789 0.589531 -0.149463
v 0.227906 0.582873 -0.145056
v 0.269694 0.589530 -0.069681
v 0.261786 0.582873 -0.067618
v 0.278237 0.589530 0.016983
v 0.274274 0.594848 -0.070876
v 0.279737 0.603881 -0.072303
v 0.282962 0.594848 0.017262
v 0.263997 0.594849 0.103789
v 0.288598 0.603881 0.017592
v 0.269254 0.603882 0.105847
v 0.290540 0.613874 0.017707
v 0.271065 0.613875 0.106555
v 0.281618 0.613874 -0.072794
v 0.281618 0.619322 -0.072794
v 0.245168 0.613875 -0.156107
v 0.184754 0.613874 -0.224079
v 0.245168 0.619322 -0.156107
v 0.243529 0.603881 -0.155058
v 0.243881 0.629316 -0.155283
v 0.184754 0.619322 -0.224079
v 0.106293 0.613874 -0.270057
v 0.017467 0.613873 -0.289530
v 0.225095 0.613876 0.184989
v 0.223593 0.603882 0.183755
v 0.157102 0.613872 0.245386
v 0.156054 0.603879 0.243747
v 0.073766 0.613872 0.281859
v -0.016707 0.613875 0.290801
v 0.073275 0.603878 0.279978
v -0.016592 0.603882 0.288858
v 0.071849 0.594845 0.274515
v 0.153010 0.594846 0.238994
v 0.070653 0.589527 0.269935
v -0.016260 0.594849 0.283223
v -0.015983 0.589531 0.278497
v -0.102766 0.594849 0.264246
v -0.104823 0.603882 0.269503
v -0.101042 0.589531 0.259837
v -0.179189 0.594848 0.219455
v -0.238021 0.594848 0.153269
v -0.182769 0.603881 0.223820
v -0.176187 0.589530 0.215796
v -0.171003 0.582872 0.209477
v -0.234034 0.589530 0.150716
v -0.227152 0.582873 0.146308
v -0.268942 0.589530 0.070930
v -0.273522 0.594848 0.072126
v -0.261035 0.582873 0.068866
v -0.251043 0.578601 0.066258
v -0.269329 0.582873 -0.015263
v -0.259020 0.578601 -0.014655
v -0.241608 0.578601 -0.094065
v -0.250136 0.577458 -0.014133
v -0.233321 0.577458 -0.090823
v -0.242433 0.577458 0.064009
v -0.248300 0.576625 -0.014025
v -0.240652 0.576625 0.063545
v -0.247570 0.575028 -0.013981
v -0.231607 0.576625 -0.090152
v -0.230927 0.575028 -0.089886
v -0.192206 0.576626 -0.157383
v -0.193629 0.577458 -0.158550
v -0.191642 0.575029 -0.156919
v -0.133946 0.576625 -0.209151
v -0.134939 0.577457 -0.210701
v -0.133553 0.575028 -0.208536
v -0.062541 0.576623 -0.240387
v -0.062357 0.575027 -0.239680
v 0.015024 0.576624 -0.248040
v -0.063006 0.577456 -0.242168
v -0.065254 0.578599 -0.250777
v 0.015132 0.577457 -0.249877
v 0.015654 0.578600 -0.258760
v 0.091819 0.577458 -0.233065
v 0.159559 0.577458 -0.193372
v 0.091147 0.576625 -0.231352
v 0.095060 0.578601 -0.241352
v 0.098823 0.582873 -0.250970
v 0.165203 0.578601 -0.200250
v 0.219208 0.578601 -0.139488
v 0.251795 0.578601 -0.065009
v 0.211715 0.577458 -0.134690
v 0.243184 0.577458 -0.062762
v 0.210164 0.576625 -0.133698
v 0.209550 0.575028 -0.133304
v 0.241404 0.576625 -0.062297
v 0.158390 0.576625 -0.191949
v 0.157927 0.575028 -0.191385
v 0.157927 0.573847 -0.191385
v 0.090881 0.575028 -0.230672
v 0.090881 0.573847 -0.230672
v 0.014982 0.575027 -0.247312
v 0.014982 0.573846 -0.247312
v 0.015019 0.572249 -0.247950
v -0.062357 0.573845 -0.239680
v -0.062518 0.572249 -0.240299
v -0.133553 0.573846 -0.208536
v -0.133897 0.572249 -0.209075
v -0.191642 0.573848 -0.156919
v -0.230927 0.573847 -0.089886
v -0.192136 0.572250 -0.157325
v -0.193432 0.571256 -0.158388
v -0.231524 0.572250 -0.090119
v -0.233083 0.571256 -0.090730
v -0.248209 0.572250 -0.014019
v -0.247570 0.573847 -0.013981
v -0.240565 0.572250 0.063522
v -0.249883 0.571255 -0.014117
v -0.242186 0.571255 0.063945
v -0.281682 0.562690 -0.015989
v -0.273008 0.562691 0.071992
v -0.287071 0.560261 -0.016306
v -0.262749 0.562691 -0.102338
v -0.267775 0.560261 -0.104304
v -0.218056 0.562691 -0.178596
v -0.222230 0.560261 -0.182022
v -0.151975 0.562690 -0.237313
v -0.154886 0.560260 -0.241861
v -0.070987 0.562689 -0.272743
v -0.134802 0.571255 -0.210486
v -0.062942 0.571254 -0.241921
v 0.015118 0.571254 -0.249623
v 0.016987 0.562689 -0.281422
v 0.091726 0.571255 -0.232829
v 0.091115 0.572250 -0.231268
v 0.159395 0.571255 -0.193174
v 0.103331 0.562690 -0.262493
v 0.105299 0.560261 -0.267521
v 0.179602 0.562691 -0.217802
v 0.183027 0.560261 -0.221974
v 0.238328 0.562691 -0.151728
v 0.242874 0.560261 -0.154640
v 0.273760 0.562691 -0.070743
v 0.211499 0.571256 -0.134552
v 0.210088 0.572250 -0.133649
v 0.242938 0.571255 -0.062697
v 0.241316 0.572250 -0.062273
v 0.250633 0.571255 0.015358
v 0.248959 0.572250 0.015260
v 0.282432 0.562690 0.017228
v 0.233836 0.571256 0.091988
v 0.263503 0.562691 0.103595
v 0.194193 0.571257 0.159627
v 0.232275 0.572250 0.091377
v 0.231680 0.573847 0.091143
v 0.192897 0.572251 0.158564
v 0.134644 0.572248 0.210308
v 0.192403 0.573848 0.158158
v 0.134300 0.573845 0.209768
v 0.192403 0.575029 0.158158
v 0.192967 0.576626 0.158622
v 0.231680 0.575028 0.091143
v 0.134300 0.575026 0.209768
v 0.063080 0.575025 0.240940
v 0.134694 0.576623 0.210384
v 0.135685 0.577456 0.211934
v 0.063266 0.576623 0.241646
v -0.014266 0.576626 0.249309
v 0.063731 0.577455 0.243427
v -0.014374 0.577459 0.251146
v 0.065979 0.578598 0.252036
v 0.068588 0.582870 0.262027
v 0.140483 0.578599 0.219427
v -0.014896 0.578601 0.260029
v -0.015502 0.582874 0.270338
v -0.094301 0.578602 0.242610
v -0.164452 0.578601 0.201494
v -0.098063 0.582874 0.252227
v -0.091057 0.577459 0.234324
v -0.090387 0.576626 0.232610
v -0.158807 0.577458 0.194617
v -0.157640 0.576625 0.193193
v -0.210961 0.577458 0.135942
v -0.218455 0.578601 0.140740
v -0.209412 0.576625 0.134950
v -0.208796 0.575028 0.134556
v -0.208796 0.573847 0.134556
v -0.157176 0.575028 0.192628
v -0.239945 0.575028 0.063361
v -0.239945 0.573847 0.063361
v -0.157176 0.573847 0.192628
v -0.090121 0.575029 0.231930
v -0.090121 0.573848 0.231930
v -0.014223 0.575029 0.248580
v -0.014223 0.573848 0.248580
v 0.063080 0.573844 0.240940
v -0.014261 0.572251 0.249218
v -0.014359 0.571256 0.250892
v 0.063242 0.572247 0.241558
v -0.090354 0.572251 0.232525
v -0.157582 0.572250 0.193123
v -0.090965 0.571256 0.234086
v -0.158645 0.571255 0.194419
v -0.102574 0.562692 0.263750
v -0.178852 0.562691 0.219044
v -0.104542 0.560262 0.268777
v -0.016228 0.562692 0.282693
v -0.016546 0.560261 0.288082
v 0.071717 0.562688 0.273999
v 0.073082 0.560258 0.279223
v 0.152722 0.562689 0.238547
v 0.063665 0.571253 0.243180
v 0.135548 0.571254 0.211720
v 0.155632 0.560259 0.243093
v 0.218816 0.562692 0.179838
v 0.222988 0.560262 0.183262
v 0.226029 0.556405 0.185759
v 0.268530 0.560261 0.105562
v 0.272194 0.556404 0.106995
v 0.287821 0.560261 0.017546
v 0.278984 0.560261 -0.072106
v 0.291750 0.556403 0.017777
v 0.282790 0.556403 -0.073100
v 0.293668 0.551655 0.017890
v 0.293313 0.546676 0.017869
v 0.273983 0.551656 0.107697
v 0.284651 0.551655 -0.073586
v 0.247806 0.551655 -0.157797
v 0.284306 0.546677 -0.073496
v 0.247507 0.546677 -0.157605
v 0.281880 0.538589 -0.072863
v 0.245396 0.538589 -0.156254
v 0.278971 0.525857 -0.072102
v 0.290810 0.538589 0.017723
v 0.287809 0.525857 0.017546
v 0.271317 0.538590 0.106653
v 0.268517 0.525858 0.105557
v 0.273652 0.546677 0.107566
v 0.225304 0.538591 0.185162
v 0.227241 0.546678 0.186752
v 0.157247 0.538587 0.245614
v 0.222980 0.525859 0.183254
v 0.155625 0.525855 0.243081
v 0.222050 0.512928 0.182490
v 0.154977 0.512925 0.242068
v 0.222527 0.499969 0.182881
v 0.267397 0.512927 0.105119
v 0.267972 0.499968 0.105344
v 0.286607 0.512927 0.017475
v 0.277808 0.512927 -0.071799
v 0.287223 0.499967 0.017512
v 0.278404 0.499967 -0.071955
v 0.289649 0.487149 0.017654
v 0.280754 0.487149 -0.072569
v 0.293850 0.474641 0.017902
v 0.270235 0.487149 0.106230
v 0.224406 0.487150 0.184422
v 0.274154 0.474642 0.107763
v 0.227659 0.474642 0.187093
v 0.341627 0.409709 0.134169
v 0.283675 0.409709 0.233052
v 0.366178 0.409708 0.022161
v 0.371508 0.380361 0.145862
v 0.308478 0.380361 0.253404
v 0.400696 0.350493 0.157284
v 0.398208 0.380360 0.024048
v 0.429495 0.350492 0.025889
v 0.385976 0.380360 -0.100034
v 0.354931 0.409708 -0.091930
v 0.336000 0.380360 -0.214261
v 0.416302 0.350492 -0.107949
v 0.362394 0.350492 -0.231160
v 0.445894 0.320117 -0.115673
v 0.456863 0.308621 -0.118536
v 0.388151 0.320117 -0.247650
v 0.460026 0.320117 0.027687
v 0.429177 0.320118 0.168430
v 0.471343 0.308621 0.028353
v 0.439735 0.308622 0.172561
v 0.485418 0.291129 0.029182
v 0.495159 0.271768 0.029756
v 0.452865 0.291130 0.177700
v 0.470505 0.291130 -0.122097
v 0.479947 0.271768 -0.124563
v 0.409573 0.291130 -0.261366
v 0.397699 0.308622 -0.253764
v 0.417791 0.271768 -0.266627
v 0.308586 0.291130 -0.374988
v 0.177425 0.291129 -0.451845
v 0.299643 0.308622 -0.364088
v 0.314776 0.271768 -0.382532
v 0.180980 0.271768 -0.460932
v 0.317985 0.251252 -0.386439
v 0.318092 0.230336 -0.386571
v 0.422051 0.251252 -0.269354
v 0.182824 0.251252 -0.465642
v 0.182885 0.230336 -0.465799
v 0.029813 0.251251 -0.499182
v 0.029515 0.271767 -0.494134
v 0.029825 0.230334 -0.499351
v -0.126082 0.251250 -0.483801
v -0.269599 0.251252 -0.421021
v -0.124806 0.271767 -0.478908
v -0.126125 0.230334 -0.483963
v -0.269691 0.230336 -0.421163
v -0.124931 0.209787 -0.479391
v -0.122544 0.190360 -0.470250
v 0.029548 0.209787 -0.494633
v -0.267144 0.209788 -0.417182
v -0.262050 0.190362 -0.409225
v -0.383180 0.209789 -0.314078
v -0.386834 0.230337 -0.317076
v -0.375878 0.190363 -0.308084
v -0.461659 0.209789 -0.180169
v -0.466061 0.230337 -0.181890
v -0.452861 0.190363 -0.176726
v -0.494906 0.209789 -0.028545
v -0.499623 0.230336 -0.028822
v -0.479673 0.209789 0.125947
v -0.485475 0.190362 -0.027990
v -0.470533 0.190362 0.123561
v -0.475588 0.174606 -0.027408
v -0.443639 0.174607 -0.173118
v -0.460950 0.174606 0.121060
v -0.464217 0.165419 -0.026740
v -0.433031 0.165419 -0.168967
v -0.449929 0.165419 0.118182
v -0.462441 0.162925 -0.026634
v -0.448207 0.162925 0.117732
v -0.462441 0.160039 -0.026634
v -0.431373 0.162926 -0.168319
v -0.431373 0.160039 -0.168319
v -0.358041 0.162926 -0.293446
v -0.359417 0.165419 -0.294575
v -0.358041 0.160039 -0.293446
v -0.249611 0.162924 -0.389791
v -0.250570 0.165418 -0.391290
v -0.249611 0.160038 -0.389791
v -0.116716 0.162923 -0.447924
v -0.117166 0.165417 -0.449646
v -0.116716 0.160037 -0.447924
v 0.027640 0.162923 -0.462167
v 0.027744 0.165417 -0.463944
v 0.027640 0.160037 -0.462167
v 0.169316 0.162925 -0.431112
v 0.169964 0.165419 -0.432769
v 0.169316 0.160039 -0.431112
v 0.294466 0.162925 -0.357777
v 0.295595 0.165419 -0.359153
v 0.294466 0.160039 -0.357777
v 0.390826 0.162925 -0.249362
v 0.392325 0.165419 -0.250321
v 0.390826 0.160039 -0.249362
v 0.448966 0.162925 -0.116475
v 0.450688 0.165419 -0.116924
v 0.448966 0.160039 -0.116475
v 0.463195 0.162925 0.027878
v 0.432134 0.162926 0.169592
v 0.464973 0.165419 0.027983
v 0.463195 0.160039 0.027878
v 0.432134 0.160040 0.169592
v 0.464973 0.157545 0.027983
v 0.433792 0.157546 0.170241
v 0.450688 0.157545 -0.116924
v 0.484302 0.141927 0.029120
v 0.451825 0.141927 0.177297
v 0.488795 0.137195 0.029384
v 0.469423 0.141927 -0.121815
v 0.473778 0.137195 -0.122951
v 0.408632 0.141927 -0.260763
v 0.412422 0.137195 -0.263189
v 0.392325 0.157545 -0.250321
v 0.307878 0.141927 -0.374123
v 0.310732 0.137195 -0.377601
v 0.295595 0.157545 -0.359153
v 0.177019 0.141926 -0.450802
v 0.178659 0.137195 -0.454992
v 0.169964 0.157545 -0.432769
v 0.028881 0.141925 -0.483275
v 0.029145 0.137193 -0.487766
v 0.027744 0.157544 -0.463944
v -0.122057 0.141925 -0.468381
v -0.123194 0.137193 -0.472736
v -0.117166 0.157543 -0.449646
v -0.261012 0.141926 -0.407599
v -0.263436 0.137194 -0.411389
v -0.250570 0.157544 -0.391290
v -0.374387 0.141927 -0.306860
v -0.377865 0.137195 -0.309714
v -0.359418 0.157546 -0.294575
v -0.451063 0.141927 -0.176023
v -0.483548 0.141927 -0.027878
v -0.455254 0.137195 -0.177662
v -0.433032 0.157546 -0.168966
v -0.464217 0.157545 -0.026740
v -0.449929 0.157545 0.118182
v -0.448207 0.160039 0.117732
v -0.391563 0.157545 0.251585
v -0.468665 0.141927 0.123073
v -0.473018 0.137195 0.124209
v -0.407871 0.141927 0.262027
v -0.411661 0.137195 0.264453
v -0.307123 0.141927 0.375370
v -0.309976 0.137195 0.378849
v -0.294840 0.157545 0.360401
v -0.176253 0.141928 0.452076
v -0.177893 0.137196 0.456266
v -0.169195 0.157546 0.434044
v -0.028108 0.141927 0.484574
v -0.028373 0.137196 0.489066
v -0.026973 0.157546 0.465243
v 0.122773 0.141923 0.469655
v 0.123911 0.137192 0.474009
v 0.117879 0.157542 0.450922
v 0.261755 0.141924 0.408827
v 0.264181 0.137192 0.412617
v 0.251316 0.157543 0.392519
v 0.375161 0.141928 0.308102
v 0.378640 0.137197 0.310958
v 0.360193 0.157547 0.295817
v 0.358817 0.160041 0.294689
v 0.358817 0.162927 0.294689
v 0.250356 0.160037 0.391020
v 0.250356 0.162923 0.391020
v 0.117429 0.160036 0.449199
v 0.117429 0.162922 0.449199
v -0.026869 0.160040 0.463467
v -0.026869 0.162926 0.463467
v -0.168546 0.160040 0.432386
v -0.168546 0.162926 0.432386
v -0.293711 0.160039 0.359026
v -0.293711 0.162925 0.359026
v -0.390065 0.160039 0.250626
v -0.390065 0.162925 0.250626
v -0.391563 0.165419 0.251585
v -0.401156 0.174606 0.257727
v -0.294840 0.165419 0.360401
v -0.302064 0.174606 0.369207
v -0.169195 0.165420 0.434044
v -0.173346 0.174608 0.444650
v -0.026973 0.165420 0.465243
v -0.027641 0.174607 0.476613
v 0.117879 0.165416 0.450921
v 0.120759 0.174603 0.461940
v 0.251316 0.165417 0.392519
v 0.257457 0.174604 0.402112
v 0.360193 0.165421 0.295817
v 0.368997 0.174608 0.303043
v 0.433792 0.165419 0.170241
v 0.444399 0.174607 0.174391
v 0.453622 0.190363 0.177999
v 0.476343 0.174606 0.028651
v 0.461708 0.174606 -0.119801
v 0.486228 0.190362 0.029234
v 0.495660 0.209789 0.029787
v 0.471291 0.190362 -0.122303
v 0.410258 0.190362 -0.261803
v 0.480432 0.209789 -0.124687
v 0.418214 0.209789 -0.266897
v 0.485005 0.230336 -0.125882
v 0.484841 0.251252 -0.125840
v 0.500377 0.230336 0.030064
v 0.422193 0.230336 -0.269445
v 0.500207 0.251252 0.030053
v 0.466821 0.230337 0.183163
v 0.466662 0.251253 0.183100
v 0.462420 0.209789 0.181441
v 0.387604 0.230338 0.318322
v 0.270437 0.230334 0.422391
v 0.387472 0.251254 0.318217
v 0.383953 0.209790 0.315322
v 0.267889 0.209787 0.418410
v 0.376652 0.190363 0.309328
v 0.262796 0.190360 0.410453
v 0.123263 0.190359 0.471523
v 0.125653 0.209786 0.480663
v -0.028222 0.190363 0.486501
v -0.176956 0.190363 0.453873
v -0.028776 0.209789 0.495931
v -0.029052 0.230337 0.500649
v -0.180400 0.209790 0.462670
v -0.314340 0.209789 0.384165
v -0.182122 0.230338 0.467070
v -0.317337 0.230336 0.387818
v -0.182061 0.251253 0.466912
v -0.180219 0.271769 0.462202
v -0.029043 0.251253 0.500479
v -0.317230 0.251252 0.387688
v -0.421289 0.251252 0.270619
v -0.314023 0.271768 0.383778
v -0.417030 0.271768 0.267891
v -0.307831 0.291130 0.376233
v -0.298888 0.308622 0.365334
v -0.176664 0.291131 0.453114
v -0.408812 0.291130 0.262629
v -0.469747 0.291130 0.123355
v -0.396939 0.308621 0.255027
v -0.456105 0.308622 0.119793
v -0.387392 0.320117 0.248914
v -0.361635 0.350492 0.232422
v -0.445136 0.320117 0.116929
v -0.291697 0.320117 0.356570
v -0.272297 0.350492 0.332929
v -0.167395 0.320119 0.429424
v -0.156251 0.350493 0.400944
v -0.026677 0.320118 0.460295
v -0.171527 0.308622 0.439983
v -0.027343 0.308622 0.471613
v -0.028171 0.291130 0.485689
v 0.119509 0.308619 0.457095
v 0.123069 0.291127 0.470736
v 0.254754 0.308620 0.397900
v 0.116645 0.320113 0.446127
v 0.108921 0.350489 0.416536
v 0.248642 0.320114 0.388355
v 0.232153 0.350490 0.362600
v 0.356352 0.320119 0.292685
v 0.332708 0.350494 0.273284
v 0.365116 0.308622 0.299877
v 0.376016 0.291131 0.308821
v 0.383562 0.271770 0.315010
v 0.262355 0.291128 0.409773
v 0.267618 0.271766 0.417991
v 0.125533 0.271765 0.480178
v 0.270345 0.251250 0.422250
v 0.126809 0.251249 0.485071
v 0.126849 0.230333 0.485235
v -0.028745 0.271769 0.495430
v 0.461952 0.271769 0.181257
v 0.215254 0.380358 0.336208
v 0.197953 0.409707 0.309188
v 0.101005 0.380357 0.386211
v 0.092901 0.409706 0.355166
v -0.023041 0.380361 0.398474
v -0.021156 0.409709 0.366444
v -0.144832 0.380361 0.371757
v -0.024881 0.350493 0.429763
v -0.133141 0.409709 0.341877
v -0.252418 0.380360 0.308700
v -0.232065 0.409708 0.283896
v -0.335241 0.380360 0.215522
v -0.308222 0.409708 0.198219
v -0.385220 0.380360 0.101289
v -0.354176 0.409709 0.093182
v -0.397456 0.380360 -0.022806
v -0.415545 0.350492 0.109205
v -0.428743 0.350492 -0.024648
v -0.459272 0.320117 -0.026445
v -0.399936 0.350493 -0.156017
v -0.370750 0.380361 -0.144598
v -0.428417 0.320118 -0.167161
v -0.331941 0.350493 -0.272038
v -0.307713 0.380361 -0.252159
v -0.355584 0.320118 -0.291438
v -0.231406 0.350491 -0.361370
v -0.214507 0.380360 -0.334976
v -0.247896 0.320116 -0.387125
v -0.108192 0.350489 -0.415268
v -0.100277 0.380358 -0.384946
v -0.115917 0.320114 -0.444859
v 0.025649 0.350490 -0.428475
v 0.023806 0.380359 -0.397189
v 0.027446 0.320114 -0.459004
v 0.157012 0.350492 -0.399677
v 0.145592 0.380360 -0.370492
v 0.168157 0.320117 -0.428157
v 0.273051 0.350492 -0.331682
v 0.253171 0.380360 -0.307454
v 0.292452 0.320117 -0.355325
v 0.232817 0.409709 -0.282652
v 0.186858 0.474641 -0.226643
v 0.133900 0.409709 -0.340613
v 0.308978 0.409709 -0.196962
v 0.247960 0.474641 -0.157896
v 0.244416 0.487149 -0.155626
v 0.284827 0.474641 -0.073631
v 0.184188 0.487149 -0.223389
v 0.242370 0.499967 -0.154317
v 0.182647 0.499967 -0.221512
v 0.241850 0.512927 -0.153984
v 0.182255 0.512927 -0.221034
v 0.242863 0.525857 -0.154632
v 0.183019 0.525857 -0.221964
v 0.105294 0.525857 -0.267508
v 0.184926 0.538589 -0.224289
v 0.106390 0.538589 -0.270309
v 0.186517 0.546677 -0.226226
v 0.107303 0.546676 -0.272643
v 0.186742 0.551655 -0.226502
v 0.107434 0.551655 -0.272975
v 0.185523 0.556403 -0.225016
v 0.246186 0.556403 -0.156762
v 0.106733 0.556403 -0.271185
v 0.017535 0.556402 -0.290739
v -0.073344 0.556401 -0.281772
v 0.017304 0.560259 -0.286811
v 0.017647 0.551654 -0.292659
v -0.073831 0.551653 -0.283632
v 0.017627 0.546675 -0.292302
v -0.073740 0.546675 -0.283288
v 0.017480 0.538588 -0.289800
v -0.073108 0.538587 -0.280863
v 0.017303 0.525855 -0.286797
v -0.072348 0.525855 -0.277953
v 0.017234 0.512925 -0.285597
v 0.017270 0.499965 -0.286214
v 0.104856 0.512927 -0.266389
v -0.072044 0.512925 -0.276789
v -0.154230 0.512926 -0.240836
v -0.072200 0.499965 -0.277385
v -0.154564 0.499966 -0.241356
v -0.072813 0.487147 -0.279736
v -0.155873 0.487148 -0.243401
v -0.073876 0.474639 -0.283807
v 0.017413 0.487147 -0.288638
v 0.017660 0.474639 -0.292839
v 0.105966 0.487149 -0.269226
v 0.107500 0.474641 -0.273145
v 0.105080 0.499967 -0.266963
v 0.021920 0.409708 -0.365161
v -0.092173 0.409708 -0.353903
v -0.197207 0.409709 -0.307956
v -0.158142 0.474640 -0.246946
v -0.282909 0.409710 -0.231808
v -0.340870 0.409709 -0.132906
v -0.226899 0.474642 -0.185851
v -0.273400 0.474641 -0.106506
v -0.223646 0.487149 -0.183182
v -0.269481 0.487149 -0.104972
v -0.221767 0.499968 -0.181641
v -0.267219 0.499968 -0.104087
v -0.221290 0.512927 -0.181249
v -0.266644 0.512927 -0.103861
v -0.222219 0.525858 -0.182013
v -0.224544 0.538590 -0.183920
v -0.154879 0.525856 -0.241849
v -0.267765 0.525858 -0.104300
v -0.270564 0.538590 -0.105397
v -0.287059 0.525857 -0.016306
v -0.285858 0.512927 -0.016235
v -0.290061 0.538589 -0.016483
v -0.278218 0.525857 0.073351
v -0.277055 0.512927 0.073048
v -0.281128 0.538589 0.074111
v -0.242109 0.525857 0.155885
v -0.241096 0.512927 0.155237
v -0.244642 0.538589 0.157507
v -0.182268 0.525857 0.223207
v -0.181505 0.512927 0.222278
v -0.184175 0.538589 0.225532
v -0.104536 0.525858 0.268765
v -0.104098 0.512928 0.267646
v -0.105632 0.538590 0.271565
v -0.016545 0.525858 0.288069
v -0.016475 0.512927 0.286869
v -0.016722 0.538590 0.291071
v 0.073077 0.525854 0.279211
v 0.072772 0.512924 0.278047
v 0.073837 0.538586 0.282120
v 0.074471 0.546673 0.284545
v -0.016868 0.546677 0.293573
v 0.074562 0.551652 0.284892
v 0.158598 0.546674 0.247724
v 0.158790 0.551653 0.248025
v 0.157754 0.556401 0.246406
v 0.227517 0.551656 0.186979
v 0.074076 0.556400 0.283029
v -0.016776 0.556404 0.292010
v -0.105976 0.556404 0.272441
v -0.016889 0.551656 0.293929
v -0.106676 0.551656 0.274232
v -0.106546 0.546678 0.273900
v -0.185992 0.551655 0.227746
v -0.247053 0.551655 0.159051
v -0.184772 0.556403 0.226260
v -0.185766 0.546676 0.227470
v -0.246753 0.546676 0.158858
v -0.283554 0.546677 0.074745
v -0.292562 0.546676 -0.016629
v -0.283899 0.551655 0.074834
v -0.292920 0.551655 -0.016650
v -0.282038 0.556403 0.074349
v -0.291000 0.556403 -0.016537
v -0.278231 0.560261 0.073355
v -0.245433 0.556403 0.158014
v -0.242120 0.560261 0.155892
v -0.237574 0.562690 0.152982
v -0.182277 0.560261 0.223218
v -0.210746 0.571255 0.135805
v -0.209335 0.572250 0.134901
v -0.271441 0.556404 -0.105739
v -0.273230 0.551656 -0.106438
v -0.225271 0.556404 -0.184517
v -0.226758 0.551656 -0.185737
v -0.157008 0.556403 -0.245174
v -0.158044 0.551655 -0.246794
v -0.157852 0.546676 -0.246493
v -0.226481 0.546677 -0.185510
v -0.156500 0.538588 -0.244382
v -0.272899 0.546677 -0.106309
v 0.072927 0.499964 0.278644
v -0.016511 0.499968 0.287485
v 0.073541 0.487146 0.280993
v 0.155310 0.499965 0.242588
v 0.156619 0.487147 0.244632
v 0.158888 0.474638 0.248177
v 0.074605 0.474638 0.285066
v -0.016901 0.474642 0.294112
v -0.106742 0.474642 0.274402
v -0.016653 0.487150 0.289910
v -0.105208 0.487150 0.270484
v -0.104323 0.499968 0.268221
v -0.183437 0.487149 0.224632
v -0.243662 0.487148 0.156880
v -0.186107 0.474640 0.227885
v -0.181897 0.499967 0.222755
v -0.241616 0.499967 0.155569
v -0.277653 0.499967 0.073205
v -0.286474 0.499967 -0.016271
v -0.280002 0.487149 0.073818
v -0.288898 0.487149 -0.016415
v -0.284075 0.474641 0.074881
v -0.293101 0.474641 -0.016662
v -0.247206 0.474640 0.159149
v -0.365426 0.409709 -0.020920
v -0.072350 0.560259 -0.277965
v 0.172287 0.308621 -0.438715
v 0.028112 0.308620 -0.470319
v 0.028941 0.291128 -0.484393
v -0.118779 0.308620 -0.455825
v -0.122341 0.291128 -0.469465
v -0.254008 0.308621 -0.396672
v -0.261610 0.291129 -0.408545
v -0.364349 0.308622 -0.298629
v -0.438975 0.308622 -0.171293
v -0.375247 0.291130 -0.307572
v -0.382792 0.271769 -0.313762
v -0.452105 0.291130 -0.176430
v -0.461192 0.271769 -0.179986
v -0.484664 0.291130 -0.027941
v -0.470589 0.308622 -0.027112
v -0.494405 0.271768 -0.028514
v -0.479189 0.271768 0.125820
v -0.499453 0.251252 -0.028812
v -0.484082 0.251252 0.127097
v -0.465902 0.251253 -0.181829
v -0.386701 0.251253 -0.316969
v -0.484245 0.230336 0.127140
v -0.421432 0.230336 0.270710
v -0.417452 0.209789 0.268162
v -0.409496 0.190362 0.263067
v -0.308347 0.190362 0.376862
v -0.266871 0.271768 -0.416762
v 0.315095 0.209789 -0.382918
v 0.309102 0.190362 -0.375614
v 0.181164 0.209788 -0.461397
v 0.177722 0.190362 -0.452599
v 0.174114 0.174606 -0.443376
v 0.028994 0.190361 -0.485203
v 0.028413 0.174604 -0.475314
v -0.120042 0.174604 -0.460666
v -0.256711 0.174606 -0.400884
v -0.368222 0.174607 -0.301802
v 0.302820 0.174606 -0.367957
v 0.401917 0.174606 -0.256463
v 0.380828 0.131684 0.312755
v 0.456016 0.137195 0.178936
v 0.458652 0.131683 0.179968
v 0.491621 0.131682 0.029551
v 0.459552 0.125769 0.180320
v 0.459552 0.020145 0.180320
v 0.381575 0.125771 0.313367
v 0.492586 0.125769 0.029608
v 0.492586 0.020144 0.029608
v 0.477452 0.125769 -0.123910
v 0.415621 0.125769 -0.265237
v 0.476517 0.131682 -0.123666
v 0.477453 0.020144 -0.123911
v 0.415621 0.020144 -0.265237
v 0.477453 -0.006104 -0.123911
v 0.169352 -0.006105 -0.043481
v 0.415621 -0.006104 -0.265237
v 0.492586 -0.006104 0.029608
v 0.174712 -0.006105 0.010899
v 0.459552 -0.006103 0.180320
v 0.163018 -0.006105 0.064295
v 0.381578 -0.006102 0.313365
v 0.266229 -0.006106 0.415813
v 0.381577 0.020146 0.313366
v 0.135423 -0.006105 0.111370
v 0.094570 -0.006105 0.147669
v 0.104657 -0.006105 0.086195
v 0.071349 -0.006105 0.058863
v 0.125992 -0.006105 0.049776
v 0.073118 -0.006105 0.114229
v 0.034455 -0.006105 0.131152
v 0.049884 -0.006105 0.077949
v 0.025465 -0.006106 0.039831
v 0.023570 -0.006105 0.089463
v 0.012125 -0.006106 0.045664
v -0.005018 -0.006105 0.092275
v -0.033073 -0.006105 0.086124
v -0.007544 -0.006105 0.135300
v -0.002372 -0.006106 0.047078
v 0.000374 -0.006106 0.000625
v -0.016578 -0.006106 0.043982
v -0.029151 -0.006106 0.036596
v -0.038825 -0.006106 0.025706
v -0.057853 -0.006105 0.071603
v -0.085190 -0.006105 0.104914
v -0.076986 -0.006105 0.050170
v -0.088514 -0.006105 0.023835
v -0.113222 -0.006105 0.073379
v -0.130117 -0.006105 0.034706
v -0.146698 -0.006105 0.094788
v -0.110386 -0.006105 0.135648
v -0.414859 -0.006104 0.266501
v -0.168600 -0.006105 0.044747
v -0.173969 -0.006105 -0.009645
v -0.476693 -0.006104 0.125169
v -0.476693 0.020144 0.125168
v -0.491832 -0.006104 -0.028366
v -0.458792 -0.006103 -0.179047
v -0.491831 0.020144 -0.028365
v -0.458792 0.020145 -0.179047
v -0.491831 0.125769 -0.028365
v -0.458791 0.125769 -0.179047
v -0.476693 0.125769 0.125169
v -0.490867 0.131682 -0.028308
v -0.457892 0.131682 -0.178695
v -0.488040 0.137195 -0.028141
v -0.475759 0.131682 0.124925
v -0.414046 0.131682 0.265980
v -0.311773 0.131682 0.381038
v -0.414859 0.125769 0.266501
v -0.414859 0.020144 0.266501
v -0.312386 0.125769 0.381784
v -0.312385 0.020144 0.381786
v -0.179276 0.125770 0.459803
v -0.179276 0.020146 0.459803
v -0.028596 0.125770 0.492857
v -0.178924 0.131683 0.458903
v -0.028539 0.131683 0.491893
v 0.124626 0.131679 0.476749
v 0.265707 0.131680 0.415001
v 0.124870 0.125766 0.477684
v 0.124868 0.020141 0.477684
v 0.266228 0.125766 0.415814
v 0.266229 0.020142 0.415813
v -0.028596 0.020145 0.492858
v 0.124867 -0.006107 0.477684
v 0.044457 -0.006105 0.169562
v -0.028597 -0.006103 0.492857
v -0.009932 -0.006105 0.174960
v -0.179276 -0.006103 0.459804
v -0.063247 -0.006105 0.163285
v -0.312385 -0.006104 0.381786
v -0.048776 -0.006105 0.126248
v -0.380053 0.131682 -0.311510
v -0.380800 0.125769 -0.312124
v -0.264962 0.131681 -0.413773
v -0.265483 0.125768 -0.414587
v -0.123908 0.131680 -0.475475
v -0.124152 0.125767 -0.476410
v 0.029311 0.131680 -0.490593
v 0.029368 0.125767 -0.491558
v 0.179690 0.131682 -0.457630
v 0.180042 0.125769 -0.458529
v 0.312529 0.131682 -0.379791
v 0.313141 0.125769 -0.380537
v 0.414807 0.131682 -0.264716
v 0.313142 0.020144 -0.380537
v 0.180043 0.020144 -0.458529
v 0.313142 -0.006104 -0.380537
v 0.111161 -0.006105 -0.134374
v 0.180043 -0.006104 -0.458529
v 0.064017 -0.006105 -0.162003
v 0.029370 -0.006106 -0.491557
v 0.010655 -0.006105 -0.173702
v -0.124153 -0.006106 -0.476409
v 0.029368 0.020142 -0.491558
v -0.124153 0.020142 -0.476409
v -0.265484 0.020143 -0.414586
v -0.380801 0.020145 -0.312123
v -0.265484 -0.006105 -0.414586
v -0.093794 -0.006105 -0.146436
v -0.380801 -0.006103 -0.312123
v -0.134642 -0.006105 -0.110140
v -0.162263 -0.006105 -0.063007
v -0.103893 -0.006105 -0.084928
v -0.072349 -0.006105 -0.112953
v -0.070652 -0.006105 -0.057641
v -0.125222 -0.006105 -0.048512
v -0.134270 -0.006105 -0.007306
v -0.085173 -0.006105 -0.032827
v -0.091332 -0.006105 -0.004760
v -0.042961 -0.006106 -0.016343
v -0.046073 -0.006106 -0.002108
v -0.035586 -0.006106 -0.028886
v -0.024715 -0.006106 -0.038577
v -0.011372 -0.006106 -0.044408
v -0.049161 -0.006105 -0.076718
v -0.022822 -0.006105 -0.088266
v -0.033690 -0.006105 -0.129868
v 0.005790 -0.006105 -0.091071
v 0.008304 -0.006105 -0.134007
v 0.003125 -0.006106 -0.045821
v 0.033871 -0.006105 -0.084900
v 0.017353 -0.006106 -0.042688
v 0.049523 -0.006105 -0.124969
v 0.058649 -0.006105 -0.070394
v 0.085932 -0.006105 -0.103633
v 0.077692 -0.006105 -0.048871
v 0.029896 -0.006106 -0.035351
v 0.039583 -0.006106 -0.024441
v 0.045407 -0.006106 -0.011115
v 0.046836 -0.006106 0.003379
v 0.089205 -0.006105 -0.022557
v 0.092023 -0.006105 0.006027
v 0.130899 -0.006105 -0.033444
v 0.113964 -0.006105 -0.072095
v 0.135048 -0.006105 0.008573
v 0.147456 -0.006105 -0.093539
v 0.085871 -0.006105 0.034083
v 0.043713 -0.006106 0.017601
v 0.036347 -0.006106 0.030156
v -0.043731 -0.006105 -0.168344
v -0.044653 -0.006106 0.012376
v 0.146051 0.582871 0.228125
v 0.201268 0.578602 0.165434
v 0.209252 0.582874 0.171986
v 0.242360 0.578601 0.095322
v 0.194390 0.577459 0.159789
v 0.234074 0.577458 0.092080
v 0.250887 0.577458 0.015373
v 0.232360 0.576626 0.091410
v 0.249050 0.576625 0.015265
v 0.248321 0.575028 0.015223
v 0.248321 0.573847 0.015223
v 0.240696 0.575028 -0.062112
v 0.240696 0.573847 -0.062112
v 0.209550 0.573847 -0.133304
v 0.259770 0.578601 0.015896
v 0.270079 0.582873 0.016502
v 0.251978 0.582873 0.099086
v 0.259589 0.589531 0.102064
v 0.215569 0.589532 0.177170
v 0.150457 0.589529 0.235007
v 0.219228 0.594849 0.180173
v 0.158333 0.572250 -0.191880
v -0.139736 0.578600 -0.218195
v -0.200508 0.578601 -0.164195
v -0.278984 0.603881 0.073551
v -0.242775 0.603881 0.156313
v -0.072547 0.603879 -0.278717
v -0.068648 0.655871 -0.263780
v 0.016442 0.655871 -0.272175
v 0.254873 0.655873 0.100219
v 0.211653 0.655874 0.173962
v 0.147728 0.655871 0.230746
v 0.069379 0.655870 0.265037
v -0.015685 0.655874 0.273443
v -0.099198 0.655874 0.255122
v -0.172976 0.655872 0.211884
v -0.229771 0.655872 0.147986
v -0.180186 0.638711 0.220671
v -0.239345 0.638711 0.154116
v -0.264045 0.655873 0.069652
v -0.197422 0.666355 -0.161665
v -0.198395 0.667717 -0.162464
v -0.138263 0.667715 -0.215897
v -0.198956 0.669139 -0.162924
v -0.198793 0.670667 -0.162790
v -0.138653 0.669138 -0.216507
v -0.064748 0.669137 -0.248838
v -0.138540 0.670666 -0.216330
v -0.123440 0.730260 -0.192746
v -0.064694 0.670665 -0.248635
v 0.015522 0.670665 -0.256548
v -0.057621 0.730259 -0.221540
v 0.013875 0.730259 -0.228592
v -0.051041 0.794719 -0.196331
v 0.012342 0.794719 -0.202584
v -0.109390 0.794720 -0.170806
v -0.045645 0.861790 -0.175663
v 0.011087 0.861790 -0.181259
v -0.097872 0.861791 -0.152816
v -0.039662 0.939992 -0.152744
v 0.009693 0.939992 -0.157613
v -0.085099 0.939993 -0.132867
v -0.036648 0.982096 -0.141199
v 0.008992 0.982096 -0.145700
v -0.078665 0.982097 -0.122817
v -0.072230 1.041098 -0.112769
v -0.112944 0.982098 -0.092354
v -0.136130 0.982097 -0.052790
v -0.122169 0.939994 -0.099924
v -0.103719 1.041098 -0.084784
v -0.125017 1.041098 -0.048441
v -0.134041 1.041098 -0.007293
v -0.145953 0.982097 -0.007995
v -0.129908 1.041098 0.034633
v -0.125380 1.102199 -0.006782
v -0.141453 0.982097 0.037647
v -0.123071 0.982097 0.079664
v -0.152999 0.939993 0.040662
v -0.157866 0.939993 -0.008696
v -0.133120 0.939993 0.086098
v -0.147243 0.939993 -0.057139
v -0.181514 0.861791 -0.010089
v -0.169304 0.861792 -0.065771
v -0.189198 0.794721 -0.073556
v -0.140483 0.861792 -0.114950
v -0.156999 0.794721 -0.128500
v -0.177142 0.730261 -0.145027
v -0.213462 0.730261 -0.083050
v 0.053787 0.982097 -0.135880
v 0.093355 0.982097 -0.112693
v 0.058135 0.939993 -0.146992
v 0.066767 0.861791 -0.169051
v 0.100924 0.939993 -0.121918
v 0.133871 0.939993 -0.084849
v 0.115952 0.861791 -0.140231
v 0.129503 0.794720 -0.156746
v 0.153821 0.861791 -0.097623
v 0.171813 0.794720 -0.109142
v 0.176671 0.861791 -0.045398
v 0.197340 0.794720 -0.050794
v 0.182263 0.861791 0.011332
v 0.153748 0.939993 -0.039415
v 0.158615 0.939993 0.009939
v 0.142203 0.982097 -0.036401
v 0.146702 0.982097 0.009237
v 0.123820 0.982097 -0.078415
v 0.130657 1.041098 -0.033387
v 0.134789 1.041098 0.008536
v 0.113771 1.041098 -0.071980
v 0.085785 1.041098 -0.103468
v 0.106464 1.102199 -0.067302
v 0.125766 1.041098 0.049689
v 0.136879 0.982097 0.054039
v 0.113695 0.982099 0.093598
v 0.147992 0.939993 0.058388
v 0.170054 0.861792 0.067022
v 0.122922 0.939994 0.101167
v 0.141236 0.861792 0.116192
v 0.085846 0.939992 0.134108
v 0.098619 0.861789 0.154056
v 0.040403 0.939991 0.153995
v 0.079411 0.982096 0.124060
v 0.037392 0.982095 0.142448
v 0.046384 0.861789 0.176915
v 0.051778 0.794718 0.197585
v 0.058355 0.730258 0.222794
v -0.011588 0.794721 0.203843
v 0.110138 0.794719 0.172043
v 0.124187 0.730259 0.193982
v 0.157754 0.794722 0.129743
v 0.177897 0.730262 0.146269
v 0.189950 0.794721 0.074808
v 0.214214 0.730261 0.084305
v 0.203589 0.794720 0.012587
v 0.229598 0.730260 0.014118
v 0.222551 0.730260 -0.057375
v 0.257556 0.670666 0.015764
v 0.257767 0.669138 0.015777
v 0.249648 0.670666 -0.064449
v 0.240295 0.670667 0.094513
v 0.199549 0.670667 0.164032
v 0.240492 0.669139 0.094590
v 0.199714 0.669139 0.164166
v 0.239817 0.667716 0.094325
v 0.199153 0.667717 0.163707
v 0.257044 0.667716 0.015734
v 0.255786 0.666354 0.015660
v 0.249154 0.667716 -0.064319
v 0.216909 0.667716 -0.138016
v 0.249853 0.669138 -0.064502
v 0.247933 0.666354 -0.064001
v 0.215848 0.666354 -0.137337
v 0.162671 0.666354 -0.197168
v 0.163470 0.667716 -0.198141
v 0.093606 0.666354 -0.237637
v 0.094064 0.667716 -0.238810
v 0.015492 0.667714 -0.256036
v 0.094329 0.669138 -0.239485
v 0.163930 0.669138 -0.198702
v 0.094251 0.670666 -0.239288
v 0.015534 0.669137 -0.256759
v 0.084046 0.730260 -0.213208
v 0.163795 0.670666 -0.198537
v 0.146030 0.730260 -0.176888
v 0.217341 0.670666 -0.138293
v 0.193755 0.730261 -0.123191
v 0.217519 0.669138 -0.138407
v 0.074552 0.794720 -0.188946
v -0.064564 0.667714 -0.248138
v 0.139011 0.667714 0.217132
v 0.065296 0.667713 0.249394
v 0.139400 0.669136 0.217742
v 0.065479 0.669135 0.250095
v 0.139286 0.670664 0.217564
v 0.065426 0.670664 0.249890
v -0.014765 0.670667 0.257815
v -0.014778 0.669139 0.258025
v -0.093495 0.670667 0.240543
v -0.013119 0.730261 0.229855
v -0.083291 0.730261 0.214462
v -0.093572 0.669139 0.240740
v -0.163045 0.670666 0.199781
v -0.163179 0.669138 0.199945
v -0.162720 0.667716 0.199385
v -0.216766 0.669138 0.139659
v -0.216156 0.667716 0.139268
v -0.215095 0.666354 0.138589
v -0.161920 0.666354 0.198410
v -0.092849 0.666355 0.238892
v -0.093307 0.667717 0.240066
v -0.014661 0.666355 0.256045
v -0.014735 0.667717 0.257302
v 0.064978 0.666351 0.248176
v 0.113340 1.212234 0.093311
v 0.146336 1.219292 0.057736
v 0.141971 1.315058 -0.171943
v 0.081714 1.315058 -0.207252
v 0.013495 1.315058 -0.222212
v -0.056007 1.315058 -0.215359
v -0.119991 1.315058 -0.187366
v -0.172193 1.315058 -0.140969
v -0.207502 1.315058 -0.080713
v -0.222464 1.315058 -0.012496
v -0.215611 1.315058 0.057007
v -0.187617 1.315058 0.120991
v -0.141221 1.315058 0.173192
v -0.080964 1.315058 0.208501
v -0.012745 1.315058 0.223461
v 0.056759 1.315058 0.216609
v 0.120742 1.315058 0.188614
v 0.172945 1.315058 0.142219
v -0.209242 1.326445 -0.081393
v -0.224328 1.326445 -0.012605
v -0.211829 1.327896 -0.082406
v -0.227101 1.327896 -0.012768
v -0.228123 1.333448 -0.088781
v -0.244568 1.333448 -0.013797
v -0.236968 1.340681 -0.092243
v -0.240506 1.347914 -0.093627
v -0.254050 1.340681 -0.014355
v -0.257842 1.347914 -0.014578
v -0.246226 1.340681 0.064999
v -0.214263 1.340681 0.138053
v -0.237035 1.333448 0.062600
v -0.249902 1.347914 0.065959
v -0.249902 1.355147 0.065959
v -0.217464 1.347914 0.140100
v -0.217462 1.355147 0.140100
v -0.163700 1.347914 0.200589
v -0.093877 1.347914 0.241504
v -0.161290 1.340681 0.197653
v -0.163700 1.355147 0.200589
v -0.163700 1.362380 0.200589
v -0.093877 1.355147 0.241504
v -0.093877 1.362380 0.241504
v -0.014828 1.355147 0.258840
v 0.065710 1.355147 0.250899
v -0.014828 1.347914 0.258840
v -0.014828 1.362380 0.258840
v -0.014715 1.369613 0.256944
v 0.065710 1.362380 0.250899
v 0.065230 1.369613 0.249061
v 0.139852 1.362380 0.218461
v 0.200342 1.362380 0.164699
v 0.139852 1.355147 0.218461
v 0.138827 1.369613 0.216860
v 0.135754 1.376846 0.212061
v 0.198873 1.369613 0.163494
v 0.194467 1.376846 0.159878
v 0.239488 1.369613 0.094184
v 0.256696 1.369613 0.015716
v 0.241257 1.362380 0.094876
v 0.234180 1.376846 0.092106
v 0.222381 1.384079 0.087490
v 0.251007 1.376846 0.015380
v 0.243300 1.376846 -0.062790
v 0.211814 1.376846 -0.134754
v 0.248814 1.369613 -0.064230
v 0.216614 1.369613 -0.137827
v 0.250653 1.362380 -0.064710
v 0.218214 1.362380 -0.138851
v 0.258593 1.362380 0.015828
v 0.250653 1.355147 -0.064710
v 0.218214 1.355147 -0.138851
v 0.258594 1.355147 0.015827
v 0.250653 1.347914 -0.064710
v 0.218214 1.347914 -0.138851
v 0.258594 1.347914 0.015827
v 0.246977 1.340681 -0.063750
v 0.215014 1.340681 -0.136803
v 0.254801 1.340681 0.015603
v 0.237787 1.333448 -0.061351
v 0.207015 1.333448 -0.131681
v 0.245317 1.333448 0.015046
v 0.228873 1.333448 0.090030
v 0.237719 1.340681 0.093491
v 0.190062 1.333448 0.156264
v 0.212580 1.327896 0.083655
v 0.176536 1.327896 0.145166
v 0.123248 1.327895 0.192527
v 0.174388 1.326445 0.143403
v 0.121749 1.326445 0.190188
v 0.057230 1.326445 0.218416
v 0.057932 1.327895 0.221104
v -0.012854 1.326445 0.225326
v -0.013018 1.327896 0.228099
v -0.081644 1.326445 0.210241
v -0.082656 1.327896 0.212827
v -0.142406 1.326445 0.174636
v -0.144166 1.327896 0.176784
v -0.189190 1.326445 0.121998
v -0.191530 1.327896 0.123496
v -0.217418 1.326445 0.057479
v -0.220106 1.327896 0.058181
v -0.206265 1.333448 0.132931
v -0.155266 1.333448 0.190309
v -0.089031 1.333448 0.229121
v -0.014046 1.333448 0.245565
v -0.092494 1.340681 0.237966
v -0.014604 1.340681 0.255048
v 0.064750 1.340681 0.247224
v 0.137803 1.340681 0.215260
v 0.062351 1.333447 0.238033
v 0.065710 1.347914 0.250899
v 0.139853 1.347914 0.218461
v 0.200342 1.347914 0.164699
v 0.241257 1.347914 0.094876
v 0.197405 1.340681 0.162289
v 0.200342 1.355147 0.164699
v 0.241257 1.355147 0.094876
v 0.132683 1.333447 0.207262
v 0.156017 1.333448 -0.189061
v 0.162042 1.340681 -0.196404
v 0.089783 1.333448 -0.227872
v 0.093243 1.340681 -0.236717
v 0.014797 1.333447 -0.244316
v 0.015355 1.340681 -0.253798
v 0.015578 1.347914 -0.257591
v 0.094628 1.347914 -0.240255
v 0.015578 1.355147 -0.257591
v 0.015578 1.362380 -0.257591
v 0.094628 1.355147 -0.240255
v 0.164451 1.355147 -0.199340
v 0.094628 1.362380 -0.240255
v 0.093935 1.369613 -0.238486
v 0.164451 1.362380 -0.199340
v 0.163246 1.369613 -0.197872
v 0.159631 1.376846 -0.193465
v 0.091859 1.376846 -0.233179
v 0.015467 1.369613 -0.255695
v 0.164452 1.347914 -0.199340
v 0.184672 1.384079 0.151841
v 0.170858 1.391312 0.140507
v 0.128922 1.384079 0.201391
v 0.060590 1.384079 0.231287
v 0.119288 1.391312 0.186342
v 0.113977 1.398545 0.178048
v 0.056077 1.391312 0.213999
v -0.012586 1.391312 0.220768
v 0.053589 1.398545 0.204468
v -0.012007 1.398545 0.210937
v 0.052872 1.400616 0.201722
v -0.011840 1.400616 0.208102
v 0.112446 1.400616 0.175656
v 0.161049 1.400616 0.132459
v 0.163244 1.398545 0.134260
v -0.075357 1.400616 0.194173
v -0.076391 1.398545 0.196816
v -0.131460 1.400616 0.161297
v -0.174659 1.400616 0.112694
v -0.130058 1.403488 0.159589
v -0.133260 1.398545 0.163492
v -0.139508 1.391312 0.171107
v -0.177049 1.398545 0.114225
v -0.203471 1.398545 0.053838
v -0.185345 1.391312 0.119536
v -0.213001 1.391312 0.056326
v -0.200393 1.384079 0.129171
v -0.230289 1.384079 0.060840
v -0.211063 1.376846 0.136003
v -0.150843 1.384079 0.184920
v -0.158880 1.376846 0.194714
v -0.086491 1.384079 0.222628
v -0.091108 1.376846 0.234427
v -0.013635 1.384079 0.238605
v -0.079980 1.391312 0.205989
v -0.014381 1.376846 0.251254
v 0.063791 1.376846 0.243547
v -0.093184 1.369613 0.239734
v -0.162495 1.369613 0.199121
v -0.215863 1.369613 0.139076
v -0.248063 1.369613 0.065479
v -0.217462 1.362380 0.140100
v -0.249902 1.362380 0.065959
v -0.257842 1.362380 -0.014578
v -0.240506 1.362380 -0.093627
v -0.257842 1.355147 -0.014578
v -0.255945 1.369613 -0.014467
v -0.250257 1.376846 -0.014132
v -0.238736 1.369613 -0.092934
v -0.233429 1.376846 -0.090858
v -0.221630 1.384079 -0.086240
v -0.237607 1.384079 -0.013387
v -0.183921 1.384079 -0.150592
v -0.204990 1.391312 -0.079729
v -0.219770 1.391312 -0.012337
v -0.209937 1.398545 -0.011757
v -0.207103 1.400616 -0.011591
v -0.204897 1.403488 -0.011460
v -0.200723 1.400616 0.053120
v -0.198586 1.403488 0.052563
v -0.197230 1.406930 0.052210
v -0.172798 1.403488 0.111503
v -0.171619 1.406930 0.110747
v -0.171215 1.409548 0.110488
v -0.171215 1.540725 0.110488
v -0.242548 1.376846 0.064039
v -0.240506 1.355147 -0.093627
v -0.075263 1.585195 0.193935
v -0.012046 1.580099 0.211609
v -0.011825 1.585195 0.207847
v -0.011632 1.590228 0.204558
v 0.052808 1.585195 0.201475
v 0.051976 1.590228 0.198287
v 0.112309 1.585195 0.175443
v 0.110532 1.590228 0.172667
v 0.105465 1.596546 0.164754
v 0.106810 1.599844 0.166854
v 0.049603 1.596546 0.189195
v 0.053086 1.599844 0.189780
v -0.011079 1.596546 0.195177
v -0.070639 1.596546 0.182115
v -0.005797 1.599844 0.194192
v -0.006006 1.604301 0.200731
v -0.064076 1.599844 0.179655
v -0.116047 1.599844 0.147593
v -0.066254 1.604301 0.185704
v -0.119980 1.604301 0.152558
v -0.075742 1.633407 0.212059
v -0.137119 1.633407 0.174194
v -0.083456 1.677116 0.233486
v -0.006914 1.633407 0.229226
v -0.007654 1.677116 0.252394
v 0.062626 1.633407 0.224017
v 0.054867 1.604301 0.196171
v 0.068936 1.677116 0.246658
v 0.126074 1.633407 0.196941
v 0.177217 1.633407 0.150648
v 0.138813 1.677116 0.216837
v 0.110405 1.604301 0.172470
v 0.155174 1.604301 0.131947
v 0.195140 1.677116 0.165853
v 0.148143 1.724476 0.231409
v 0.073556 1.724476 0.263239
v 0.153835 1.774323 0.240297
v 0.208266 1.724476 0.176987
v 0.248038 1.724476 0.105303
v 0.216273 1.774323 0.183781
v 0.257578 1.774323 0.109335
v 0.218964 1.825427 0.186064
v 0.155748 1.825427 0.243285
v 0.260784 1.825427 0.110689
v 0.216273 1.876532 0.183781
v 0.153835 1.876532 0.240297
v 0.257578 1.876532 0.109335
v 0.208266 1.926378 0.176987
v 0.148143 1.926378 0.231409
v 0.195140 1.973739 0.165853
v 0.248038 1.926378 0.105303
v 0.263569 1.926378 0.023372
v 0.232401 1.973739 0.098693
v 0.211050 2.017447 0.089669
v 0.246950 1.973739 0.021935
v 0.237362 1.973739 -0.056909
v 0.224261 2.017447 0.019975
v 0.196059 2.056427 0.017538
v 0.215555 2.017447 -0.051614
v 0.185787 2.017447 -0.118090
v 0.188450 2.056427 -0.045034
v 0.162431 2.056427 -0.103135
v 0.156713 2.089720 -0.037329
v 0.121127 2.116505 -0.028690
v 0.163038 2.089720 0.014683
v 0.135085 2.089720 -0.085627
v 0.100271 2.089720 -0.125482
v 0.104422 2.116505 -0.065993
v 0.087932 2.124761 -0.055435
v 0.077532 2.116505 -0.096775
v 0.043090 2.116505 -0.118024
v 0.065303 2.124761 -0.081339
v 0.036319 2.124761 -0.099219
v 0.062033 2.126881 -0.077211
v 0.034510 2.126881 -0.094191
v 0.058763 2.129001 -0.073083
v 0.083522 2.126881 -0.052612
v 0.079112 2.129001 -0.049788
v 0.096871 2.126881 -0.022802
v 0.091754 2.129001 -0.021560
v 0.101989 2.124761 -0.024044
v 0.100775 2.126881 0.009302
v 0.095450 2.129001 0.008841
v 0.106100 2.124761 0.009762
v 0.094851 2.126881 0.040556
v 0.089840 2.129001 0.038438
v 0.079679 2.126881 0.067902
v 0.099862 2.124761 0.042674
v 0.118598 2.116505 0.050594
v 0.083884 2.124761 0.071468
v 0.059734 2.124761 0.093330
v 0.099613 2.116505 0.084812
v 0.070913 2.116505 0.110790
v 0.128859 2.089720 0.109623
v 0.091701 2.089720 0.143257
v 0.153439 2.089720 0.065320
v 0.154941 2.056427 0.131750
v 0.177217 2.017447 0.150648
v 0.184512 2.056427 0.078452
v 0.110240 2.056427 0.172211
v 0.126074 2.017447 0.196941
v 0.054784 2.056427 0.195877
v -0.005996 2.056427 0.200429
v 0.062626 2.017447 0.224017
v 0.045604 2.089720 0.162929
v 0.035309 2.116505 0.125985
v -0.004921 2.089720 0.166714
v -0.003715 2.116505 0.128908
v -0.054927 2.089720 0.154240
v -0.099520 2.089720 0.126730
v -0.042339 2.116505 0.119274
v -0.066153 2.056427 0.185425
v -0.119798 2.056427 0.152330
v -0.075742 2.017447 0.212058
v -0.137119 2.017447 0.174194
v -0.083456 1.973739 0.233486
v -0.006914 2.017447 0.229226
v -0.007654 1.973739 0.252394
v -0.008195 1.926378 0.269362
v 0.068936 1.973739 0.246658
v 0.138813 1.973739 0.216837
v 0.073556 1.926378 0.263239
v 0.076375 1.876532 0.273354
v 0.077322 1.825427 0.276753
v -0.008525 1.876532 0.279713
v -0.092552 1.876532 0.258754
v -0.008636 1.825427 0.283192
v -0.093710 1.825427 0.261970
v -0.008525 1.774323 0.279713
v -0.008195 1.724476 0.269362
v -0.092552 1.774323 0.258754
v 0.076375 1.774323 0.273354
v -0.089106 1.724476 0.249181
v -0.167484 1.774323 0.212526
v -0.161258 1.724476 0.204667
v -0.169576 1.825427 0.215168
v -0.225985 1.774323 0.145557
v -0.262327 1.774323 0.064400
v -0.217590 1.724476 0.140182
v -0.228806 1.825427 0.147364
v -0.225985 1.876532 0.145557
v -0.265602 1.825427 0.065195
v -0.276362 1.825427 -0.023293
v -0.262327 1.876532 0.064400
v -0.256575 1.926378 0.029217
v -0.272955 1.876532 -0.022999
v -0.256826 1.876532 -0.108085
v -0.262817 1.926378 -0.022123
v -0.247288 1.926378 -0.104055
v -0.255491 1.947258 -0.021490
v -0.232373 1.971549 -0.097749
v -0.214665 1.926378 0.002375
v -0.194910 1.973739 0.031456
v -0.174593 1.926378 -0.023290
v -0.119939 1.926378 -0.058295
v -0.155046 1.973739 0.005932
v -0.100667 1.973739 -0.028885
v -0.206904 2.022434 -0.086986
v -0.231547 2.001966 -0.019420
v -0.223510 2.017447 -0.018727
v -0.167078 2.033876 -0.141434
v -0.183761 2.056427 -0.077204
v -0.154189 2.056427 -0.130501
v -0.152689 2.089720 -0.064071
v -0.195308 2.056427 -0.016288
v -0.187699 2.056427 0.046283
v -0.162287 2.089720 -0.013434
v -0.155963 2.089720 0.038577
v -0.125261 2.116505 -0.010234
v -0.117847 2.116505 -0.049344
v -0.120375 2.116505 0.029939
v -0.105348 2.124761 -0.008513
v -0.099111 2.124761 -0.041424
v -0.101237 2.124761 0.025293
v -0.100024 2.126881 -0.008053
v -0.094100 2.126881 -0.039307
v -0.096120 2.126881 0.024050
v -0.094699 2.129001 -0.007593
v -0.089089 2.129001 -0.037189
v -0.091002 2.129001 0.022807
v -0.083652 2.133218 -0.006637
v -0.078694 2.133218 -0.032795
v -0.080384 2.133218 0.020230
v -0.078065 2.134778 -0.006155
v -0.073437 2.134778 -0.030574
v -0.075015 2.134778 0.018927
v -0.072247 2.135306 -0.005653
v -0.067962 2.135306 -0.028260
v -0.069423 2.135306 0.017569
v -0.067400 2.135306 -0.005233
v -0.063400 2.135306 -0.026332
v -0.064765 2.135306 0.016439
v -0.064999 2.135792 -0.005026
v -0.061142 2.135792 -0.025377
v -0.070631 2.137161 -0.003556
v -0.062457 2.135792 0.015878
v -0.068448 2.137161 0.018591
v -0.053766 2.135792 0.035290
v -0.059528 2.137161 0.038980
v -0.039773 2.135792 0.051307
v -0.055754 2.135306 0.036563
v -0.041248 2.135306 0.053168
v -0.059767 2.135306 0.039133
v -0.064586 2.134778 0.042218
v -0.044224 2.135306 0.056926
v -0.047797 2.134778 0.061435
v -0.024314 2.135306 0.069209
v -0.026293 2.134778 0.074703
v -0.022667 2.135306 0.064631
v -0.001989 2.135306 0.074777
v -0.002179 2.134778 0.080718
v -0.001831 2.135306 0.069827
v 0.020568 2.135306 0.073087
v 0.022187 2.134778 0.078892
v 0.041149 2.135306 0.064304
v 0.019220 2.135306 0.068251
v 0.018553 2.135792 0.065856
v 0.038427 2.135306 0.060055
v 0.053910 2.135306 0.046040
v 0.037080 2.135792 0.057950
v 0.038730 2.137161 0.060528
v 0.052015 2.135792 0.044432
v 0.055364 2.137161 0.045743
v 0.061893 2.135792 0.026626
v 0.066615 2.137161 0.026542
v 0.065750 2.135792 0.006274
v 0.064152 2.135306 0.027580
v 0.068713 2.135306 0.029508
v 0.068151 2.135306 0.006483
v 0.065516 2.135306 -0.015190
v 0.072998 2.135306 0.006901
v 0.070175 2.135306 -0.016320
v 0.078816 2.134778 0.007404
v 0.074187 2.134778 0.031822
v 0.084403 2.133218 0.007887
v 0.075766 2.134778 -0.017678
v 0.065337 2.134778 -0.040968
v 0.081135 2.133218 -0.018982
v 0.069963 2.133218 -0.043930
v 0.051979 2.133218 -0.064518
v 0.048548 2.134778 -0.060187
v 0.028943 2.133218 -0.078729
v 0.032699 2.129001 -0.089162
v 0.027044 2.134778 -0.073454
v 0.003112 2.133218 -0.085173
v 0.003472 2.129001 -0.096453
v -0.022988 2.133218 -0.083218
v 0.002929 2.134778 -0.079469
v 0.002740 2.135306 -0.073528
v -0.021435 2.134778 -0.077643
v -0.043664 2.134778 -0.068156
v -0.019817 2.135306 -0.071839
v -0.018470 2.135306 -0.067002
v -0.040398 2.135306 -0.063055
v -0.056987 2.135306 -0.048039
v -0.037677 2.135306 -0.058805
v -0.036329 2.135792 -0.056701
v -0.053159 2.135306 -0.044791
v -0.051263 2.135792 -0.043183
v -0.054613 2.137161 -0.044494
v -0.037979 2.137161 -0.059278
v -0.053648 2.139151 -0.043702
v -0.065864 2.137161 -0.025293
v -0.064702 2.139151 -0.024838
v -0.069385 2.139151 -0.003483
v -0.064621 2.141379 -0.024806
v -0.069298 2.141379 -0.003477
v -0.065636 2.143414 -0.025204
v -0.053581 2.141379 -0.043647
v -0.054424 2.143414 -0.044338
v -0.037259 2.141379 -0.058153
v -0.037847 2.143414 -0.059072
v -0.017254 2.141379 -0.066906
v -0.037306 2.139151 -0.058227
v -0.017275 2.139151 -0.066991
v 0.004483 2.139151 -0.069135
v -0.017591 2.137161 -0.068198
v -0.017802 2.135792 -0.064607
v 0.004557 2.137161 -0.070382
v 0.026294 2.137161 -0.065615
v 0.002504 2.135792 -0.066128
v 0.022602 2.135792 -0.061116
v 0.002583 2.135306 -0.068580
v 0.023417 2.135306 -0.063382
v 0.041998 2.135306 -0.051919
v 0.025067 2.135306 -0.067960
v 0.044975 2.135306 -0.055677
v 0.060518 2.135306 -0.037883
v 0.056504 2.135306 -0.035313
v 0.054515 2.135792 -0.034040
v 0.060279 2.137161 -0.037730
v 0.063209 2.135792 -0.014630
v 0.040524 2.135792 -0.050059
v 0.045494 2.137161 -0.054364
v 0.044702 2.139151 -0.053398
v 0.025839 2.139151 -0.064453
v 0.044648 2.141379 -0.053332
v 0.059228 2.139151 -0.037057
v 0.059154 2.141379 -0.037009
v 0.067991 2.139151 -0.017026
v 0.067908 2.141379 -0.017004
v 0.070137 2.139151 0.004732
v 0.069199 2.137161 -0.017342
v 0.071383 2.137161 0.004805
v 0.065453 2.139151 0.026087
v 0.070049 2.141379 0.004726
v 0.071138 2.143414 0.004790
v 0.065373 2.141379 0.026056
v 0.054332 2.141379 0.044897
v 0.066386 2.143414 0.026453
v 0.068094 2.145442 0.027120
v 0.055175 2.143414 0.045587
v 0.038597 2.143414 0.060320
v 0.056591 2.145442 0.046749
v 0.062289 2.154580 0.051425
v 0.039587 2.145442 0.061864
v 0.018743 2.145442 0.070983
v 0.043560 2.154580 0.068070
v 0.020605 2.154580 0.078115
v 0.046470 2.164482 0.072616
v 0.021967 2.164482 0.083337
v 0.048246 2.174905 0.075388
v 0.066462 2.164482 0.054848
v 0.079983 2.164482 0.031773
v 0.069006 2.174905 0.056937
v 0.069862 2.185589 0.057639
v 0.083049 2.174905 0.032973
v 0.088999 2.174905 0.005841
v 0.084080 2.185589 0.033376
v 0.090103 2.185589 0.005907
v 0.083049 2.196275 0.032973
v 0.069006 2.196275 0.056937
v 0.088999 2.196275 0.005841
v 0.079983 2.206697 0.031773
v 0.085712 2.206697 0.005649
v 0.066462 2.206697 0.054848
v 0.074957 2.216598 0.029807
v 0.080324 2.216598 0.005331
v 0.068094 2.225737 0.027120
v 0.062289 2.216598 0.051425
v 0.056591 2.225737 0.046749
v 0.043560 2.216598 0.068070
v 0.046470 2.206697 0.072616
v 0.020605 2.216598 0.078115
v 0.039587 2.225737 0.061864
v 0.034647 2.233887 0.054149
v 0.018743 2.225737 0.070983
v -0.003898 2.225737 0.073215
v 0.016430 2.233887 0.062120
v -0.003360 2.233887 0.064071
v 0.013720 2.240848 0.051743
v -0.002729 2.240848 0.053365
v 0.010683 2.246448 0.040107
v 0.028864 2.240848 0.045117
v 0.022379 2.246448 0.034990
v 0.041219 2.240848 0.034136
v 0.049510 2.233887 0.040940
v 0.049576 2.240848 0.019876
v 0.031922 2.246448 0.026508
v 0.021847 2.250550 0.018243
v 0.038376 2.246448 0.015493
v 0.026241 2.250550 0.010744
v 0.041112 2.246448 0.003023
v 0.039858 2.246448 -0.009683
v 0.028103 2.250550 0.002257
v 0.053117 2.240848 0.003730
v 0.051494 2.240848 -0.012720
v 0.063822 2.233887 0.004360
v 0.061872 2.233887 -0.015430
v 0.072967 2.225737 0.004899
v 0.059563 2.233887 0.023783
v 0.070735 2.225737 -0.017743
v 0.077865 2.216598 -0.019604
v 0.061615 2.225737 -0.038586
v 0.067822 2.216598 -0.042560
v 0.046502 2.225737 -0.055591
v 0.053902 2.233887 -0.033647
v 0.040691 2.233887 -0.048510
v 0.044869 2.240848 -0.027863
v 0.034741 2.246448 -0.021379
v 0.033889 2.240848 -0.040218
v 0.019627 2.240848 -0.048576
v 0.026260 2.246448 -0.030921
v 0.017995 2.250550 -0.020848
v 0.015244 2.246448 -0.037376
v 0.002774 2.246448 -0.040111
v 0.010496 2.250550 -0.025241
v 0.002008 2.250550 -0.027103
v 0.005499 2.253052 -0.012469
v 0.000376 2.253893 0.000625
v 0.009295 2.253052 -0.010245
v 0.001202 2.253052 -0.013412
v -0.003176 2.253052 -0.012980
v -0.007208 2.253052 -0.011218
v -0.006641 2.250550 -0.026251
v -0.014602 2.250550 -0.022767
v -0.009932 2.246448 -0.038858
v -0.012969 2.240848 -0.050495
v -0.021628 2.246448 -0.033740
v -0.031171 2.246448 -0.025259
v -0.028113 2.240848 -0.043868
v -0.040468 2.240848 -0.032888
v -0.033896 2.233887 -0.052901
v -0.038836 2.225737 -0.060615
v -0.015679 2.233887 -0.060872
v -0.048758 2.233887 -0.039691
v -0.055840 2.225737 -0.045501
v -0.058813 2.233887 -0.022535
v -0.067343 2.225737 -0.025872
v -0.063072 2.233887 -0.003111
v -0.048824 2.240848 -0.018627
v -0.052365 2.240848 -0.002481
v -0.037625 2.246448 -0.014244
v -0.040360 2.246448 -0.001774
v -0.025490 2.250550 -0.009497
v -0.027352 2.250550 -0.001008
v -0.021097 2.250550 -0.016994
v -0.012719 2.253052 -0.004499
v -0.013662 2.253052 -0.000202
v -0.010495 2.253052 -0.008295
v -0.013230 2.253052 0.004176
v -0.011466 2.253052 0.008207
v -0.026499 2.250550 0.007640
v -0.039107 2.246448 0.010931
v -0.023016 2.250550 0.015602
v -0.017243 2.250550 0.022096
v -0.033990 2.246448 0.022628
v -0.025509 2.246448 0.032170
v -0.044118 2.240848 0.029113
v -0.050743 2.240848 0.013969
v -0.053151 2.233887 0.034896
v -0.033137 2.240848 0.041467
v -0.039940 2.233887 0.049758
v -0.018876 2.240848 0.049824
v -0.022783 2.233887 0.059811
v -0.014494 2.246448 0.038625
v -0.009745 2.250550 0.026490
v -0.002023 2.246448 0.041360
v -0.001257 2.250550 0.028351
v -0.000452 2.253052 0.014660
v 0.007391 2.250550 0.027499
v 0.015352 2.250550 0.024015
v 0.003927 2.253052 0.014229
v 0.007958 2.253052 0.012467
v 0.011246 2.253052 0.009543
v 0.013469 2.253052 0.005748
v 0.014411 2.253052 0.001451
v 0.013980 2.253052 -0.002928
v 0.027251 2.250550 -0.006392
v 0.012217 2.253052 -0.006957
v 0.023767 2.250550 -0.014352
v -0.004749 2.253052 0.013718
v -0.008544 2.253052 0.011494
v -0.026122 2.225737 0.068342
v -0.028806 2.216598 0.075205
v -0.045751 2.225737 0.056839
v -0.050426 2.216598 0.062537
v -0.060864 2.225737 0.039835
v -0.069984 2.225737 0.018992
v -0.067071 2.216598 0.043809
v -0.071617 2.206697 0.046720
v -0.077115 2.216598 0.020854
v -0.082337 2.206697 0.022216
v -0.079573 2.216598 -0.004083
v -0.074206 2.216598 -0.028557
v -0.072216 2.225737 -0.003649
v -0.084961 2.206697 -0.004400
v -0.088249 2.196275 -0.004593
v -0.079232 2.206697 -0.030524
v -0.082298 2.196275 -0.031724
v -0.065710 2.206697 -0.053599
v -0.045719 2.206697 -0.071367
v -0.061538 2.216598 -0.050176
v -0.068255 2.196275 -0.055688
v -0.069111 2.185589 -0.056390
v -0.047495 2.196275 -0.074140
v -0.022048 2.196275 -0.085273
v -0.048091 2.185589 -0.075071
v -0.047495 2.174905 -0.074140
v -0.022328 2.185589 -0.086344
v -0.022048 2.174905 -0.085273
v 0.005659 2.185589 -0.089103
v 0.005594 2.196275 -0.087998
v 0.033128 2.185589 -0.083079
v 0.005594 2.174905 -0.087998
v 0.005400 2.164482 -0.084712
v 0.032724 2.174905 -0.082048
v 0.031524 2.164482 -0.078983
v 0.056689 2.174905 -0.068007
v 0.054599 2.164482 -0.065461
v 0.057390 2.185589 -0.068862
v 0.075140 2.174905 -0.047245
v 0.072367 2.164482 -0.045470
v 0.076072 2.185589 -0.047842
v 0.086274 2.174905 -0.021799
v 0.083088 2.164482 -0.020967
v 0.087344 2.185589 -0.022079
v 0.086274 2.196275 -0.021799
v 0.083088 2.206697 -0.020967
v 0.075140 2.196275 -0.047245
v 0.072367 2.206697 -0.045470
v 0.056689 2.196275 -0.068007
v 0.032724 2.196275 -0.082048
v 0.054599 2.206697 -0.065461
v 0.031524 2.206697 -0.078983
v 0.051175 2.216598 -0.061288
v 0.029557 2.216598 -0.073956
v 0.005082 2.216598 -0.079323
v 0.026872 2.225737 -0.067094
v 0.023534 2.233887 -0.058563
v 0.004649 2.225737 -0.071967
v -0.017992 2.225737 -0.069734
v 0.004111 2.233887 -0.062823
v 0.003481 2.240848 -0.052116
v -0.019854 2.216598 -0.076866
v -0.021216 2.206697 -0.082088
v -0.042809 2.216598 -0.066821
v 0.005400 2.206697 -0.084712
v 0.077865 2.154580 -0.019604
v 0.085712 2.164482 0.005649
v 0.080324 2.154580 0.005331
v 0.072967 2.145442 0.004899
v 0.074957 2.154580 0.029807
v 0.070735 2.145442 -0.017743
v 0.068962 2.143414 -0.017280
v 0.061615 2.145442 -0.038586
v 0.046502 2.145442 -0.055591
v 0.060073 2.143414 -0.037598
v 0.067822 2.154580 -0.042560
v 0.051175 2.154580 -0.061288
v 0.029557 2.154580 -0.073956
v 0.005082 2.154580 -0.079323
v 0.026872 2.145442 -0.067093
v 0.004649 2.145442 -0.071967
v 0.026204 2.143414 -0.065387
v 0.045339 2.143414 -0.054174
v 0.004541 2.143414 -0.070137
v 0.025807 2.141379 -0.064371
v 0.004478 2.141379 -0.069049
v -0.017529 2.143414 -0.067961
v -0.017992 2.145442 -0.069734
v -0.038836 2.145442 -0.060615
v -0.019854 2.154580 -0.076866
v -0.021216 2.164482 -0.082088
v -0.042809 2.154580 -0.066821
v -0.061538 2.154580 -0.050176
v -0.045719 2.164482 -0.071367
v -0.065710 2.164482 -0.053599
v -0.068255 2.174905 -0.055688
v -0.079232 2.164482 -0.030524
v -0.084961 2.164482 -0.004400
v -0.082298 2.174905 -0.031724
v -0.074206 2.154580 -0.028557
v -0.067343 2.145442 -0.025872
v -0.079573 2.154580 -0.004083
v -0.072216 2.145442 -0.003649
v -0.077115 2.154580 0.020854
v -0.069984 2.145442 0.018992
v -0.082337 2.164482 0.022216
v -0.067071 2.154580 0.043809
v -0.060864 2.145442 0.039835
v -0.071617 2.164482 0.046720
v -0.050426 2.154580 0.062537
v -0.053849 2.164482 0.066710
v -0.028806 2.154580 0.075205
v -0.045751 2.145442 0.056839
v -0.044588 2.143414 0.055423
v -0.026122 2.145442 0.068342
v -0.003898 2.145442 0.073215
v -0.025453 2.143414 0.066635
v -0.003790 2.143414 0.071386
v -0.025057 2.141379 0.065621
v -0.025088 2.139151 0.065701
v -0.043896 2.141379 0.054580
v -0.003727 2.141379 0.070299
v 0.018005 2.141379 0.068156
v -0.003732 2.139151 0.070385
v 0.018026 2.139151 0.068239
v -0.003805 2.137161 0.071631
v -0.001753 2.135792 0.067377
v 0.018342 2.137161 0.069448
v -0.025543 2.137161 0.066865
v -0.044744 2.137161 0.055612
v -0.021851 2.135792 0.062363
v -0.043951 2.139151 0.054647
v -0.058476 2.139151 0.038306
v -0.067240 2.139151 0.018276
v -0.058404 2.141379 0.038259
v -0.067157 2.141379 0.018253
v -0.059321 2.143414 0.038847
v -0.068210 2.143414 0.018529
v -0.070387 2.143414 -0.003543
v 0.038057 2.139151 0.059476
v 0.038010 2.141379 0.059403
v 0.054399 2.139151 0.044951
v 0.018280 2.143414 0.069210
v -0.004331 2.154580 0.080573
v -0.004648 2.164482 0.085960
v -0.030773 2.164482 0.080231
v -0.004842 2.174905 0.089247
v -0.031974 2.174905 0.083297
v -0.004908 2.185589 0.090352
v 0.022800 2.174905 0.086522
v 0.023079 2.185589 0.087593
v 0.022800 2.196275 0.086522
v 0.048842 2.185589 0.076320
v 0.048246 2.196275 0.075388
v -0.004842 2.196275 0.089247
v 0.021967 2.206697 0.083337
v -0.004648 2.206697 0.085960
v -0.004331 2.216598 0.080573
v -0.030773 2.206697 0.080231
v -0.031974 2.196275 0.083297
v -0.053849 2.206697 0.066710
v -0.055938 2.196275 0.069255
v -0.056639 2.185589 0.070110
v -0.074390 2.196275 0.048495
v -0.075321 2.185589 0.049091
v -0.085523 2.196275 0.023047
v -0.086594 2.185589 0.023327
v -0.085523 2.174905 0.023047
v -0.089353 2.185589 -0.004658
v -0.088249 2.174905 -0.004593
v -0.083329 2.185589 -0.032127
v -0.074390 2.174905 0.048495
v -0.055938 2.174905 0.069255
v -0.032376 2.185589 0.084328
v -0.055840 2.145442 -0.045501
v -0.061121 2.233887 0.016678
v -0.061583 2.134778 -0.051938
v -0.065996 2.133218 -0.055682
v -0.046801 2.133218 -0.073055
v -0.074722 2.129001 -0.063084
v -0.053004 2.129001 -0.082742
v -0.078927 2.126881 -0.066652
v -0.055993 2.126881 -0.087412
v -0.083134 2.124761 -0.070220
v -0.098861 2.116505 -0.083564
v -0.058983 2.124761 -0.092081
v -0.029021 2.124761 -0.104867
v -0.070162 2.116505 -0.109541
v -0.090950 2.089720 -0.142007
v -0.034558 2.116505 -0.124736
v -0.044853 2.089720 -0.161680
v 0.004466 2.116505 -0.127658
v 0.003818 2.124761 -0.107327
v 0.005672 2.089720 -0.165465
v 0.006747 2.056427 -0.199181
v 0.055678 2.089720 -0.152992
v 0.066905 2.056427 -0.184176
v 0.076493 2.017447 -0.210810
v 0.120550 2.056427 -0.151081
v 0.137870 2.017447 -0.172944
v 0.151803 1.973739 -0.190536
v 0.204578 1.973739 -0.130121
v 0.122672 1.973739 -0.171884
v 0.079225 2.001966 -0.218399
v 0.133813 1.926378 -0.220814
v 0.087367 1.947258 -0.241013
v 0.089858 1.926378 -0.247931
v 0.168234 1.876532 -0.211278
v 0.218340 1.926378 -0.138932
v 0.104534 1.926378 -0.202061
v 0.060289 1.926378 -0.173727
v 0.008430 1.971549 -0.251930
v 0.078576 1.973739 -0.143649
v 0.005365 1.926378 -0.138548
v -0.066484 1.985518 -0.239308
v -0.061381 1.926378 -0.095798
v 0.023947 1.973739 -0.108672
v -0.058571 2.033876 -0.210908
v -0.042404 1.973739 -0.066189
v -0.117128 2.037622 -0.182893
v -0.109489 2.056427 -0.170962
v -0.054034 2.056427 -0.194629
v 0.007548 2.022434 -0.224294
v -0.133293 1.990105 -0.208138
v -0.138063 1.973739 -0.215588
v -0.189559 1.985518 -0.160505
v -0.194389 1.973739 -0.164603
v -0.207515 1.926378 -0.175738
v -0.147393 1.926378 -0.230160
v -0.215522 1.876532 -0.182532
v -0.218214 1.825427 -0.184815
v -0.153084 1.876532 -0.239049
v -0.154997 1.825427 -0.242037
v -0.075624 1.876532 -0.272105
v -0.076571 1.825427 -0.275505
v -0.072805 1.926378 -0.261990
v 0.009276 1.876532 -0.278464
v 0.008945 1.926378 -0.268114
v 0.093304 1.876532 -0.257505
v 0.009386 1.825427 -0.281944
v 0.009276 1.774323 -0.278464
v 0.094461 1.825427 -0.260722
v 0.093304 1.774323 -0.257505
v 0.170328 1.825427 -0.213918
v 0.168234 1.774323 -0.211278
v 0.229557 1.825427 -0.146114
v 0.226735 1.876532 -0.144308
v 0.266353 1.825427 -0.063947
v 0.226735 1.774323 -0.144308
v 0.218340 1.724476 -0.138932
v 0.263078 1.774323 -0.063152
v 0.253335 1.724476 -0.060786
v 0.273706 1.774323 0.024248
v 0.277113 1.825427 0.024542
v 0.263569 1.724476 0.023372
v 0.246950 1.677116 0.021935
v 0.232401 1.677116 0.098693
v 0.237362 1.677116 -0.056909
v 0.204578 1.677116 -0.130121
v 0.151803 1.677116 -0.190536
v 0.162010 1.724476 -0.203418
v 0.084207 1.677116 -0.232237
v 0.008404 1.677116 -0.251145
v 0.089858 1.724476 -0.247931
v 0.008945 1.724476 -0.268114
v -0.072805 1.724476 -0.261990
v -0.147393 1.724476 -0.230160
v -0.068185 1.677116 -0.245408
v -0.075624 1.774323 -0.272105
v -0.153084 1.774323 -0.239049
v -0.215522 1.774323 -0.182532
v -0.207515 1.724476 -0.175738
v -0.256826 1.774323 -0.108085
v -0.247288 1.724476 -0.104055
v -0.272955 1.774323 -0.022999
v -0.260034 1.825427 -0.109441
v -0.262817 1.724476 -0.022123
v -0.252584 1.724476 0.062035
v -0.246199 1.677116 -0.020687
v -0.231650 1.677116 -0.097444
v -0.236612 1.677116 0.058158
v -0.203827 1.677116 0.131370
v -0.214804 1.633407 0.052864
v -0.185037 1.633407 0.119340
v -0.161924 1.604301 0.104541
v -0.156620 1.599844 0.101145
v -0.163756 1.596546 0.105714
v -0.188197 1.596546 0.049850
v -0.123248 1.596546 0.151289
v -0.171669 1.590228 0.110780
v -0.129208 1.590228 0.158553
v -0.197288 1.590228 0.052224
v -0.074063 1.590228 0.190867
v -0.151053 1.677116 0.191784
v -0.194389 1.677116 -0.164603
v -0.138063 1.677116 -0.215588
v -0.061876 1.633407 -0.222769
v 0.211050 1.633407 0.089669
v 0.273706 1.876532 0.024248
v 0.263078 1.876532 -0.063152
v 0.253335 1.926378 -0.060786
v -0.068185 1.973739 -0.245408
v 0.003644 2.126881 -0.101890
v -0.027541 2.126881 -0.099554
v -0.026061 2.129001 -0.094241
v -0.128109 2.089720 -0.108374
v 0.079445 2.133218 0.034044
v 0.066747 2.133218 0.056931
v 0.075472 2.129001 0.064333
v 0.062334 2.134778 0.053186
v 0.047552 2.133218 0.074305
v 0.044415 2.134778 0.069406
v 0.053754 2.129001 0.083992
v 0.023740 2.133218 0.084467
v -0.002361 2.133218 0.086421
v 0.026811 2.129001 0.095490
v 0.028291 2.126881 0.100803
v -0.002721 2.129001 0.097702
v -0.031949 2.129001 0.090411
v -0.002894 2.126881 0.103139
v -0.003067 2.124761 0.108576
v -0.033759 2.126881 0.095440
v -0.061283 2.126881 0.078460
v -0.035569 2.124761 0.100468
v -0.064553 2.124761 0.082588
v -0.076781 2.116505 0.098025
v -0.087180 2.124761 0.056685
v -0.103671 2.116505 0.067243
v -0.082771 2.126881 0.053861
v -0.078361 2.129001 0.051038
v -0.069212 2.133218 0.045180
v -0.058012 2.129001 0.074332
v -0.051228 2.133218 0.065767
v -0.028192 2.133218 0.079979
v -0.134334 2.089720 0.086876
v -0.161680 2.056427 0.104385
v -0.185037 2.017447 0.119340
v -0.203827 1.973739 0.131370
v -0.214804 2.017447 0.052864
v -0.236612 1.973739 0.058158
v -0.151053 1.973739 0.191784
v -0.217590 1.926378 0.140182
v -0.161258 1.926378 0.204667
v -0.089106 1.926378 0.249181
v -0.167484 1.876532 0.212526
v 0.029772 2.124761 0.106116
v 0.056744 2.126881 0.088661
v 0.057738 2.135306 0.049288
v 0.126012 2.116505 0.011483
vn -0.9644 0.0793 0.2522
vn -0.9495 -0.3080 -0.0605
vn -0.5444 0.8386 -0.0167
vn -0.4838 0.8649 0.1339
vn -0.5871 0.7829 -0.2060
vn -0.7235 -0.6239 -0.2955
vn -0.6559 -0.7176 -0.2342
vn -0.7023 -0.7116 -0.0206
vn -0.6811 -0.7068 0.1909
vn -0.8024 -0.5533 0.2237
vn -0.8292 -0.5583 -0.0263
vn -0.7765 -0.5648 -0.2794
vn -0.5425 -0.7227 -0.4283
vn -0.5129 -0.7405 -0.4343
vn -0.6440 -0.5703 -0.5100
vn -0.3716 -0.7247 -0.5803
vn -0.3495 -0.7616 -0.5458
vn -0.4422 -0.5724 -0.6906
vn -0.1619 -0.7227 -0.6719
vn -0.1937 -0.5702 -0.7983
vn -0.1799 -0.7405 -0.6475
vn -0.4247 0.6161 -0.6633
vn -0.5776 0.6822 -0.4483
vn -0.1664 0.6821 -0.7120
vn 0.0343 -0.6239 -0.7807
vn 0.0585 0.7828 -0.6195
vn 0.0618 -0.7177 -0.6937
vn 0.3424 -0.3079 -0.8877
vn 0.2126 0.8387 -0.5014
vn 0.2752 -0.7116 -0.6465
vn 0.0712 -0.5648 -0.8221
vn 0.3231 -0.5583 -0.7641
vn 0.4585 -0.7068 -0.5387
vn 0.5389 -0.5533 -0.6352
vn 0.6327 0.0795 -0.7703
vn 0.5973 -0.7050 -0.3824
vn 0.8199 0.2287 -0.5249
vn 0.7026 -0.5514 -0.4499
vn 0.6812 -0.7068 -0.1909
vn 0.9644 0.0794 -0.2522
vn 0.8024 -0.5533 -0.2237
vn 0.7023 -0.7116 0.0206
vn 0.9495 -0.3079 0.0600
vn 0.8292 -0.5583 0.0263
vn 0.6559 -0.7176 0.2342
vn 0.7765 -0.5648 0.2794
vn 0.7238 -0.6238 0.2951
vn 0.5444 0.8386 0.0167
vn 0.4838 0.8649 -0.1339
vn 0.5871 0.7828 0.2060
vn 0.5425 -0.7227 0.4283
vn 0.5129 -0.7405 0.4343
vn 0.5771 0.6821 0.4490
vn 0.5244 0.7347 0.4303
vn 0.6317 0.7347 0.2472
vn 0.6772 0.7347 0.0399
vn 0.7628 0.5736 0.2985
vn 0.8179 0.5734 0.0482
vn 0.6333 0.5734 0.5197
vn 0.6563 0.7347 -0.1713
vn 0.7927 0.5733 -0.2070
vn 0.5713 0.7347 -0.3658
vn 0.4110 0.8728 -0.2632
vn 0.6899 0.5736 -0.4417
vn 0.4303 0.7347 -0.5245
vn 0.3241 0.8649 -0.3833
vn 0.5197 0.5734 -0.6334
vn 0.8093 0.5481 -0.2113
vn 0.7044 0.5481 -0.4510
vn 0.5305 0.5482 -0.6466
vn 0.2985 0.5735 -0.7629
vn 0.2472 0.7347 -0.6317
vn 0.3048 0.5482 -0.7789
vn 0.7351 0.4880 -0.4707
vn 0.5537 0.4880 -0.6748
vn 0.3180 0.4880 -0.8129
vn 0.6099 0.2748 -0.7433
vn 0.8097 0.2749 -0.5185
vn 0.3503 0.2748 -0.8954
vn 0.8445 0.4880 -0.2205
vn 0.9303 0.2749 -0.2429
vn 0.8714 0.4880 0.0513
vn 0.9598 0.2749 0.0565
vn 0.8349 0.5481 0.0492
vn 0.8129 0.4880 0.3180
vn 0.8954 0.2749 0.3504
vn 0.7789 0.5481 0.3048
vn 0.6466 0.5481 0.5305
vn 0.6748 0.4880 0.5537
vn 0.4418 0.5733 0.6900
vn 0.4510 0.5481 0.7044
vn 0.4707 0.4879 0.7351
vn 0.7433 0.2748 0.6099
vn 0.5184 0.2749 0.8097
vn 0.2205 0.4879 0.8446
vn 0.2428 0.2749 0.9303
vn 0.2113 0.5481 0.8093
vn -0.0492 0.5481 0.8349
vn -0.0513 0.4879 0.8714
vn -0.0565 0.2749 0.9598
vn 0.2518 0.0787 0.9646
vn 0.5375 0.0787 0.8396
vn -0.0586 0.0787 0.9952
vn -0.3181 0.4880 0.8128
vn -0.3503 0.2749 0.8954
vn -0.3632 0.0787 0.9284
vn -0.0584 -0.1068 0.9926
vn 0.2511 -0.1067 0.9620
vn -0.3623 -0.1069 0.9259
vn -0.6323 0.0787 0.7707
vn -0.6307 -0.1068 0.7687
vn -0.6099 0.2749 0.7433
vn -0.5952 -0.3456 0.7255
vn -0.3419 -0.3456 0.8739
vn -0.0552 -0.3456 0.9367
vn -0.4932 -0.6289 0.6011
vn -0.2833 -0.6289 0.7241
vn -0.0457 -0.6289 0.7762
vn 0.2370 -0.3457 0.9079
vn 0.1964 -0.6290 0.7522
vn 0.5060 -0.3456 0.7903
vn 0.5361 -0.1068 0.8373
vn 0.4192 -0.6290 0.6547
vn 0.7254 -0.3456 0.5952
vn 0.7686 -0.1068 0.6307
vn 0.6010 -0.6289 0.4932
vn 0.8739 -0.3456 0.3419
vn 0.9259 -0.1069 0.3623
vn 0.7241 -0.6288 0.2833
vn 0.9368 -0.3456 0.0552
vn 0.9926 -0.1069 0.0584
vn 0.7762 -0.6288 0.0457
vn 0.7523 -0.6289 -0.1964
vn 0.9080 -0.3456 -0.2370
vn 0.9620 -0.1068 -0.2511
vn 0.5591 -0.7997 0.2188
vn 0.5993 -0.7997 0.0353
vn 0.5809 -0.7997 -0.1517
vn 0.5056 -0.7997 -0.3237
vn 0.6548 -0.6289 -0.4192
vn 0.7903 -0.3456 -0.5060
vn 0.3808 -0.7997 -0.4641
vn 0.4932 -0.6289 -0.6011
vn 0.5952 -0.3456 -0.7254
vn 0.6307 -0.1068 -0.7687
vn 0.8373 -0.1068 -0.5361
vn 0.6324 0.0787 -0.7707
vn 0.8395 0.0787 -0.5376
vn 0.9646 0.0787 -0.2518
vn 0.9952 0.0787 0.0586
vn 0.9284 0.0787 0.3632
vn 0.7707 0.0786 0.6324
vn 0.3632 0.0787 -0.9284
vn 0.3623 -0.1068 -0.9259
vn 0.0586 0.0787 -0.9952
vn 0.0565 0.2748 -0.9598
vn 0.0584 -0.1068 -0.9926
vn -0.2518 0.0787 -0.9646
vn -0.2511 -0.1068 -0.9620
vn -0.2429 0.2749 -0.9303
vn 0.0551 -0.3456 -0.9368
vn 0.3419 -0.3456 -0.8739
vn -0.2370 -0.3456 -0.9080
vn -0.5060 -0.3456 -0.7903
vn -0.5361 -0.1067 -0.8373
vn -0.5375 0.0788 -0.8396
vn -0.7254 -0.3456 -0.5952
vn -0.7687 -0.1068 -0.6307
vn -0.7707 0.0787 -0.6324
vn -0.5185 0.2748 -0.8097
vn -0.7433 0.2748 -0.6099
vn -0.2205 0.4879 -0.8446
vn -0.4707 0.4879 -0.7351
vn -0.6748 0.4880 -0.5537
vn -0.9284 0.0786 -0.3633
vn -0.8954 0.2748 -0.3504
vn -0.8128 0.4880 -0.3181
vn -0.7789 0.5482 -0.3048
vn -0.6466 0.5481 -0.5305
vn -0.4510 0.5481 -0.7044
vn -0.6333 0.5734 -0.5197
vn -0.7630 0.5733 -0.2986
vn -0.4418 0.5734 -0.6900
vn -0.2113 0.5482 -0.8093
vn -0.2069 0.5734 -0.7927
vn 0.0481 0.5734 -0.8178
vn 0.0492 0.5482 -0.8349
vn 0.0513 0.4879 -0.8714
vn 0.0399 0.7347 -0.6772
vn -0.1713 0.7347 -0.6564
vn -0.3658 0.7347 -0.5713
vn -0.5244 0.7347 -0.4303
vn -0.6317 0.7347 -0.2472
vn -0.6772 0.7347 -0.0399
vn -0.8178 0.5734 -0.0482
vn -0.8349 0.5481 -0.0492
vn -0.7927 0.5734 0.2069
vn -0.6564 0.7347 0.1713
vn -0.8093 0.5481 0.2113
vn -0.8714 0.4880 -0.0513
vn -0.8446 0.4880 0.2205
vn -0.7044 0.5481 0.4510
vn -0.7351 0.4879 0.4707
vn -0.6900 0.5734 0.4418
vn -0.5305 0.5481 0.6466
vn -0.5537 0.4879 0.6748
vn -0.5196 0.5735 0.6333
vn -0.3048 0.5481 0.7789
vn -0.2985 0.5735 0.7629
vn -0.8097 0.2749 0.5184
vn -0.8396 0.0787 0.5375
vn -0.9303 0.2748 0.2429
vn -0.9646 0.0788 0.2518
vn -0.9598 0.2750 -0.0565
vn -0.9952 0.0788 -0.0586
vn -0.9259 -0.1068 -0.3623
vn -0.9926 -0.1068 -0.0584
vn -0.9621 -0.1067 0.2511
vn -0.9367 -0.3457 -0.0551
vn -0.9079 -0.3457 0.2370
vn -0.8739 -0.3456 -0.3419
vn -0.8373 -0.1068 0.5361
vn -0.7903 -0.3456 0.5060
vn -0.7761 -0.6289 -0.0457
vn -0.7522 -0.6289 0.1964
vn -0.6547 -0.6289 0.4192
vn -0.5809 -0.7997 0.1516
vn -0.5056 -0.7997 0.3237
vn -0.3808 -0.7997 0.4641
vn -0.2188 -0.7997 0.5591
vn -0.3504 -0.8335 0.4271
vn -0.2013 -0.8335 0.5145
vn -0.4653 -0.8335 0.2979
vn -0.0353 -0.7997 0.5994
vn -0.0325 -0.8336 0.5515
vn -0.3644 -0.0000 0.9313
vn -0.6343 -0.0000 0.7731
vn -0.6343 0.0033 0.7731
vn -0.3644 0.0033 0.9313
vn -0.0588 -0.0000 0.9983
vn -0.0587 0.0033 0.9983
vn -0.6053 0.2992 0.7377
vn -0.3477 0.2991 0.8886
vn -0.0561 0.2991 0.9526
vn -0.5483 0.5028 0.6683
vn -0.3150 0.5028 0.8050
vn -0.0508 0.5027 0.8630
vn 0.2410 0.2991 0.9233
vn 0.2526 0.0033 0.9676
vn 0.2184 0.5028 0.8364
vn 0.5145 0.2992 0.8036
vn 0.5392 0.0033 0.8422
vn 0.4661 0.5027 0.7280
vn 0.7376 0.2993 0.6053
vn 0.7731 0.0033 0.6343
vn 0.6683 0.5028 0.5483
vn 0.8886 0.2993 0.3477
vn 0.9313 0.0033 0.3644
vn 0.8050 0.5027 0.3150
vn 0.8630 0.5027 0.0508
vn 0.9525 0.2992 0.0561
vn 0.9983 0.0033 0.0588
vn 0.9232 0.2992 -0.2410
vn 0.9676 0.0033 -0.2526
vn 0.8364 0.5027 -0.2184
vn 0.6441 0.7222 0.2520
vn 0.6905 0.7222 0.0407
vn 0.6693 0.7222 -0.1747
vn 0.5505 0.8065 0.2154
vn 0.5903 0.8064 0.0347
vn 0.5721 0.8065 -0.1494
vn 0.4197 0.8927 0.1642
vn 0.4499 0.8927 0.0265
vn 0.4361 0.8927 -0.1138
vn 0.4055 0.9002 0.1587
vn 0.4347 0.9002 0.0256
vn 0.4214 0.9002 -0.1100
vn 0.4979 0.8065 -0.3188
vn 0.3795 0.8927 -0.2430
vn 0.3667 0.9002 -0.2348
vn 0.2859 0.8927 -0.3484
vn 0.2762 0.9002 -0.3367
vn 0.3751 0.8064 -0.4572
vn 0.1642 0.8927 -0.4197
vn 0.1587 0.9002 -0.4055
vn 0.2154 0.8065 -0.5506
vn 0.2520 0.7222 -0.6441
vn 0.4388 0.7221 -0.5348
vn 0.5825 0.7222 -0.3730
vn 0.5483 0.5028 -0.6683
vn 0.7280 0.5028 -0.4661
vn 0.3150 0.5027 -0.8050
vn 0.0406 0.7222 -0.6905
vn 0.0508 0.5027 -0.8629
vn 0.0348 0.8065 -0.5903
vn 0.0561 0.2991 -0.9526
vn 0.3477 0.2991 -0.8886
vn 0.6053 0.2992 -0.7376
vn 0.3644 0.0033 -0.9312
vn 0.6343 0.0033 -0.7731
vn 0.0587 0.0033 -0.9983
vn -0.2184 0.5027 -0.8364
vn -0.2410 0.2991 -0.9233
vn -0.2526 0.0033 -0.9676
vn -0.2526 -0.0000 -0.9676
vn 0.0588 -0.0000 -0.9983
vn 0.3644 -0.0000 -0.9313
vn -0.1516 -0.7997 -0.5809
vn 0.0353 -0.7997 -0.5993
vn 0.0325 -0.8335 -0.5515
vn -0.1395 -0.8335 -0.5345
vn 0.2188 -0.7997 -0.5591
vn 0.2013 -0.8335 -0.5145
vn 0.3504 -0.8336 -0.4271
vn 0.6343 -0.0000 -0.7731
vn 0.4652 -0.8336 -0.2979
vn 0.8422 -0.0000 -0.5392
vn 0.8422 0.0033 -0.5392
vn 0.8036 0.2992 -0.5145
vn 0.9676 -0.0000 -0.2526
vn 0.9983 -0.0000 0.0588
vn 0.5515 -0.8335 0.0325
vn 0.5346 -0.8335 -0.1395
vn 0.9312 -0.0000 0.3644
vn 0.5145 -0.8335 0.2013
vn 0.7731 -0.0000 0.6343
vn 0.4641 -0.7997 0.3808
vn 0.4271 -0.8335 0.3504
vn 0.3237 -0.7998 0.5056
vn 0.2979 -0.8335 0.4653
vn 0.1516 -0.7997 0.5809
vn 0.1395 -0.8336 0.5345
vn 0.5392 -0.0000 0.8422
vn 0.2526 -0.0000 0.9676
vn 0.2833 -0.6289 -0.7241
vn 0.0457 -0.6289 -0.7762
vn -0.1964 -0.6289 -0.7522
vn -0.3237 -0.7997 -0.5056
vn -0.4192 -0.6289 -0.6548
vn -0.4641 -0.7997 -0.3808
vn -0.6011 -0.6289 -0.4932
vn -0.5591 -0.7997 -0.2188
vn -0.7240 -0.6289 -0.2833
vn -0.5993 -0.7997 -0.0353
vn -0.4271 -0.8336 -0.3504
vn -0.5145 -0.8336 -0.2013
vn -0.5515 -0.8335 -0.0325
vn -0.5345 -0.8335 0.1395
vn -0.9983 -0.0000 -0.0588
vn -0.9312 -0.0000 -0.3644
vn -0.9312 0.0033 -0.3644
vn -0.9983 0.0033 -0.0588
vn -0.9676 -0.0000 0.2526
vn -0.9676 0.0033 0.2526
vn -0.9525 0.2992 -0.0561
vn -0.8886 0.2992 -0.3477
vn -0.9232 0.2993 0.2410
vn -0.7731 -0.0000 -0.6343
vn -0.7731 0.0033 -0.6343
vn -0.7377 0.2992 -0.6053
vn -0.5392 0.0033 -0.8422
vn -0.5145 0.2992 -0.8036
vn -0.5392 -0.0000 -0.8422
vn -0.2979 -0.8335 -0.4653
vn -0.6683 0.5026 -0.5484
vn -0.4661 0.5027 -0.7280
vn -0.3729 0.7223 -0.5825
vn -0.1747 0.7222 -0.6692
vn -0.5348 0.7221 -0.4388
vn -0.6440 0.7223 -0.2520
vn -0.8050 0.5027 -0.3150
vn -0.5505 0.8065 -0.2154
vn -0.4572 0.8064 -0.3751
vn -0.3188 0.8065 -0.4979
vn -0.3484 0.8927 -0.2859
vn -0.4197 0.8927 -0.1642
vn -0.2430 0.8927 -0.3795
vn -0.1494 0.8065 -0.5721
vn -0.1138 0.8927 -0.4361
vn 0.0265 0.8927 -0.4499
vn 0.0256 0.9002 -0.4347
vn -0.1100 0.9002 -0.4214
vn 0.2304 0.7747 -0.5889
vn 0.0372 0.7747 -0.6312
vn -0.1597 0.7747 -0.6118
vn -0.2348 0.9002 -0.3667
vn -0.3410 0.7747 -0.5325
vn 0.0523 0.4557 -0.8886
vn -0.2248 0.4556 -0.8613
vn -0.4800 0.4557 -0.7497
vn -0.3366 0.9002 -0.2762
vn -0.4889 0.7747 -0.4011
vn -0.6881 0.4557 -0.5646
vn -0.5348 0.1283 -0.8352
vn -0.7667 0.1283 -0.6291
vn -0.2505 0.1284 -0.9596
vn -0.5392 0.0001 -0.8422
vn -0.2526 0.0001 -0.9676
vn -0.5224 -0.2476 -0.8159
vn -0.7490 -0.2476 -0.6146
vn -0.2447 -0.2476 -0.9374
vn -0.4030 -0.6645 -0.6293
vn -0.5777 -0.6645 -0.4740
vn -0.1888 -0.6645 -0.7231
vn -0.2403 -0.8952 -0.3753
vn -0.3445 -0.8952 -0.2827
vn -0.1126 -0.8952 -0.4312
vn -0.1738 -0.9466 -0.2715
vn -0.2492 -0.9466 -0.2045
vn -0.0814 -0.9466 -0.3119
vn -0.4687 -0.7953 -0.3845
vn -0.3269 -0.7953 -0.5105
vn -0.1531 -0.7953 -0.5865
vn -0.6812 -0.4728 -0.5589
vn -0.4752 -0.4728 -0.7421
vn -0.2226 -0.4727 -0.8526
vn 0.0189 -0.9466 -0.3218
vn 0.0356 -0.7954 -0.6051
vn 0.0518 -0.4728 -0.8797
vn 0.1174 -0.9466 -0.3002
vn 0.2209 -0.7953 -0.5645
vn 0.3211 -0.4728 -0.8206
vn 0.2045 -0.9466 -0.2492
vn 0.3845 -0.7953 -0.4686
vn 0.5590 -0.4728 -0.6812
vn 0.2714 -0.9466 -0.1738
vn 0.5106 -0.7953 -0.3269
vn 0.7421 -0.4728 -0.4752
vn 0.3119 -0.9466 -0.0814
vn 0.5866 -0.7953 -0.1531
vn 0.8526 -0.4727 -0.2226
vn 0.3218 -0.9466 0.0189
vn 0.6052 -0.7953 0.0356
vn 0.8797 -0.4727 0.0518
vn 0.5645 -0.7953 0.2209
vn 0.8206 -0.4727 0.3211
vn 0.3002 -0.9466 0.1175
vn 0.9626 -0.1009 -0.2513
vn 0.9932 -0.1008 0.0585
vn 0.9265 -0.1008 0.3625
vn 0.4687 -0.7953 0.3846
vn 0.6813 -0.4727 0.5590
vn 0.7691 -0.1008 0.6311
vn 0.9265 0.1004 0.3625
vn 0.9932 0.1003 0.0585
vn 0.7692 0.1004 0.6311
vn 0.4752 -0.4727 0.7421
vn 0.5365 -0.1008 0.8379
vn 0.5365 0.1004 0.8379
vn 0.2226 -0.4728 0.8526
vn 0.2513 -0.1008 0.9626
vn 0.2513 0.1004 0.9627
vn -0.0518 -0.4728 0.8797
vn -0.0584 -0.1009 0.9932
vn -0.0585 0.1004 0.9932
vn -0.3211 -0.4728 0.8206
vn -0.3625 -0.1008 0.9265
vn -0.3625 0.1005 0.9265
vn -0.5589 -0.4728 0.6812
vn -0.6311 -0.1007 0.7691
vn -0.6311 0.1005 0.7691
vn -0.7420 -0.4729 0.4751
vn -0.8379 -0.1007 0.5365
vn -0.8379 0.1005 0.5365
vn -0.8526 -0.4728 0.2226
vn -0.9627 -0.1007 0.2513
vn -0.9627 0.1004 0.2513
vn -0.8797 -0.4727 -0.0518
vn -0.9932 -0.1008 -0.0585
vn -0.9932 0.1004 -0.0585
vn -0.8206 -0.4728 -0.3211
vn -0.9265 -0.1008 -0.3625
vn -0.9265 0.1004 -0.3625
vn -0.7691 -0.1009 -0.6311
vn -0.7692 0.1004 -0.6311
vn -0.5365 -0.1008 -0.8379
vn -0.5365 0.1004 -0.8379
vn -0.2513 -0.1009 -0.9626
vn -0.2513 0.1003 -0.9627
vn 0.0585 -0.1008 -0.9932
vn 0.0585 0.1004 -0.9932
vn 0.3625 -0.1008 -0.9265
vn 0.3625 0.1004 -0.9265
vn 0.6311 -0.1008 -0.7691
vn 0.6311 0.1004 -0.7692
vn 0.8379 -0.1008 -0.5365
vn 0.8379 0.1004 -0.5365
vn 0.9627 0.1004 -0.2513
vn 0.7430 0.4708 -0.4757
vn 0.8536 0.4708 -0.2229
vn 0.8808 0.4707 0.0519
vn 0.1668 0.9802 -0.1068
vn 0.1916 0.9802 -0.0500
vn 0.1977 0.9802 0.0116
vn 0.8216 0.4707 0.3215
vn 0.1844 0.9802 0.0721
vn 0.2287 0.9717 -0.0597
vn 0.2359 0.9717 0.0139
vn 0.2201 0.9717 0.0861
vn 0.6820 0.4708 0.5596
vn 0.1531 0.9802 0.1256
vn 0.1827 0.9717 0.1499
vn 0.3402 0.9309 0.1331
vn 0.3647 0.9309 0.0215
vn 0.2824 0.9309 0.2318
vn 0.1068 0.9802 0.1667
vn 0.1274 0.9717 0.1991
vn 0.1970 0.9309 0.3077
vn 0.0500 0.9802 0.1916
vn 0.0597 0.9717 0.2287
vn 0.0923 0.9308 0.3536
vn -0.0117 0.9802 0.1977
vn -0.0139 0.9717 0.2359
vn -0.0215 0.9309 0.3647
vn -0.0722 0.9802 0.1844
vn -0.0861 0.9717 0.2201
vn -0.1331 0.9309 0.3402
vn -0.1256 0.9802 0.1531
vn -0.1499 0.9717 0.1827
vn -0.2317 0.9309 0.2824
vn -0.1668 0.9802 0.1067
vn -0.1990 0.9717 0.1274
vn -0.3077 0.9309 0.1970
vn -0.1916 0.9802 0.0500
vn -0.2287 0.9717 0.0597
vn -0.3535 0.9309 0.0923
vn -0.1977 0.9802 -0.0116
vn -0.2359 0.9717 -0.0139
vn -0.3647 0.9309 -0.0215
vn -0.1844 0.9802 -0.0722
vn -0.2201 0.9717 -0.0861
vn -0.3402 0.9309 -0.1331
vn -0.1531 0.9802 -0.1256
vn -0.1827 0.9717 -0.1499
vn -0.2824 0.9309 -0.2317
vn -0.1066 0.9802 -0.1669
vn -0.1274 0.9717 -0.1991
vn -0.1970 0.9309 -0.3077
vn -0.0500 0.9802 -0.1916
vn -0.0597 0.9717 -0.2287
vn -0.0923 0.9309 -0.3535
vn 0.0117 0.9802 -0.1977
vn 0.0139 0.9717 -0.2360
vn 0.0215 0.9309 -0.3648
vn 0.0720 0.9802 -0.1845
vn 0.0861 0.9717 -0.2201
vn 0.1331 0.9309 -0.3403
vn 0.1256 0.9802 -0.1531
vn 0.1499 0.9717 -0.1827
vn 0.2317 0.9309 -0.2824
vn 0.1991 0.9717 -0.1274
vn 0.3077 0.9309 -0.1970
vn 0.3535 0.9309 -0.0923
vn 0.5679 0.8224 0.0334
vn 0.5504 0.8224 -0.1437
vn 0.4791 0.8224 -0.3068
vn 0.6889 0.5753 -0.4411
vn 0.7915 0.5753 -0.2066
vn 0.8165 0.5753 0.0481
vn 0.5298 0.8224 0.2073
vn 0.7617 0.5753 0.2980
vn 0.9083 0.3445 -0.2372
vn 0.9371 0.3446 0.0552
vn 0.8742 0.3447 0.3421
vn 0.9579 0.1413 -0.2500
vn 0.9883 0.1412 0.0582
vn 0.9219 0.1413 0.3607
vn 0.9664 -0.0496 -0.2523
vn 0.9970 -0.0495 0.0587
vn 0.9301 -0.0494 0.3640
vn 0.9382 -0.2447 -0.2449
vn 0.9679 -0.2446 0.0570
vn 0.9029 -0.2448 0.3533
vn 0.8585 -0.4613 -0.2241
vn 0.8857 -0.4613 0.0522
vn 0.8262 -0.4613 0.3233
vn 0.6851 -0.7061 -0.1789
vn 0.7068 -0.7062 0.0416
vn 0.6594 -0.7061 0.2580
vn 0.3624 -0.9272 -0.0946
vn 0.3739 -0.9272 0.0220
vn 0.3488 -0.9272 0.1365
vn 0.6859 -0.4613 0.5628
vn 0.5474 -0.7061 0.4492
vn 0.2895 -0.9272 0.2375
vn 0.3249 -0.9372 0.1271
vn 0.3483 -0.9372 0.0205
vn 0.2698 -0.9371 0.2213
vn 0.2020 -0.9272 0.3154
vn 0.1882 -0.9372 0.2938
vn 0.3818 -0.7061 0.5963
vn 0.1813 -0.9418 0.2831
vn 0.2599 -0.9418 0.2132
vn 0.3130 -0.9418 0.1225
vn 0.0881 -0.9372 0.3376
vn 0.0849 -0.9418 0.3252
vn 0.0946 -0.9272 0.3623
vn -0.0220 -0.9272 0.3739
vn -0.0205 -0.9372 0.3483
vn -0.0198 -0.9418 0.3356
vn 0.0775 -0.9517 0.2970
vn 0.1655 -0.9517 0.2585
vn -0.0181 -0.9517 0.3065
vn -0.0208 -0.9353 0.3533
vn 0.0894 -0.9353 0.3425
vn 0.1909 -0.9353 0.2981
vn -0.0284 -0.8757 0.4820
vn 0.1219 -0.8757 0.4671
vn 0.2604 -0.8757 0.4066
vn 0.2737 -0.9353 0.2245
vn 0.2373 -0.9517 0.1947
vn 0.3732 -0.8757 0.3062
vn 0.4496 -0.8757 0.1759
vn 0.3296 -0.9353 0.1290
vn 0.2858 -0.9517 0.1118
vn 0.3356 -0.9418 0.0198
vn 0.3064 -0.9517 0.0180
vn 0.3534 -0.9352 0.0208
vn 0.3252 -0.9418 -0.0849
vn 0.2970 -0.9517 -0.0775
vn 0.3425 -0.9353 -0.0894
vn 0.4820 -0.8757 0.0284
vn 0.4671 -0.8757 -0.1220
vn 0.4066 -0.8757 -0.2604
vn 0.2981 -0.9353 -0.1909
vn 0.2585 -0.9517 -0.1655
vn 0.5130 -0.7931 -0.3285
vn 0.5894 -0.7931 -0.1539
vn 0.6081 -0.7930 0.0358
vn 0.6631 -0.6165 -0.4245
vn 0.7618 -0.6166 -0.1989
vn 0.7860 -0.6165 0.0463
vn 0.5673 -0.7930 0.2220
vn 0.7332 -0.6165 0.2869
vn 0.9672 -0.2474 0.0570
vn 0.9375 -0.2474 -0.2447
vn 0.9023 -0.2474 0.3531
vn 0.4709 -0.7930 0.3864
vn 0.6087 -0.6165 0.4994
vn 0.7490 -0.2474 0.6146
vn 0.9244 -0.1210 0.3617
vn 0.9909 -0.1211 0.0583
vn 0.7673 -0.1215 0.6297
vn 0.5224 -0.2474 0.8160
vn 0.5352 -0.1211 0.8360
vn 0.4245 -0.6165 0.6631
vn 0.2447 -0.2474 0.9375
vn 0.2508 -0.1211 0.9604
vn 0.1989 -0.6165 0.7618
vn 0.3285 -0.7931 0.5130
vn 0.1539 -0.7931 0.5894
vn -0.0463 -0.6165 0.7860
vn -0.0569 -0.2474 0.9672
vn -0.0358 -0.7931 0.6081
vn -0.1759 -0.8757 0.4496
vn -0.2219 -0.7931 0.5672
vn -0.2869 -0.6165 0.7332
vn -0.1290 -0.9353 0.3296
vn -0.2245 -0.9353 0.2736
vn -0.3063 -0.8757 0.3733
vn -0.3864 -0.7931 0.4709
vn -0.2981 -0.9352 0.1909
vn -0.4066 -0.8757 0.2603
vn -0.5130 -0.7930 0.3285
vn -0.4994 -0.6165 0.6087
vn -0.6630 -0.6166 0.4245
vn -0.4672 -0.8757 0.1220
vn -0.5894 -0.7930 0.1539
vn -0.7618 -0.6166 0.1989
vn -0.9375 -0.2473 0.2447
vn -0.8160 -0.2473 0.5225
vn -0.6146 -0.2473 0.7491
vn -0.6080 -0.7931 -0.0358
vn -0.7860 -0.6166 -0.0463
vn -0.9673 -0.2473 -0.0570
vn -0.9605 -0.1211 0.2507
vn -0.8360 -0.1211 0.5353
vn -0.9909 -0.1210 -0.0583
vn -0.9023 -0.2473 -0.3531
vn -0.9244 -0.1210 -0.3617
vn -0.7332 -0.6165 -0.2869
vn -0.6087 -0.6165 -0.4994
vn -0.7490 -0.2474 -0.6146
vn -0.7674 -0.1210 -0.6297
vn -0.7728 -0.0235 -0.6342
vn -0.9310 -0.0236 -0.3643
vn -0.9980 -0.0235 -0.0587
vn -0.9269 0.0964 -0.3627
vn -0.9936 0.0964 -0.0585
vn -0.7694 0.0964 -0.6314
vn -0.5390 -0.0236 -0.8419
vn -0.5367 0.0964 -0.8383
vn -0.5352 -0.1210 -0.8360
vn -0.2507 -0.1210 -0.9605
vn -0.2525 -0.0235 -0.9673
vn -0.2514 0.0964 -0.9631
vn 0.0583 -0.1210 -0.9909
vn 0.0587 -0.0235 -0.9980
vn 0.0585 0.0964 -0.9936
vn -0.2489 0.1704 -0.9534
vn -0.5313 0.1705 -0.8298
vn 0.0579 0.1704 -0.9837
vn 0.3627 0.0964 -0.9269
vn 0.3590 0.1705 -0.9176
vn 0.3643 -0.0235 -0.9310
vn 0.6314 0.0964 -0.7695
vn 0.6250 0.1707 -0.7617
vn 0.6341 -0.0235 -0.7729
vn 0.3617 -0.1211 -0.9244
vn 0.6297 -0.1211 -0.7674
vn 0.3530 -0.2473 -0.9023
vn 0.6146 -0.2473 -0.7490
vn 0.0569 -0.2473 -0.9673
vn -0.2447 -0.2473 -0.9375
vn -0.1989 -0.6165 -0.7618
vn 0.0463 -0.6166 -0.7860
vn 0.2869 -0.6165 -0.7332
vn -0.1539 -0.7931 -0.5893
vn 0.0358 -0.7931 -0.6080
vn 0.2220 -0.7931 -0.5673
vn -0.1220 -0.8757 -0.4672
vn 0.0284 -0.8757 -0.4820
vn 0.1759 -0.8757 -0.4496
vn 0.3864 -0.7931 -0.4709
vn 0.4994 -0.6165 -0.6087
vn 0.3063 -0.8757 -0.3732
vn 0.1290 -0.9353 -0.3296
vn 0.2245 -0.9353 -0.2736
vn 0.1118 -0.9517 -0.2858
vn 0.1947 -0.9517 -0.2373
vn 0.1225 -0.9418 -0.3130
vn 0.2132 -0.9418 -0.2599
vn 0.2831 -0.9418 -0.1813
vn 0.1271 -0.9372 -0.3249
vn 0.2213 -0.9372 -0.2697
vn 0.2938 -0.9372 -0.1881
vn 0.3376 -0.9372 -0.0881
vn 0.3154 -0.9272 -0.2019
vn 0.5963 -0.7061 -0.3818
vn 0.2375 -0.9272 -0.2895
vn 0.4491 -0.7061 -0.5474
vn 0.5628 -0.4614 -0.6859
vn 0.7472 -0.4613 -0.4784
vn 0.6150 -0.2448 -0.7496
vn 0.8166 -0.2447 -0.5228
vn 0.6336 -0.0494 -0.7721
vn 0.8411 -0.0494 -0.5386
vn 0.8337 0.1412 -0.5338
vn 0.6279 0.1412 -0.7653
vn 0.3639 -0.0493 -0.9301
vn 0.3607 0.1412 -0.9219
vn 0.3533 -0.2448 -0.9029
vn 0.3421 0.3445 -0.8743
vn 0.5955 0.3444 -0.7258
vn 0.7906 0.3444 -0.5062
vn 0.2980 0.5754 -0.7617
vn 0.5189 0.5753 -0.6323
vn 0.3609 0.8224 -0.4398
vn 0.2073 0.8224 -0.5298
vn 0.0480 0.5753 -0.8165
vn 0.0334 0.8224 -0.5680
vn -0.1437 0.8224 -0.5505
vn -0.2066 0.5753 -0.7914
vn 0.0552 0.3445 -0.9372
vn -0.2371 0.3445 -0.9083
vn -0.4410 0.5753 -0.6889
vn -0.3068 0.8224 -0.4792
vn -0.5062 0.3445 -0.7906
vn -0.5338 0.1412 -0.8337
vn -0.2501 0.1412 -0.9579
vn 0.0582 0.1412 -0.9883
vn -0.2523 -0.0495 -0.9664
vn 0.0587 -0.0495 -0.9970
vn -0.5386 -0.0498 -0.8411
vn -0.7653 0.1413 -0.6280
vn -0.7257 0.3446 -0.5955
vn -0.7721 -0.0494 -0.6336
vn -0.7496 -0.2447 -0.6150
vn -0.5228 -0.2448 -0.8166
vn -0.2449 -0.2448 -0.9381
vn -0.4784 -0.4613 -0.7472
vn -0.2241 -0.4613 -0.8585
vn -0.6859 -0.4613 -0.5628
vn -0.9029 -0.2447 -0.3533
vn -0.9301 -0.0495 -0.3639
vn -0.8262 -0.4613 -0.3233
vn -0.6593 -0.7062 -0.2580
vn -0.5474 -0.7062 -0.4491
vn -0.3818 -0.7061 -0.5963
vn -0.2895 -0.9272 -0.2376
vn -0.2019 -0.9272 -0.3154
vn -0.3488 -0.9272 -0.1365
vn -0.7068 -0.7062 -0.0416
vn -0.8857 -0.4614 -0.0521
vn -0.3739 -0.9272 -0.0220
vn -0.3249 -0.9372 -0.1271
vn -0.3483 -0.9372 -0.0205
vn -0.2697 -0.9372 -0.2213
vn -0.2599 -0.9418 -0.2132
vn -0.3130 -0.9418 -0.1225
vn -0.3356 -0.9418 -0.0198
vn -0.2374 -0.9517 -0.1948
vn -0.2858 -0.9517 -0.1119
vn -0.3065 -0.9517 -0.0180
vn -0.3296 -0.9353 -0.1290
vn -0.2736 -0.9353 -0.2245
vn -0.3534 -0.9352 -0.0208
vn -0.4820 -0.8757 -0.0284
vn -0.4496 -0.8757 -0.1759
vn -0.3733 -0.8757 -0.3063
vn -0.1908 -0.9353 -0.2980
vn -0.2603 -0.8757 -0.4066
vn -0.1656 -0.9517 -0.2586
vn -0.0894 -0.9353 -0.3425
vn -0.0775 -0.9517 -0.2970
vn 0.0208 -0.9353 -0.3534
vn 0.0180 -0.9517 -0.3064
vn 0.0198 -0.9418 -0.3356
vn -0.0849 -0.9418 -0.3252
vn -0.0881 -0.9372 -0.3375
vn 0.0205 -0.9371 -0.3483
vn -0.0946 -0.9272 -0.3623
vn 0.0220 -0.9272 -0.3738
vn 0.1365 -0.9272 -0.3488
vn -0.1789 -0.7061 -0.6851
vn 0.0416 -0.7061 -0.7068
vn 0.2580 -0.7061 -0.6594
vn 0.3233 -0.4614 -0.8262
vn 0.0521 -0.4614 -0.8857
vn 0.0570 -0.2448 -0.9679
vn -0.1882 -0.9371 -0.2939
vn -0.1813 -0.9418 -0.2831
vn -0.3285 -0.7930 -0.5130
vn -0.4709 -0.7930 -0.3864
vn -0.4245 -0.6165 -0.6631
vn -0.5673 -0.7931 -0.2220
vn -0.5224 -0.2473 -0.8160
vn -0.3425 -0.9352 0.0894
vn -0.2969 -0.9517 0.0775
vn -0.2585 -0.9517 0.1655
vn -0.1947 -0.9517 0.2373
vn -0.2132 -0.9418 0.2599
vn -0.2831 -0.9418 0.1813
vn -0.3253 -0.9418 0.0849
vn -0.1118 -0.9517 0.2858
vn -0.1225 -0.9418 0.3130
vn -0.1271 -0.9372 0.3249
vn -0.2213 -0.9372 0.2697
vn -0.2938 -0.9372 0.1881
vn -0.1364 -0.9272 0.3487
vn -0.2376 -0.9272 0.2896
vn -0.3154 -0.9272 0.2019
vn -0.5964 -0.7060 0.3819
vn -0.4492 -0.7061 0.5475
vn -0.2580 -0.7061 0.6594
vn -0.0416 -0.7061 0.7069
vn 0.1788 -0.7061 0.6851
vn -0.3233 -0.4614 0.8262
vn -0.0522 -0.4614 0.8857
vn 0.2241 -0.4613 0.8585
vn 0.4784 -0.4613 0.7472
vn 0.2449 -0.2447 0.9382
vn 0.5228 -0.2448 0.8165
vn 0.7495 -0.2448 0.6151
vn 0.5386 -0.0496 0.8411
vn 0.7721 -0.0494 0.6335
vn 0.5338 0.1412 0.8337
vn 0.7653 0.1413 0.6280
vn 0.7257 0.3445 0.5955
vn 0.5062 0.3445 0.7906
vn 0.2371 0.3446 0.9083
vn 0.2501 0.1412 0.9579
vn 0.2523 -0.0495 0.9664
vn 0.2066 0.5753 0.7914
vn 0.4411 0.5753 0.6888
vn 0.6323 0.5753 0.5189
vn 0.1437 0.8223 0.5505
vn 0.3068 0.8223 0.4792
vn 0.4398 0.8224 0.3609
vn -0.0334 0.8224 0.5680
vn -0.0481 0.5753 0.8165
vn -0.2073 0.8224 0.5298
vn -0.2981 0.5753 0.7617
vn -0.3609 0.8224 0.4398
vn -0.5189 0.5752 0.6323
vn -0.5955 0.3445 0.7258
vn -0.3420 0.3446 0.8742
vn -0.0552 0.3447 0.9371
vn -0.3608 0.1412 0.9219
vn -0.0582 0.1412 0.9883
vn -0.6280 0.1412 0.7653
vn -0.6888 0.5753 0.4411
vn -0.7906 0.3445 0.5062
vn -0.8337 0.1412 0.5338
vn -0.8411 -0.0495 0.5386
vn -0.6335 -0.0496 0.7721
vn -0.3639 -0.0495 0.9301
vn -0.6150 -0.2448 0.7496
vn -0.3533 -0.2448 0.9029
vn -0.8165 -0.2448 0.5228
vn -0.9579 0.1412 0.2501
vn -0.9664 -0.0492 0.2523
vn -0.9382 -0.2447 0.2449
vn -0.8584 -0.4614 0.2241
vn -0.7472 -0.4614 0.4784
vn -0.5628 -0.4614 0.6859
vn -0.6851 -0.7061 0.1789
vn -0.9679 -0.2447 -0.0570
vn -0.3624 -0.9272 0.0946
vn -0.3376 -0.9372 0.0881
vn -0.9970 -0.0498 -0.0587
vn -0.9883 0.1412 -0.0582
vn -0.9219 0.1413 -0.3607
vn -0.9372 0.3445 -0.0552
vn -0.8742 0.3446 -0.3421
vn -0.8166 0.5753 -0.0481
vn -0.7617 0.5753 -0.2980
vn -0.6324 0.5753 -0.5189
vn -0.5298 0.8224 -0.2073
vn -0.4398 0.8224 -0.3609
vn -0.5679 0.8224 -0.0334
vn -0.5505 0.8224 0.1437
vn -0.7914 0.5753 0.2066
vn -0.9084 0.3445 0.2371
vn -0.4791 0.8224 0.3068
vn -0.0570 -0.2447 0.9679
vn -0.0587 -0.0493 0.9971
vn 0.8160 -0.2474 -0.5224
vn 0.8360 -0.1210 -0.5353
vn 0.9605 -0.1211 -0.2507
vn 0.9980 -0.0236 0.0588
vn 0.9673 -0.0236 -0.2525
vn 0.8419 -0.0236 -0.5391
vn 0.9631 0.0964 -0.2514
vn 0.8382 0.0964 -0.5367
vn 0.9936 0.0964 0.0585
vn 0.9310 -0.0235 0.3643
vn 0.9269 0.0964 0.3627
vn 0.7728 -0.0235 0.6342
vn 0.7694 0.0964 0.6314
vn 0.5390 -0.0236 0.8420
vn 0.5367 0.0964 0.8383
vn 0.7617 0.1707 0.6251
vn 0.9176 0.1705 0.3590
vn 0.5313 0.1706 0.8298
vn 0.2515 0.0964 0.9630
vn 0.2490 0.1707 0.9534
vn 0.2526 -0.0234 0.9673
vn -0.0585 0.0964 0.9936
vn -0.0579 0.1706 0.9836
vn -0.0587 -0.0236 0.9980
vn -0.0583 -0.1211 0.9909
vn -0.3643 -0.0235 0.9310
vn -0.3627 0.0964 0.9269
vn -0.3617 -0.1210 0.9244
vn -0.6296 -0.1211 0.7674
vn -0.6341 -0.0234 0.7729
vn -0.6314 0.0964 0.7695
vn -0.3531 -0.2474 0.9023
vn -0.8419 -0.0235 0.5391
vn -0.9673 -0.0235 0.2525
vn -0.8382 0.0964 0.5367
vn -0.9631 0.0964 0.2514
vn -0.8298 0.1707 0.5313
vn -0.6251 0.1700 0.7618
vn -0.9534 0.1707 0.2489
vn -0.3591 0.1708 0.9176
vn -0.8192 0.2321 0.5245
vn -0.6170 0.2321 0.7520
vn -0.3545 0.2321 0.9058
vn -0.0571 0.2321 0.9710
vn -0.3494 0.2845 0.8927
vn -0.0563 0.2846 0.9570
vn -0.6081 0.2846 0.7411
vn -0.3480 0.2969 0.8892
vn -0.0561 0.2969 0.9533
vn -0.6057 0.2969 0.7382
vn -0.5960 0.3424 0.7263
vn -0.3424 0.3424 0.8749
vn -0.0551 0.3424 0.9379
vn -0.8074 0.2845 0.5169
vn -0.8042 0.2969 0.5149
vn -0.7913 0.3424 0.5066
vn -0.5808 0.4020 0.7079
vn -0.3337 0.4020 0.8527
vn -0.7712 0.4017 0.4938
vn -0.9091 0.3423 0.2373
vn -0.8860 0.4020 0.2313
vn -0.9239 0.2969 0.2412
vn -0.9533 0.2969 -0.0561
vn -0.9379 0.3424 -0.0552
vn -0.9141 0.4020 -0.0538
vn -0.9065 0.4188 -0.0533
vn -0.8786 0.4188 0.2294
vn -0.7647 0.4188 0.4897
vn -0.9541 -0.1664 0.2491
vn -0.8304 -0.1663 0.5317
vn -0.9844 -0.1662 -0.0579
vn -0.8457 0.4188 -0.3309
vn -0.9183 -0.1663 -0.3594
vn -0.8526 0.4021 -0.3336
vn -0.7628 -0.5737 -0.2984
vn -0.8177 -0.5737 -0.0481
vn -0.7926 -0.5736 0.2069
vn -0.7480 -0.5957 -0.2927
vn -0.8017 -0.5958 -0.0472
vn -0.7772 -0.5957 0.2029
vn -0.9125 -0.1996 -0.3571
vn -0.9782 -0.1997 -0.0576
vn -0.9481 -0.1998 0.2474
vn -0.9312 0.0092 -0.3644
vn -0.9982 0.0092 -0.0587
vn -0.9675 0.0091 0.2526
vn -0.6194 0.7467 -0.2424
vn -0.4178 0.8937 -0.1634
vn -0.4478 0.8937 -0.0263
vn -0.6640 0.7467 -0.0391
vn -0.4341 0.8937 0.1133
vn -0.6436 0.7466 0.1681
vn -0.8421 0.0093 0.5392
vn -0.8252 -0.1996 0.5284
vn -0.3778 0.8937 0.2419
vn -0.5603 0.7465 0.3588
vn -0.6343 0.0092 0.7730
vn -0.6216 -0.1996 0.7575
vn -0.2846 0.8937 0.3468
vn -0.4220 0.7466 0.5142
vn -0.1635 0.8937 0.4177
vn -0.2424 0.7468 0.6193
vn -0.3644 0.0089 0.9312
vn -0.3571 -0.1997 0.9125
vn -0.0263 0.8937 0.4478
vn -0.0390 0.7468 0.6639
vn -0.0586 0.0092 0.9982
vn -0.0576 -0.1997 0.9782
vn 0.2527 0.0093 0.9675
vn 0.2477 -0.1996 0.9480
vn 0.1134 0.8937 0.4340
vn 0.1681 0.7467 0.6435
vn 0.5391 0.0088 0.8422
vn 0.5283 -0.1997 0.8253
vn 0.2419 0.8937 0.3779
vn 0.3585 0.7468 0.5601
vn 0.3467 0.8938 0.2846
vn 0.5140 0.7469 0.4219
vn 0.7730 0.0087 0.6344
vn 0.7574 -0.1997 0.6217
vn 0.2030 -0.5957 0.7771
vn 0.4330 -0.5956 0.6765
vn 0.6209 -0.5957 0.5096
vn 0.9125 -0.1997 0.3570
vn 0.7480 -0.5957 0.2926
vn 0.9312 0.0088 0.3644
vn 0.9782 -0.1995 0.0576
vn 0.8017 -0.5958 0.0472
vn 0.9982 0.0092 0.0587
vn 0.4177 0.8938 0.1634
vn 0.6194 0.7468 0.2423
vn 0.4478 0.8937 0.0263
vn 0.6641 0.7466 0.0390
vn 0.9675 0.0097 -0.2526
vn 0.9481 -0.1995 -0.2475
vn 0.4341 0.8937 -0.1133
vn 0.6437 0.7466 -0.1680
vn 0.8421 0.0092 -0.5392
vn 0.8252 -0.1998 -0.5283
vn 0.3778 0.8937 -0.2419
vn 0.5602 0.7467 -0.3586
vn 0.6342 0.0087 -0.7731
vn 0.6215 -0.1999 -0.7575
vn 0.2845 0.8937 -0.3468
vn 0.4218 0.7469 -0.5141
vn 0.3644 0.0088 -0.9312
vn 0.3570 -0.1998 -0.9125
vn 0.1635 0.8937 -0.4178
vn 0.2423 0.7469 -0.6192
vn 0.0587 0.0090 -0.9982
vn 0.0575 -0.1997 -0.9782
vn 0.0263 0.8937 -0.4479
vn 0.0390 0.7468 -0.6639
vn -0.1133 0.8937 -0.4341
vn -0.1680 0.7467 -0.6436
vn -0.2526 0.0091 -0.9675
vn -0.2476 -0.1996 -0.9481
vn 0.2927 -0.5957 -0.7480
vn 0.0471 -0.5957 -0.8018
vn -0.2028 -0.5957 -0.7772
vn -0.5283 -0.1995 -0.8253
vn -0.4331 -0.5956 -0.6765
vn -0.5391 0.0090 -0.8422
vn -0.7575 -0.1995 -0.6216
vn -0.6210 -0.5956 -0.5096
vn -0.7730 0.0091 -0.6344
vn -0.2419 0.8937 -0.3778
vn -0.3586 0.7467 -0.5602
vn -0.3468 0.8937 -0.2846
vn -0.5142 0.7467 -0.4220
vn -0.2369 0.9519 -0.1945
vn -0.2854 0.9519 -0.1117
vn -0.1653 0.9519 -0.2582
vn -0.3060 0.9519 -0.0180
vn -0.3189 0.9109 -0.2617
vn -0.3841 0.9110 -0.1503
vn -0.4119 0.9109 -0.0242
vn -0.3992 0.9109 0.1042
vn -0.2966 0.9519 0.0774
vn -0.3474 0.9109 0.2225
vn -0.2581 0.9519 0.1653
vn -0.2616 0.9110 0.3188
vn -0.1944 0.9519 0.2370
vn -0.1504 0.9109 0.3842
vn -0.1117 0.9519 0.2854
vn -0.0242 0.9109 0.4119
vn -0.0180 0.9519 0.3060
vn 0.1043 0.9109 0.3991
vn 0.0775 0.9519 0.2966
vn 0.2224 0.9109 0.3475
vn 0.1653 0.9519 0.2582
vn 0.3189 0.9109 0.2618
vn 0.2369 0.9519 0.1945
vn 0.3842 0.9109 0.1503
vn 0.2854 0.9519 0.1117
vn 0.4118 0.9109 0.0242
vn 0.3060 0.9519 0.0180
vn 0.3990 0.9110 -0.1042
vn 0.2966 0.9519 -0.0774
vn 0.3474 0.9110 -0.2224
vn 0.2581 0.9519 -0.1653
vn 0.2617 0.9109 -0.3190
vn 0.1944 0.9519 -0.2370
vn 0.1503 0.9109 -0.3842
vn 0.1117 0.9519 -0.2855
vn 0.0242 0.9109 -0.4119
vn 0.0180 0.9518 -0.3060
vn -0.1042 0.9109 -0.3993
vn -0.0774 0.9519 -0.2966
vn -0.2224 0.9110 -0.3474
vn -0.4183 0.6309 -0.6534
vn -0.5997 0.6310 -0.4922
vn -0.1959 0.6309 -0.7507
vn -0.7225 0.6309 -0.2827
vn -0.4640 0.5092 -0.7248
vn -0.6653 0.5092 -0.5460
vn -0.8014 0.5093 -0.3136
vn -0.7745 0.6309 -0.0456
vn -0.8591 0.5093 -0.0506
vn -0.8908 0.2917 -0.3485
vn -0.7394 0.2915 -0.6068
vn -0.9549 0.2916 -0.0562
vn -0.7507 0.6310 0.1960
vn -0.8327 0.5093 0.2174
vn -0.9255 0.2916 0.2416
vn -0.9935 0.0980 -0.0585
vn -0.9629 0.0980 0.2514
vn -0.9268 0.0980 -0.3626
vn -0.9906 -0.1241 -0.0583
vn -0.9601 -0.1241 0.2506
vn -0.9240 -0.1241 -0.3616
vn -0.8381 0.0980 0.5366
vn -0.8056 0.2916 0.5158
vn -0.8357 -0.1241 0.5351
vn -0.6313 0.0980 0.7693
vn -0.6068 0.2915 0.7395
vn -0.6294 -0.1241 0.7671
vn -0.3627 0.0980 0.9267
vn -0.3486 0.2915 0.8908
vn -0.3617 -0.1241 0.9240
vn -0.0584 0.0980 0.9935
vn -0.0583 -0.1242 0.9906
vn -0.0561 0.2916 0.9549
vn -0.5459 0.5092 0.6653
vn -0.3137 0.5093 0.8014
vn -0.0505 0.5093 0.8591
vn 0.2418 0.2916 0.9255
vn 0.2175 0.5093 0.8327
vn 0.2516 0.0979 0.9629
vn 0.5157 0.2914 0.8057
vn 0.4640 0.5092 0.7248
vn 0.5366 0.0979 0.8382
vn 0.7393 0.2916 0.6069
vn 0.6652 0.5093 0.5460
vn 0.7692 0.0979 0.6314
vn 0.8908 0.2915 0.3485
vn 0.8014 0.5093 0.3136
vn 0.9268 0.0979 0.3626
vn 0.9549 0.2916 0.0562
vn 0.8591 0.5093 0.0506
vn 0.9935 0.0979 0.0584
vn 0.9629 0.0979 -0.2514
vn 0.9255 0.2916 -0.2416
vn 0.8327 0.5093 -0.2174
vn 0.7745 0.6310 0.0455
vn 0.7225 0.6310 0.2827
vn 0.7507 0.6309 -0.1960
vn 0.8056 0.2915 -0.5158
vn 0.7248 0.5093 -0.4641
vn 0.6534 0.6309 -0.4184
vn 0.4922 0.6309 -0.5997
vn 0.5459 0.5093 -0.6653
vn 0.2826 0.6309 -0.7225
vn 0.3136 0.5093 -0.8015
vn 0.6068 0.2916 -0.7395
vn 0.3485 0.2916 -0.8908
vn 0.0455 0.6309 -0.7745
vn 0.0505 0.5092 -0.8591
vn 0.0562 0.2916 -0.9549
vn 0.3626 0.0980 -0.9268
vn 0.6313 0.0980 -0.7694
vn 0.0584 0.0980 -0.9935
vn -0.2416 0.2916 -0.9255
vn -0.2174 0.5092 -0.8327
vn -0.2514 0.0980 -0.9629
vn -0.5157 0.2915 -0.8056
vn -0.5366 0.0979 -0.8382
vn -0.7693 0.0979 -0.6313
vn -0.5350 -0.1241 -0.8357
vn -0.7670 -0.1241 -0.6295
vn -0.2506 -0.1241 -0.9601
vn -0.5023 -0.3632 -0.7847
vn -0.2354 -0.3631 -0.9015
vn -0.7202 -0.3632 -0.5911
vn -0.8676 -0.3632 -0.3395
vn -0.9301 -0.3632 -0.0547
vn -0.8121 -0.5815 -0.0478
vn -0.7576 -0.5815 -0.2964
vn -0.6289 -0.5815 -0.5161
vn -0.6379 -0.7286 -0.2496
vn -0.6838 -0.7286 -0.0402
vn -0.5295 -0.7286 -0.4345
vn -0.5207 -0.8532 -0.0306
vn -0.4857 -0.8532 -0.1901
vn -0.4033 -0.8532 -0.3309
vn -0.3693 -0.7286 -0.5769
vn -0.2813 -0.8532 -0.4393
vn -0.4386 -0.5815 -0.6852
vn -0.2055 -0.5815 -0.7871
vn -0.1730 -0.7286 -0.6628
vn -0.1318 -0.8532 -0.5047
vn 0.0477 -0.5815 -0.8121
vn 0.0402 -0.7286 -0.6838
vn 0.0306 -0.8532 -0.5207
vn 0.2496 -0.7286 -0.6379
vn 0.1900 -0.8532 -0.4857
vn 0.2964 -0.5815 -0.7576
vn 0.0547 -0.3633 -0.9301
vn 0.3395 -0.3632 -0.8677
vn 0.5910 -0.3632 -0.7203
vn 0.5160 -0.5815 -0.6289
vn 0.4345 -0.7286 -0.5295
vn 0.7847 -0.3631 -0.5024
vn 0.6851 -0.5816 -0.4387
vn 0.5768 -0.7286 -0.3693
vn 0.3309 -0.8532 -0.4033
vn 0.4393 -0.8531 -0.2813
vn 0.7871 -0.5816 -0.2055
vn 0.6628 -0.7286 -0.1730
vn 0.5047 -0.8532 -0.1318
vn 0.6838 -0.7286 0.0402
vn 0.5207 -0.8532 0.0306
vn 0.8121 -0.5815 0.0478
vn 0.9015 -0.3632 -0.2353
vn 0.9301 -0.3631 0.0547
vn 0.7576 -0.5816 0.2964
vn 0.6379 -0.7286 0.2496
vn 0.8677 -0.3632 0.3395
vn 0.9241 -0.1241 0.3616
vn 0.9906 -0.1241 0.0583
vn 0.9601 -0.1241 -0.2506
vn 0.8381 0.0979 -0.5366
vn 0.8357 -0.1241 -0.5350
vn 0.6294 -0.1241 -0.7671
vn 0.3615 -0.1241 -0.9241
vn 0.0582 -0.1241 -0.9906
vn 0.7670 -0.1241 0.6296
vn 0.7202 -0.3632 0.5912
vn 0.5350 -0.1241 0.8357
vn 0.5023 -0.3632 0.7847
vn 0.2509 -0.1241 0.9600
vn 0.2355 -0.3632 0.9015
vn -0.0547 -0.3633 0.9301
vn -0.0478 -0.5816 0.8121
vn 0.2056 -0.5816 0.7871
vn 0.4386 -0.5815 0.6851
vn 0.1732 -0.7286 0.6627
vn 0.3693 -0.7286 0.5769
vn -0.0402 -0.7286 0.6838
vn -0.3396 -0.3632 0.8676
vn -0.2965 -0.5815 0.7576
vn -0.2496 -0.7286 0.6378
vn -0.5910 -0.3632 0.7203
vn -0.5160 -0.5815 0.6289
vn -0.4345 -0.7286 0.5295
vn -0.6851 -0.5815 0.4387
vn -0.5768 -0.7286 0.3693
vn -0.7846 -0.3632 0.5024
vn -0.3308 -0.8532 0.4032
vn -0.1901 -0.8532 0.4857
vn -0.4392 -0.8532 0.2812
vn -0.7871 -0.5815 0.2055
vn -0.6628 -0.7286 0.1730
vn -0.5047 -0.8532 0.1318
vn -0.2760 -0.9584 0.0721
vn -0.2403 -0.9584 0.1538
vn -0.2848 -0.9585 -0.0168
vn -0.2656 -0.9585 -0.1039
vn -0.1723 -0.9850 -0.0101
vn -0.1608 -0.9850 -0.0629
vn -0.1670 -0.9850 0.0436
vn -0.4117 -0.9110 -0.0242
vn -0.3840 -0.9110 -0.1502
vn -0.3990 -0.9110 0.1042
vn -0.9078 -0.4160 -0.0535
vn -0.9643 -0.2587 -0.0567
vn -0.9346 -0.2588 0.2440
vn -0.8799 -0.4160 0.2297
vn -0.8469 -0.4158 -0.3314
vn -0.8996 -0.2586 -0.3520
vn -0.1334 -0.9850 -0.1095
vn -0.3186 -0.9111 -0.2615
vn -0.7031 -0.4156 -0.5770
vn -0.7468 -0.2585 -0.6128
vn -0.0930 -0.9850 -0.1454
vn -0.2222 -0.9111 -0.3472
vn -0.4903 -0.4157 -0.7660
vn -0.5208 -0.2585 -0.8136
vn -0.0436 -0.9850 -0.1671
vn -0.1041 -0.9110 -0.3989
vn -0.2297 -0.4158 -0.8800
vn -0.2440 -0.2586 -0.9347
vn 0.0534 -0.4158 -0.9079
vn 0.0567 -0.2586 -0.9643
vn 0.0102 -0.9850 -0.1724
vn 0.0242 -0.9110 -0.4117
vn -0.1538 -0.9584 -0.2403
vn -0.0721 -0.9584 -0.2760
vn 0.0168 -0.9584 -0.2848
vn 0.1040 -0.9584 -0.2657
vn 0.0629 -0.9850 -0.1608
vn 0.1502 -0.9110 -0.3840
vn 0.1095 -0.9850 -0.1335
vn 0.2615 -0.9111 -0.3187
vn 0.1810 -0.9584 -0.2206
vn 0.2402 -0.9585 -0.1538
vn 0.1454 -0.9850 -0.0931
vn 0.2760 -0.9585 -0.0720
vn 0.1671 -0.9850 -0.0436
vn 0.3472 -0.9111 -0.2223
vn 0.3989 -0.9110 -0.1041
vn 0.8135 -0.2586 -0.5209
vn 0.7659 -0.4158 -0.4904
vn 0.8799 -0.4160 -0.2297
vn 0.9346 -0.2588 -0.2440
vn 0.6128 -0.2586 -0.7468
vn 0.5769 -0.4158 -0.7031
vn 0.3520 -0.2586 -0.8996
vn 0.3313 -0.4158 -0.8469
vn 0.8200 0.2279 -0.5250
vn 0.6176 0.2280 -0.7527
vn 0.3547 0.2280 -0.9067
vn 0.0572 0.2279 -0.9720
vn -0.2460 0.2278 -0.9421
vn 0.0545 0.3717 -0.9268
vn 0.3382 0.3719 -0.8645
vn -0.2345 0.3716 -0.8983
vn -0.5250 0.2277 -0.8201
vn -0.5005 0.3715 -0.7820
vn -0.7527 0.2279 -0.6177
vn -0.7176 0.3717 -0.5890
vn -0.8644 0.3719 -0.3382
vn -0.9067 0.2280 -0.3548
vn -0.2099 0.9624 -0.1722
vn -0.3944 0.8600 -0.3237
vn -0.2750 0.8601 -0.4297
vn -0.1464 0.9624 -0.2287
vn -0.2528 0.9624 -0.0989
vn -0.4753 0.8600 -0.1860
vn -0.9266 0.3721 -0.0546
vn -0.9720 0.2281 -0.0572
vn -0.2710 0.9624 -0.0160
vn -0.5095 0.8600 -0.0300
vn -0.8981 0.3721 0.2344
vn -0.9421 0.2281 0.2459
vn -0.2627 0.9624 0.0686
vn -0.4938 0.8600 0.1289
vn -0.2689 0.9574 -0.1052
vn -0.2883 0.9574 -0.0170
vn -0.2794 0.9574 0.0729
vn -0.5709 0.8204 -0.0336
vn -0.5534 0.8203 0.1445
vn -0.5325 0.8204 -0.2084
vn -0.2232 0.9574 -0.1832
vn -0.4421 0.8203 -0.3628
vn -0.1557 0.9574 -0.2432
vn -0.3083 0.8203 -0.4817
vn -0.0729 0.9574 -0.2794
vn -0.1444 0.8203 -0.5534
vn -0.0686 0.9624 -0.2627
vn -0.1289 0.8600 -0.4937
vn 0.0159 0.9624 -0.2710
vn 0.0169 0.9574 -0.2883
vn 0.0299 0.8600 -0.5094
vn 0.1859 0.8600 -0.4752
vn 0.0989 0.9624 -0.2529
vn 0.1052 0.9574 -0.2690
vn 0.3238 0.8599 -0.3946
vn 0.1722 0.9624 -0.2100
vn 0.1832 0.9574 -0.2232
vn 0.0336 0.8203 -0.5709
vn 0.2084 0.8203 -0.5326
vn 0.3628 0.8203 -0.4421
vn 0.2432 0.9574 -0.1557
vn 0.4817 0.8203 -0.3084
vn 0.2287 0.9624 -0.1464
vn 0.2794 0.9574 -0.0729
vn 0.5534 0.8203 -0.1444
vn 0.2627 0.9624 -0.0686
vn 0.4299 0.8599 -0.2753
vn 0.4937 0.8600 -0.1289
vn 0.5093 0.8601 0.0300
vn 0.2710 0.9624 0.0160
vn 0.2883 0.9574 0.0170
vn 0.4751 0.8601 0.1859
vn 0.2528 0.9624 0.0989
vn 0.2689 0.9574 0.1052
vn 0.2098 0.9624 0.1723
vn 0.2232 0.9574 0.1832
vn 0.3944 0.8600 0.3238
vn 0.9068 0.2278 0.3548
vn 0.8646 0.3716 0.3383
vn 0.9267 0.3718 0.0545
vn 0.9720 0.2279 0.0572
vn 0.7526 0.2279 0.6178
vn 0.7176 0.3717 0.5890
vn 0.2751 0.8600 0.4298
vn 0.1464 0.9624 0.2287
vn 0.5250 0.2279 0.8200
vn 0.5004 0.3717 0.7819
vn 0.7466 -0.2587 0.6129
vn 0.5208 -0.2587 0.8135
vn 0.8996 -0.2587 0.3519
vn 0.7029 -0.4159 0.5770
vn 0.8469 -0.4158 0.3314
vn 0.4903 -0.4159 0.7659
vn 0.2299 -0.4158 0.8799
vn 0.2442 -0.2587 0.9346
vn 0.2461 0.2278 0.9421
vn 0.0931 -0.9850 0.1454
vn 0.2224 -0.9110 0.3473
vn 0.3187 -0.9110 0.2616
vn 0.1335 -0.9850 0.1096
vn 0.0436 -0.9850 0.1671
vn 0.1042 -0.9111 0.3988
vn -0.0534 -0.4157 0.9079
vn -0.0567 -0.2586 0.9643
vn -0.0102 -0.9850 0.1723
vn -0.0242 -0.9111 0.4115
vn -0.0168 -0.9585 0.2848
vn 0.0721 -0.9584 0.2760
vn 0.1538 -0.9584 0.2402
vn 0.1319 -0.8532 0.5047
vn 0.2812 -0.8532 0.4393
vn -0.0306 -0.8532 0.5206
vn -0.1040 -0.9584 0.2657
vn -0.0629 -0.9850 0.1608
vn -0.1810 -0.9584 0.2206
vn -0.1095 -0.9850 0.1335
vn -0.1502 -0.9111 0.3839
vn -0.2616 -0.9110 0.3187
vn -0.1454 -0.9850 0.0931
vn -0.3473 -0.9110 0.2224
vn -0.8135 -0.2588 0.5208
vn -0.7658 -0.4161 0.4903
vn -0.6127 -0.2588 0.7467
vn -0.5768 -0.4161 0.7029
vn -0.8200 0.2280 0.5250
vn -0.6176 0.2279 0.7527
vn -0.7817 0.3719 0.5006
vn -0.3521 -0.2587 0.8995
vn -0.3314 -0.4159 0.8469
vn -0.3549 0.2278 0.9067
vn -0.0571 0.2277 0.9721
vn -0.0545 0.3715 0.9268
vn 0.2347 0.3716 0.8982
vn -0.3384 0.3716 0.8645
vn -0.0299 0.8601 0.5093
vn -0.0159 0.9624 0.2710
vn 0.0686 0.9624 0.2627
vn 0.1290 0.8600 0.4937
vn -0.1859 0.8601 0.4751
vn -0.0990 0.9624 0.2529
vn -0.3237 0.8600 0.3944
vn -0.1722 0.9624 0.2099
vn -0.5889 0.3718 0.7176
vn -0.1052 0.9574 0.2689
vn -0.0169 0.9574 0.2883
vn -0.1832 0.9574 0.2232
vn -0.3628 0.8203 0.4421
vn -0.2084 0.8203 0.5326
vn -0.0335 0.8203 0.5709
vn 0.1446 0.8203 0.5533
vn 0.0730 0.9574 0.2794
vn 0.3083 0.8203 0.4817
vn 0.1557 0.9574 0.2432
vn 0.4421 0.8203 0.3629
vn 0.5326 0.8203 0.2084
vn 0.4494 0.5524 0.7021
vn 0.6443 0.5524 0.5289
vn 0.7763 0.5524 0.3037
vn 0.5709 0.8203 0.0336
vn 0.8321 0.5524 0.0489
vn 0.8066 0.5524 -0.2106
vn 0.9200 0.1551 0.3599
vn 0.9862 0.1551 0.0580
vn 0.9559 0.1552 -0.2495
vn 0.9456 -0.2120 -0.2469
vn 0.9756 -0.2120 0.0574
vn 0.9101 -0.2120 0.3560
vn 0.8320 0.1552 -0.5327
vn 0.7020 0.5524 -0.4495
vn 0.8230 -0.2119 -0.5270
vn 0.9351 -0.2570 -0.2441
vn 0.8139 -0.2570 -0.5211
vn 0.9647 -0.2570 0.0568
vn 0.8309 -0.1628 -0.5320
vn 0.9546 -0.1631 -0.2492
vn 0.9849 -0.1632 0.0580
vn 0.9000 -0.2570 0.3521
vn 0.9188 -0.1631 0.3595
vn 0.7470 -0.2570 0.6132
vn 0.7626 -0.1631 0.6260
vn 0.7554 -0.2120 0.6200
vn 0.5269 -0.2120 0.8231
vn 0.5210 -0.2570 0.8139
vn 0.5319 -0.1632 0.8309
vn 0.5390 -0.0228 0.8420
vn 0.7727 -0.0227 0.6343
vn 0.9310 -0.0227 0.3643
vn 0.5354 0.1180 0.8363
vn 0.7675 0.1180 0.6300
vn 0.9247 0.1180 0.3618
vn 0.9913 0.1180 0.0583
vn 0.9980 -0.0227 0.0587
vn 0.9608 0.1180 -0.2508
vn 0.9673 -0.0227 -0.2525
vn 0.9004 0.2554 0.3523
vn 0.9652 0.2554 0.0568
vn 0.9355 0.2553 -0.2442
vn 0.6798 0.7116 -0.1775
vn 0.7014 0.7116 0.0412
vn 0.6543 0.7116 0.2560
vn 0.7472 0.2557 0.6134
vn 0.5431 0.7116 0.4458
vn 0.5181 0.7421 0.4253
vn 0.6243 0.7421 0.2442
vn 0.6691 0.7421 0.0394
vn 0.5279 0.7304 0.4333
vn 0.6363 0.7302 0.2489
vn 0.6818 0.7304 0.0401
vn 0.5394 0.7163 0.4428
vn 0.6499 0.7163 0.2543
vn 0.6971 0.7158 0.0410
vn 0.6612 0.7301 -0.1726
vn 0.6485 0.7421 -0.1693
vn 0.6757 0.7158 -0.1764
vn 0.5752 0.7304 -0.3683
vn 0.5644 0.7422 -0.3614
vn 0.5877 0.7162 -0.3763
vn 0.5954 0.7072 -0.3812
vn 0.6840 0.7072 -0.1786
vn 0.7057 0.7072 0.0415
vn 0.7529 0.6567 0.0443
vn 0.7297 0.6567 -0.1905
vn 0.6351 0.6567 -0.4067
vn 0.6584 0.7072 0.2576
vn 0.7023 0.6567 0.2748
vn 0.7853 0.5375 0.3072
vn 0.8418 0.5375 0.0495
vn 0.8162 0.5371 -0.2130
vn 0.9088 0.3433 -0.2372
vn 0.9375 0.3437 0.0552
vn 0.8747 0.3433 0.3422
vn 0.7102 0.5375 -0.4547
vn 0.7909 0.3437 -0.5064
vn 0.5351 0.5371 -0.6521
vn 0.4784 0.6567 -0.5830
vn 0.5958 0.3433 -0.7261
vn 0.3072 0.5375 -0.7853
vn 0.2748 0.6567 -0.7024
vn 0.3422 0.3433 -0.8747
vn 0.3616 0.1232 -0.9242
vn 0.6295 0.1231 -0.7672
vn 0.8358 0.1232 -0.5351
vn 0.6306 -0.1075 -0.7686
vn 0.8373 -0.1075 -0.5361
vn 0.3622 -0.1075 -0.9259
vn 0.0582 0.1236 -0.9906
vn 0.0551 0.3438 -0.9374
vn 0.0584 -0.1075 -0.9925
vn -0.2507 0.1231 -0.9602
vn -0.2372 0.3437 -0.9086
vn -0.2511 -0.1076 -0.9620
vn -0.5350 0.1235 -0.8358
vn -0.5064 0.3433 -0.7910
vn -0.5360 -0.1080 -0.8373
vn -0.5090 -0.3294 -0.7952
vn -0.2385 -0.3294 -0.9136
vn 0.0554 -0.3294 -0.9426
vn -0.2217 -0.4792 -0.8492
vn 0.0515 -0.4792 -0.8762
vn -0.4732 -0.4792 -0.7392
vn -0.7298 -0.3297 -0.5989
vn -0.7685 -0.1075 -0.6307
vn -0.6785 -0.4792 -0.5568
vn -0.8792 -0.3297 -0.3440
vn -0.9258 -0.1080 -0.3622
vn -0.8174 -0.4792 -0.3198
vn -0.9424 -0.3297 -0.0555
vn -0.9925 -0.1075 -0.0584
vn -0.8762 -0.4792 -0.0516
vn -0.9136 -0.3294 0.2385
vn -0.9620 -0.1075 0.2511
vn -0.8493 -0.4792 0.2217
vn -0.7158 -0.6397 -0.2801
vn -0.7673 -0.6397 -0.0452
vn -0.7437 -0.6397 0.1941
vn -0.6140 -0.7518 -0.2402
vn -0.6583 -0.7518 -0.0387
vn -0.6380 -0.7518 0.1666
vn -0.9447 -0.3231 -0.0556
vn -0.8813 -0.3231 -0.3449
vn -0.9157 -0.3231 0.2390
vn -0.9447 0.3231 -0.0556
vn -0.9157 0.3231 0.2390
vn -0.8813 0.3232 -0.3448
vn -0.5097 -0.7518 -0.4183
vn -0.7315 -0.3231 -0.6004
vn -0.7315 0.3232 -0.6004
vn -0.3555 -0.7518 -0.5553
vn -0.5102 -0.3231 -0.7970
vn -0.5102 0.3232 -0.7970
vn -0.1665 -0.7518 -0.6380
vn -0.2390 -0.3232 -0.9157
vn -0.2390 0.3232 -0.9157
vn 0.0387 -0.7518 -0.6583
vn 0.0555 -0.3231 -0.9447
vn 0.0555 0.3231 -0.9447
vn 0.2402 -0.7518 -0.6141
vn 0.3448 -0.3231 -0.8813
vn 0.3448 0.3231 -0.8813
vn 0.4183 -0.7518 -0.5098
vn 0.6003 -0.3231 -0.7316
vn 0.6003 0.3231 -0.7316
vn 0.5553 -0.7518 -0.3556
vn 0.7970 -0.3231 -0.5103
vn 0.7970 0.3231 -0.5103
vn 0.6380 -0.7518 -0.1665
vn 0.9157 -0.3231 -0.2390
vn 0.9157 0.3231 -0.2390
vn 0.6583 -0.7518 0.0387
vn 0.9447 -0.3232 0.0556
vn 0.9447 0.3232 0.0556
vn 0.8813 -0.3233 0.3448
vn 0.8813 0.3232 0.3448
vn 0.6141 -0.7518 0.2403
vn 0.6031 0.7620 0.2360
vn 0.6465 0.7620 0.0380
vn 0.6266 0.7619 -0.1636
vn 0.6070 0.7583 0.2375
vn 0.6507 0.7583 0.0383
vn 0.6307 0.7583 -0.1646
vn 0.7620 0.5748 0.2981
vn 0.8169 0.5748 0.0480
vn 0.7917 0.5748 -0.2067
vn 0.6891 0.5748 -0.4412
vn 0.5490 0.7583 -0.3515
vn 0.5454 0.7620 -0.3492
vn 0.5190 0.5748 -0.6326
vn 0.4135 0.7583 -0.5039
vn 0.4108 0.7620 -0.5006
vn 0.2981 0.5748 -0.7620
vn 0.2375 0.7583 -0.6071
vn 0.2360 0.7620 -0.6031
vn 0.0480 0.5748 -0.8169
vn 0.0383 0.7583 -0.6507
vn 0.0380 0.7620 -0.6465
vn -0.2067 0.5748 -0.7918
vn -0.1646 0.7583 -0.6307
vn -0.1636 0.7619 -0.6267
vn -0.4412 0.5748 -0.6892
vn -0.3514 0.7583 -0.5490
vn -0.3491 0.7620 -0.5455
vn -0.6326 0.5748 -0.5191
vn -0.5039 0.7584 -0.4135
vn -0.5006 0.7620 -0.4109
vn -0.7621 0.5748 -0.2982
vn -0.6070 0.7583 -0.2375
vn -0.6031 0.7620 -0.2360
vn -0.8168 0.5749 -0.0481
vn -0.6507 0.7583 -0.0383
vn -0.6465 0.7620 -0.0381
vn -0.6266 0.7620 0.1636
vn -0.6307 0.7583 0.1646
vn -0.5454 0.7620 0.3492
vn -0.7970 0.3231 0.5103
vn -0.5490 0.7583 0.3515
vn -0.7917 0.5748 0.2067
vn -0.6891 0.5748 0.4412
vn -0.5191 0.5748 0.6326
vn -0.4135 0.7583 0.5039
vn -0.4108 0.7620 0.5006
vn -0.2982 0.5748 0.7620
vn -0.2376 0.7583 0.6070
vn -0.2360 0.7620 0.6031
vn -0.0480 0.5748 0.8169
vn -0.0382 0.7583 0.6507
vn -0.0380 0.7620 0.6465
vn 0.2069 0.5748 0.7917
vn 0.1648 0.7583 0.6307
vn 0.1637 0.7619 0.6266
vn 0.4412 0.5748 0.6892
vn 0.3514 0.7583 0.5490
vn 0.3491 0.7619 0.5455
vn 0.6325 0.5748 0.5192
vn 0.5038 0.7584 0.4136
vn 0.5005 0.7620 0.4109
vn 0.7314 0.3232 0.6005
vn 0.5102 0.3232 0.7970
vn 0.7314 -0.3232 0.6004
vn 0.5102 -0.3232 0.7970
vn 0.2392 -0.3232 0.9156
vn 0.2393 0.3232 0.9156
vn -0.0555 -0.3231 0.9447
vn -0.0555 0.3232 0.9447
vn -0.3449 -0.3232 0.8813
vn -0.3449 0.3232 0.8813
vn -0.6003 -0.3231 0.7316
vn -0.6003 0.3231 0.7316
vn -0.7970 -0.3231 0.5103
vn -0.5553 -0.7518 0.3556
vn -0.4183 -0.7518 0.5098
vn -0.4876 -0.6397 0.5942
vn -0.6473 -0.6397 0.4145
vn -0.2801 -0.6397 0.7157
vn -0.2403 -0.7518 0.6141
vn -0.0451 -0.6397 0.7673
vn -0.0387 -0.7518 0.6583
vn 0.1943 -0.6397 0.7436
vn 0.1667 -0.7518 0.6380
vn 0.4144 -0.6397 0.6473
vn 0.3555 -0.7518 0.5554
vn 0.5941 -0.6397 0.4877
vn 0.5097 -0.7518 0.4184
vn 0.7158 -0.6397 0.2801
vn 0.7673 -0.6397 0.0451
vn 0.8174 -0.4791 0.3198
vn 0.6784 -0.4792 0.5569
vn 0.8762 -0.4791 0.0516
vn 0.7437 -0.6397 -0.1941
vn 0.8493 -0.4792 -0.2217
vn 0.9135 -0.3297 -0.2384
vn 0.9424 -0.3298 0.0554
vn 0.8792 -0.3298 0.3439
vn 0.7392 -0.4792 -0.4733
vn 0.7952 -0.3294 -0.5091
vn 0.6473 -0.6397 -0.4144
vn 0.9620 -0.1075 -0.2511
vn 0.9925 -0.1075 0.0584
vn 0.9602 0.1232 -0.2507
vn 0.9907 0.1232 0.0583
vn 0.5989 -0.3294 -0.7299
vn 0.9242 0.1232 0.3616
vn 0.9259 -0.1075 0.3623
vn 0.7671 0.1232 0.6297
vn 0.7685 -0.1075 0.6308
vn 0.7297 -0.3298 0.5990
vn 0.5350 0.1231 0.8358
vn 0.5360 -0.1076 0.8373
vn 0.5090 -0.3294 0.7952
vn 0.4732 -0.4792 0.7392
vn 0.2219 -0.4792 0.8492
vn 0.2387 -0.3297 0.9134
vn -0.0554 -0.3294 0.9426
vn -0.0515 -0.4791 0.8762
vn -0.3441 -0.3294 0.8793
vn -0.3199 -0.4792 0.8173
vn -0.0583 -0.1075 0.9925
vn 0.2513 -0.1075 0.9619
vn -0.3623 -0.1075 0.9258
vn -0.6307 -0.1075 0.7686
vn -0.5989 -0.3294 0.7299
vn -0.5568 -0.4792 0.6785
vn -0.6294 0.1236 0.7672
vn -0.3617 0.1232 0.9241
vn -0.0582 0.1232 0.9907
vn -0.3423 0.3433 0.8746
vn -0.0551 0.3439 0.9374
vn -0.5958 0.3433 0.7261
vn -0.7908 0.3440 0.5063
vn -0.8357 0.1232 0.5351
vn -0.8373 -0.1075 0.5361
vn -0.7102 0.5375 0.4547
vn -0.5351 0.5371 0.6521
vn -0.3074 0.5374 0.7853
vn -0.4784 0.6567 0.5830
vn -0.2749 0.6567 0.7023
vn -0.6351 0.6567 0.4067
vn -0.8158 0.5377 0.2130
vn -0.9088 0.3433 0.2372
vn -0.7297 0.6567 0.1905
vn -0.5954 0.7072 0.3812
vn -0.6841 0.7072 0.1786
vn -0.4485 0.7072 0.5466
vn -0.5877 0.7162 0.3763
vn -0.4427 0.7162 0.5395
vn -0.6755 0.7160 0.1763
vn -0.2577 0.7072 0.6584
vn -0.2545 0.7159 0.6502
vn -0.0415 0.7073 0.7057
vn -0.0409 0.7163 0.6966
vn -0.0443 0.6567 0.7529
vn -0.0495 0.5371 0.8421
vn 0.2132 0.5371 0.8161
vn 0.1907 0.6566 0.7297
vn 0.1787 0.7072 0.6840
vn 0.4546 0.5375 0.7102
vn 0.4066 0.6566 0.6352
vn 0.3812 0.7072 0.5955
vn 0.1764 0.7162 0.6752
vn 0.3762 0.7162 0.5878
vn 0.5464 0.7073 0.4486
vn 0.5829 0.6567 0.4785
vn 0.6520 0.5371 0.5352
vn 0.7260 0.3433 0.5959
vn 0.5063 0.3436 0.7909
vn 0.2374 0.3439 0.9085
vn 0.2509 0.1231 0.9602
vn 0.3682 0.7304 0.5753
vn 0.1727 0.7304 0.6608
vn 0.3614 0.7420 0.5646
vn 0.1694 0.7421 0.6485
vn -0.0393 0.7422 0.6691
vn -0.0401 0.7300 0.6822
vn -0.2443 0.7422 0.6241
vn -0.2491 0.7301 0.6363
vn -0.4252 0.7421 0.5182
vn -0.4333 0.7304 0.5280
vn -0.5644 0.7421 0.3614
vn -0.5752 0.7304 0.3683
vn -0.6485 0.7421 0.1693
vn -0.6608 0.7304 0.1725
vn -0.6691 0.7421 -0.0394
vn -0.6818 0.7304 -0.0401
vn -0.6967 0.7162 -0.0410
vn -0.7058 0.7072 -0.0415
vn -0.6501 0.7160 -0.2544
vn -0.6583 0.7073 -0.2576
vn -0.6363 0.7302 -0.2490
vn -0.5280 0.7304 -0.4333
vn -0.5395 0.7162 -0.4427
vn -0.5465 0.7072 -0.4485
vn -0.3684 0.7302 -0.5755
vn -0.3762 0.7162 -0.5878
vn -0.3812 0.7072 -0.5955
vn -0.1725 0.7304 -0.6609
vn -0.1764 0.7158 -0.6757
vn -0.1786 0.7073 -0.6840
vn 0.0401 0.7302 -0.6821
vn 0.0410 0.7159 -0.6970
vn 0.0415 0.7072 -0.7058
vn 0.2490 0.7301 -0.6364
vn 0.2543 0.7162 -0.6499
vn 0.2576 0.7072 -0.6584
vn 0.4332 0.7304 -0.5280
vn 0.4427 0.7162 -0.5395
vn 0.4485 0.7072 -0.5466
vn 0.4252 0.7421 -0.5182
vn 0.2442 0.7421 -0.6242
vn 0.4457 0.7116 -0.5431
vn 0.5917 0.7116 -0.3788
vn 0.2560 0.7116 -0.6543
vn 0.6133 0.2555 -0.7474
vn 0.8142 0.2556 -0.5213
vn 0.6299 0.1180 -0.7677
vn 0.8362 0.1183 -0.5354
vn 0.6341 -0.0227 -0.7729
vn 0.8419 -0.0227 -0.5391
vn 0.6258 -0.1631 -0.7627
vn 0.6130 -0.2570 -0.7471
vn 0.3643 -0.0227 -0.9310
vn 0.3595 -0.1632 -0.9188
vn 0.3521 -0.2570 -0.9000
vn 0.3561 -0.2120 -0.9101
vn 0.6199 -0.2119 -0.7555
vn 0.3600 0.1550 -0.9200
vn 0.6266 0.1551 -0.7637
vn 0.3037 0.5524 -0.7763
vn 0.5288 0.5523 -0.6444
vn 0.0489 0.5524 -0.8321
vn 0.0580 0.1552 -0.9862
vn -0.2105 0.5524 -0.8065
vn -0.2495 0.1552 -0.9558
vn -0.2468 -0.2120 -0.9456
vn 0.0574 -0.2120 -0.9756
vn 0.0567 -0.2570 -0.9647
vn -0.2441 -0.2570 -0.9351
vn -0.2492 -0.1628 -0.9547
vn 0.0579 -0.1628 -0.9850
vn -0.2525 -0.0227 -0.9673
vn 0.0587 -0.0227 -0.9980
vn 0.0583 0.1180 -0.9913
vn 0.3618 0.1180 -0.9248
vn -0.2508 0.1180 -0.9608
vn -0.5354 0.1180 -0.8363
vn -0.5390 -0.0227 -0.8420
vn -0.5320 -0.1628 -0.8310
vn -0.5213 0.2554 -0.8143
vn -0.2442 0.2555 -0.9355
vn 0.0567 0.2555 -0.9651
vn -0.3788 0.7115 -0.5918
vn -0.1775 0.7116 -0.6798
vn 0.0412 0.7115 -0.7014
vn 0.3523 0.2555 -0.9004
vn 0.0393 0.7422 -0.6691
vn -0.1693 0.7421 -0.6485
vn -0.3614 0.7421 -0.5645
vn -0.5431 0.7116 -0.4458
vn -0.5181 0.7421 -0.4252
vn -0.6242 0.7421 -0.2442
vn -0.6543 0.7116 -0.2561
vn -0.9003 0.2557 -0.3523
vn -0.7474 0.2552 -0.6134
vn -0.9247 0.1185 -0.3618
vn -0.7676 0.1180 -0.6300
vn -0.9310 -0.0227 -0.3643
vn -0.7728 -0.0227 -0.6342
vn -0.9187 -0.1633 -0.3595
vn -0.7626 -0.1632 -0.6259
vn -0.7470 -0.2570 -0.6131
vn -0.5210 -0.2570 -0.8139
vn -0.9000 -0.2570 -0.3522
vn -0.9980 -0.0227 -0.0587
vn -0.9850 -0.1627 -0.0580
vn -0.9648 -0.2570 -0.0568
vn -0.9673 -0.0227 0.2525
vn -0.9546 -0.1631 0.2492
vn -0.9351 -0.2570 0.2441
vn -0.8419 -0.0227 0.5391
vn -0.8308 -0.1634 0.5320
vn -0.8139 -0.2570 0.5211
vn -0.6342 -0.0227 0.7729
vn -0.6259 -0.1627 0.7628
vn -0.6130 -0.2570 0.7471
vn -0.3644 -0.0227 0.9310
vn -0.3596 -0.1632 0.9187
vn -0.3522 -0.2570 0.8999
vn -0.0587 -0.0227 0.9980
vn -0.0579 -0.1631 0.9849
vn -0.0567 -0.2570 0.9647
vn 0.2527 -0.0228 0.9673
vn 0.2494 -0.1633 0.9545
vn 0.2443 -0.2570 0.9350
vn 0.2471 -0.2120 0.9455
vn -0.0574 -0.2119 0.9756
vn -0.0580 0.1551 0.9862
vn 0.2498 0.1551 0.9558
vn 0.5326 0.1551 0.8320
vn 0.7636 0.1552 0.6268
vn 0.2107 0.5524 0.8065
vn -0.0489 0.5524 0.8321
vn -0.3038 0.5524 0.7763
vn -0.3600 0.1552 0.9199
vn -0.3562 -0.2120 0.9101
vn -0.5288 0.5524 0.6444
vn -0.6266 0.1552 0.7637
vn -0.6199 -0.2120 0.7555
vn -0.7020 0.5524 0.4495
vn -0.8320 0.1552 0.5327
vn -0.8230 -0.2120 0.5270
vn -0.9456 -0.2120 0.2468
vn -0.9559 0.1552 0.2495
vn -0.9756 -0.2120 -0.0574
vn -0.9862 0.1552 -0.0580
vn -0.8321 0.5525 -0.0490
vn -0.8065 0.5524 0.2106
vn -0.4816 0.8203 0.3084
vn -0.2432 0.9574 0.1557
vn -0.2287 0.9624 0.1464
vn -0.4298 0.8600 0.2752
vn -0.7763 0.5524 -0.3037
vn -0.9200 0.1551 -0.3600
vn -0.6444 0.5524 -0.5288
vn -0.7637 0.1552 -0.6267
vn -0.4494 0.5524 -0.7021
vn -0.5326 0.1551 -0.8320
vn -0.7554 -0.2120 -0.6200
vn -0.5269 -0.2120 -0.8231
vn -0.9101 -0.2119 -0.3561
vn -0.0583 0.1183 0.9913
vn 0.2510 0.1180 0.9608
vn -0.0567 0.2555 0.9651
vn 0.2444 0.2555 0.9354
vn 0.5213 0.2553 0.8143
vn 0.1777 0.7116 0.6798
vn 0.3788 0.7116 0.5918
vn -0.0412 0.7116 0.7014
vn -0.2560 0.7116 0.6543
vn -0.3524 0.2553 0.9004
vn -0.3619 0.1185 0.9247
vn -0.6133 0.2555 0.7474
vn -0.4457 0.7116 0.5432
vn -0.6299 0.1183 0.7676
vn -0.8142 0.2553 0.5214
vn -0.5917 0.7116 0.3789
vn -0.8363 0.1180 0.5355
vn -0.9608 0.1180 0.2508
vn -0.9355 0.2554 0.2442
vn -0.9913 0.1180 -0.0583
vn -0.9651 0.2556 -0.0568
vn -0.7014 0.7116 -0.0413
vn -0.6798 0.7116 0.1775
vn 0.0443 0.6566 -0.7529
vn 0.0495 0.5375 -0.8418
vn -0.2130 0.5375 -0.8159
vn -0.1905 0.6566 -0.7298
vn -0.4546 0.5376 -0.7101
vn -0.4066 0.6566 -0.6352
vn -0.6520 0.5371 -0.5351
vn -0.5830 0.6567 -0.4784
vn -0.7023 0.6567 -0.2748
vn -0.7855 0.5371 -0.3074
vn -0.7258 0.3439 -0.5957
vn -0.8746 0.3433 -0.3422
vn -0.8421 0.5371 -0.0496
vn -0.7529 0.6567 -0.0443
vn -0.9375 0.3437 -0.0552
vn -0.9907 0.1232 -0.0583
vn -0.9602 0.1232 0.2507
vn -0.9242 0.1232 -0.3616
vn -0.7671 0.1232 -0.6296
vn -0.7950 -0.3300 0.5090
vn -0.7392 -0.4792 0.4733
vn 0.5567 -0.4792 -0.6785
vn 0.3440 -0.3294 -0.8793
vn 0.3198 -0.4792 -0.8174
vn 0.4875 -0.6397 -0.5942
vn 0.2800 -0.6397 -0.7158
vn 0.0451 -0.6397 -0.7673
vn -0.1941 -0.6397 -0.7437
vn -0.4144 -0.6397 -0.6473
vn -0.5941 -0.6397 -0.4876
vn 0.7347 0.3104 0.6032
vn 0.8852 0.3106 0.3463
vn 0.5125 0.3105 0.8006
vn 0.9489 0.3105 0.0558
vn 0.7729 0.0083 0.6345
vn 0.9312 0.0083 0.3643
vn 0.9982 0.0082 0.0587
vn 0.9313 -0.0000 0.3644
vn 0.9983 -0.0000 0.0587
vn 0.7729 -0.0000 0.6345
vn 0.9675 0.0083 -0.2526
vn 0.9198 0.3105 -0.2401
vn 0.8421 0.0082 -0.5392
vn 0.8005 0.3105 -0.5126
vn -0.0000 -1.0000 -0.0000
vn 0.5391 -0.0000 0.8422
vn -0.8422 -0.0000 0.5392
vn -0.9982 0.0082 -0.0587
vn -0.9312 0.0083 -0.3644
vn -0.9675 0.0082 0.2526
vn -0.9489 0.3106 -0.0558
vn -0.8852 0.3106 -0.3464
vn -0.9198 0.3104 0.2401
vn -0.8005 0.3105 0.5126
vn -0.8421 0.0082 0.5392
vn -0.6030 0.3105 0.7348
vn -0.6343 0.0083 0.7730
vn -0.3645 0.0082 0.9312
vn -0.3645 -0.0000 0.9312
vn -0.3464 0.3105 0.8852
vn -0.0587 0.0082 0.9982
vn -0.0587 -0.0000 0.9983
vn -0.0558 0.3106 0.9489
vn 0.2404 0.3104 0.9197
vn 0.2528 0.0082 0.9675
vn 0.5391 0.0083 0.8422
vn 0.2528 -0.0000 0.9675
vn -0.7348 0.3105 -0.6030
vn -0.7730 0.0083 -0.6344
vn -0.5125 0.3105 -0.8006
vn -0.5391 0.0083 -0.8422
vn -0.2401 0.3104 -0.9198
vn -0.2526 0.0082 -0.9675
vn 0.0558 0.3105 -0.9489
vn 0.0587 0.0082 -0.9982
vn 0.3463 0.3105 -0.8852
vn 0.3643 0.0083 -0.9312
vn 0.6030 0.3105 -0.7349
vn 0.6343 0.0082 -0.7731
vn 0.3643 -0.0000 -0.9313
vn 0.0587 -0.0000 -0.9983
vn -0.5391 -0.0000 -0.8422
vn -0.7730 -0.0000 -0.6344
vn 0.2205 -0.9584 0.1810
vn 0.4031 -0.8532 0.3309
vn 0.2657 -0.9584 0.1040
vn 0.4857 -0.8532 0.1900
vn 0.1608 -0.9850 0.0629
vn 0.3839 -0.9111 0.1502
vn 0.4116 -0.9110 0.0242
vn 0.1724 -0.9850 0.0102
vn 0.2848 -0.9584 0.0168
vn 0.9643 -0.2587 0.0567
vn 0.9078 -0.4159 0.0534
vn 0.9421 0.2280 -0.2459
vn 0.8982 0.3719 -0.2345
vn 0.7818 0.3719 -0.5005
vn 0.5888 0.3719 -0.7176
vn 0.5294 -0.7286 0.4346
vn 0.6288 -0.5816 0.5161
vn -0.2205 -0.9585 -0.1810
vn -0.9015 -0.3632 0.2353
vn 0.5997 0.6310 0.4922
vn 0.4183 0.6309 0.6534
vn 0.1961 0.6309 0.7506
vn -0.0456 0.6310 0.7745
vn -0.2827 0.6310 0.7225
vn -0.4921 0.6309 0.5998
vn -0.6534 0.6310 0.4183
vn -0.7248 0.5093 0.4641
vn -0.6331 -0.5737 -0.5196
vn -0.4417 -0.5736 -0.6899
vn -0.5316 -0.1665 -0.8305
vn -0.7623 -0.1665 -0.6255
vn -0.7020 0.4188 -0.5761
vn -0.4896 0.4187 -0.7648
vn -0.2491 -0.1663 -0.9541
vn -0.2069 -0.5736 -0.7926
vn -0.2294 0.4188 -0.8786
vn -0.7078 0.4020 -0.5809
vn -0.4937 0.4018 -0.7712
vn -0.2313 0.4019 -0.8860
vn 0.0533 0.4188 -0.9065
vn 0.0578 -0.1664 -0.9844
vn 0.0538 0.4019 -0.9141
vn -0.2373 0.3423 -0.9091
vn 0.0552 0.3423 -0.9380
vn -0.5066 0.3423 -0.7913
vn -0.2412 0.2969 -0.9239
vn 0.0561 0.2969 -0.9533
vn -0.5148 0.2969 -0.8042
vn -0.2421 0.2845 -0.9276
vn 0.0563 0.2846 -0.9570
vn -0.5169 0.2845 -0.8074
vn -0.2457 0.2321 -0.9412
vn 0.0571 0.2321 -0.9710
vn -0.5245 0.2321 -0.8192
vn -0.7617 0.1707 -0.6251
vn -0.7519 0.2321 -0.6170
vn -0.7411 0.2845 -0.6081
vn -0.9058 0.2321 -0.3544
vn -0.8927 0.2846 -0.3493
vn -0.9176 0.1705 -0.3591
vn -0.9837 0.1703 -0.0579
vn -0.9710 0.2321 -0.0572
vn -0.9412 0.2321 0.2457
vn -0.9570 0.2846 -0.0563
vn -0.9276 0.2845 0.2421
vn -0.8892 0.2969 -0.3480
vn -0.8750 0.3423 -0.3424
vn -0.7382 0.2969 -0.6058
vn -0.7263 0.3424 -0.5960
vn 0.3544 0.2321 -0.9058
vn 0.3493 0.2846 -0.8928
vn 0.6170 0.2321 -0.7520
vn 0.6081 0.2846 -0.7411
vn 0.3479 0.2969 -0.8893
vn 0.6057 0.2969 -0.7382
vn 0.8192 0.2321 -0.5245
vn 0.8074 0.2845 -0.5169
vn 0.8042 0.2969 -0.5149
vn 0.5960 0.3423 -0.7264
vn 0.3423 0.3423 -0.8750
vn 0.7913 0.3423 -0.5066
vn 0.9239 0.2969 -0.2412
vn 0.9091 0.3424 -0.2373
vn 0.9276 0.2846 -0.2421
vn 0.9533 0.2969 0.0561
vn 0.9380 0.3423 0.0552
vn 0.9570 0.2845 0.0563
vn 0.9412 0.2321 -0.2457
vn 0.9710 0.2321 0.0571
vn 0.9534 0.1706 -0.2489
vn 0.9836 0.1708 0.0579
vn 0.8298 0.1705 -0.5313
vn 0.9058 0.2322 0.3544
vn 0.7519 0.2321 0.6171
vn 0.7410 0.2845 0.6082
vn 0.8928 0.2845 0.3493
vn 0.8893 0.2969 0.3479
vn 0.7381 0.2969 0.6058
vn 0.5169 0.2845 0.8074
vn 0.5149 0.2969 0.8042
vn 0.5245 0.2320 0.8192
vn 0.2423 0.2845 0.9276
vn 0.2413 0.2969 0.9239
vn 0.2458 0.2321 0.9411
vn 0.2375 0.3424 0.9091
vn 0.5066 0.3424 0.7913
vn 0.2315 0.4019 0.8859
vn 0.4937 0.4019 0.7712
vn -0.0538 0.4020 0.9141
vn 0.7262 0.3424 0.5961
vn 0.7078 0.4017 0.5810
vn 0.8750 0.3424 0.3423
vn 0.8527 0.4019 0.3336
vn 0.9141 0.4020 0.0538
vn 0.8861 0.4017 -0.2313
vn 0.8457 0.4188 0.3308
vn 0.9065 0.4188 0.0533
vn 0.8786 0.4188 -0.2294
vn 0.9844 -0.1662 0.0580
vn 0.9541 -0.1661 -0.2491
vn 0.9183 -0.1663 0.3593
vn 0.7019 0.4188 0.5761
vn 0.7622 -0.1662 0.6256
vn 0.6330 -0.5738 0.5196
vn 0.7627 -0.5739 0.2984
vn 0.8176 -0.5738 0.0481
vn 0.7770 -0.5959 -0.2029
vn 0.7925 -0.5738 -0.2068
vn 0.6897 -0.5738 -0.4416
vn 0.8305 -0.1661 -0.5317
vn 0.6763 -0.5959 -0.4330
vn 0.5094 -0.5958 -0.6209
vn 0.5195 -0.5738 -0.6332
vn 0.2984 -0.5738 -0.7627
vn 0.0481 -0.5737 -0.8177
vn 0.6255 -0.1661 -0.7623
vn 0.3593 -0.1663 -0.9183
vn 0.5760 0.4188 -0.7020
vn 0.3308 0.4188 -0.8457
vn 0.3336 0.4018 -0.8528
vn 0.5809 0.4018 -0.7079
vn 0.7648 0.4188 -0.4896
vn 0.7712 0.4017 -0.4938
vn 0.5317 -0.1663 0.8305
vn 0.4416 -0.5737 0.6898
vn 0.2492 -0.1663 0.9541
vn 0.2071 -0.5737 0.7925
vn 0.2295 0.4188 0.8786
vn 0.4896 0.4188 0.7648
vn -0.0532 0.4188 0.9065
vn -0.0579 -0.1662 0.9844
vn -0.3309 0.4188 0.8456
vn -0.3594 -0.1661 0.9183
vn -0.5760 0.4188 0.7020
vn -0.6255 -0.1662 0.7623
vn -0.2985 -0.5737 0.7627
vn -0.5195 -0.5737 0.6332
vn -0.6898 -0.5737 0.4417
vn -0.6764 -0.5957 0.4331
vn -0.5095 -0.5958 0.6209
vn -0.2927 -0.5958 0.7479
vn -0.0472 -0.5958 0.8018
vn -0.0481 -0.5737 0.8177
vn 0.5596 0.4709 -0.6820
vn 0.3215 0.4708 -0.8216
vn 0.0518 0.4708 -0.8807
vn -0.2228 0.4708 -0.8536
vn -0.4757 0.4709 -0.7430
vn -0.6820 0.4708 -0.5596
vn -0.8216 0.4708 -0.3215
vn -0.8808 0.4707 -0.0519
vn -0.8537 0.4707 0.2229
vn -0.7430 0.4707 0.4757
vn -0.5597 0.4707 0.6821
vn -0.3215 0.4708 0.8216
vn -0.0519 0.4708 0.8807
vn 0.2228 0.4707 0.8537
vn 0.4757 0.4708 0.7430
vn -0.5645 -0.7953 -0.2209
vn -0.6052 -0.7953 -0.0356
vn -0.3218 -0.9466 -0.0189
vn -0.3002 -0.9466 -0.1174
vn -0.4449 -0.8952 -0.0262
vn -0.4150 -0.8952 -0.1624
vn -0.7460 -0.6645 -0.0439
vn -0.6959 -0.6645 -0.2723
vn -0.9023 -0.2476 -0.3530
vn -0.9672 -0.2476 -0.0569
vn -0.9374 -0.2476 0.2447
vn -0.7231 -0.6645 0.1888
vn -0.4312 -0.8952 0.1126
vn -0.6293 -0.6645 0.4029
vn -0.3753 -0.8952 0.2403
vn -0.8160 -0.2476 0.5224
vn -0.6146 -0.2476 0.7490
vn -0.4740 -0.6645 0.5777
vn -0.3530 -0.2476 0.9023
vn -0.2723 -0.6645 0.6959
vn -0.3614 0.1284 0.9235
vn -0.6291 0.1283 0.7667
vn -0.8352 0.1282 0.5348
vn -0.0583 0.1283 0.9900
vn -0.0569 -0.2476 0.9672
vn 0.2447 -0.2476 0.9374
vn 0.2505 0.1283 0.9596
vn 0.2248 0.4557 0.8613
vn -0.0523 0.4557 0.8886
vn -0.3243 0.4557 0.8289
vn 0.4800 0.4557 0.7496
vn 0.5347 0.1284 0.8352
vn 0.7667 0.1284 0.6291
vn 0.6881 0.4557 0.5646
vn 0.4888 0.7747 0.4011
vn 0.3410 0.7747 0.5325
vn 0.1597 0.7747 0.6118
vn 0.5889 0.7747 0.2304
vn 0.8289 0.4557 0.3244
vn 0.9235 0.1284 0.3614
vn 0.8886 0.4557 0.0523
vn 0.9900 0.1284 0.0583
vn 0.6313 0.7747 0.0372
vn 0.3366 0.9002 0.2762
vn 0.6118 0.7747 -0.1597
vn 0.8613 0.4557 -0.2248
vn 0.5325 0.7747 -0.3410
vn 0.7496 0.4557 -0.4800
vn 0.9596 0.1284 -0.2505
vn 0.8352 0.1283 -0.5348
vn 0.9374 -0.2476 -0.2447
vn 0.8159 -0.2476 -0.5224
vn 0.9672 -0.2476 0.0569
vn 0.7230 -0.6645 -0.1888
vn 0.6293 -0.6645 -0.4030
vn 0.7460 -0.6645 0.0439
vn 0.4312 -0.8952 -0.1126
vn 0.3753 -0.8952 -0.2403
vn 0.4449 -0.8952 0.0262
vn 0.6959 -0.6645 0.2723
vn 0.4150 -0.8952 0.1624
vn 0.5777 -0.6645 0.4740
vn 0.3445 -0.8952 0.2827
vn 0.2492 -0.9466 0.2044
vn 0.2403 -0.8952 0.3753
vn 0.1738 -0.9466 0.2714
vn 0.3269 -0.7953 0.5106
vn 0.0814 -0.9466 0.3119
vn 0.1531 -0.7953 0.5866
vn -0.0189 -0.9466 0.3218
vn -0.0356 -0.7953 0.6052
vn -0.1174 -0.9466 0.3002
vn -0.2209 -0.7953 0.5646
vn -0.2045 -0.9466 0.2492
vn -0.3846 -0.7953 0.4687
vn -0.2715 -0.9466 0.1738
vn -0.5105 -0.7953 0.3269
vn -0.3119 -0.9466 0.0814
vn -0.5866 -0.7953 0.1531
vn -0.2827 -0.8952 0.3445
vn -0.1624 -0.8952 0.4150
vn -0.0262 -0.8952 0.4449
vn -0.0439 -0.6645 0.7460
vn 0.1887 -0.6645 0.7231
vn 0.1126 -0.8952 0.4312
vn 0.4029 -0.6645 0.6293
vn 0.5224 -0.2476 0.8159
vn 0.7490 -0.2476 0.6146
vn 0.9022 -0.2476 0.3530
vn 0.2827 -0.8952 -0.3445
vn 0.4740 -0.6645 -0.5777
vn 0.2723 -0.6645 -0.6959
vn 0.1624 -0.8952 -0.4150
vn 0.0439 -0.6645 -0.7460
vn 0.0262 -0.8952 -0.4449
vn 0.0569 -0.2476 -0.9672
vn 0.3530 -0.2476 -0.9023
vn 0.0583 0.1284 -0.9900
vn 0.3614 0.1283 -0.9236
vn 0.6146 -0.2476 -0.7490
vn 0.6291 0.1283 -0.7667
vn 0.3244 0.4557 -0.8289
vn 0.5646 0.4557 -0.6882
vn 0.4011 0.7747 -0.4888
vn 0.3484 0.8927 0.2859
vn 0.2348 0.9002 0.3668
vn 0.2430 0.8927 0.3796
vn 0.1138 0.8927 0.4361
vn 0.1100 0.9002 0.4214
vn 0.4571 0.8065 0.3750
vn 0.3189 0.8064 0.4980
vn 0.1494 0.8063 0.5723
vn -0.0265 0.8927 0.4499
vn -0.0256 0.9002 0.4347
vn -0.0348 0.8063 0.5904
vn -0.0406 0.7222 0.6905
vn 0.1747 0.7222 0.6693
vn 0.3730 0.7222 0.5825
vn 0.5347 0.7222 0.4387
vn -0.2520 0.7223 0.6441
vn -0.2154 0.8066 0.5505
vn -0.4388 0.7221 0.5348
vn -0.3751 0.8065 0.4571
vn -0.7280 0.5027 0.4661
vn -0.5825 0.7222 0.3730
vn -0.4981 0.8064 0.3189
vn -0.2859 0.8927 0.3484
vn -0.1642 0.8927 0.4197
vn -0.3795 0.8927 0.2430
vn -0.6692 0.7222 0.1747
vn -0.5722 0.8064 0.1494
vn -0.4361 0.8927 0.1138
vn -0.4214 0.9002 0.1100
vn -0.3668 0.9002 0.2348
vn -0.2762 0.9002 0.3366
vn -0.6118 0.7747 0.1597
vn -0.5325 0.7747 0.3410
vn -0.4011 0.7747 0.4888
vn -0.1587 0.9002 0.4055
vn -0.2304 0.7747 0.5889
vn -0.0372 0.7747 0.6313
vn -0.5646 0.4557 0.6882
vn -0.7496 0.4557 0.4800
vn -0.8613 0.4557 0.2248
vn -0.9596 0.1283 0.2505
vn -0.8886 0.4557 -0.0523
vn -0.9900 0.1283 -0.0583
vn -0.9236 0.1282 -0.3614
vn -0.8290 0.4557 -0.3244
vn -0.6313 0.7747 -0.0372
vn -0.5889 0.7747 -0.2304
vn -0.4347 0.9002 -0.0256
vn -0.4055 0.9002 -0.1587
vn -0.4499 0.8927 -0.0265
vn -0.5903 0.8064 -0.0347
vn -0.6905 0.7222 -0.0407
vn -0.8630 0.5026 -0.0508
vn -0.8364 0.5027 0.2184
vn -0.8036 0.2993 0.5145
vn -0.8421 0.0033 0.5392
vn -0.0481 0.5736 0.8177
vn 0.2069 0.5735 0.7926
vn -0.2472 0.7347 0.6317
vn -0.0399 0.7347 0.6772
vn 0.1713 0.7347 0.6564
vn 0.3658 0.7347 0.5713
vn 0.4245 0.6162 0.6634
vn 0.1665 0.6822 0.7120
vn 0.3495 -0.7615 0.5458
vn 0.1800 -0.7405 0.6475
vn -0.0343 -0.6238 0.7808
vn -0.0585 0.7829 0.6194
vn -0.2127 0.8386 0.5015
vn -0.3424 -0.3080 0.8876
vn -0.0618 -0.7176 0.6937
vn 0.1619 -0.7227 0.6719
vn -0.2752 -0.7116 0.6465
vn -0.4584 -0.7068 0.5387
vn -0.6327 0.0793 0.7704
vn -0.3241 0.8649 0.3833
vn -0.3231 -0.5583 0.7641
vn -0.5389 -0.5533 0.6352
vn -0.0712 -0.5648 0.8221
vn -0.3580 -0.3919 0.8475
vn -0.5963 -0.3875 0.7031
vn -0.0788 -0.3976 0.9141
vn 0.1937 -0.5702 0.7983
vn 0.2161 -0.4025 0.8896
vn 0.3716 -0.7247 0.5803
vn 0.4422 -0.5724 0.6906
vn 0.4932 -0.4044 0.7702
vn 0.6440 -0.5702 0.5100
vn 0.7175 -0.4025 0.5685
vn 0.5189 -0.2718 0.8105
vn 0.2273 -0.2704 0.9355
vn 0.7546 -0.2704 0.5980
vn 0.5342 -0.1365 0.8343
vn 0.2340 -0.1357 0.9627
vn 0.7764 -0.1358 0.6154
vn 0.8632 -0.3976 0.3109
vn 0.9067 -0.2668 0.3267
vn 0.9323 -0.1338 0.3360
vn 0.7837 -0.0000 0.6212
vn 0.9408 -0.0000 0.3390
vn 0.7765 0.1357 0.6154
vn 0.5342 0.1365 0.8343
vn 0.9323 0.1339 0.3361
vn 0.7546 0.2704 0.5980
vn 0.5189 0.2718 0.8105
vn 0.9067 0.2667 0.3267
vn 0.7175 0.4025 0.5685
vn 0.4932 0.4044 0.7702
vn 0.8632 0.3977 0.3110
vn 0.9908 0.1316 0.0320
vn 0.9644 0.2626 0.0310
vn 0.9195 0.3919 0.0295
vn 0.8548 0.5182 0.0273
vn 0.8009 0.5247 0.2884
vn 0.6646 0.5302 0.5265
vn 0.9304 0.2592 -0.2591
vn 0.8881 0.3874 -0.2474
vn 0.8268 0.5131 -0.2304
vn 0.7690 0.6388 0.0244
vn 0.7188 0.6453 0.2586
vn 0.7452 0.6337 -0.2078
vn 0.7238 0.5112 -0.4635
vn 0.6528 0.6318 -0.4180
vn 0.7733 0.3614 -0.5209
vn 0.5627 0.7440 -0.3603
vn 0.6418 0.7456 -0.1791
vn 0.6610 0.7501 0.0207
vn 0.5237 0.8392 -0.1467
vn 0.5385 0.8425 0.0159
vn 0.4596 0.8380 -0.2943
vn 0.5005 0.6337 -0.5898
vn 0.4312 0.7457 -0.5080
vn 0.3524 0.8392 -0.4142
vn 0.3254 0.9223 -0.2083
vn 0.3703 0.9231 -0.1039
vn 0.2493 0.9231 -0.2929
vn 0.2109 0.8425 -0.4958
vn 0.1490 0.9249 -0.3498
vn 0.2578 0.7501 -0.6090
vn 0.2416 0.9276 -0.2849
vn 0.1437 0.9294 -0.3400
vn 0.3160 0.9269 -0.2023
vn 0.2362 0.9308 -0.2789
vn 0.1401 0.9325 -0.3328
vn 0.3092 0.9302 -0.1980
vn 0.3521 0.9308 -0.0978
vn 0.3599 0.9276 -0.1002
vn 0.3609 0.9325 0.0120
vn 0.3690 0.9294 0.0118
vn 0.3800 0.9249 0.0110
vn 0.3344 0.9346 0.1210
vn 0.3420 0.9316 0.1232
vn 0.3527 0.9272 0.1258
vn 0.2750 0.9363 0.2183
vn 0.2813 0.9334 0.2229
vn 0.2903 0.9291 0.2290
vn 0.5012 0.8466 0.1791
vn 0.4134 0.8500 0.3265
vn 0.2829 0.8513 0.4419
vn 0.1984 0.9299 0.3098
vn 0.1926 0.9341 0.3008
vn 0.3491 0.7621 0.5453
vn 0.5093 0.7603 0.4032
vn 0.6164 0.7557 0.2215
vn 0.4085 0.6528 0.6380
vn 0.5953 0.6507 0.4714
vn 0.4565 0.5324 0.7129
vn 0.1790 0.6507 0.7379
vn 0.1530 0.7603 0.6313
vn 0.2000 0.5302 0.8239
vn -0.0660 0.6453 0.7611
vn -0.0568 0.7557 0.6525
vn -0.0733 0.5247 0.8481
vn 0.1235 0.8500 0.5121
vn -0.0471 0.8466 0.5302
vn -0.2997 0.6388 0.7086
vn -0.2578 0.7501 0.6090
vn -0.2109 0.8425 0.4958
vn -0.4312 0.7456 0.5080
vn -0.3524 0.8392 0.4142
vn -0.5005 0.6337 0.5898
vn -0.5553 0.5131 0.6546
vn -0.3330 0.5182 0.7878
vn -0.5963 0.3874 0.7031
vn -0.3580 0.3919 0.8475
vn -0.0788 0.3976 0.9141
vn 0.2161 0.4025 0.8895
vn -0.0827 0.2668 0.9602
vn 0.2273 0.2704 0.9355
vn -0.3754 0.2625 0.8889
vn 0.2340 0.1358 0.9627
vn -0.0850 0.1338 0.9874
vn 0.2363 -0.0000 0.9717
vn -0.0858 -0.0000 0.9963
vn -0.3856 0.1316 0.9132
vn -0.3889 -0.0000 0.9213
vn -0.3856 -0.1316 0.9132
vn -0.0849 -0.1339 0.9874
vn -0.0827 -0.2667 0.9602
vn -0.3754 -0.2625 0.8889
vn -0.6412 -0.1299 0.7563
vn -0.6467 -0.0000 0.7628
vn -0.6247 -0.2592 0.7366
vn -0.8136 -0.2580 0.5210
vn -0.8351 -0.1292 0.5347
vn -0.9552 -0.1299 0.2660
vn -0.9634 -0.0000 0.2682
vn -0.9304 -0.2593 0.2591
vn -0.6413 0.1298 0.7562
vn -0.8421 0.1545 0.5167
vn -0.9450 0.1615 0.2843
vn -0.9908 -0.1317 -0.0321
vn -0.9995 -0.0000 -0.0324
vn -0.9910 0.1283 -0.0393
vn -0.8325 0.2612 0.4886
vn -0.9360 0.3447 0.0713
vn -0.9683 0.2394 -0.0710
vn -0.9407 -0.0000 -0.3392
vn -0.9322 0.1339 -0.3361
vn -0.9046 0.2612 -0.3369
vn -0.8708 0.3386 -0.3565
vn -0.9324 0.3316 -0.1436
vn 0.2368 0.9011 0.3632
vn 0.2360 0.9014 0.3631
vn 0.2403 0.8996 0.3648
vn 0.2403 0.8995 0.3649
vn 0.2396 0.8959 0.3741
vn -0.8882 0.4379 0.1390
vn -0.4331 0.5959 -0.6763
vn -0.4330 0.5960 -0.6762
vn 0.2339 0.9020 0.3630
vn 0.2338 0.9020 0.3630
vn -0.4330 0.5961 -0.6762
vn -0.2219 -0.9092 -0.3523
vn -0.2227 -0.9090 -0.3524
vn -0.2246 -0.9084 -0.3526
vn -0.2245 -0.9085 -0.3526
vn -0.2198 -0.9104 -0.3504
vn -0.2194 -0.9102 -0.3513
vn -0.8867 0.4572 0.0685
vn -0.8405 0.5417 0.0054
vn -0.7688 0.5905 -0.2453
vn -0.7683 0.6397 -0.0218
vn -0.7175 0.6507 -0.2486
vn -0.5914 0.6648 -0.4564
vn -0.6468 0.5987 -0.4725
vn -0.6164 0.7557 -0.2215
vn -0.5093 0.7603 -0.4032
vn -0.6610 0.7501 -0.0207
vn -0.7452 0.6337 0.2078
vn -0.6418 0.7457 0.1791
vn -0.8198 0.5185 0.2429
vn -0.5385 0.8425 -0.0159
vn -0.5012 0.8466 -0.1791
vn -0.5237 0.8392 0.1467
vn -0.3800 0.9249 -0.0110
vn -0.3528 0.9272 -0.1258
vn -0.3704 0.9231 0.1039
vn -0.3420 0.9316 -0.1232
vn -0.3690 0.9294 -0.0118
vn -0.3599 0.9276 0.1002
vn -0.3344 0.9346 -0.1209
vn -0.3609 0.9325 -0.0120
vn -0.3521 0.9308 0.0978
vn -0.3325 0.9431 -0.0098
vn -0.3085 0.9448 -0.1102
vn -0.3241 0.9416 0.0908
vn -0.1914 0.9815 -0.0056
vn -0.1776 0.9820 -0.0634
vn -0.1866 0.9810 0.0523
vn -0.0551 0.9985 -0.0015
vn -0.0512 0.9985 -0.0182
vn -0.0537 0.9984 0.0151
vn -0.0564 0.9984 -0.0021
vn -0.0518 0.9985 -0.0190
vn -0.0554 0.9983 0.0152
vn -0.6451 -0.7197 -0.2567
vn -0.5142 -0.8571 -0.0308
vn -0.4027 -0.9092 0.1055
vn -0.6280 -0.7778 -0.0254
vn -0.6908 -0.6774 -0.2529
vn -0.5414 -0.8278 0.1473
vn -0.3256 -0.9222 0.2087
vn -0.4539 -0.8423 0.2906
vn -0.0487 0.9983 0.0312
vn -0.3603 -0.8277 0.4301
vn -0.2657 -0.9092 0.3205
vn -0.0370 0.9984 0.0439
vn -0.0472 0.9984 0.0302
vn -0.0362 0.9984 0.0424
vn -0.1256 0.9810 0.1476
vn -0.1640 0.9809 0.1050
vn -0.0750 0.9815 0.1762
vn -0.0217 0.9985 0.0507
vn -0.0217 0.9984 0.0521
vn -0.0167 0.9821 0.1878
vn -0.0049 0.9985 0.0541
vn -0.0044 0.9985 0.0550
vn 0.0436 0.9825 0.1810
vn 0.0125 0.9986 0.0522
vn 0.0130 0.9985 0.0526
vn 0.0999 0.9827 0.1560
vn 0.0288 0.9986 0.0449
vn 0.0290 0.9986 0.0453
vn -0.0367 -0.7198 0.6932
vn 0.2270 -0.4893 0.8421
vn 0.5015 -0.3677 0.7832
vn 0.0422 0.9986 0.0332
vn 0.0423 0.9985 0.0338
vn 0.6697 -0.4892 0.5587
vn 0.4797 -0.4566 0.7492
vn 0.1998 -0.5360 0.8202
vn 0.6612 -0.5361 0.5249
vn 0.6455 -0.7198 0.2555
vn 0.6906 -0.6775 0.2532
vn 0.0518 0.9985 0.0190
vn 0.5143 -0.8571 0.0292
vn 0.6280 -0.7778 0.0254
vn 0.0564 0.9984 0.0021
vn 0.0512 0.9985 0.0181
vn 0.0551 0.9985 0.0015
vn 0.0537 0.9984 -0.0151
vn 0.0554 0.9983 -0.0152
vn 0.4026 -0.9093 -0.1055
vn 0.1866 0.9810 -0.0523
vn 0.1914 0.9815 0.0056
vn 0.1776 0.9821 0.0634
vn 0.3325 0.9431 0.0098
vn 0.3085 0.9448 0.1102
vn 0.3241 0.9416 -0.0908
vn 0.2847 0.9411 -0.1823
vn 0.1640 0.9809 -0.1050
vn 0.0472 0.9984 -0.0302
vn 0.2181 0.9416 -0.2564
vn 0.1256 0.9810 -0.1476
vn 0.1302 0.9431 -0.3061
vn 0.0750 0.9815 -0.1762
vn 0.0301 0.9346 -0.3544
vn 0.0290 0.9448 -0.3263
vn 0.0167 0.9821 -0.1878
vn -0.0831 0.9364 -0.3410
vn -0.0758 0.9463 -0.3143
vn -0.0436 0.9825 -0.1810
vn 0.0217 0.9985 -0.0507
vn 0.0049 0.9985 -0.0541
vn -0.0125 0.9986 -0.0522
vn -0.0999 0.9827 -0.1560
vn -0.0288 0.9986 -0.0449
vn -0.1735 0.9468 -0.2709
vn -0.0130 0.9985 -0.0526
vn 0.0044 0.9985 -0.0550
vn -0.0290 0.9986 -0.0453
vn -0.1461 0.9825 -0.1154
vn -0.0421 0.9986 -0.0332
vn -0.0423 0.9985 -0.0338
vn -0.2271 -0.4891 -0.8422
vn -0.5014 -0.3676 -0.7832
vn -0.6698 -0.4891 -0.5587
vn -0.6613 -0.5361 -0.5247
vn -0.4797 -0.4566 -0.7493
vn -0.5126 0.3102 -0.8006
vn -0.7349 0.3102 -0.6031
vn -0.8853 0.3101 -0.3464
vn -0.9490 0.3102 -0.0559
vn -0.9050 -0.2357 -0.3541
vn -0.9701 -0.2357 -0.0571
vn -0.7513 -0.2356 -0.6164
vn -0.7515 -0.5906 -0.2941
vn -0.8056 -0.5906 -0.0475
vn -0.6239 -0.5906 -0.5119
vn -0.4351 -0.5906 -0.6796
vn -0.5240 -0.2357 -0.8184
vn -0.2038 -0.5906 -0.7808
vn -0.2455 -0.2358 -0.9403
vn -0.2401 0.3102 -0.9199
vn -0.2000 -0.5361 -0.8201
vn 0.0571 -0.2358 -0.9701
vn 0.0559 0.3102 -0.9490
vn 0.0590 -0.6774 -0.7333
vn 0.0367 -0.7197 -0.6933
vn 0.3464 0.3103 -0.8853
vn 0.2398 -0.7777 -0.5811
vn 0.1872 -0.8571 -0.4799
vn 0.0217 0.9984 -0.0521
vn 0.0362 0.9984 -0.0424
vn 0.0370 0.9984 -0.0439
vn 0.2647 -0.9093 -0.3212
vn 0.0487 0.9983 -0.0312
vn 0.3253 -0.9223 -0.2088
vn 0.4538 -0.8424 -0.2906
vn 0.5413 -0.8278 -0.1476
vn 0.3603 -0.8278 -0.4301
vn 0.6030 0.3102 -0.7349
vn 0.8006 0.3102 -0.5126
vn 0.6164 -0.2358 -0.7513
vn 0.3541 -0.2358 -0.9050
vn 0.8184 -0.2358 -0.5240
vn 0.9199 0.3102 -0.2401
vn 0.9403 -0.2358 -0.2455
vn 0.9702 -0.2356 0.0571
vn 0.9490 0.3102 0.0559
vn 0.8853 0.3101 0.3464
vn 0.9050 -0.2355 0.3541
vn 0.7515 -0.5905 0.2941
vn 0.8056 -0.5906 0.0474
vn 0.7809 -0.5905 -0.2038
vn 0.6239 -0.5905 0.5119
vn 0.7513 -0.2357 0.6165
vn 0.7350 0.3102 0.6030
vn 0.7714 -0.6348 0.0454
vn 0.7196 -0.6348 0.2816
vn 0.5973 -0.6348 0.4901
vn 0.4352 -0.5905 0.6797
vn 0.5240 -0.2357 0.8184
vn 0.4167 -0.6348 0.6507
vn 0.7778 -0.5499 0.3044
vn 0.6458 -0.5497 0.5299
vn 0.4504 -0.5498 0.7035
vn 0.1952 -0.6348 0.7476
vn 0.2110 -0.5499 0.8082
vn 0.2038 -0.5905 0.7809
vn 0.4971 -0.3876 0.7763
vn 0.2329 -0.3874 0.8920
vn 0.7127 -0.3874 0.5848
vn 0.5282 -0.2012 0.8249
vn 0.2474 -0.2012 0.9478
vn 0.7573 -0.2007 0.6214
vn 0.8585 -0.3874 0.3359
vn 0.9122 -0.2012 0.3569
vn 0.9779 -0.2008 0.0576
vn 0.9203 -0.3874 0.0542
vn 0.9123 0.2007 0.3570
vn 0.7573 0.2007 0.6214
vn 0.9779 0.2012 0.0576
vn 0.8585 0.3875 0.3359
vn 0.7127 0.3873 0.5848
vn 0.9203 0.3874 0.0542
vn 0.8338 0.5499 0.0491
vn 0.7779 0.5498 0.3044
vn 0.6458 0.5497 0.5299
vn 0.7287 0.6835 0.0429
vn 0.6797 0.6835 0.2660
vn 0.5643 0.6835 0.4630
vn 0.4971 0.3876 0.7763
vn 0.4504 0.5498 0.7035
vn 0.3936 0.6835 0.6147
vn 0.2329 0.3873 0.8921
vn 0.2110 0.5499 0.8082
vn 0.1844 0.6835 0.7062
vn 0.4751 0.7889 0.3898
vn 0.3313 0.7889 0.5175
vn 0.1552 0.7889 0.5946
vn -0.0491 0.5498 0.8339
vn -0.0429 0.6835 0.7287
vn -0.0361 0.7889 0.6134
vn 0.1251 0.8688 0.4791
vn -0.0291 0.8688 0.4943
vn 0.2670 0.8688 0.4170
vn 0.0950 0.9266 0.3637
vn -0.0221 0.9266 0.3753
vn 0.2027 0.9266 0.3166
vn 0.3828 0.8688 0.3141
vn 0.2906 0.9266 0.2385
vn 0.5723 0.7889 0.2239
vn 0.4612 0.8688 0.1805
vn 0.3501 0.9266 0.1370
vn 0.2418 0.9657 0.0946
vn 0.2008 0.9657 0.1647
vn 0.1400 0.9657 0.2187
vn 0.3753 0.9266 0.0221
vn 0.2593 0.9657 0.0153
vn 0.4944 0.8688 0.0291
vn 0.4791 0.8688 -0.1251
vn 0.3637 0.9266 -0.0950
vn 0.2513 0.9657 -0.0656
vn 0.6135 0.7889 0.0361
vn 0.5946 0.7889 -0.1552
vn 0.7063 0.6835 -0.1844
vn 0.8082 0.5498 -0.2110
vn 0.7034 0.5498 -0.4504
vn 0.6147 0.6835 -0.3936
vn 0.5175 0.7889 -0.3314
vn 0.5299 0.5497 -0.6458
vn 0.4630 0.6835 -0.5643
vn 0.3898 0.7889 -0.4751
vn 0.3141 0.8688 -0.3828
vn 0.4170 0.8688 -0.2670
vn 0.3166 0.9266 -0.2027
vn 0.2385 0.9266 -0.2906
vn 0.2239 0.7889 -0.5722
vn 0.1805 0.8688 -0.4612
vn 0.1370 0.9266 -0.3501
vn 0.1647 0.9657 -0.2008
vn 0.2187 0.9657 -0.1400
vn 0.0946 0.9657 -0.2419
vn 0.0221 0.9266 -0.3753
vn 0.0153 0.9657 -0.2593
vn 0.0291 0.8688 -0.4943
vn 0.0090 0.9882 -0.1532
vn 0.0559 0.9882 -0.1429
vn 0.0974 0.9882 -0.1187
vn -0.0000 1.0000 -0.0000
vn -0.0388 0.9882 -0.1485
vn -0.0656 0.9657 -0.2513
vn -0.0827 0.9882 -0.1293
vn -0.1401 0.9657 -0.2187
vn -0.0950 0.9266 -0.3638
vn -0.2027 0.9266 -0.3166
vn -0.1251 0.8688 -0.4792
vn -0.2670 0.8688 -0.4170
vn -0.2906 0.9266 -0.2385
vn -0.2008 0.9657 -0.1647
vn -0.3828 0.8688 -0.3141
vn -0.3313 0.7889 -0.5175
vn -0.4750 0.7889 -0.3898
vn -0.1552 0.7889 -0.5945
vn -0.1844 0.6835 -0.7063
vn -0.3936 0.6835 -0.6147
vn -0.5643 0.6835 -0.4630
vn -0.6798 0.6835 -0.2660
vn -0.5722 0.7889 -0.2239
vn -0.4611 0.8688 -0.1804
vn -0.7287 0.6835 -0.0429
vn -0.6134 0.7889 -0.0361
vn -0.4943 0.8688 -0.0291
vn -0.3753 0.9266 -0.0221
vn -0.3501 0.9266 -0.1370
vn -0.2593 0.9657 -0.0153
vn -0.2419 0.9657 -0.0946
vn -0.1532 0.9882 -0.0090
vn -0.1429 0.9882 -0.0559
vn -0.1187 0.9881 -0.0973
vn -0.1485 0.9882 0.0388
vn -0.2513 0.9657 0.0656
vn -0.1292 0.9882 0.0828
vn -0.2187 0.9657 0.1400
vn -0.3638 0.9266 0.0950
vn -0.3166 0.9266 0.2027
vn -0.1647 0.9657 0.2008
vn -0.0973 0.9882 0.1187
vn -0.2385 0.9266 0.2906
vn -0.4791 0.8688 0.1251
vn -0.4170 0.8688 0.2670
vn -0.3141 0.8688 0.3828
vn -0.5945 0.7889 0.1552
vn -0.5175 0.7889 0.3313
vn -0.3898 0.7889 0.4750
vn -0.2239 0.7889 0.5723
vn -0.1805 0.8688 0.4612
vn -0.1370 0.9266 0.3501
vn -0.0153 0.9657 0.2593
vn -0.0946 0.9657 0.2419
vn 0.0656 0.9657 0.2513
vn -0.0090 0.9882 0.1532
vn -0.0559 0.9882 0.1429
vn 0.0387 0.9882 0.1485
vn 0.0828 0.9881 0.1293
vn 0.1187 0.9882 0.0973
vn 0.1429 0.9882 0.0560
vn 0.1532 0.9882 0.0090
vn 0.1485 0.9882 -0.0388
vn 0.1293 0.9882 -0.0828
vn -0.4630 0.6835 0.5643
vn -0.2660 0.6835 0.6797
vn -0.3044 0.5498 0.7779
vn -0.5299 0.5497 0.6458
vn -0.7035 0.5498 0.4504
vn -0.6147 0.6835 0.3936
vn -0.7063 0.6835 0.1844
vn -0.8082 0.5498 0.2110
vn -0.7764 0.3875 0.4971
vn -0.5848 0.3873 0.7127
vn -0.8920 0.3875 0.2329
vn -0.9203 0.3874 -0.0542
vn -0.8339 0.5498 -0.0491
vn -0.7779 0.5498 -0.3044
vn -0.8584 0.3876 -0.3359
vn -0.9780 0.2006 -0.0576
vn -0.9479 0.2007 0.2474
vn -0.9122 0.2012 -0.3569
vn -0.7573 0.2007 -0.6214
vn -0.7127 0.3875 -0.5848
vn -0.6458 0.5498 -0.5299
vn -0.4971 0.3876 -0.7763
vn -0.4504 0.5498 -0.7035
vn -0.5282 0.2012 -0.8249
vn -0.2474 0.2012 -0.9478
vn -0.2329 0.3874 -0.8920
vn -0.2474 -0.2012 -0.9478
vn -0.5283 -0.2005 -0.8251
vn -0.7573 -0.2012 -0.6214
vn 0.0576 -0.2008 -0.9779
vn 0.0576 0.2008 -0.9779
vn 0.3644 -0.0000 -0.9312
vn 0.3569 0.2012 -0.9122
vn 0.3570 -0.2007 -0.9123
vn 0.3359 -0.3876 -0.8585
vn 0.0542 -0.3874 -0.9203
vn -0.2328 -0.3876 -0.8920
vn 0.5848 -0.3874 -0.7127
vn 0.6214 -0.2007 -0.7573
vn 0.7764 -0.3874 -0.4971
vn 0.8249 -0.2012 -0.5282
vn 0.8920 -0.3874 -0.2329
vn 0.9478 -0.2012 -0.2474
vn 0.8250 0.2007 -0.5282
vn 0.9479 0.2007 -0.2475
vn 0.8920 0.3873 -0.2329
vn 0.7763 0.3876 -0.4971
vn 0.6214 0.2012 -0.7573
vn 0.5848 0.3875 -0.7127
vn 0.3359 0.3876 -0.8585
vn 0.3044 0.5498 -0.7779
vn 0.2660 0.6835 -0.6797
vn 0.0542 0.3874 -0.9203
vn 0.0491 0.5498 -0.8339
vn 0.0429 0.6835 -0.7287
vn 0.0361 0.7889 -0.6134
vn -0.2110 0.5498 -0.8082
vn 0.8339 -0.5498 0.0491
vn 0.8082 -0.5498 -0.2110
vn 0.7034 -0.5498 -0.4504
vn 0.7477 -0.6347 -0.1952
vn 0.6508 -0.6347 -0.4167
vn 0.6797 -0.5905 -0.4352
vn 0.4902 -0.6347 -0.5974
vn 0.5299 -0.5498 -0.6458
vn 0.5119 -0.5905 -0.6239
vn 0.2816 -0.6347 -0.7196
vn 0.3044 -0.5497 -0.7779
vn 0.0491 -0.5497 -0.8339
vn 0.0454 -0.6347 -0.7714
vn 0.2940 -0.5906 -0.7515
vn 0.0474 -0.5906 -0.8056
vn -0.1952 -0.6347 -0.7477
vn -0.4167 -0.6348 -0.6507
vn -0.4504 -0.5498 -0.7035
vn -0.2110 -0.5499 -0.8082
vn -0.4971 -0.3874 -0.7764
vn -0.5973 -0.6348 -0.4901
vn -0.6457 -0.5498 -0.5298
vn -0.7127 -0.3874 -0.5848
vn -0.8585 -0.3876 -0.3359
vn -0.9122 -0.2012 -0.3569
vn -0.7778 -0.5498 -0.3044
vn -0.9203 -0.3875 -0.0542
vn -0.9780 -0.2007 -0.0576
vn -0.8339 -0.5498 -0.0491
vn -0.7196 -0.6347 -0.2816
vn -0.7714 -0.6348 -0.0454
vn -0.7477 -0.6348 0.1952
vn -0.8082 -0.5498 0.2110
vn -0.8920 -0.3875 0.2329
vn -0.6508 -0.6347 0.4167
vn -0.7035 -0.5498 0.4504
vn -0.7764 -0.3874 0.4971
vn -0.4902 -0.6347 0.5974
vn -0.5298 -0.5498 0.6458
vn -0.5848 -0.3874 0.7127
vn -0.3044 -0.5498 0.7779
vn -0.3359 -0.3875 0.8585
vn -0.2816 -0.6348 0.7196
vn -0.5119 -0.5905 0.6239
vn -0.2941 -0.5905 0.7515
vn -0.6797 -0.5905 0.4352
vn -0.0454 -0.6348 0.7714
vn -0.0491 -0.5499 0.8338
vn -0.0474 -0.5904 0.8057
vn -0.6164 -0.2358 0.7513
vn -0.3541 -0.2357 0.9050
vn -0.0571 -0.2357 0.9701
vn -0.3464 0.3101 0.8853
vn -0.0559 0.3101 0.9491
vn -0.6030 0.3102 0.7350
vn 0.2455 -0.2357 0.9403
vn 0.2401 0.3101 0.9199
vn -0.0590 -0.6774 0.7333
vn -0.2397 -0.7778 0.5811
vn -0.1872 -0.8571 0.4799
vn -0.8006 0.3101 0.5127
vn -0.8184 -0.2358 0.5240
vn -0.9199 0.3101 0.2402
vn -0.9403 -0.2358 0.2454
vn -0.7808 -0.5905 0.2039
vn 0.5126 0.3102 0.8006
vn -0.0542 -0.3875 0.9203
vn -0.0576 -0.2012 0.9779
vn -0.3570 -0.2008 0.9123
vn 0.5282 0.2012 0.8249
vn 0.2474 0.2012 0.9478
vn -0.0576 0.2012 0.9779
vn -0.0542 0.3876 0.9202
vn -0.3359 0.3874 0.8585
vn -0.3570 0.2007 0.9123
vn -0.6213 0.2012 0.7573
vn -0.8250 0.2012 0.5282
vn -0.9478 -0.2012 0.2474
vn -0.8250 -0.2008 0.5282
vn -0.6213 -0.2012 0.7573
vn -0.2538 0.9463 -0.2004
vn -0.1884 0.9370 -0.2942
vn -0.2749 0.9364 -0.2182
vn -0.2813 0.9334 -0.2229
vn -0.1925 0.9341 -0.3007
vn -0.2903 0.9291 -0.2291
vn -0.1984 0.9299 -0.3098
vn -0.4135 0.8500 -0.3265
vn -0.2829 0.8513 -0.4419
vn -0.0847 0.9334 -0.3488
vn -0.0865 0.9291 -0.3595
vn -0.1235 0.8500 -0.5121
vn -0.1530 0.7603 -0.6313
vn -0.3492 0.7621 -0.5453
vn 0.0568 0.7557 -0.6525
vn 0.0471 0.8466 -0.5302
vn 0.0334 0.9272 -0.3730
vn 0.0745 0.6507 -0.7556
vn -0.1671 0.6648 -0.7281
vn 0.3017 0.6397 -0.7069
vn 0.0990 0.5905 -0.8009
vn 0.3567 0.5417 -0.7611
vn 0.5637 0.5185 -0.6429
vn 0.5463 0.4124 -0.7290
vn 0.4333 0.4571 -0.7767
vn 0.7921 0.2612 -0.5517
vn 0.5042 0.3158 -0.8038
vn -0.2262 -0.9106 -0.3458
vn -0.2271 -0.9104 -0.3458
vn -0.2216 -0.9116 -0.3462
vn -0.4328 0.5965 -0.6759
vn 0.2398 0.8957 0.3744
vn 0.2305 0.8992 0.3718
vn 0.2313 0.8989 0.3720
vn 0.3407 0.2394 -0.9092
vn 0.2597 0.3316 -0.9070
vn 0.6537 0.1615 -0.7393
vn 0.3789 0.1283 -0.9165
vn 0.8216 0.1546 -0.5486
vn -0.4329 0.5964 -0.6760
vn 0.2311 0.9010 0.3672
vn 0.2309 0.9008 0.3677
vn 0.2319 0.9020 0.3643
vn 0.2319 0.9019 0.3645
vn -0.4329 0.5963 -0.6760
vn 0.2326 0.9022 0.3632
vn -0.4330 0.5962 -0.6761
vn -0.2263 -0.9085 -0.3513
vn -0.2262 -0.9084 -0.3516
vn -0.2267 -0.9090 -0.3497
vn -0.2270 -0.9094 -0.3484
vn -0.2256 -0.9082 -0.3524
vn -0.3993 0.6721 -0.6236
vn -0.4307 0.6017 -0.6727
vn -0.1584 0.5987 -0.7852
vn -0.2720 0.4732 -0.8379
vn -0.2309 0.3643 -0.9022
vn -0.5004 0.3725 -0.7816
vn -0.4744 0.4755 -0.7409
vn -0.7228 0.3643 -0.5872
vn -0.6471 0.4732 -0.5977
vn -0.7541 0.2701 -0.5987
vn -0.5189 0.2718 -0.8105
vn -0.5342 0.1367 -0.8343
vn -0.7764 0.1358 -0.6154
vn -0.7834 -0.0000 -0.6215
vn -0.2362 -0.0000 -0.9717
vn -0.2339 0.1357 -0.9627
vn -0.2281 0.2700 -0.9354
vn 0.0857 -0.0000 -0.9963
vn 0.0850 0.1338 -0.9874
vn 0.0725 0.2612 -0.9625
vn 0.3890 -0.0000 -0.9212
vn 0.3856 -0.1316 -0.9132
vn 0.0850 -0.1338 -0.9874
vn -0.2340 -0.1358 -0.9627
vn 0.6413 -0.1298 -0.7562
vn 0.6468 -0.0000 -0.7627
vn 0.8351 -0.1292 -0.5347
vn 0.9634 -0.0000 -0.2681
vn 0.9552 0.1299 -0.2659
vn 0.9552 -0.1299 -0.2659
vn 0.8136 -0.2580 -0.5210
vn 0.6247 -0.2592 -0.7366
vn 0.9304 -0.2593 -0.2591
vn 0.9644 -0.2626 0.0310
vn 0.9908 -0.1316 0.0320
vn 0.9995 -0.0000 0.0323
vn 0.9195 -0.3919 0.0295
vn 0.8881 -0.3874 -0.2474
vn 0.7770 -0.3857 -0.4975
vn 0.5963 -0.3875 -0.7031
vn 0.3580 -0.3919 -0.8475
vn 0.3754 -0.2625 -0.8889
vn 0.0788 -0.3976 -0.9141
vn 0.0827 -0.2668 -0.9602
vn -0.2273 -0.2704 -0.9355
vn -0.2161 -0.4026 -0.8895
vn -0.5189 -0.2719 -0.8104
vn -0.5342 -0.1365 -0.8343
vn -0.4932 -0.4044 -0.7702
vn -0.7765 -0.1357 -0.6154
vn -0.7546 -0.2703 -0.5980
vn -0.9067 -0.2668 -0.3267
vn -0.9323 -0.1338 -0.3360
vn -0.9644 -0.2625 -0.0310
vn -0.8632 -0.3977 -0.3110
vn -0.9195 -0.3919 -0.0295
vn -0.8881 -0.3874 0.2474
vn -0.7770 -0.3857 0.4975
vn -0.7026 -0.5513 0.4499
vn -0.5972 -0.7050 0.3824
vn -0.8199 0.2287 0.5249
vn -0.4111 0.8728 0.2632
vn -0.5713 0.7347 0.3658
vn -0.4303 0.7347 0.5244
vn -0.7175 -0.4025 -0.5685
vn 0.0406 0.3386 -0.9401
vn 0.0312 0.9316 -0.3622
vn 0.2538 0.9463 0.2004
vn 0.1461 0.9825 0.1154
vn 0.1883 0.9370 0.2941
vn 0.1735 0.9468 0.2709
vn 0.0758 0.9463 0.3143
vn 0.0831 0.9364 0.3410
vn -0.0301 0.9347 0.3543
vn -0.0290 0.9448 0.3263
vn 0.0847 0.9334 0.3488
vn -0.0312 0.9316 0.3622
vn -0.1401 0.9325 0.3328
vn -0.1302 0.9431 0.3061
vn -0.1436 0.9294 0.3400
vn -0.0334 0.9272 0.3730
vn 0.0866 0.9292 0.3594
vn -0.1490 0.9249 0.3498
vn -0.2361 0.9308 0.2789
vn -0.2416 0.9276 0.2849
vn -0.2493 0.9231 0.2929
vn -0.4596 0.8380 0.2943
vn -0.3254 0.9224 0.2083
vn -0.3160 0.9269 0.2023
vn -0.3091 0.9302 0.1979
vn -0.2847 0.9411 0.1823
vn -0.2181 0.9416 0.2564
vn -0.5627 0.7440 0.3603
vn -0.6528 0.6318 0.4180
vn -0.7238 0.5111 0.4635
vn -0.7967 0.3615 0.4844
vn -0.6247 0.2592 0.7366
vt 0.469429 0.366963
vt 0.469429 0.401208
vt 0.468449 0.398314
vt 0.468449 0.365148
vt 0.468449 0.431479
vt 0.469429 0.434323
vt 0.470753 0.434322
vt 0.470753 0.401207
vt 0.470753 0.366963
vt 0.479399 0.366961
vt 0.479399 0.401206
vt 0.479399 0.434321
vt 0.470753 0.466376
vt 0.469429 0.466376
vt 0.479399 0.466375
vt 0.470753 0.497806
vt 0.469429 0.497806
vt 0.479399 0.497806
vt 0.470753 0.529236
vt 0.479399 0.529236
vt 0.469429 0.529236
vt 0.468449 0.497807
vt 0.468449 0.464644
vt 0.468449 0.530970
vt 0.469429 0.561289
vt 0.468449 0.564132
vt 0.470753 0.561290
vt 0.469429 0.594401
vt 0.468449 0.597295
vt 0.470753 0.594401
vt 0.479399 0.561290
vt 0.479399 0.594402
vt 0.470753 0.628643
vt 0.479399 0.628645
vt 0.469429 0.628643
vt 0.470753 0.663622
vt 0.469429 0.663621
vt 0.479399 0.663623
vt 0.470753 0.035271
vt 0.469429 0.035271
vt 0.469429 0.000291
vt 0.470753 0.000292
vt 0.479399 0.000293
vt 0.479399 0.035273
vt 0.470753 0.069517
vt 0.469429 0.069517
vt 0.479399 0.069519
vt 0.470753 0.102635
vt 0.479399 0.102636
vt 0.469429 0.102634
vt 0.468449 0.066623
vt 0.468449 0.033457
vt 0.468449 0.099791
vt 0.470753 0.134692
vt 0.469429 0.134692
vt 0.468449 0.132960
vt 0.466572 0.132960
vt 0.466572 0.099791
vt 0.466572 0.066623
vt 0.465077 0.099791
vt 0.465077 0.066624
vt 0.465077 0.132960
vt 0.466572 0.033458
vt 0.465077 0.033458
vt 0.466572 0.000292
vt 0.468449 0.000292
vt 0.465077 0.000292
vt 0.466572 0.630458
vt 0.468449 0.630457
vt 0.468449 0.663622
vt 0.466572 0.663622
vt 0.465077 0.630458
vt 0.465077 0.663623
vt 0.463563 0.033458
vt 0.463563 0.000293
vt 0.463563 0.630458
vt 0.463563 0.663623
vt 0.465077 0.597295
vt 0.466572 0.597295
vt 0.463563 0.597295
vt 0.460834 0.663623
vt 0.460834 0.630458
vt 0.460834 0.597295
vt 0.459629 0.630458
vt 0.459629 0.663623
vt 0.459629 0.597295
vt 0.460834 0.033459
vt 0.459629 0.033459
vt 0.459629 0.000293
vt 0.460834 0.000293
vt 0.460834 0.066624
vt 0.459629 0.066624
vt 0.463563 0.066624
vt 0.460834 0.099792
vt 0.459629 0.099792
vt 0.463563 0.099792
vt 0.463563 0.132961
vt 0.460834 0.132961
vt 0.465077 0.166129
vt 0.463563 0.166129
vt 0.460834 0.166129
vt 0.459629 0.132961
vt 0.459629 0.166129
vt 0.460834 0.199300
vt 0.459629 0.199300
vt 0.463563 0.199300
vt 0.463563 0.232470
vt 0.460834 0.232470
vt 0.459629 0.232470
vt 0.458358 0.199300
vt 0.458358 0.166131
vt 0.458358 0.232470
vt 0.460834 0.265640
vt 0.459629 0.265640
vt 0.458358 0.265640
vt 0.457336 0.232470
vt 0.457336 0.199300
vt 0.457336 0.265640
vt 0.458358 0.298810
vt 0.457336 0.298810
vt 0.459629 0.298810
vt 0.455873 0.298810
vt 0.455873 0.265640
vt 0.455873 0.232470
vt 0.454534 0.298810
vt 0.454534 0.265640
vt 0.454534 0.232470
vt 0.455873 0.199300
vt 0.454534 0.199300
vt 0.455873 0.166131
vt 0.457336 0.166131
vt 0.454534 0.166129
vt 0.455873 0.132961
vt 0.457336 0.132961
vt 0.454534 0.132961
vt 0.455873 0.099792
vt 0.457336 0.099792
vt 0.454534 0.099792
vt 0.455873 0.066624
vt 0.457336 0.066624
vt 0.454534 0.066624
vt 0.454534 0.033459
vt 0.455873 0.033459
vt 0.457336 0.033459
vt 0.453438 0.099792
vt 0.453438 0.066624
vt 0.453438 0.033458
vt 0.453438 0.000293
vt 0.454534 0.000293
vt 0.455873 0.000293
vt 0.453438 0.630458
vt 0.454534 0.630458
vt 0.454534 0.663623
vt 0.453438 0.663623
vt 0.455873 0.630458
vt 0.455873 0.663623
vt 0.457336 0.630459
vt 0.457336 0.663623
vt 0.457336 0.000293
vt 0.458358 0.630459
vt 0.458358 0.663623
vt 0.458358 0.000293
vt 0.458358 0.033459
vt 0.458358 0.066624
vt 0.458358 0.099792
vt 0.458358 0.132961
vt 0.458358 0.597295
vt 0.457336 0.597295
vt 0.458358 0.564132
vt 0.459629 0.564132
vt 0.457336 0.564132
vt 0.458358 0.530970
vt 0.457336 0.530970
vt 0.459629 0.530970
vt 0.455873 0.564132
vt 0.455873 0.597295
vt 0.455873 0.530969
vt 0.455873 0.497806
vt 0.457336 0.497806
vt 0.458358 0.497806
vt 0.455873 0.464643
vt 0.457336 0.464643
vt 0.458358 0.464643
vt 0.459629 0.497806
vt 0.459629 0.464643
vt 0.460834 0.530970
vt 0.460834 0.497806
vt 0.460834 0.464643
vt 0.458358 0.431478
vt 0.459629 0.431478
vt 0.460834 0.431478
vt 0.463563 0.431478
vt 0.463563 0.464643
vt 0.463563 0.497806
vt 0.465077 0.464643
vt 0.465077 0.431479
vt 0.465077 0.497806
vt 0.463563 0.530969
vt 0.465077 0.530970
vt 0.465077 0.564132
vt 0.463563 0.564132
vt 0.460834 0.564132
vt 0.466572 0.564132
vt 0.466572 0.530970
vt 0.466572 0.497806
vt 0.466572 0.464643
vt 0.466572 0.431479
vt 0.466572 0.398314
vt 0.465077 0.398314
vt 0.463563 0.398313
vt 0.465077 0.365147
vt 0.466572 0.365147
vt 0.463563 0.365147
vt 0.460834 0.398313
vt 0.460834 0.365146
vt 0.463563 0.331978
vt 0.460834 0.331978
vt 0.465077 0.331978
vt 0.463563 0.298811
vt 0.460834 0.298810
vt 0.465077 0.298810
vt 0.463563 0.265641
vt 0.465077 0.265640
vt 0.459629 0.331978
vt 0.458358 0.331978
vt 0.459629 0.365146
vt 0.458358 0.365146
vt 0.459629 0.398313
vt 0.458358 0.398313
vt 0.457336 0.431478
vt 0.457336 0.398313
vt 0.457336 0.365146
vt 0.455873 0.398313
vt 0.455873 0.365146
vt 0.455873 0.431478
vt 0.457336 0.331978
vt 0.455873 0.331978
vt 0.454534 0.398314
vt 0.454534 0.365146
vt 0.454534 0.331978
vt 0.453438 0.365147
vt 0.453438 0.331979
vt 0.453438 0.298810
vt 0.453438 0.265641
vt 0.451867 0.298811
vt 0.451867 0.265640
vt 0.451867 0.331979
vt 0.453438 0.232470
vt 0.451867 0.232470
vt 0.412897 0.298811
vt 0.412897 0.265641
vt 0.412897 0.232470
vt 0.412120 0.298811
vt 0.412120 0.265641
vt 0.412120 0.232470
vt 0.411097 0.298811
vt 0.411097 0.265641
vt 0.411097 0.232470
vt 0.412120 0.199300
vt 0.412897 0.199300
vt 0.411097 0.199300
vt 0.412120 0.166129
vt 0.412897 0.166129
vt 0.411097 0.166129
vt 0.412120 0.132961
vt 0.412897 0.132961
vt 0.411097 0.132960
vt 0.412120 0.099792
vt 0.412897 0.099791
vt 0.411097 0.099791
vt 0.411097 0.066623
vt 0.412120 0.066623
vt 0.412897 0.066623
vt 0.412120 0.033458
vt 0.412897 0.033458
vt 0.411097 0.033458
vt 0.410244 0.099792
vt 0.410244 0.066624
vt 0.410244 0.033458
vt 0.409629 0.099792
vt 0.409629 0.066624
vt 0.409629 0.033458
vt 0.407480 0.099792
vt 0.407480 0.066624
vt 0.407480 0.033459
vt 0.405331 0.099793
vt 0.405331 0.066625
vt 0.405331 0.033460
vt 0.409629 0.000293
vt 0.407480 0.000293
vt 0.405331 0.000294
vt 0.407480 0.630458
vt 0.407480 0.663623
vt 0.405331 0.663624
vt 0.405331 0.630459
vt 0.409629 0.630458
vt 0.409629 0.663623
vt 0.407480 0.597295
vt 0.405331 0.597296
vt 0.409629 0.597295
vt 0.410244 0.597295
vt 0.410244 0.630458
vt 0.410244 0.663623
vt 0.411097 0.630458
vt 0.411097 0.663622
vt 0.411097 0.597295
vt 0.410244 0.564132
vt 0.411097 0.564132
vt 0.409629 0.564132
vt 0.412120 0.564132
vt 0.412120 0.597295
vt 0.412120 0.630458
vt 0.412897 0.597295
vt 0.412897 0.630458
vt 0.412897 0.564132
vt 0.411097 0.530970
vt 0.412120 0.530970
vt 0.412897 0.530970
vt 0.451867 0.530970
vt 0.451867 0.564132
vt 0.451867 0.597295
vt 0.453438 0.530970
vt 0.453438 0.564132
vt 0.453438 0.597295
vt 0.451867 0.630458
vt 0.451867 0.663622
vt 0.412897 0.663622
vt 0.412120 0.663622
vt 0.412120 0.000292
vt 0.412897 0.000292
vt 0.451867 0.000292
vt 0.451867 0.033458
vt 0.451867 0.066623
vt 0.451867 0.099791
vt 0.451867 0.132961
vt 0.453438 0.132961
vt 0.453438 0.166129
vt 0.451867 0.166129
vt 0.453438 0.199300
vt 0.451867 0.199300
vt 0.411097 0.000292
vt 0.410244 0.000292
vt 0.454534 0.597295
vt 0.454534 0.564132
vt 0.454534 0.530970
vt 0.453438 0.497806
vt 0.454534 0.497806
vt 0.453438 0.464643
vt 0.454534 0.464643
vt 0.453438 0.431478
vt 0.454534 0.431478
vt 0.453438 0.398314
vt 0.451867 0.464643
vt 0.451867 0.431479
vt 0.451867 0.398314
vt 0.451867 0.365147
vt 0.412897 0.431479
vt 0.412897 0.398314
vt 0.412897 0.365147
vt 0.412120 0.398314
vt 0.412120 0.431479
vt 0.412120 0.365147
vt 0.412897 0.464643
vt 0.412120 0.464644
vt 0.412897 0.497806
vt 0.412120 0.497806
vt 0.451867 0.497806
vt 0.411097 0.464643
vt 0.411097 0.497806
vt 0.410244 0.497806
vt 0.410244 0.530970
vt 0.410244 0.464643
vt 0.410244 0.431479
vt 0.411097 0.431479
vt 0.409629 0.431479
vt 0.409629 0.464643
vt 0.409629 0.497806
vt 0.407480 0.464643
vt 0.407480 0.431478
vt 0.407480 0.497806
vt 0.409629 0.530970
vt 0.407480 0.530970
vt 0.407480 0.564132
vt 0.405331 0.564132
vt 0.405331 0.530970
vt 0.403183 0.597296
vt 0.403183 0.564132
vt 0.403183 0.530970
vt 0.405331 0.497805
vt 0.403183 0.497805
vt 0.401034 0.564132
vt 0.401034 0.530969
vt 0.401034 0.497805
vt 0.405331 0.464642
vt 0.403183 0.464642
vt 0.401034 0.464642
vt 0.398885 0.497805
vt 0.398885 0.464642
vt 0.398885 0.530969
vt 0.396737 0.497805
vt 0.396737 0.464642
vt 0.396737 0.530969
vt 0.394588 0.497805
vt 0.394588 0.464642
vt 0.394588 0.530969
vt 0.392439 0.497805
vt 0.392439 0.464642
vt 0.392439 0.530969
vt 0.390290 0.497806
vt 0.390290 0.464642
vt 0.390290 0.530969
vt 0.388641 0.497806
vt 0.388641 0.464643
vt 0.388641 0.530969
vt 0.388211 0.464643
vt 0.388211 0.497806
vt 0.388211 0.530969
vt 0.387555 0.464643
vt 0.387555 0.497806
vt 0.387555 0.530970
vt 0.388641 0.564132
vt 0.388211 0.564132
vt 0.387555 0.564132
vt 0.388641 0.597296
vt 0.388211 0.597296
vt 0.387555 0.597295
vt 0.388641 0.630459
vt 0.388211 0.630459
vt 0.387555 0.630459
vt 0.388641 0.663623
vt 0.388211 0.663623
vt 0.387555 0.663623
vt 0.388210 0.000293
vt 0.388641 0.000293
vt 0.388641 0.033460
vt 0.388210 0.033459
vt 0.387555 0.000293
vt 0.387555 0.033459
vt 0.388641 0.066625
vt 0.388210 0.066625
vt 0.387555 0.066625
vt 0.388210 0.099792
vt 0.387555 0.099792
vt 0.388641 0.099793
vt 0.386777 0.033459
vt 0.386777 0.066625
vt 0.386777 0.099792
vt 0.388211 0.132961
vt 0.387555 0.132961
vt 0.386777 0.132961
vt 0.385605 0.099792
vt 0.385605 0.066625
vt 0.385605 0.132961
vt 0.387555 0.166131
vt 0.386777 0.166131
vt 0.385604 0.166131
vt 0.387555 0.199300
vt 0.386777 0.199300
vt 0.385604 0.199300
vt 0.387555 0.232470
vt 0.386777 0.232470
vt 0.385605 0.232470
vt 0.387555 0.265640
vt 0.386777 0.265640
vt 0.385605 0.265640
vt 0.387555 0.298810
vt 0.386777 0.298810
vt 0.385605 0.298810
vt 0.387555 0.331978
vt 0.386777 0.331978
vt 0.385605 0.331978
vt 0.387555 0.365146
vt 0.386777 0.365146
vt 0.385605 0.365146
vt 0.387555 0.398313
vt 0.386777 0.398313
vt 0.385605 0.398313
vt 0.387555 0.431478
vt 0.386777 0.431478
vt 0.385605 0.431478
vt 0.386777 0.464643
vt 0.385605 0.464643
vt 0.386777 0.497806
vt 0.385604 0.497806
vt 0.386777 0.530970
vt 0.385604 0.530970
vt 0.386777 0.564132
vt 0.385604 0.564132
vt 0.386777 0.597296
vt 0.385605 0.597296
vt 0.386777 0.630459
vt 0.385605 0.630459
vt 0.386777 0.663623
vt 0.385605 0.663623
vt 0.386777 0.000293
vt 0.385605 0.033459
vt 0.385605 0.000293
vt 0.384827 0.000293
vt 0.384827 0.033459
vt 0.384827 0.066625
vt 0.384171 0.000293
vt 0.384171 0.033459
vt 0.384171 0.066625
vt 0.384827 0.099793
vt 0.384171 0.099793
vt 0.382984 0.033460
vt 0.382984 0.066626
vt 0.382984 0.099794
vt 0.384827 0.132961
vt 0.384171 0.132961
vt 0.382984 0.132962
vt 0.379645 0.099795
vt 0.379645 0.066627
vt 0.379645 0.132963
vt 0.384171 0.166131
vt 0.382984 0.166131
vt 0.379644 0.166132
vt 0.384171 0.199300
vt 0.382984 0.199300
vt 0.379644 0.199300
vt 0.384171 0.232470
vt 0.382984 0.232470
vt 0.379645 0.232470
vt 0.384171 0.265640
vt 0.382985 0.265640
vt 0.379645 0.265639
vt 0.384171 0.298810
vt 0.382984 0.298809
vt 0.379645 0.298807
vt 0.384171 0.331978
vt 0.382984 0.331977
vt 0.379645 0.331976
vt 0.384171 0.365146
vt 0.382984 0.365145
vt 0.379645 0.365144
vt 0.384171 0.398313
vt 0.382984 0.398312
vt 0.379645 0.398311
vt 0.384171 0.431478
vt 0.382985 0.431477
vt 0.379645 0.431476
vt 0.384171 0.464643
vt 0.382984 0.464642
vt 0.379645 0.464641
vt 0.384171 0.497806
vt 0.382984 0.497806
vt 0.379645 0.497805
vt 0.384171 0.530969
vt 0.382984 0.530969
vt 0.379644 0.530969
vt 0.384171 0.564132
vt 0.382984 0.564132
vt 0.379644 0.564132
vt 0.384171 0.597296
vt 0.382984 0.597296
vt 0.379646 0.597297
vt 0.384171 0.630459
vt 0.382984 0.630460
vt 0.379646 0.630461
vt 0.384171 0.663623
vt 0.382984 0.663624
vt 0.379646 0.663626
vt 0.382984 0.000294
vt 0.379645 0.033461
vt 0.379645 0.000295
vt 0.377419 0.066629
vt 0.377419 0.033462
vt 0.377419 0.000296
vt 0.376973 0.000296
vt 0.376973 0.033462
vt 0.376973 0.066629
vt 0.377419 0.099795
vt 0.376973 0.099795
vt 0.376312 0.033462
vt 0.376312 0.066629
vt 0.376312 0.099795
vt 0.375504 0.033462
vt 0.375504 0.066629
vt 0.375504 0.099795
vt 0.374631 0.033462
vt 0.374631 0.066629
vt 0.374631 0.099795
vt 0.373781 0.033462
vt 0.373781 0.066629
vt 0.373781 0.099795
vt 0.373039 0.033462
vt 0.373039 0.066629
vt 0.373040 0.099795
vt 0.372481 0.033462
vt 0.372481 0.066629
vt 0.372481 0.099795
vt 0.372163 0.033462
vt 0.372163 0.066627
vt 0.372163 0.099795
vt 0.373040 0.132964
vt 0.372481 0.132964
vt 0.372163 0.132964
vt 0.368646 0.099794
vt 0.368646 0.066627
vt 0.368646 0.132963
vt 0.372162 0.166132
vt 0.368645 0.166132
vt 0.372480 0.166132
vt 0.361205 0.166129
vt 0.361206 0.132960
vt 0.361206 0.099791
vt 0.368645 0.199300
vt 0.361205 0.199300
vt 0.372162 0.199300
vt 0.372163 0.232470
vt 0.368646 0.232470
vt 0.361206 0.232470
vt 0.359230 0.199300
vt 0.359230 0.166129
vt 0.359231 0.232471
vt 0.358042 0.232471
vt 0.358042 0.199300
vt 0.358042 0.166128
vt 0.356378 0.232471
vt 0.356377 0.199300
vt 0.356377 0.166128
vt 0.358042 0.132958
vt 0.359231 0.132960
vt 0.356378 0.132957
vt 0.356378 0.099788
vt 0.358042 0.099789
vt 0.359231 0.099790
vt 0.361206 0.066624
vt 0.359231 0.066622
vt 0.358042 0.066621
vt 0.361206 0.033458
vt 0.359231 0.033456
vt 0.358042 0.033455
vt 0.356378 0.066620
vt 0.356378 0.033454
vt 0.356378 0.000289
vt 0.358042 0.000290
vt 0.359231 0.000291
vt 0.354281 0.000288
vt 0.354281 0.033452
vt 0.354281 0.066619
vt 0.351803 0.000287
vt 0.351803 0.033451
vt 0.351803 0.066617
vt 0.354281 0.099787
vt 0.351803 0.099787
vt 0.349046 0.066616
vt 0.349046 0.033450
vt 0.349046 0.099786
vt 0.354281 0.132956
vt 0.351803 0.132954
vt 0.349046 0.132953
vt 0.340427 0.099786
vt 0.340427 0.066616
vt 0.340427 0.132953
vt 0.349046 0.166126
vt 0.340427 0.166125
vt 0.351803 0.166126
vt 0.349046 0.199301
vt 0.340426 0.199301
vt 0.351803 0.199301
vt 0.354281 0.166127
vt 0.354281 0.199300
vt 0.351803 0.232472
vt 0.349046 0.232472
vt 0.354281 0.232471
vt 0.356378 0.265643
vt 0.354281 0.265643
vt 0.351803 0.265643
vt 0.358042 0.265642
vt 0.358042 0.298813
vt 0.356378 0.298814
vt 0.354281 0.298815
vt 0.358042 0.331982
vt 0.356378 0.331983
vt 0.354281 0.331983
vt 0.351803 0.298816
vt 0.351803 0.331986
vt 0.356378 0.365151
vt 0.354281 0.365152
vt 0.351803 0.365154
vt 0.349046 0.365155
vt 0.349046 0.331987
vt 0.349046 0.298816
vt 0.354281 0.398320
vt 0.351803 0.398321
vt 0.349046 0.398322
vt 0.340427 0.365155
vt 0.340427 0.331987
vt 0.340427 0.398323
vt 0.349046 0.431487
vt 0.340427 0.431487
vt 0.351803 0.431485
vt 0.351803 0.464648
vt 0.349046 0.464648
vt 0.340427 0.464649
vt 0.331481 0.464649
vt 0.331481 0.431488
vt 0.331481 0.398323
vt 0.321593 0.431488
vt 0.321593 0.398324
vt 0.321593 0.464649
vt 0.331481 0.497809
vt 0.321593 0.497809
vt 0.340427 0.497809
vt 0.340427 0.530971
vt 0.331481 0.530971
vt 0.321593 0.530971
vt 0.340427 0.564131
vt 0.331481 0.564131
vt 0.321593 0.564131
vt 0.303442 0.530970
vt 0.303442 0.497809
vt 0.303442 0.564132
vt 0.321593 0.597291
vt 0.303442 0.597292
vt 0.331481 0.597291
vt 0.321593 0.630452
vt 0.303442 0.630453
vt 0.331481 0.630452
vt 0.340427 0.597292
vt 0.340427 0.630452
vt 0.349046 0.597292
vt 0.349046 0.630453
vt 0.349046 0.564131
vt 0.349046 0.530971
vt 0.351803 0.530971
vt 0.351803 0.564131
vt 0.351803 0.597293
vt 0.354281 0.530971
vt 0.354281 0.564131
vt 0.354281 0.597293
vt 0.356377 0.530971
vt 0.356377 0.564132
vt 0.356378 0.597294
vt 0.354281 0.630455
vt 0.351803 0.630453
vt 0.356378 0.630455
vt 0.354281 0.663618
vt 0.351803 0.663617
vt 0.356378 0.663619
vt 0.358042 0.597294
vt 0.358042 0.630456
vt 0.358042 0.663620
vt 0.359231 0.597294
vt 0.359231 0.630457
vt 0.359231 0.663621
vt 0.361206 0.597295
vt 0.361206 0.630458
vt 0.361206 0.663622
vt 0.368645 0.597296
vt 0.368646 0.630460
vt 0.368646 0.663625
vt 0.368646 0.000295
vt 0.368646 0.033461
vt 0.361206 0.000292
vt 0.372163 0.000296
vt 0.372481 0.000296
vt 0.372164 0.630461
vt 0.372164 0.663626
vt 0.372481 0.630461
vt 0.372481 0.663626
vt 0.373040 0.630461
vt 0.373040 0.663626
vt 0.373040 0.000296
vt 0.373781 0.630461
vt 0.373781 0.663626
vt 0.373781 0.000296
vt 0.374631 0.630461
vt 0.374631 0.663626
vt 0.374631 0.000296
vt 0.375504 0.000296
vt 0.375504 0.630461
vt 0.375504 0.663626
vt 0.374631 0.597297
vt 0.375504 0.597297
vt 0.373780 0.597297
vt 0.376311 0.597297
vt 0.376312 0.630461
vt 0.376312 0.663626
vt 0.376972 0.597297
vt 0.376973 0.630461
vt 0.376973 0.663626
vt 0.376312 0.000296
vt 0.377419 0.630461
vt 0.377419 0.663626
vt 0.377419 0.597297
vt 0.376972 0.564132
vt 0.377418 0.564132
vt 0.377418 0.530969
vt 0.376972 0.530969
vt 0.376311 0.564132
vt 0.376311 0.530969
vt 0.376972 0.497805
vt 0.377419 0.497805
vt 0.376311 0.497805
vt 0.375504 0.497805
vt 0.375503 0.530969
vt 0.375503 0.564132
vt 0.374630 0.530969
vt 0.374630 0.564132
vt 0.374630 0.497805
vt 0.375505 0.464641
vt 0.376312 0.464641
vt 0.374631 0.464641
vt 0.373781 0.464641
vt 0.373780 0.497805
vt 0.373780 0.530969
vt 0.373039 0.497805
vt 0.373039 0.530969
vt 0.373040 0.464641
vt 0.373781 0.431475
vt 0.374631 0.431475
vt 0.373040 0.431475
vt 0.372481 0.431475
vt 0.372481 0.464641
vt 0.372481 0.497805
vt 0.372163 0.464641
vt 0.372162 0.497805
vt 0.372163 0.431475
vt 0.372481 0.398311
vt 0.373040 0.398309
vt 0.372163 0.398309
vt 0.368646 0.431476
vt 0.368646 0.398311
vt 0.368646 0.464642
vt 0.361206 0.464644
vt 0.361206 0.431479
vt 0.361206 0.398315
vt 0.359231 0.464645
vt 0.359231 0.431481
vt 0.359231 0.398316
vt 0.358042 0.431482
vt 0.358042 0.464645
vt 0.358042 0.398317
vt 0.356378 0.398318
vt 0.356378 0.431483
vt 0.356378 0.464646
vt 0.358042 0.497808
vt 0.356378 0.497808
vt 0.359231 0.497807
vt 0.358042 0.530970
vt 0.359230 0.530970
vt 0.358042 0.564132
vt 0.359230 0.564132
vt 0.361206 0.564132
vt 0.361206 0.530970
vt 0.368645 0.530969
vt 0.368645 0.564132
vt 0.372162 0.530969
vt 0.372162 0.564132
vt 0.372164 0.597297
vt 0.372480 0.530969
vt 0.372480 0.564132
vt 0.372481 0.597297
vt 0.373039 0.597297
vt 0.373039 0.564132
vt 0.373780 0.564132
vt 0.368645 0.497805
vt 0.361206 0.497806
vt 0.354281 0.497808
vt 0.354281 0.464647
vt 0.351803 0.497809
vt 0.354281 0.431484
vt 0.349046 0.497809
vt 0.358042 0.365150
vt 0.359231 0.365149
vt 0.359231 0.331981
vt 0.359231 0.298812
vt 0.361206 0.298811
vt 0.361206 0.331979
vt 0.361206 0.365148
vt 0.359231 0.265642
vt 0.361206 0.265641
vt 0.368646 0.265640
vt 0.368646 0.298809
vt 0.368646 0.331976
vt 0.372163 0.265639
vt 0.372163 0.298807
vt 0.372163 0.331976
vt 0.372481 0.331976
vt 0.372481 0.298807
vt 0.372481 0.265639
vt 0.372481 0.232470
vt 0.372479 0.199300
vt 0.373040 0.265639
vt 0.373040 0.232470
vt 0.373038 0.199300
vt 0.373038 0.166132
vt 0.373779 0.199300
vt 0.373780 0.166132
vt 0.373781 0.132964
vt 0.374630 0.166132
vt 0.374631 0.132963
vt 0.375503 0.166132
vt 0.375504 0.132964
vt 0.376312 0.132963
vt 0.376311 0.166132
vt 0.376310 0.199301
vt 0.375503 0.199300
vt 0.374630 0.199301
vt 0.376971 0.199300
vt 0.376972 0.166132
vt 0.376973 0.132963
vt 0.377418 0.199300
vt 0.377418 0.166132
vt 0.377420 0.132964
vt 0.377420 0.232470
vt 0.376973 0.232470
vt 0.377420 0.265639
vt 0.376973 0.265639
vt 0.377419 0.298807
vt 0.376973 0.298807
vt 0.376312 0.298807
vt 0.376312 0.265639
vt 0.376312 0.232470
vt 0.375505 0.265639
vt 0.375504 0.232470
vt 0.375504 0.298807
vt 0.376973 0.331976
vt 0.376312 0.331976
vt 0.375504 0.331976
vt 0.374631 0.331976
vt 0.374631 0.298807
vt 0.374631 0.265639
vt 0.373781 0.298807
vt 0.373781 0.265639
vt 0.373781 0.331976
vt 0.375504 0.365143
vt 0.374631 0.365143
vt 0.373781 0.365143
vt 0.373040 0.365143
vt 0.373040 0.331976
vt 0.373040 0.298807
vt 0.372481 0.365143
vt 0.373781 0.398309
vt 0.372163 0.365143
vt 0.368646 0.365144
vt 0.374631 0.398309
vt 0.375504 0.398309
vt 0.375505 0.431476
vt 0.376312 0.398309
vt 0.376312 0.431475
vt 0.376973 0.398309
vt 0.376973 0.431475
vt 0.376973 0.464641
vt 0.377420 0.431476
vt 0.377420 0.464641
vt 0.377419 0.398309
vt 0.377419 0.365143
vt 0.376973 0.365143
vt 0.376312 0.365143
vt 0.377419 0.331976
vt 0.373781 0.232470
vt 0.374631 0.232470
vt 0.349046 0.663616
vt 0.340427 0.663615
vt 0.349046 0.000286
vt 0.340427 0.033449
vt 0.340427 0.000285
vt 0.331480 0.066615
vt 0.331480 0.033449
vt 0.331480 0.000285
vt 0.321593 0.033448
vt 0.321593 0.000285
vt 0.321593 0.066615
vt 0.331480 0.099785
vt 0.321593 0.099785
vt 0.331480 0.132952
vt 0.321593 0.132951
vt 0.331480 0.166125
vt 0.321593 0.166124
vt 0.303443 0.132952
vt 0.303442 0.099787
vt 0.303442 0.166125
vt 0.321593 0.199302
vt 0.303442 0.199303
vt 0.331479 0.199302
vt 0.321593 0.232472
vt 0.303443 0.232472
vt 0.331481 0.232472
vt 0.340427 0.232472
vt 0.331481 0.265644
vt 0.321593 0.265644
vt 0.340427 0.265644
vt 0.340427 0.298817
vt 0.331481 0.298818
vt 0.321593 0.298818
vt 0.349046 0.265644
vt 0.331481 0.331988
vt 0.331481 0.365155
vt 0.321593 0.331987
vt 0.321593 0.365156
vt 0.303442 0.331986
vt 0.303442 0.298817
vt 0.303442 0.365155
vt 0.303443 0.265643
vt 0.285915 0.331983
vt 0.285915 0.298816
vt 0.285915 0.265642
vt 0.285915 0.232471
vt 0.273408 0.265641
vt 0.273408 0.232471
vt 0.273407 0.298816
vt 0.250176 0.265640
vt 0.250176 0.232470
vt 0.250176 0.298814
vt 0.230251 0.298813
vt 0.230251 0.265639
vt 0.230251 0.232470
vt 0.273408 0.331982
vt 0.250176 0.331980
vt 0.230251 0.331978
vt 0.211102 0.298812
vt 0.211102 0.265638
vt 0.211102 0.331976
vt 0.230251 0.365147
vt 0.211102 0.365146
vt 0.250176 0.365149
vt 0.250176 0.398318
vt 0.230251 0.398317
vt 0.211102 0.398316
vt 0.193398 0.398314
vt 0.193398 0.365144
vt 0.193398 0.331975
vt 0.192944 0.365145
vt 0.192944 0.331975
vt 0.192944 0.398314
vt 0.193398 0.431479
vt 0.192945 0.431479
vt 0.211102 0.431480
vt 0.192522 0.431479
vt 0.192522 0.398314
vt 0.192522 0.365144
vt 0.192118 0.431479
vt 0.192118 0.398314
vt 0.192118 0.365145
vt 0.191818 0.431479
vt 0.191817 0.398314
vt 0.191817 0.365145
vt 0.191436 0.431479
vt 0.191435 0.398314
vt 0.191435 0.365144
vt 0.191152 0.431479
vt 0.191152 0.398314
vt 0.191152 0.365144
vt 0.191435 0.331975
vt 0.191817 0.331975
vt 0.191152 0.331975
vt 0.191435 0.298812
vt 0.191817 0.298812
vt 0.191152 0.298812
vt 0.191152 0.265637
vt 0.191436 0.265638
vt 0.191818 0.265637
vt 0.191152 0.232469
vt 0.191436 0.232469
vt 0.191818 0.232469
vt 0.191435 0.199309
vt 0.191817 0.199309
vt 0.191151 0.199309
vt 0.191435 0.166128
vt 0.191817 0.166128
vt 0.191151 0.166128
vt 0.191152 0.132957
vt 0.191436 0.132957
vt 0.191818 0.132957
vt 0.192117 0.199309
vt 0.192117 0.166128
vt 0.192118 0.132957
vt 0.191818 0.099798
vt 0.192118 0.099798
vt 0.191436 0.099798
vt 0.191817 0.066625
vt 0.192118 0.066625
vt 0.191435 0.066625
vt 0.191152 0.099798
vt 0.191152 0.066625
vt 0.191435 0.033460
vt 0.191817 0.033460
vt 0.191152 0.033460
vt 0.191435 0.000294
vt 0.191817 0.000294
vt 0.191152 0.000295
vt 0.191817 0.663624
vt 0.191435 0.663624
vt 0.191435 0.630460
vt 0.191817 0.630460
vt 0.191152 0.663625
vt 0.191152 0.630460
vt 0.191435 0.597297
vt 0.191817 0.597297
vt 0.191152 0.597297
vt 0.191435 0.564134
vt 0.191817 0.564134
vt 0.191151 0.564134
vt 0.191151 0.530969
vt 0.191435 0.530969
vt 0.191817 0.530969
vt 0.192118 0.597297
vt 0.192117 0.564134
vt 0.192117 0.530969
vt 0.191817 0.497804
vt 0.192117 0.497804
vt 0.191435 0.497804
vt 0.191818 0.464641
vt 0.192118 0.464640
vt 0.191436 0.464641
vt 0.191151 0.497804
vt 0.191152 0.464640
vt 0.190695 0.464640
vt 0.190695 0.431479
vt 0.190694 0.497804
vt 0.190695 0.398314
vt 0.190109 0.464640
vt 0.190109 0.431479
vt 0.190109 0.398314
vt 0.190109 0.365144
vt 0.190695 0.365145
vt 0.190109 0.331975
vt 0.190695 0.331975
vt 0.190109 0.298811
vt 0.190695 0.298812
vt 0.190109 0.265637
vt 0.190695 0.265637
vt 0.190109 0.232469
vt 0.190695 0.232469
vt 0.190108 0.199309
vt 0.190694 0.199309
vt 0.190108 0.166128
vt 0.190694 0.166128
vt 0.190109 0.132957
vt 0.190695 0.132957
vt 0.190109 0.099799
vt 0.190695 0.099799
vt 0.190109 0.066626
vt 0.190695 0.066626
vt 0.190109 0.033460
vt 0.190695 0.033460
vt 0.190109 0.000295
vt 0.190695 0.000295
vt 0.190695 0.663625
vt 0.190109 0.663625
vt 0.190109 0.630461
vt 0.190695 0.630460
vt 0.190109 0.597297
vt 0.190695 0.597297
vt 0.190109 0.564134
vt 0.190694 0.564134
vt 0.190109 0.530969
vt 0.190694 0.530969
vt 0.190109 0.497804
vt 0.189004 0.497804
vt 0.189004 0.464640
vt 0.189003 0.530969
vt 0.189004 0.431479
vt 0.183905 0.497804
vt 0.183906 0.464639
vt 0.183905 0.431478
vt 0.189004 0.398314
vt 0.183905 0.398313
vt 0.181114 0.431478
vt 0.181114 0.464640
vt 0.181114 0.398313
vt 0.189004 0.365144
vt 0.183905 0.365143
vt 0.181114 0.365143
vt 0.178146 0.398313
vt 0.178146 0.365143
vt 0.178146 0.431478
vt 0.176527 0.398313
vt 0.176527 0.365143
vt 0.176527 0.431478
vt 0.178146 0.331974
vt 0.181114 0.331974
vt 0.176527 0.331974
vt 0.178146 0.298811
vt 0.181114 0.298811
vt 0.176527 0.298811
vt 0.178146 0.265636
vt 0.181114 0.265636
vt 0.176528 0.265636
vt 0.178146 0.232469
vt 0.176528 0.232469
vt 0.181114 0.232469
vt 0.183905 0.298811
vt 0.183906 0.265637
vt 0.183906 0.232469
vt 0.181113 0.199310
vt 0.183905 0.199310
vt 0.178145 0.199310
vt 0.181113 0.166128
vt 0.183905 0.166128
vt 0.178145 0.166128
vt 0.181114 0.132957
vt 0.183906 0.132957
vt 0.178146 0.132958
vt 0.181114 0.099800
vt 0.183905 0.099800
vt 0.178146 0.099800
vt 0.181114 0.066627
vt 0.183905 0.066627
vt 0.178146 0.066627
vt 0.178146 0.033461
vt 0.181114 0.033461
vt 0.183905 0.033461
vt 0.189004 0.066626
vt 0.189004 0.099799
vt 0.189004 0.033461
vt 0.181114 0.000296
vt 0.183905 0.000296
vt 0.189004 0.000295
vt 0.189004 0.663625
vt 0.189004 0.630461
vt 0.183905 0.663626
vt 0.183905 0.630461
vt 0.189004 0.597297
vt 0.183905 0.597298
vt 0.181114 0.630462
vt 0.181114 0.663626
vt 0.181114 0.597298
vt 0.189003 0.564134
vt 0.183905 0.564134
vt 0.181114 0.564135
vt 0.178146 0.597298
vt 0.178146 0.630461
vt 0.178145 0.564135
vt 0.181114 0.530969
vt 0.183905 0.530969
vt 0.178145 0.530969
vt 0.181114 0.497804
vt 0.178145 0.497804
vt 0.178146 0.464639
vt 0.176527 0.497804
vt 0.176527 0.464639
vt 0.176527 0.530969
vt 0.173559 0.497804
vt 0.173558 0.530969
vt 0.173559 0.464639
vt 0.173559 0.431478
vt 0.173559 0.398313
vt 0.170875 0.398313
vt 0.170875 0.431478
vt 0.170875 0.464639
vt 0.169295 0.431478
vt 0.169295 0.398314
vt 0.169295 0.464639
vt 0.167317 0.398314
vt 0.167317 0.431479
vt 0.167317 0.464640
vt 0.169295 0.497804
vt 0.167317 0.497804
vt 0.170875 0.497804
vt 0.170875 0.530969
vt 0.169295 0.530969
vt 0.167317 0.530969
vt 0.170875 0.564135
vt 0.169295 0.564135
vt 0.167317 0.564135
vt 0.169295 0.597297
vt 0.167317 0.597297
vt 0.170875 0.597298
vt 0.173558 0.564135
vt 0.173559 0.597298
vt 0.173559 0.630462
vt 0.170875 0.630461
vt 0.169295 0.630461
vt 0.173559 0.663626
vt 0.170875 0.663626
vt 0.169295 0.663626
vt 0.167317 0.630461
vt 0.167317 0.663625
vt 0.170875 0.000296
vt 0.170875 0.033461
vt 0.169295 0.033461
vt 0.169295 0.000295
vt 0.167317 0.000295
vt 0.167317 0.033460
vt 0.169295 0.066627
vt 0.167317 0.066626
vt 0.170875 0.066627
vt 0.173559 0.000296
vt 0.173559 0.033461
vt 0.173559 0.066627
vt 0.170875 0.099800
vt 0.169295 0.099800
vt 0.173559 0.099800
vt 0.176527 0.099800
vt 0.176527 0.066627
vt 0.176527 0.033461
vt 0.178146 0.000296
vt 0.176527 0.000296
vt 0.176527 0.630461
vt 0.176527 0.663626
vt 0.178146 0.663626
vt 0.176527 0.597298
vt 0.176527 0.564135
vt 0.176528 0.132957
vt 0.173559 0.132957
vt 0.176527 0.166128
vt 0.173558 0.166128
vt 0.176527 0.199310
vt 0.173558 0.199310
vt 0.173559 0.232469
vt 0.170875 0.232469
vt 0.170874 0.199311
vt 0.170875 0.166128
vt 0.169294 0.199311
vt 0.169295 0.166128
vt 0.169295 0.232469
vt 0.173559 0.265636
vt 0.170875 0.265636
vt 0.169295 0.265636
vt 0.173559 0.298811
vt 0.170875 0.298811
vt 0.169295 0.298811
vt 0.170875 0.331974
vt 0.169295 0.331974
vt 0.173559 0.331974
vt 0.167317 0.298811
vt 0.167317 0.265636
vt 0.167317 0.331975
vt 0.170875 0.365143
vt 0.169295 0.365144
vt 0.167317 0.365144
vt 0.166048 0.365144
vt 0.166048 0.331975
vt 0.166048 0.398314
vt 0.166048 0.431479
vt 0.165709 0.398315
vt 0.165709 0.431479
vt 0.165709 0.365145
vt 0.165461 0.398315
vt 0.165461 0.431480
vt 0.165461 0.365145
vt 0.164987 0.398315
vt 0.164987 0.365144
vt 0.164987 0.431480
vt 0.165710 0.464640
vt 0.165461 0.464640
vt 0.164987 0.464639
vt 0.165709 0.497803
vt 0.165461 0.497803
vt 0.164987 0.497803
vt 0.165709 0.530969
vt 0.165461 0.530970
vt 0.164986 0.530969
vt 0.165461 0.564135
vt 0.164986 0.564135
vt 0.165709 0.564135
vt 0.166048 0.497804
vt 0.166048 0.530969
vt 0.166048 0.564135
vt 0.166048 0.597297
vt 0.165709 0.597298
vt 0.165461 0.597297
vt 0.165709 0.630461
vt 0.165461 0.630460
vt 0.166048 0.630461
vt 0.166048 0.663625
vt 0.165709 0.663624
vt 0.166048 0.000295
vt 0.166048 0.033460
vt 0.165709 0.000294
vt 0.165709 0.033460
vt 0.165461 0.663624
vt 0.165461 0.000294
vt 0.165461 0.033459
vt 0.164987 0.000294
vt 0.164987 0.033459
vt 0.164987 0.630461
vt 0.164987 0.663624
vt 0.164987 0.597298
vt 0.164636 0.663624
vt 0.164636 0.630460
vt 0.164636 0.597298
vt 0.164636 0.564135
vt 0.164636 0.530969
vt 0.164161 0.564135
vt 0.164162 0.597297
vt 0.164161 0.530970
vt 0.164636 0.497803
vt 0.164162 0.497803
vt 0.164636 0.464639
vt 0.164162 0.464639
vt 0.164162 0.431480
vt 0.164636 0.431480
vt 0.163867 0.464639
vt 0.163866 0.497803
vt 0.163867 0.431480
vt 0.164162 0.398315
vt 0.164636 0.398315
vt 0.163866 0.398315
vt 0.164162 0.365145
vt 0.164636 0.365144
vt 0.163866 0.365145
vt 0.161323 0.431478
vt 0.161322 0.398313
vt 0.161322 0.365143
vt 0.160600 0.398313
vt 0.160600 0.365143
vt 0.160600 0.431478
vt 0.161323 0.464640
vt 0.160600 0.464640
vt 0.161322 0.497804
vt 0.160600 0.497804
vt 0.161322 0.530969
vt 0.160599 0.530969
vt 0.163866 0.530969
vt 0.163866 0.564135
vt 0.161322 0.564134
vt 0.163866 0.597297
vt 0.161322 0.597297
vt 0.164162 0.630460
vt 0.163866 0.630461
vt 0.161322 0.630461
vt 0.160599 0.564134
vt 0.160600 0.597297
vt 0.160600 0.630461
vt 0.161322 0.663626
vt 0.160600 0.663626
vt 0.163866 0.663624
vt 0.160600 0.000296
vt 0.161322 0.000295
vt 0.161322 0.033461
vt 0.160600 0.033461
vt 0.163866 0.000294
vt 0.163866 0.033460
vt 0.164162 0.000294
vt 0.164162 0.033460
vt 0.164162 0.663624
vt 0.164162 0.066626
vt 0.163866 0.066626
vt 0.161322 0.066626
vt 0.164162 0.099799
vt 0.163867 0.099799
vt 0.161323 0.099800
vt 0.163867 0.132954
vt 0.161323 0.132958
vt 0.164162 0.132954
vt 0.164636 0.099799
vt 0.164636 0.066626
vt 0.164637 0.132954
vt 0.164161 0.166126
vt 0.163866 0.166126
vt 0.164636 0.166126
vt 0.164987 0.132954
vt 0.164986 0.166126
vt 0.164987 0.099799
vt 0.165462 0.132954
vt 0.165461 0.099799
vt 0.165461 0.166126
vt 0.165461 0.199313
vt 0.164986 0.199313
vt 0.164635 0.199313
vt 0.165709 0.166126
vt 0.165710 0.132954
vt 0.165709 0.199312
vt 0.165461 0.232470
vt 0.164987 0.232470
vt 0.165710 0.232470
vt 0.166048 0.232470
vt 0.166047 0.199312
vt 0.166047 0.166127
vt 0.167316 0.199311
vt 0.167317 0.166127
vt 0.167317 0.232469
vt 0.166048 0.265636
vt 0.165710 0.265636
vt 0.166048 0.298812
vt 0.165709 0.298812
vt 0.165462 0.265636
vt 0.165461 0.298812
vt 0.165709 0.331975
vt 0.165461 0.331976
vt 0.164987 0.331975
vt 0.164987 0.298812
vt 0.164636 0.331975
vt 0.164636 0.298812
vt 0.164162 0.331975
vt 0.164987 0.265636
vt 0.164636 0.265636
vt 0.164636 0.232470
vt 0.164162 0.232470
vt 0.164161 0.199313
vt 0.164162 0.265636
vt 0.163867 0.232470
vt 0.163866 0.199313
vt 0.163867 0.265636
vt 0.164162 0.298812
vt 0.163866 0.298812
vt 0.161323 0.265637
vt 0.161323 0.232469
vt 0.161322 0.298811
vt 0.160600 0.298811
vt 0.160600 0.265637
vt 0.160600 0.232469
vt 0.160599 0.199309
vt 0.161322 0.199309
vt 0.160599 0.166129
vt 0.161322 0.166128
vt 0.160600 0.132958
vt 0.160600 0.099800
vt 0.159454 0.166129
vt 0.159455 0.132959
vt 0.159454 0.099800
vt 0.160600 0.066626
vt 0.159454 0.066626
vt 0.159454 0.033461
vt 0.158044 0.099800
vt 0.158044 0.066627
vt 0.158044 0.033461
vt 0.156565 0.033461
vt 0.156565 0.066626
vt 0.156565 0.099800
vt 0.158044 0.000296
vt 0.159454 0.000296
vt 0.156565 0.000296
vt 0.154162 0.033461
vt 0.154162 0.000296
vt 0.154162 0.066627
vt 0.150380 0.000296
vt 0.150380 0.033461
vt 0.150380 0.066627
vt 0.154163 0.099799
vt 0.150380 0.099800
vt 0.154163 0.132958
vt 0.150381 0.132958
vt 0.156565 0.132958
vt 0.156564 0.166129
vt 0.154162 0.166129
vt 0.150380 0.166128
vt 0.146538 0.166128
vt 0.146539 0.132957
vt 0.146538 0.099800
vt 0.142688 0.166128
vt 0.142689 0.132957
vt 0.142689 0.099800
vt 0.142689 0.066627
vt 0.146538 0.066627
vt 0.142689 0.033461
vt 0.146538 0.033461
vt 0.138881 0.099800
vt 0.138881 0.066627
vt 0.138881 0.033461
vt 0.135165 0.033461
vt 0.135165 0.066627
vt 0.135165 0.099800
vt 0.138881 0.132957
vt 0.135165 0.132958
vt 0.115875 0.132960
vt 0.115875 0.099802
vt 0.115875 0.066630
vt 0.107158 0.132961
vt 0.107158 0.099802
vt 0.107157 0.066631
vt 0.098285 0.132961
vt 0.098284 0.099802
vt 0.098284 0.066631
vt 0.107157 0.033464
vt 0.115875 0.033463
vt 0.098284 0.033465
vt 0.107158 0.000299
vt 0.115875 0.000298
vt 0.098284 0.000299
vt 0.089261 0.000299
vt 0.089261 0.033465
vt 0.089261 0.066631
vt 0.085845 0.066631
vt 0.085845 0.033465
vt 0.085845 0.000299
vt 0.089261 0.099803
vt 0.085845 0.099803
vt 0.080650 0.099803
vt 0.080650 0.066632
vt 0.080650 0.033466
vt 0.074897 0.033466
vt 0.074897 0.066632
vt 0.074898 0.099803
vt 0.080650 0.000300
vt 0.074898 0.000300
vt 0.080650 0.630466
vt 0.085846 0.630465
vt 0.085846 0.663630
vt 0.080650 0.663630
vt 0.074898 0.630466
vt 0.074898 0.663630
vt 0.080650 0.597299
vt 0.085846 0.597299
vt 0.074897 0.597299
vt 0.068803 0.597299
vt 0.068803 0.630466
vt 0.068803 0.663630
vt 0.062590 0.630466
vt 0.062590 0.663630
vt 0.062590 0.597299
vt 0.068803 0.564135
vt 0.074897 0.564135
vt 0.062589 0.564135
vt 0.068803 0.530969
vt 0.074897 0.530969
vt 0.062589 0.530969
vt 0.068803 0.497803
vt 0.074897 0.497803
vt 0.062590 0.497803
vt 0.056486 0.497802
vt 0.056485 0.530969
vt 0.056485 0.564135
vt 0.050715 0.530969
vt 0.050715 0.564136
vt 0.050715 0.497802
vt 0.056486 0.464637
vt 0.062590 0.464637
vt 0.050715 0.464637
vt 0.056486 0.431474
vt 0.062590 0.431474
vt 0.050715 0.431474
vt 0.056486 0.398308
vt 0.062590 0.398308
vt 0.050715 0.398308
vt 0.056486 0.365139
vt 0.062590 0.365139
vt 0.050715 0.365139
vt 0.046035 0.431474
vt 0.046035 0.398308
vt 0.046035 0.365139
vt 0.043305 0.431475
vt 0.043304 0.398309
vt 0.043304 0.365139
vt 0.042564 0.398309
vt 0.042564 0.431475
vt 0.042564 0.365139
vt 0.041707 0.398309
vt 0.041707 0.365139
vt 0.041707 0.431475
vt 0.043305 0.464635
vt 0.042564 0.464635
vt 0.041707 0.464635
vt 0.043304 0.497802
vt 0.042563 0.497801
vt 0.041706 0.497801
vt 0.043304 0.530969
vt 0.042563 0.530969
vt 0.041706 0.530969
vt 0.043304 0.564136
vt 0.042563 0.564136
vt 0.041706 0.564136
vt 0.043304 0.597300
vt 0.042564 0.597300
vt 0.041707 0.597300
vt 0.043304 0.630466
vt 0.042564 0.630466
vt 0.041707 0.630466
vt 0.043304 0.663630
vt 0.042564 0.663630
vt 0.041707 0.663630
vt 0.042564 0.000300
vt 0.043304 0.000300
vt 0.043304 0.033465
vt 0.042564 0.033465
vt 0.041707 0.000300
vt 0.041707 0.033465
vt 0.043304 0.066632
vt 0.042564 0.066632
vt 0.041707 0.066632
vt 0.042564 0.099804
vt 0.041707 0.099804
vt 0.043305 0.099804
vt 0.040966 0.099804
vt 0.040966 0.066632
vt 0.040966 0.033465
vt 0.036326 0.099804
vt 0.036326 0.066632
vt 0.036326 0.033466
vt 0.034920 0.099804
vt 0.034920 0.066632
vt 0.034920 0.033466
vt 0.034920 0.000300
vt 0.036326 0.000300
vt 0.040966 0.000300
vt 0.034920 0.630466
vt 0.036326 0.630466
vt 0.036326 0.663630
vt 0.034920 0.663630
vt 0.040966 0.630466
vt 0.040966 0.663630
vt 0.034920 0.597299
vt 0.036326 0.597299
vt 0.040966 0.597300
vt 0.034920 0.564136
vt 0.036325 0.564136
vt 0.040965 0.564136
vt 0.034919 0.530969
vt 0.036325 0.530969
vt 0.040965 0.530969
vt 0.034920 0.497802
vt 0.036325 0.497802
vt 0.040966 0.497802
vt 0.034920 0.464637
vt 0.036326 0.464637
vt 0.040966 0.464635
vt 0.034920 0.431474
vt 0.036326 0.431474
vt 0.040966 0.431474
vt 0.034920 0.398308
vt 0.036326 0.398308
vt 0.040966 0.398309
vt 0.040966 0.365139
vt 0.036326 0.365139
vt 0.040966 0.331971
vt 0.041707 0.331971
vt 0.036326 0.331970
vt 0.034920 0.365139
vt 0.034920 0.331970
vt 0.034920 0.298808
vt 0.036326 0.298808
vt 0.040966 0.298808
vt 0.034920 0.265634
vt 0.036326 0.265634
vt 0.040966 0.265634
vt 0.034920 0.232468
vt 0.036326 0.232468
vt 0.040966 0.232468
vt 0.034919 0.199311
vt 0.036325 0.199311
vt 0.040965 0.199312
vt 0.034919 0.166131
vt 0.036325 0.166131
vt 0.040965 0.166129
vt 0.034921 0.132960
vt 0.036326 0.132960
vt 0.040966 0.132958
vt 0.041707 0.132958
vt 0.041706 0.166129
vt 0.042564 0.132958
vt 0.042563 0.166129
vt 0.042563 0.199312
vt 0.041706 0.199312
vt 0.042564 0.232468
vt 0.041707 0.232468
vt 0.042564 0.265634
vt 0.041707 0.265634
vt 0.042564 0.298808
vt 0.041707 0.298808
vt 0.042564 0.331971
vt 0.043304 0.331971
vt 0.043304 0.298808
vt 0.046035 0.298808
vt 0.046033 0.331971
vt 0.046035 0.265634
vt 0.043305 0.265634
vt 0.046035 0.232468
vt 0.043305 0.232468
vt 0.046033 0.199311
vt 0.043304 0.199312
vt 0.046033 0.166131
vt 0.043304 0.166129
vt 0.046035 0.132959
vt 0.043305 0.132958
vt 0.046035 0.099804
vt 0.046033 0.066632
vt 0.050715 0.099803
vt 0.050715 0.132960
vt 0.050715 0.066632
vt 0.046035 0.033466
vt 0.050715 0.033466
vt 0.056486 0.033466
vt 0.056486 0.066632
vt 0.056486 0.099803
vt 0.050715 0.000300
vt 0.056486 0.000300
vt 0.046035 0.000300
vt 0.062590 0.000300
vt 0.062590 0.033466
vt 0.062590 0.066632
vt 0.068803 0.033466
vt 0.068803 0.066632
vt 0.068803 0.000300
vt 0.056486 0.630466
vt 0.056486 0.663630
vt 0.068803 0.099803
vt 0.062590 0.099803
vt 0.068804 0.132962
vt 0.062590 0.132962
vt 0.056486 0.132961
vt 0.068803 0.166132
vt 0.062589 0.166132
vt 0.056485 0.166132
vt 0.050714 0.166131
vt 0.050714 0.199310
vt 0.056485 0.199310
vt 0.056486 0.232467
vt 0.050715 0.232468
vt 0.056486 0.265635
vt 0.050715 0.265634
vt 0.062590 0.232467
vt 0.062589 0.199309
vt 0.062590 0.265635
vt 0.062590 0.298808
vt 0.056486 0.298808
vt 0.050715 0.298808
vt 0.068803 0.298808
vt 0.068804 0.265635
vt 0.068803 0.232467
vt 0.074898 0.265635
vt 0.074898 0.232467
vt 0.074898 0.298808
vt 0.074897 0.331970
vt 0.068803 0.331970
vt 0.062590 0.331970
vt 0.080650 0.331970
vt 0.080650 0.298808
vt 0.080650 0.265635
vt 0.085846 0.298808
vt 0.085846 0.265636
vt 0.085846 0.331971
vt 0.080650 0.365139
vt 0.074898 0.365139
vt 0.085846 0.365139
vt 0.089261 0.331971
vt 0.089261 0.365139
vt 0.089261 0.298808
vt 0.098284 0.331971
vt 0.098284 0.298808
vt 0.098284 0.365140
vt 0.089262 0.265635
vt 0.098285 0.265636
vt 0.089262 0.232467
vt 0.098284 0.232467
vt 0.085845 0.232467
vt 0.080650 0.232467
vt 0.080649 0.199308
vt 0.085844 0.199308
vt 0.089260 0.199308
vt 0.080649 0.166132
vt 0.085845 0.166132
vt 0.089260 0.166132
vt 0.098283 0.199309
vt 0.098283 0.166131
vt 0.089262 0.132962
vt 0.085847 0.132962
vt 0.080650 0.132962
vt 0.074898 0.132962
vt 0.074897 0.166132
vt 0.074897 0.199308
vt 0.068802 0.199308
vt 0.107157 0.166131
vt 0.107157 0.199309
vt 0.115875 0.166131
vt 0.115875 0.199309
vt 0.115875 0.232468
vt 0.107158 0.232468
vt 0.115875 0.265636
vt 0.107158 0.265636
vt 0.115875 0.298809
vt 0.107157 0.298809
vt 0.115875 0.331972
vt 0.107157 0.331972
vt 0.115875 0.365141
vt 0.107157 0.365140
vt 0.115875 0.398311
vt 0.107158 0.398309
vt 0.098284 0.398309
vt 0.089261 0.398308
vt 0.098284 0.431475
vt 0.089261 0.431475
vt 0.107158 0.431476
vt 0.107158 0.464638
vt 0.098284 0.464638
vt 0.089261 0.464638
vt 0.107157 0.497803
vt 0.098284 0.497803
vt 0.089261 0.497803
vt 0.107157 0.530969
vt 0.098283 0.530969
vt 0.089260 0.530969
vt 0.107157 0.564135
vt 0.098284 0.564135
vt 0.089260 0.564135
vt 0.107158 0.597299
vt 0.098284 0.597299
vt 0.089261 0.597299
vt 0.107158 0.630465
vt 0.098284 0.630465
vt 0.089261 0.630465
vt 0.107158 0.663629
vt 0.098284 0.663629
vt 0.089261 0.663630
vt 0.115876 0.630464
vt 0.115876 0.663628
vt 0.115875 0.597298
vt 0.135165 0.630461
vt 0.135165 0.663626
vt 0.135165 0.597298
vt 0.135165 0.000296
vt 0.138881 0.630461
vt 0.138881 0.663626
vt 0.138881 0.000296
vt 0.142689 0.630461
vt 0.142689 0.663626
vt 0.142689 0.000296
vt 0.146538 0.630461
vt 0.146538 0.663626
vt 0.146538 0.000296
vt 0.150380 0.630461
vt 0.150380 0.663626
vt 0.154162 0.630461
vt 0.154162 0.663626
vt 0.146538 0.597297
vt 0.150380 0.597297
vt 0.154162 0.597297
vt 0.156565 0.597297
vt 0.156565 0.630462
vt 0.156565 0.663626
vt 0.158044 0.597298
vt 0.158044 0.630461
vt 0.158044 0.663626
vt 0.159454 0.597297
vt 0.159454 0.630461
vt 0.159454 0.663626
vt 0.159454 0.564134
vt 0.158044 0.564134
vt 0.159454 0.530969
vt 0.158044 0.530969
vt 0.156564 0.530969
vt 0.156565 0.564134
vt 0.154162 0.564134
vt 0.154162 0.530969
vt 0.150380 0.530969
vt 0.150380 0.564134
vt 0.146538 0.530969
vt 0.146538 0.564135
vt 0.142689 0.564134
vt 0.142689 0.597297
vt 0.142688 0.530969
vt 0.142689 0.497804
vt 0.146538 0.497804
vt 0.150380 0.497804
vt 0.138881 0.497804
vt 0.138881 0.530969
vt 0.138881 0.564135
vt 0.135165 0.497804
vt 0.135164 0.530969
vt 0.135164 0.564135
vt 0.138881 0.597297
vt 0.115875 0.564135
vt 0.115875 0.530969
vt 0.115875 0.497803
vt 0.135165 0.464640
vt 0.115875 0.464639
vt 0.115875 0.431476
vt 0.135165 0.431478
vt 0.138881 0.431478
vt 0.138881 0.464640
vt 0.142689 0.431478
vt 0.142689 0.464640
vt 0.146538 0.431478
vt 0.146538 0.464640
vt 0.150380 0.431478
vt 0.150380 0.464640
vt 0.154163 0.464640
vt 0.154162 0.497804
vt 0.154163 0.431478
vt 0.146538 0.398313
vt 0.150380 0.398313
vt 0.154162 0.398313
vt 0.146538 0.365143
vt 0.150380 0.365143
vt 0.154162 0.365143
vt 0.146538 0.331974
vt 0.150380 0.331975
vt 0.154162 0.331974
vt 0.146538 0.298811
vt 0.150380 0.298811
vt 0.154162 0.298811
vt 0.146539 0.265637
vt 0.150381 0.265637
vt 0.154163 0.265637
vt 0.146538 0.232469
vt 0.150380 0.232469
vt 0.154163 0.232469
vt 0.146537 0.199310
vt 0.150379 0.199310
vt 0.154162 0.199309
vt 0.156564 0.199309
vt 0.156565 0.232468
vt 0.158044 0.232468
vt 0.158043 0.199309
vt 0.158043 0.166129
vt 0.158045 0.132959
vt 0.159453 0.199309
vt 0.159454 0.232469
vt 0.159455 0.265637
vt 0.158044 0.265637
vt 0.156565 0.265637
vt 0.159454 0.298811
vt 0.158044 0.298811
vt 0.156565 0.298811
vt 0.159454 0.331974
vt 0.158044 0.331974
vt 0.156565 0.331974
vt 0.156565 0.365143
vt 0.158044 0.365143
vt 0.156565 0.398313
vt 0.158044 0.398313
vt 0.159454 0.398313
vt 0.159454 0.365143
vt 0.160600 0.331975
vt 0.161322 0.331975
vt 0.163866 0.331975
vt 0.159454 0.431478
vt 0.158044 0.431478
vt 0.159454 0.464640
vt 0.158044 0.464640
vt 0.159454 0.497804
vt 0.158044 0.497804
vt 0.156565 0.464640
vt 0.156565 0.497804
vt 0.156565 0.431478
vt 0.142689 0.232469
vt 0.142688 0.199310
vt 0.138881 0.232469
vt 0.138880 0.199310
vt 0.138880 0.166128
vt 0.135164 0.199310
vt 0.135164 0.166128
vt 0.135165 0.232469
vt 0.135165 0.265637
vt 0.138881 0.265637
vt 0.142689 0.265637
vt 0.138881 0.298811
vt 0.135165 0.298811
vt 0.142689 0.298811
vt 0.138881 0.331974
vt 0.135165 0.331974
vt 0.142689 0.331975
vt 0.142689 0.365143
vt 0.138881 0.365143
vt 0.142689 0.398313
vt 0.138881 0.398313
vt 0.135165 0.398313
vt 0.135165 0.365143
vt 0.085846 0.564135
vt 0.080649 0.564135
vt 0.080649 0.530969
vt 0.085846 0.530969
vt 0.080649 0.497803
vt 0.085846 0.497803
vt 0.080650 0.464638
vt 0.085846 0.464638
vt 0.085846 0.431475
vt 0.080650 0.431474
vt 0.074898 0.464638
vt 0.074898 0.431474
vt 0.080650 0.398308
vt 0.085846 0.398308
vt 0.074898 0.398308
vt 0.068803 0.398308
vt 0.068803 0.365139
vt 0.068803 0.431474
vt 0.068803 0.464637
vt 0.056486 0.331970
vt 0.050715 0.331970
vt 0.050715 0.630466
vt 0.050715 0.663630
vt 0.056486 0.597299
vt 0.050715 0.597300
vt 0.046035 0.630466
vt 0.046033 0.597300
vt 0.046033 0.564136
vt 0.046033 0.530969
vt 0.046033 0.497802
vt 0.046035 0.464637
vt 0.046035 0.663630
vt 0.033283 0.132960
vt 0.033283 0.099804
vt 0.033282 0.166131
vt 0.033282 0.066632
vt 0.031527 0.132960
vt 0.031526 0.099804
vt 0.031526 0.066632
vt 0.000149 0.099804
vt 0.000148 0.066633
vt 0.000149 0.132960
vt 0.031526 0.033466
vt 0.000148 0.033466
vt 0.033282 0.033466
vt 0.031526 0.000300
vt 0.033282 0.000300
vt 0.000148 0.000300
vt 0.805195 0.000147
vt 0.858427 0.000147
vt 0.857105 0.008584
vt 0.806545 0.008581
vt 0.909055 0.016595
vt 0.905190 0.024212
vt 0.857819 0.117206
vt 0.840788 0.111665
vt 0.822879 0.111657
vt 0.952131 0.047886
vt 0.946102 0.053936
vt 0.872313 0.127738
vt 0.983410 0.090941
vt 0.975805 0.094829
vt 0.882819 0.142213
vt 0.999848 0.141576
vt 0.991414 0.142926
vt 0.888346 0.159251
vt 0.875485 0.161295
vt 0.871215 0.148140
vt 0.863086 0.136945
vt 0.858629 0.154546
vt 0.853098 0.146928
vt 0.861537 0.163501
vt 0.875482 0.175128
vt 0.888330 0.177175
vt 0.861534 0.172915
vt 0.846882 0.165820
vt 0.845407 0.161280
vt 0.846879 0.170592
vt 0.845397 0.175130
vt 0.858619 0.181867
vt 0.871205 0.188283
vt 0.842600 0.178988
vt 0.853084 0.189482
vt 0.863066 0.199473
vt 0.831811 0.168197
vt 0.838729 0.181792
vt 0.845465 0.195012
vt 0.834188 0.183264
vt 0.836515 0.197939
vt 0.851873 0.207600
vt 0.838719 0.211869
vt 0.829419 0.183261
vt 0.827092 0.197937
vt 0.824886 0.211857
vt 0.840745 0.224735
vt 0.822840 0.224732
vt 0.857787 0.219205
vt 0.905165 0.312192
vt 0.857084 0.327812
vt 0.806522 0.327809
vt 0.805804 0.219191
vt 0.758432 0.312179
vt 0.811726 0.207579
vt 0.858434 0.336246
vt 0.805200 0.336247
vt 0.754567 0.319797
vt 0.791322 0.208660
vt 0.717529 0.282459
vt 0.711500 0.288509
vt 0.031526 0.398308
vt 0.031526 0.431474
vt 0.000149 0.431474
vt 0.000148 0.398308
vt 0.031526 0.365139
vt 0.000148 0.365139
vt 0.033282 0.398308
vt 0.033283 0.431474
vt 0.033282 0.365139
vt 0.033282 0.331970
vt 0.031526 0.331970
vt 0.033282 0.298808
vt 0.031526 0.298808
vt 0.000148 0.331970
vt 0.000148 0.298806
vt 0.031527 0.265634
vt 0.000149 0.265634
vt 0.033283 0.265634
vt 0.031526 0.232468
vt 0.000149 0.232467
vt 0.033283 0.232467
vt 0.033281 0.199310
vt 0.031525 0.199311
vt 0.031526 0.166131
vt 0.000147 0.199311
vt 0.000148 0.166131
vt 0.999853 0.194824
vt 0.991415 0.193503
vt 0.983420 0.245439
vt 0.975803 0.241574
vt 0.882798 0.194214
vt 0.872283 0.208687
vt 0.946081 0.282474
vt 0.952131 0.288505
vt 0.909055 0.319797
vt 0.033283 0.464637
vt 0.031526 0.464637
vt 0.033282 0.497802
vt 0.031526 0.497802
vt 0.033282 0.530969
vt 0.031526 0.530969
vt 0.033282 0.564136
vt 0.031526 0.564136
vt 0.033282 0.597299
vt 0.031526 0.597299
vt 0.033282 0.630466
vt 0.031526 0.630466
vt 0.033282 0.663630
vt 0.031526 0.663630
vt 0.000148 0.630466
vt 0.000148 0.597300
vt 0.000148 0.663630
vt 0.711502 0.047888
vt 0.754569 0.016597
vt 0.758459 0.024201
vt 0.717552 0.053917
vt 0.805847 0.117185
vt 0.791353 0.127706
vt 0.680218 0.090954
vt 0.687836 0.094818
vt 0.780824 0.142189
vt 0.775281 0.159221
vt 0.672211 0.142906
vt 0.663772 0.141584
vt 0.000148 0.564137
vt 0.000148 0.530969
vt 0.000148 0.497802
vt 0.663770 0.194816
vt 0.672204 0.193467
vt 0.000149 0.464637
vt 0.680215 0.245446
vt 0.687818 0.241556
vt 0.775276 0.177133
vt 0.780802 0.194170
vt 0.792416 0.188253
vt 0.800544 0.199445
vt 0.788149 0.175097
vt 0.802077 0.172899
vt 0.804979 0.181861
vt 0.810520 0.189483
vt 0.818137 0.195023
vt 0.821019 0.178977
vt 0.824883 0.181783
vt 0.818223 0.175113
vt 0.816743 0.170575
vt 0.816746 0.165803
vt 0.802073 0.163474
vt 0.788154 0.161266
vt 0.818228 0.161265
vt 0.804993 0.154515
vt 0.792433 0.148113
vt 0.810538 0.146894
vt 0.800566 0.136927
vt 0.821039 0.157405
vt 0.824892 0.154603
vt 0.818151 0.141363
vt 0.811759 0.128802
vt 0.827117 0.138476
vt 0.824914 0.124532
vt 0.829442 0.153129
vt 0.834208 0.153133
vt 0.836532 0.138479
vt 0.838747 0.154611
vt 0.845484 0.141392
vt 0.838745 0.124529
vt 0.851906 0.128809
vt 0.842607 0.157417
vt 0.166048 0.132954
vt 0.167317 0.132956
vt 0.166048 0.099799
vt 0.167317 0.099800
vt 0.165709 0.099799
vt 0.165461 0.066626
vt 0.165709 0.066626
vt 0.166048 0.066626
vt 0.164987 0.066626
vt 0.164636 0.033459
vt 0.164636 0.000294
vt 0.169295 0.132957
vt 0.170875 0.132957
vt 0.166048 0.464640
vt 0.173559 0.365143
vt 0.189004 0.132958
vt 0.189003 0.166128
vt 0.189003 0.199309
vt 0.189004 0.232469
vt 0.189004 0.265637
vt 0.189004 0.298811
vt 0.189004 0.331975
vt 0.183905 0.331974
vt 0.192522 0.464640
vt 0.192522 0.497804
vt 0.192944 0.497804
vt 0.192945 0.464640
vt 0.193398 0.464641
vt 0.193398 0.497804
vt 0.192944 0.530969
vt 0.192522 0.530969
vt 0.193398 0.530969
vt 0.211102 0.464641
vt 0.211102 0.497805
vt 0.211102 0.530970
vt 0.193398 0.564134
vt 0.192944 0.564134
vt 0.211102 0.564134
vt 0.230251 0.530970
vt 0.230251 0.564133
vt 0.230251 0.497806
vt 0.250175 0.530970
vt 0.250175 0.564133
vt 0.250176 0.497806
vt 0.273407 0.530970
vt 0.273407 0.564132
vt 0.273407 0.497807
vt 0.285915 0.530970
vt 0.285915 0.564132
vt 0.285915 0.497808
vt 0.303443 0.464648
vt 0.285915 0.464646
vt 0.273408 0.464646
vt 0.285915 0.431485
vt 0.273408 0.431484
vt 0.303442 0.431487
vt 0.303442 0.398323
vt 0.285915 0.398321
vt 0.285915 0.365153
vt 0.273407 0.398320
vt 0.273408 0.365151
vt 0.250176 0.431482
vt 0.230251 0.431481
vt 0.250176 0.464644
vt 0.230251 0.464643
vt 0.285915 0.597293
vt 0.273408 0.597294
vt 0.285915 0.630454
vt 0.273408 0.630455
vt 0.250176 0.597295
vt 0.250176 0.630457
vt 0.285915 0.663617
vt 0.273408 0.663619
vt 0.250176 0.663621
vt 0.230251 0.630458
vt 0.230251 0.597296
vt 0.230251 0.663622
vt 0.250176 0.000291
vt 0.250176 0.033455
vt 0.230251 0.033457
vt 0.230251 0.000292
vt 0.273408 0.000289
vt 0.273408 0.033452
vt 0.250176 0.066621
vt 0.230251 0.066622
vt 0.273408 0.066619
vt 0.285915 0.033451
vt 0.285915 0.066617
vt 0.285915 0.000287
vt 0.303442 0.033449
vt 0.303442 0.066616
vt 0.303442 0.000286
vt 0.303442 0.663616
vt 0.321594 0.663615
vt 0.331481 0.663615
vt 0.285915 0.099790
vt 0.285915 0.132953
vt 0.273408 0.132953
vt 0.273408 0.099791
vt 0.250176 0.099793
vt 0.250176 0.132954
vt 0.273407 0.166126
vt 0.250175 0.166127
vt 0.285915 0.166125
vt 0.273407 0.199305
vt 0.250175 0.199307
vt 0.285915 0.199304
vt 0.230250 0.199308
vt 0.230250 0.166127
vt 0.211101 0.199309
vt 0.211102 0.166127
vt 0.211102 0.232469
vt 0.230251 0.132956
vt 0.211103 0.132957
vt 0.230251 0.099795
vt 0.211102 0.099797
vt 0.211102 0.066624
vt 0.211102 0.033459
vt 0.193398 0.099799
vt 0.193398 0.066625
vt 0.193398 0.033460
vt 0.192944 0.066625
vt 0.192944 0.033460
vt 0.192945 0.099799
vt 0.193399 0.132957
vt 0.192945 0.132957
vt 0.192522 0.132957
vt 0.192522 0.099799
vt 0.192522 0.066625
vt 0.192118 0.033460
vt 0.192522 0.033460
vt 0.192522 0.000295
vt 0.192945 0.000295
vt 0.192118 0.000295
vt 0.192522 0.663625
vt 0.192118 0.663625
vt 0.192118 0.630460
vt 0.192522 0.630460
vt 0.192522 0.597297
vt 0.192522 0.564134
vt 0.192944 0.630460
vt 0.192944 0.597297
vt 0.193398 0.630461
vt 0.193398 0.597297
vt 0.211102 0.597296
vt 0.211102 0.630459
vt 0.193398 0.663625
vt 0.192945 0.663625
vt 0.211102 0.663623
vt 0.193398 0.000295
vt 0.211102 0.000293
vt 0.192944 0.166128
vt 0.192521 0.166128
vt 0.192944 0.199309
vt 0.192521 0.199309
vt 0.193398 0.199309
vt 0.193398 0.166128
vt 0.193399 0.232469
vt 0.192945 0.232469
vt 0.193399 0.265638
vt 0.192945 0.265637
vt 0.193398 0.298812
vt 0.192944 0.298811
vt 0.192522 0.265637
vt 0.192522 0.298811
vt 0.192522 0.331975
vt 0.192118 0.331975
vt 0.192118 0.298811
vt 0.192118 0.265637
vt 0.192118 0.232469
vt 0.192522 0.232469
vt 0.384828 0.630458
vt 0.384828 0.663623
vt 0.384828 0.597295
vt 0.384828 0.564132
vt 0.384828 0.530970
vt 0.384828 0.497806
vt 0.384828 0.464643
vt 0.384828 0.431478
vt 0.384828 0.398313
vt 0.384828 0.365146
vt 0.384828 0.331978
vt 0.384828 0.298810
vt 0.384828 0.265641
vt 0.384828 0.232470
vt 0.384828 0.199300
vt 0.384828 0.166131
vt 0.388211 0.431478
vt 0.388211 0.398313
vt 0.388641 0.398313
vt 0.388641 0.431478
vt 0.390290 0.398312
vt 0.390290 0.431477
vt 0.392439 0.398312
vt 0.392439 0.431477
vt 0.394588 0.431476
vt 0.394588 0.398312
vt 0.394588 0.365144
vt 0.392439 0.365145
vt 0.390290 0.365145
vt 0.392439 0.331977
vt 0.390290 0.331977
vt 0.394588 0.331977
vt 0.396737 0.331977
vt 0.396737 0.365144
vt 0.396737 0.398312
vt 0.396737 0.298809
vt 0.394588 0.298809
vt 0.392439 0.298809
vt 0.394588 0.265640
vt 0.392439 0.265640
vt 0.396737 0.265640
vt 0.398885 0.265640
vt 0.398885 0.298809
vt 0.398885 0.331977
vt 0.398885 0.232470
vt 0.396737 0.232470
vt 0.394588 0.232470
vt 0.396737 0.199300
vt 0.394588 0.199300
vt 0.398885 0.199300
vt 0.401034 0.199300
vt 0.401034 0.232470
vt 0.401034 0.265640
vt 0.401034 0.166132
vt 0.398885 0.166131
vt 0.396737 0.166131
vt 0.398885 0.132962
vt 0.396737 0.132962
vt 0.401034 0.132962
vt 0.403183 0.132962
vt 0.403183 0.166131
vt 0.403183 0.199300
vt 0.403183 0.099794
vt 0.401034 0.099794
vt 0.398885 0.099794
vt 0.401034 0.066626
vt 0.398885 0.066626
vt 0.403183 0.066626
vt 0.405331 0.132962
vt 0.403183 0.033460
vt 0.401034 0.033460
vt 0.403183 0.000294
vt 0.401034 0.000295
vt 0.398885 0.033460
vt 0.398885 0.000295
vt 0.396737 0.033460
vt 0.396737 0.000295
vt 0.396737 0.066626
vt 0.394588 0.033460
vt 0.394588 0.000295
vt 0.394588 0.066626
vt 0.392439 0.033460
vt 0.392439 0.000295
vt 0.392439 0.066626
vt 0.390290 0.033460
vt 0.390290 0.000294
vt 0.390290 0.066626
vt 0.392439 0.099794
vt 0.390290 0.099793
vt 0.392439 0.132962
vt 0.390290 0.132962
vt 0.388641 0.132961
vt 0.390290 0.166131
vt 0.388641 0.166131
vt 0.388211 0.166131
vt 0.388641 0.199300
vt 0.388211 0.199300
vt 0.388641 0.232470
vt 0.388211 0.232470
vt 0.388641 0.265640
vt 0.388211 0.265640
vt 0.388641 0.298810
vt 0.388211 0.298810
vt 0.388641 0.331978
vt 0.388211 0.331978
vt 0.388641 0.365146
vt 0.388211 0.365146
vt 0.390290 0.298809
vt 0.390290 0.265640
vt 0.390290 0.232470
vt 0.392439 0.232470
vt 0.392439 0.199300
vt 0.390290 0.199300
vt 0.392439 0.166132
vt 0.394588 0.166132
vt 0.394588 0.132962
vt 0.394588 0.099794
vt 0.396737 0.099794
vt 0.390290 0.630459
vt 0.390290 0.663624
vt 0.392439 0.630459
vt 0.392439 0.663625
vt 0.392439 0.597296
vt 0.390290 0.597296
vt 0.392439 0.564132
vt 0.390290 0.564132
vt 0.394588 0.564132
vt 0.394588 0.597296
vt 0.396737 0.564132
vt 0.396737 0.597296
vt 0.398885 0.564132
vt 0.398885 0.597296
vt 0.396737 0.630460
vt 0.394588 0.630460
vt 0.398885 0.630460
vt 0.401034 0.597296
vt 0.401034 0.630459
vt 0.401034 0.663625
vt 0.398885 0.663625
vt 0.396737 0.663625
vt 0.403183 0.630459
vt 0.403183 0.663624
vt 0.394588 0.663625
vt 0.407480 0.132961
vt 0.405331 0.166131
vt 0.407480 0.166131
vt 0.407480 0.199300
vt 0.405331 0.199300
vt 0.409629 0.132961
vt 0.409629 0.166129
vt 0.409629 0.199300
vt 0.407480 0.232470
vt 0.405331 0.232470
vt 0.409629 0.232470
vt 0.410244 0.232470
vt 0.410244 0.199300
vt 0.410244 0.166129
vt 0.410244 0.132961
vt 0.410244 0.265641
vt 0.409629 0.265641
vt 0.410244 0.298810
vt 0.409629 0.298810
vt 0.411097 0.331979
vt 0.410244 0.331979
vt 0.409629 0.331979
vt 0.407480 0.298810
vt 0.407480 0.265640
vt 0.407480 0.331978
vt 0.410244 0.365147
vt 0.409629 0.365147
vt 0.407480 0.365146
vt 0.405331 0.365145
vt 0.405331 0.331977
vt 0.405331 0.298809
vt 0.403183 0.365145
vt 0.403183 0.331977
vt 0.403183 0.298809
vt 0.405331 0.265640
vt 0.403183 0.265640
vt 0.403183 0.232470
vt 0.401034 0.298809
vt 0.401034 0.331977
vt 0.401034 0.365145
vt 0.398885 0.365144
vt 0.401034 0.398312
vt 0.398885 0.398312
vt 0.398885 0.431476
vt 0.396737 0.431476
vt 0.401034 0.431476
vt 0.403183 0.398312
vt 0.403183 0.431477
vt 0.405331 0.398312
vt 0.405331 0.431477
vt 0.407480 0.398313
vt 0.409629 0.398314
vt 0.410244 0.398314
vt 0.411097 0.398314
vt 0.411097 0.365147
vt 0.412120 0.331979
vt 0.412897 0.331979
vt 0.465077 0.232470
vt 0.465077 0.199300
vt 0.466572 0.265641
vt 0.466572 0.232470
vt 0.466572 0.199300
vt 0.466572 0.166129
vt 0.468449 0.166129
vt 0.468449 0.199300
vt 0.469429 0.166129
vt 0.469429 0.197567
vt 0.469429 0.229626
vt 0.468449 0.232470
vt 0.468449 0.265641
vt 0.469429 0.262746
vt 0.470753 0.229628
vt 0.470753 0.197567
vt 0.470753 0.262746
vt 0.470753 0.296996
vt 0.469429 0.296996
vt 0.468449 0.298811
vt 0.479399 0.262746
vt 0.479399 0.296995
vt 0.479399 0.229626
vt 0.492384 0.262745
vt 0.492384 0.296994
vt 0.492384 0.229626
vt 0.479399 0.197567
vt 0.492384 0.197568
vt 0.470753 0.166129
vt 0.479399 0.166131
vt 0.492384 0.166131
vt 0.479399 0.134694
vt 0.492384 0.134695
vt 0.506453 0.166132
vt 0.506453 0.197568
vt 0.506453 0.134695
vt 0.521261 0.166132
vt 0.521261 0.197568
vt 0.521261 0.134695
vt 0.492384 0.102637
vt 0.506453 0.102637
vt 0.521261 0.102638
vt 0.536443 0.134695
vt 0.536443 0.166132
vt 0.536443 0.102638
vt 0.551624 0.134695
vt 0.551624 0.166132
vt 0.551624 0.102638
vt 0.566432 0.134695
vt 0.566432 0.166132
vt 0.566432 0.102637
vt 0.580502 0.134695
vt 0.580502 0.166130
vt 0.580502 0.102637
vt 0.551624 0.069521
vt 0.566432 0.069520
vt 0.580502 0.069519
vt 0.593486 0.069519
vt 0.593486 0.102636
vt 0.593486 0.134694
vt 0.566432 0.035274
vt 0.580502 0.035274
vt 0.593486 0.035273
vt 0.605066 0.069517
vt 0.605066 0.102635
vt 0.605066 0.035271
vt 0.593486 0.000293
vt 0.605066 0.000292
vt 0.580502 0.000294
vt 0.614956 0.000289
vt 0.614956 0.035268
vt 0.614956 0.069515
vt 0.622913 0.035265
vt 0.622913 0.069509
vt 0.622913 0.000285
vt 0.605066 0.663622
vt 0.605066 0.628644
vt 0.614956 0.628641
vt 0.614956 0.663619
vt 0.622913 0.628638
vt 0.622913 0.663615
vt 0.625366 0.000282
vt 0.625366 0.035261
vt 0.625366 0.628635
vt 0.625366 0.663611
vt 0.622913 0.594399
vt 0.625366 0.594397
vt 0.614956 0.594400
vt 0.625996 0.628634
vt 0.625996 0.594396
vt 0.625996 0.663611
vt 0.626625 0.628633
vt 0.626625 0.594395
vt 0.626625 0.663609
vt 0.626625 0.035258
vt 0.625996 0.035259
vt 0.625996 0.000281
vt 0.626625 0.000280
vt 0.626625 0.069503
vt 0.625996 0.069504
vt 0.625366 0.069506
vt 0.626625 0.102622
vt 0.625996 0.102623
vt 0.625366 0.102625
vt 0.626625 0.134684
vt 0.625996 0.134685
vt 0.625366 0.134685
vt 0.622913 0.102628
vt 0.622913 0.134688
vt 0.622913 0.166126
vt 0.625366 0.166124
vt 0.625996 0.166124
vt 0.614956 0.166128
vt 0.614956 0.134691
vt 0.614956 0.102632
vt 0.605066 0.166129
vt 0.605066 0.134693
vt 0.593486 0.166130
vt 0.605066 0.197567
vt 0.614956 0.197567
vt 0.593486 0.197567
vt 0.605066 0.229626
vt 0.614956 0.229627
vt 0.593486 0.229626
vt 0.622913 0.197566
vt 0.622913 0.229627
vt 0.605066 0.262746
vt 0.614956 0.262747
vt 0.622913 0.262749
vt 0.614956 0.296998
vt 0.622913 0.297000
vt 0.605066 0.296996
vt 0.593486 0.296995
vt 0.593486 0.262746
vt 0.580502 0.296994
vt 0.580502 0.262745
vt 0.580502 0.229626
vt 0.580502 0.197568
vt 0.566432 0.229626
vt 0.566432 0.197568
vt 0.566432 0.262745
vt 0.551624 0.197568
vt 0.551624 0.229626
vt 0.536443 0.197568
vt 0.536443 0.229626
vt 0.551624 0.262745
vt 0.536443 0.262745
vt 0.521261 0.262745
vt 0.521261 0.229626
vt 0.506453 0.229626
vt 0.506453 0.262745
vt 0.521261 0.296993
vt 0.536443 0.296993
vt 0.506453 0.296994
vt 0.506453 0.331976
vt 0.521261 0.331976
vt 0.536443 0.331976
vt 0.521261 0.366958
vt 0.536443 0.366958
vt 0.506453 0.366958
vt 0.551624 0.296993
vt 0.551624 0.331976
vt 0.551624 0.366958
vt 0.521261 0.401204
vt 0.536443 0.401204
vt 0.551624 0.401204
vt 0.566432 0.331976
vt 0.566432 0.380403
vt 0.566432 0.401204
vt 0.536443 0.434319
vt 0.551624 0.434319
vt 0.566432 0.434319
vt 0.579851 0.434320
vt 0.572635 0.401205
vt 0.745213 0.385943
vt 0.686978 0.385943
vt 0.718817 0.352092
vt 0.745213 0.352092
vt 0.745213 0.336541
vt 0.784072 0.336541
vt 0.784072 0.352092
vt 0.784072 0.385943
vt 0.745213 0.425374
vt 0.669073 0.425374
vt 0.784072 0.425374
vt 0.849380 0.385943
vt 0.863981 0.425374
vt 0.822623 0.352092
vt 0.588887 0.401206
vt 0.593486 0.401206
vt 0.594968 0.434321
vt 0.605066 0.401207
vt 0.605066 0.434322
vt 0.605066 0.466376
vt 0.598366 0.466375
vt 0.614956 0.434324
vt 0.614956 0.466377
vt 0.614956 0.401210
vt 0.605066 0.366963
vt 0.614956 0.366966
vt 0.593486 0.366961
vt 0.622913 0.401214
vt 0.622913 0.434328
vt 0.622913 0.366970
vt 0.625366 0.401219
vt 0.625366 0.434331
vt 0.625366 0.366973
vt 0.625996 0.434332
vt 0.625996 0.401220
vt 0.625996 0.366975
vt 0.626625 0.434334
vt 0.626625 0.401221
vt 0.626625 0.366976
vt 0.627878 0.401225
vt 0.627878 0.434337
vt 0.627878 0.366979
vt 0.628341 0.401227
vt 0.628341 0.434338
vt 0.628341 0.366981
vt 0.628498 0.401230
vt 0.628498 0.434342
vt 0.628498 0.366984
vt 0.628498 0.401232
vt 0.628498 0.434344
vt 0.628498 0.366988
vt 0.628643 0.434345
vt 0.628643 0.401233
vt 0.628643 0.366989
vt 0.629049 0.398336
vt 0.629049 0.431500
vt 0.629049 0.365170
vt 0.628643 0.332003
vt 0.629049 0.331999
vt 0.628498 0.332001
vt 0.629049 0.298826
vt 0.628643 0.297014
vt 0.628498 0.297014
vt 0.628498 0.331999
vt 0.628498 0.297010
vt 0.628341 0.297009
vt 0.628341 0.331997
vt 0.628341 0.262755
vt 0.628498 0.262755
vt 0.628498 0.262756
vt 0.628341 0.229629
vt 0.628498 0.229630
vt 0.628341 0.197563
vt 0.628498 0.197563
vt 0.628498 0.197561
vt 0.628341 0.166121
vt 0.628498 0.166119
vt 0.628643 0.229630
vt 0.628643 0.197561
vt 0.628643 0.166118
vt 0.628498 0.134678
vt 0.628498 0.134677
vt 0.628643 0.134675
vt 0.629049 0.166119
vt 0.629049 0.199296
vt 0.629049 0.132943
vt 0.628643 0.102611
vt 0.629049 0.099770
vt 0.628498 0.102613
vt 0.628643 0.069491
vt 0.629049 0.066601
vt 0.628498 0.069493
vt 0.628498 0.102615
vt 0.628498 0.069495
vt 0.628498 0.035249
vt 0.628498 0.035246
vt 0.628643 0.035244
vt 0.628341 0.035252
vt 0.628341 0.069498
vt 0.628341 0.102618
vt 0.627878 0.069500
vt 0.627878 0.102619
vt 0.627878 0.035254
vt 0.627878 0.000277
vt 0.628341 0.000274
vt 0.628498 0.000272
vt 0.627878 0.628631
vt 0.628341 0.628630
vt 0.628341 0.663604
vt 0.627878 0.663606
vt 0.627878 0.594394
vt 0.628341 0.594393
vt 0.626625 0.561289
vt 0.627878 0.561288
vt 0.628341 0.561287
vt 0.626625 0.529239
vt 0.627878 0.529241
vt 0.628341 0.529240
vt 0.628498 0.594393
vt 0.628498 0.561288
vt 0.628498 0.529241
vt 0.628341 0.497816
vt 0.628498 0.497816
vt 0.627878 0.497814
vt 0.628498 0.561287
vt 0.628498 0.497817
vt 0.628341 0.466389
vt 0.628498 0.466391
vt 0.628498 0.466393
vt 0.628643 0.529242
vt 0.628643 0.497819
vt 0.628643 0.466394
vt 0.629049 0.464660
vt 0.629049 0.497818
vt 0.629640 0.497818
vt 0.629640 0.464660
vt 0.629640 0.431500
vt 0.629640 0.398338
vt 0.630302 0.431500
vt 0.630302 0.398338
vt 0.630302 0.464661
vt 0.630906 0.431500
vt 0.630906 0.398338
vt 0.630906 0.464660
vt 0.630906 0.497818
vt 0.630302 0.497818
vt 0.630906 0.530974
vt 0.630302 0.530974
vt 0.629640 0.530974
vt 0.629049 0.530974
vt 0.630302 0.564129
vt 0.629640 0.564129
vt 0.629049 0.564129
vt 0.628643 0.561288
vt 0.629640 0.597284
vt 0.629049 0.597285
vt 0.628643 0.594391
vt 0.628498 0.594391
vt 0.628498 0.628628
vt 0.628498 0.628626
vt 0.628643 0.628625
vt 0.628498 0.663602
vt 0.628498 0.663600
vt 0.628498 0.000270
vt 0.628643 0.663599
vt 0.628643 0.000269
vt 0.629049 0.000272
vt 0.629049 0.033435
vt 0.629049 0.630442
vt 0.629049 0.663602
vt 0.629640 0.630442
vt 0.629640 0.663601
vt 0.630302 0.630441
vt 0.630302 0.597285
vt 0.630302 0.663601
vt 0.629640 0.033434
vt 0.629640 0.000271
vt 0.630302 0.033434
vt 0.630302 0.000271
vt 0.630302 0.066600
vt 0.629640 0.066600
vt 0.629640 0.099769
vt 0.630302 0.099770
vt 0.630906 0.099770
vt 0.630906 0.066600
vt 0.630906 0.033434
vt 0.630906 0.132943
vt 0.630302 0.132943
vt 0.629640 0.132943
vt 0.631509 0.066601
vt 0.631509 0.099770
vt 0.631509 0.132943
vt 0.630906 0.166119
vt 0.630302 0.166119
vt 0.631509 0.166119
vt 0.634224 0.099774
vt 0.634224 0.132946
vt 0.634224 0.166121
vt 0.631509 0.199295
vt 0.634224 0.199296
vt 0.630906 0.199296
vt 0.637166 0.166121
vt 0.637166 0.199297
vt 0.637166 0.132947
vt 0.640262 0.166122
vt 0.640262 0.199297
vt 0.640262 0.132948
vt 0.637166 0.099775
vt 0.640262 0.099776
vt 0.643436 0.132948
vt 0.643436 0.166122
vt 0.643436 0.099777
vt 0.640262 0.066607
vt 0.643436 0.066608
vt 0.637166 0.066607
vt 0.646610 0.099776
vt 0.646610 0.132948
vt 0.646610 0.066607
vt 0.649706 0.099775
vt 0.649706 0.132947
vt 0.649706 0.066607
vt 0.652648 0.066605
vt 0.652648 0.099774
vt 0.652648 0.132946
vt 0.655362 0.066601
vt 0.655362 0.099770
vt 0.655362 0.132943
vt 0.649706 0.166121
vt 0.652648 0.166121
vt 0.655362 0.166119
vt 0.649706 0.199297
vt 0.652648 0.199296
vt 0.655362 0.199295
vt 0.657784 0.132940
vt 0.657784 0.166117
vt 0.657784 0.199294
vt 0.652648 0.232472
vt 0.655362 0.232473
vt 0.657784 0.232474
vt 0.659851 0.199294
vt 0.659851 0.232473
vt 0.659851 0.166113
vt 0.661515 0.199290
vt 0.661515 0.232477
vt 0.661515 0.166107
vt 0.659851 0.132934
vt 0.661515 0.132923
vt 0.657784 0.099766
vt 0.659851 0.099760
vt 0.661515 0.099744
vt 0.662733 0.099719
vt 0.662733 0.132904
vt 0.662733 0.166093
vt 0.661515 0.066574
vt 0.662733 0.066545
vt 0.659851 0.066588
vt 0.659851 0.033422
vt 0.661515 0.033408
vt 0.662733 0.033377
vt 0.657784 0.066596
vt 0.657784 0.033431
vt 0.655362 0.033435
vt 0.652648 0.033438
vt 0.652648 0.000275
vt 0.655362 0.000272
vt 0.657784 0.000268
vt 0.652648 0.663605
vt 0.652648 0.630445
vt 0.655362 0.630442
vt 0.655362 0.663602
vt 0.657784 0.630440
vt 0.657784 0.663598
vt 0.659851 0.630434
vt 0.659851 0.663591
vt 0.659851 0.000261
vt 0.661515 0.000248
vt 0.661515 0.630424
vt 0.661515 0.663579
vt 0.657784 0.597282
vt 0.659851 0.597280
vt 0.661515 0.597273
vt 0.662733 0.630404
vt 0.662733 0.663553
vt 0.662733 0.597261
vt 0.661515 0.564126
vt 0.662733 0.564122
vt 0.659851 0.564127
vt 0.663476 0.564109
vt 0.663476 0.597220
vt 0.663476 0.630342
vt 0.663770 0.736896
vt 0.663770 0.699703
vt 0.781184 0.718297
vt 0.675262 0.664331
vt 0.697125 0.634242
vt 0.662733 0.530982
vt 0.663476 0.531000
vt 0.727216 0.612381
vt 0.662733 0.497844
vt 0.663476 0.497884
vt 0.661515 0.530979
vt 0.661515 0.497830
vt 0.659851 0.530976
vt 0.659851 0.497824
vt 0.661515 0.464679
vt 0.662733 0.464701
vt 0.659851 0.464670
vt 0.657784 0.497820
vt 0.657784 0.464664
vt 0.657784 0.530974
vt 0.655362 0.530974
vt 0.655362 0.497817
vt 0.655362 0.464659
vt 0.655362 0.431499
vt 0.657784 0.431504
vt 0.659851 0.431513
vt 0.655362 0.398336
vt 0.657784 0.398342
vt 0.659851 0.398349
vt 0.661515 0.398364
vt 0.661515 0.431524
vt 0.662733 0.398390
vt 0.662733 0.431552
vt 0.663476 0.398482
vt 0.663476 0.431632
vt 0.663476 0.464766
vt 0.762583 0.600891
vt 0.799775 0.600887
vt 0.835147 0.612380
vt 0.865237 0.634238
vt 0.662733 0.365225
vt 0.663476 0.365314
vt 0.887098 0.664331
vt 0.662733 0.332047
vt 0.663476 0.332126
vt 0.661515 0.365196
vt 0.661515 0.332023
vt 0.662733 0.298865
vt 0.663476 0.298927
vt 0.661515 0.298845
vt 0.659851 0.365181
vt 0.659851 0.332009
vt 0.659851 0.298834
vt 0.657784 0.365174
vt 0.657784 0.332003
vt 0.657784 0.298829
vt 0.657784 0.265652
vt 0.659851 0.265655
vt 0.661515 0.265661
vt 0.662733 0.232479
vt 0.662733 0.265674
vt 0.662733 0.199287
vt 0.663476 0.232493
vt 0.663476 0.265714
vt 0.663476 0.199266
vt 0.663476 0.166049
vt 0.865238 0.802356
vt 0.835152 0.824217
vt 0.887099 0.772266
vt 0.799779 0.835710
vt 0.663476 0.132835
vt 0.762584 0.835710
vt 0.663476 0.099635
vt 0.727213 0.824215
vt 0.663476 0.066456
vt 0.697125 0.802355
vt 0.663476 0.033289
vt 0.675264 0.772269
vt 0.662733 0.000223
vt 0.663476 0.000147
vt 0.663476 0.663476
vt 0.898591 0.736891
vt 0.898592 0.699701
vt 0.655362 0.298826
vt 0.655362 0.265650
vt 0.652648 0.265648
vt 0.652648 0.298824
vt 0.652648 0.331996
vt 0.655362 0.331998
vt 0.655362 0.365170
vt 0.652648 0.365166
vt 0.649706 0.331994
vt 0.649706 0.298822
vt 0.649706 0.365164
vt 0.649706 0.398330
vt 0.652648 0.398332
vt 0.652648 0.431496
vt 0.649707 0.431495
vt 0.646610 0.398329
vt 0.646610 0.365164
vt 0.646610 0.431494
vt 0.646610 0.464655
vt 0.649707 0.464656
vt 0.652648 0.464657
vt 0.649707 0.497815
vt 0.652648 0.497816
vt 0.646610 0.497815
vt 0.643436 0.464655
vt 0.643436 0.431494
vt 0.643436 0.497814
vt 0.646610 0.530973
vt 0.649707 0.530973
vt 0.643436 0.530973
vt 0.640262 0.530973
vt 0.640262 0.497815
vt 0.640262 0.464655
vt 0.640262 0.564130
vt 0.643436 0.564130
vt 0.646610 0.564130
vt 0.643436 0.597289
vt 0.646610 0.597287
vt 0.640262 0.597287
vt 0.637166 0.597287
vt 0.637166 0.564130
vt 0.637166 0.530973
vt 0.637166 0.630446
vt 0.640262 0.630447
vt 0.643436 0.630447
vt 0.637166 0.663607
vt 0.640262 0.663608
vt 0.643436 0.663608
vt 0.637166 0.033440
vt 0.637166 0.000278
vt 0.640262 0.000278
vt 0.640262 0.033441
vt 0.643436 0.000279
vt 0.643436 0.033441
vt 0.646610 0.000278
vt 0.646610 0.033441
vt 0.649706 0.033440
vt 0.649706 0.000278
vt 0.646610 0.630447
vt 0.646610 0.663608
vt 0.649707 0.630446
vt 0.649707 0.663607
vt 0.649707 0.597287
vt 0.652648 0.597286
vt 0.655362 0.597285
vt 0.649707 0.564130
vt 0.652648 0.564129
vt 0.655362 0.564129
vt 0.657784 0.564128
vt 0.652648 0.530973
vt 0.634224 0.066605
vt 0.634224 0.033438
vt 0.634224 0.000275
vt 0.631509 0.033435
vt 0.631509 0.000272
vt 0.630906 0.000272
vt 0.631509 0.663602
vt 0.631509 0.630442
vt 0.634224 0.630445
vt 0.634224 0.663605
vt 0.630906 0.663602
vt 0.630906 0.630442
vt 0.631509 0.597285
vt 0.634224 0.597286
vt 0.634224 0.564129
vt 0.631509 0.564129
vt 0.630906 0.597284
vt 0.630906 0.564129
vt 0.631509 0.530974
vt 0.631509 0.497817
vt 0.634224 0.497816
vt 0.634224 0.530973
vt 0.637166 0.497815
vt 0.631509 0.464659
vt 0.634224 0.464657
vt 0.637166 0.464656
vt 0.637166 0.431495
vt 0.640262 0.431494
vt 0.634224 0.431496
vt 0.637166 0.398330
vt 0.640262 0.398329
vt 0.634224 0.398332
vt 0.631509 0.431499
vt 0.631509 0.398336
vt 0.631509 0.365170
vt 0.634224 0.365166
vt 0.637166 0.365164
vt 0.631509 0.331998
vt 0.634224 0.331996
vt 0.637166 0.331994
vt 0.631509 0.298826
vt 0.634224 0.298824
vt 0.637166 0.298822
vt 0.634224 0.265648
vt 0.637166 0.265648
vt 0.631509 0.265650
vt 0.630906 0.298826
vt 0.630906 0.265650
vt 0.630906 0.331999
vt 0.631509 0.232473
vt 0.634224 0.232472
vt 0.630906 0.232473
vt 0.630302 0.298826
vt 0.630302 0.265651
vt 0.630302 0.232473
vt 0.629640 0.265650
vt 0.629640 0.232474
vt 0.629640 0.298826
vt 0.630302 0.199295
vt 0.629640 0.199296
vt 0.629049 0.232473
vt 0.629049 0.265650
vt 0.628643 0.262758
vt 0.629640 0.332000
vt 0.630302 0.332000
vt 0.629640 0.365170
vt 0.630302 0.365171
vt 0.630906 0.365170
vt 0.629640 0.166118
vt 0.637166 0.232472
vt 0.640262 0.232472
vt 0.640262 0.265648
vt 0.643436 0.232472
vt 0.643436 0.265647
vt 0.643436 0.199297
vt 0.646610 0.166122
vt 0.646610 0.199297
vt 0.646610 0.232472
vt 0.649706 0.232472
vt 0.649706 0.265648
vt 0.646610 0.265648
vt 0.646610 0.298822
vt 0.646610 0.331993
vt 0.643436 0.298821
vt 0.643436 0.331993
vt 0.643436 0.365163
vt 0.643436 0.398329
vt 0.640262 0.365164
vt 0.640262 0.331993
vt 0.640262 0.298822
vt 0.627878 0.466388
vt 0.626625 0.497813
vt 0.626625 0.466385
vt 0.625996 0.466385
vt 0.625996 0.497813
vt 0.625366 0.466384
vt 0.625366 0.497811
vt 0.622913 0.466382
vt 0.622913 0.497809
vt 0.625996 0.529239
vt 0.625366 0.529239
vt 0.622913 0.529238
vt 0.614956 0.529237
vt 0.614956 0.497807
vt 0.614956 0.561290
vt 0.622913 0.561289
vt 0.625366 0.561289
vt 0.605066 0.561290
vt 0.605066 0.529237
vt 0.605066 0.594401
vt 0.594968 0.561290
vt 0.593486 0.594402
vt 0.593486 0.628645
vt 0.593486 0.663623
vt 0.580502 0.628645
vt 0.588887 0.594402
vt 0.580502 0.663624
vt 0.566432 0.663625
vt 0.566432 0.615174
vt 0.784072 0.583968
vt 0.822623 0.583968
vt 0.784072 0.600593
vt 0.745213 0.583968
vt 0.745213 0.600593
vt 0.718817 0.583968
vt 0.566432 0.594402
vt 0.572635 0.594402
vt 0.551624 0.628646
vt 0.551624 0.594402
vt 0.551624 0.663625
vt 0.745213 0.551069
vt 0.784072 0.551069
vt 0.686978 0.551069
vt 0.669073 0.514123
vt 0.745213 0.514123
vt 0.784072 0.514123
vt 0.663770 0.468940
vt 0.745213 0.468940
vt 0.784072 0.468940
vt 0.863981 0.514123
vt 0.849380 0.551069
vt 0.868254 0.468940
vt 0.605066 0.497806
vt 0.599479 0.497806
vt 0.598366 0.529236
vt 0.584001 0.529236
vt 0.580502 0.529236
vt 0.580502 0.497805
vt 0.585364 0.497805
vt 0.580502 0.466374
vt 0.584001 0.466374
vt 0.566432 0.466373
vt 0.566432 0.497805
vt 0.551624 0.497805
vt 0.551624 0.466373
vt 0.536443 0.466373
vt 0.536443 0.497805
vt 0.536443 0.529236
vt 0.551624 0.529236
vt 0.566432 0.529236
vt 0.536443 0.561290
vt 0.551624 0.561290
vt 0.566432 0.561290
vt 0.536443 0.594402
vt 0.521261 0.594402
vt 0.521261 0.561290
vt 0.521261 0.529236
vt 0.521261 0.628646
vt 0.536443 0.628646
vt 0.521261 0.663625
vt 0.536443 0.663625
vt 0.536443 0.035275
vt 0.536443 0.000295
vt 0.551624 0.000295
vt 0.551624 0.035275
vt 0.521261 0.035275
vt 0.521261 0.000295
vt 0.506453 0.663625
vt 0.506453 0.628646
vt 0.506453 0.035274
vt 0.506453 0.000295
vt 0.506453 0.069520
vt 0.521261 0.069521
vt 0.536443 0.069521
vt 0.492384 0.069519
vt 0.492384 0.035274
vt 0.492384 0.000294
vt 0.492384 0.663624
vt 0.492384 0.628645
vt 0.492384 0.594402
vt 0.506453 0.594402
vt 0.492384 0.561290
vt 0.506453 0.561290
vt 0.506453 0.529236
vt 0.492384 0.529236
vt 0.506453 0.497805
vt 0.521261 0.497805
vt 0.492384 0.497805
vt 0.521261 0.466373
vt 0.506453 0.466373
vt 0.506453 0.434319
vt 0.521261 0.434319
vt 0.506453 0.401204
vt 0.492384 0.434320
vt 0.492384 0.401205
vt 0.492384 0.366960
vt 0.492384 0.331977
vt 0.479399 0.331978
vt 0.470753 0.331979
vt 0.469429 0.331980
vt 0.468449 0.331979
vt 0.466572 0.331979
vt 0.466572 0.298810
vt 0.492384 0.466374
vt 0.566432 0.000295
vt 0.579851 0.561290
vt 0.625996 0.561288
vt 0.627878 0.134681
vt 0.628341 0.134679
vt 0.626625 0.166123
vt 0.627878 0.166121
vt 0.627878 0.197563
vt 0.626625 0.197565
vt 0.626625 0.229629
vt 0.627878 0.229629
vt 0.625996 0.197565
vt 0.625996 0.229629
vt 0.626625 0.262753
vt 0.627878 0.262754
vt 0.625996 0.262752
vt 0.625366 0.229627
vt 0.625366 0.197565
vt 0.625366 0.262752
vt 0.626625 0.297004
vt 0.625996 0.297005
vt 0.625366 0.297003
vt 0.622913 0.331987
vt 0.625366 0.331990
vt 0.625996 0.331991
vt 0.626625 0.331992
vt 0.627878 0.331995
vt 0.627878 0.297007
vt 0.614956 0.331981
vt 0.605066 0.331979
vt 0.593486 0.331978
vt 0.580502 0.331977
vt 0.580502 0.366960
vt 0.566432 0.296994
s 1
usemtl initialShadingGroup
f 4/1/1 1/2/2 2/3/3 3220/4/4
f 177/5/5 2/3/3 1/2/2 3/6/6
f 8/7/7 3/6/6 1/2/2 5/8/8
f 5/8/8 1/2/2 4/1/1 7/9/9
f 5/8/8 7/9/9 3215/10/10 6/11/11
f 8/7/7 5/8/8 6/11/11 9/12/12
f 10/13/13 11/14/14 3/6/6 8/7/7
f 10/13/13 8/7/7 9/12/12 12/15/15
f 13/16/16 16/17/17 11/14/14 10/13/13
f 13/16/16 10/13/13 12/15/15 14/18/18
f 15/19/19 13/16/16 14/18/18 3229/20/20
f 15/19/19 18/21/21 16/17/17 13/16/16
f 17/22/22 176/23/23 11/14/14 16/17/17
f 17/22/22 16/17/17 18/21/21 19/24/24
f 19/24/24 18/21/21 20/25/25 21/26/26
f 23/27/27 20/25/25 18/21/21 15/19/19
f 21/26/26 20/25/25 22/28/28 171/29/29
f 25/30/30 22/28/28 20/25/25 23/27/27
f 23/27/27 15/19/19 3229/20/20 24/31/31
f 25/30/30 23/27/27 24/31/31 26/32/32
f 27/33/33 25/30/30 26/32/32 29/34/34
f 27/33/33 28/35/35 22/28/28 25/30/30
f 28/35/35 27/33/33 30/36/36 31/37/37
f 30/36/36 27/33/33 29/34/34 32/38/38
f 33/39/39 34/40/40 31/41/37 30/42/36
f 33/39/39 30/42/36 32/43/38 35/44/41
f 36/45/42 39/46/43 34/40/40 33/39/39
f 36/45/42 33/39/39 35/44/41 38/47/44
f 37/48/45 36/45/42 38/47/44 3230/49/46
f 37/48/45 41/50/47 39/46/43 36/45/42
f 40/51/48 51/52/49 34/40/40 39/46/43
f 43/53/50 40/51/48 39/46/43 41/50/47
f 2512/54/51 42/55/52 41/50/47 37/48/45
f 41/50/47 42/55/52 44/56/53 43/53/50
f 44/56/53 47/57/54 45/58/55 43/53/50
f 43/53/50 45/58/55 48/59/56 40/51/48
f 45/58/55 46/60/57 49/61/58 48/59/56
f 47/57/54 76/62/59 46/60/57 45/58/55
f 40/51/48 48/59/56 50/63/60 51/52/49
f 48/59/56 49/61/58 52/64/61 50/63/60
f 51/52/49 50/63/60 53/65/62 55/66/63
f 50/63/60 52/64/61 56/67/64 53/65/62
f 54/68/65 172/69/66 55/70/63 53/71/62
f 58/72/67 54/68/65 53/71/62 56/73/64
f 52/64/61 69/74/68 57/75/69 56/67/64
f 60/76/70 58/72/67 56/73/64 57/77/69
f 54/68/65 58/72/67 59/78/71 170/79/72
f 58/72/67 60/76/70 61/80/73 59/78/71
f 60/76/70 57/77/69 65/81/74 62/82/75
f 61/80/73 60/76/70 62/82/75 64/83/76
f 63/84/77 62/82/75 65/81/74 66/85/78
f 136/86/79 64/83/76 62/82/75 63/84/77
f 67/87/80 68/88/81 66/89/78 65/90/74
f 57/75/69 69/74/68 67/87/80 65/90/74
f 70/91/82 71/92/83 68/88/81 67/87/80
f 69/74/68 73/93/84 70/91/82 67/87/80
f 72/94/85 132/95/86 71/92/83 70/91/82
f 73/93/84 74/96/87 72/94/85 70/91/82
f 49/61/58 73/93/84 69/74/68 52/64/61
f 46/60/57 74/96/87 73/93/84 49/61/58
f 76/62/59 75/97/88 74/96/87 46/60/57
f 74/96/87 75/97/88 78/98/89 72/94/85
f 2486/99/90 77/100/91 75/97/88 76/62/59
f 75/97/88 77/100/91 80/101/92 78/98/89
f 78/98/89 79/102/93 132/95/86 72/94/85
f 80/101/92 81/103/94 79/102/93 78/98/89
f 82/104/95 85/105/96 81/103/94 80/101/92
f 77/100/91 84/106/97 82/104/95 80/101/92
f 84/106/97 2481/107/98 83/108/99 82/104/95
f 83/108/99 87/109/100 85/105/96 82/104/95
f 85/105/96 86/110/101 134/111/102 81/103/94
f 87/109/100 89/112/103 86/110/101 85/105/96
f 193/113/104 88/114/105 87/109/100 83/108/99
f 88/114/105 91/115/106 89/112/103 87/109/100
f 86/110/101 89/112/103 90/116/107 101/117/108
f 89/112/103 91/115/106 93/118/109 90/116/107
f 91/115/106 92/119/110 94/120/111 93/118/109
f 194/121/112 92/119/110 91/115/106 88/114/105
f 94/120/111 96/122/113 95/123/114 93/118/109
f 93/118/109 95/123/114 98/124/115 90/116/107
f 96/122/113 212/125/116 97/126/117 95/123/114
f 95/123/114 97/126/117 99/127/118 98/124/115
f 90/116/107 98/124/115 100/128/119 101/117/108
f 98/124/115 99/127/118 102/129/120 100/128/119
f 101/117/108 100/128/119 103/130/121 104/131/122
f 100/128/119 102/129/120 105/132/123 103/130/121
f 104/131/122 103/130/121 106/133/124 107/134/125
f 103/130/121 105/132/123 108/135/126 106/133/124
f 107/134/125 106/133/124 109/136/127 110/137/128
f 106/133/124 108/135/126 111/138/129 109/136/127
f 110/137/128 109/136/127 112/139/130 114/140/131
f 109/136/127 111/138/129 115/141/132 112/139/130
f 117/142/133 113/143/134 112/139/130 115/141/132
f 113/143/134 126/144/135 114/140/131 112/139/130
f 111/138/129 293/145/136 116/146/137 115/141/132
f 118/147/138 117/142/133 115/141/132 116/146/137
f 120/148/139 119/149/140 117/142/133 118/147/138
f 119/149/140 122/150/141 113/143/134 117/142/133
f 283/151/142 121/152/143 119/153/140 120/154/139
f 121/152/143 123/155/144 122/156/141 119/153/140
f 123/155/144 125/157/145 124/158/146 122/156/141
f 122/150/141 124/159/146 126/144/135 113/143/134
f 128/160/147 127/161/148 124/158/146 125/157/145
f 127/162/148 129/163/149 126/144/135 124/159/146
f 128/160/147 63/84/77 66/85/78 127/161/148
f 68/88/81 129/163/149 127/162/148 66/89/78
f 71/92/83 130/164/150 129/163/149 68/88/81
f 129/163/149 130/164/150 114/140/131 126/144/135
f 130/164/150 131/165/151 110/137/128 114/140/131
f 132/95/86 131/165/151 130/164/150 71/92/83
f 79/102/93 133/166/152 131/165/151 132/95/86
f 131/165/151 133/166/152 107/134/125 110/137/128
f 133/166/152 134/111/102 104/131/122 107/134/125
f 81/103/94 134/111/102 133/166/152 79/102/93
f 134/111/102 86/110/101 101/117/108 104/131/122
f 135/167/153 128/160/147 125/157/145 137/168/154
f 135/167/153 136/86/79 63/84/77 128/160/147
f 136/86/79 135/167/153 138/169/155 140/170/156
f 138/169/155 135/167/153 137/168/154 141/171/157
f 139/172/158 138/169/155 141/171/157 143/173/159
f 140/170/156 138/169/155 139/172/158 152/174/160
f 142/175/161 141/171/157 137/168/154 302/176/162
f 144/177/163 143/173/159 141/171/157 142/175/161
f 146/178/164 145/179/165 143/173/159 144/177/163
f 148/180/166 139/172/158 143/173/159 145/179/165
f 310/181/167 147/182/168 145/179/165 146/178/164
f 149/183/169 148/180/166 145/179/165 147/182/168
f 150/184/170 148/180/166 149/183/169 153/185/171
f 152/174/160 139/172/158 148/180/166 150/184/170
f 165/186/172 152/174/160 150/184/170 151/187/173
f 151/187/173 150/184/170 153/185/171 155/188/174
f 153/185/171 149/183/169 201/189/175 154/190/176
f 155/188/174 153/185/171 154/190/176 156/191/177
f 158/192/178 157/193/179 155/188/174 156/191/177
f 157/193/179 160/194/180 151/187/173 155/188/174
f 159/195/181 157/193/179 158/192/178 179/196/182
f 161/197/183 160/194/180 157/193/179 159/195/181
f 160/194/180 162/198/184 165/186/172 151/187/173
f 163/199/185 162/198/184 160/194/180 161/197/183
f 167/200/186 164/201/187 162/198/184 163/199/185
f 162/198/184 164/201/187 166/202/188 165/186/172
f 166/202/188 140/170/156 152/174/160 165/186/172
f 64/83/76 136/86/79 140/170/156 166/202/188
f 164/201/187 61/80/73 64/83/76 166/202/188
f 59/78/71 61/80/73 164/201/187 167/200/186
f 168/203/189 167/200/186 163/199/185 169/204/190
f 170/79/72 59/78/71 167/200/186 168/203/189
f 21/26/26 168/203/189 169/204/190 19/24/24
f 171/29/29 170/79/72 168/203/189 21/26/26
f 172/69/66 54/68/65 170/79/72 171/29/29
f 171/29/29 22/28/28 28/35/35 172/69/66
f 172/69/66 28/35/35 31/37/37 55/70/63
f 169/204/190 163/199/185 161/197/183 173/205/191
f 19/24/24 169/204/190 173/205/191 17/22/22
f 17/22/22 173/205/191 174/206/192 176/23/23
f 173/205/191 161/197/183 159/195/181 174/206/192
f 176/23/23 174/206/192 175/207/193 177/5/5
f 174/206/192 159/195/181 179/196/182 175/207/193
f 176/23/23 177/5/5 3/6/6 11/14/14
f 177/5/5 175/207/193 178/208/194 2/3/3
f 175/207/193 179/196/182 180/209/195 178/208/194
f 179/196/182 158/192/178 182/210/196 180/209/195
f 178/208/194 180/209/195 181/211/197 3224/212/198
f 180/209/195 182/210/196 184/213/199 181/211/197
f 184/213/199 182/210/196 183/214/200 185/215/201
f 182/210/196 158/192/178 156/191/177 183/214/200
f 186/216/202 184/213/199 185/215/201 187/217/203
f 181/211/197 184/213/199 186/216/202 188/218/204
f 189/219/205 186/216/202 187/217/203 192/220/206
f 188/218/204 186/216/202 189/219/205 190/221/207
f 190/221/207 189/219/205 191/222/208 2480/223/209
f 191/222/208 189/219/205 192/220/206 193/113/104
f 187/217/203 195/224/210 194/121/112 192/220/206
f 192/220/206 194/121/112 88/114/105 193/113/104
f 195/224/210 196/225/211 92/119/110 194/121/112
f 197/226/212 198/227/213 196/225/211 195/224/210
f 185/215/201 197/226/212 195/224/210 187/217/203
f 199/228/214 200/229/215 198/227/213 197/226/212
f 183/214/200 199/228/214 197/226/212 185/215/201
f 154/190/176 201/189/175 200/229/215 199/228/214
f 156/191/177 154/190/176 199/228/214 183/214/200
f 200/229/215 201/189/175 204/230/216 202/231/217
f 198/227/213 200/229/215 202/231/217 205/232/218
f 202/231/217 203/233/219 207/234/220 205/232/218
f 203/233/219 202/231/217 204/230/216 311/235/221
f 196/225/211 198/227/213 205/232/218 206/236/222
f 205/232/218 207/234/220 209/237/223 206/236/222
f 203/233/219 312/238/224 208/239/225 207/234/220
f 207/234/220 208/239/225 210/240/226 209/237/223
f 206/236/222 209/237/223 96/122/113 94/120/111
f 209/237/223 210/240/226 212/125/116 96/122/113
f 208/239/225 316/241/227 211/242/228 210/240/226
f 210/240/226 211/242/228 213/243/229 212/125/116
f 212/125/116 213/243/229 215/244/230 97/126/117
f 215/244/230 213/243/229 214/245/231 217/246/232
f 213/243/229 211/242/228 2477/247/233 214/245/231
f 97/126/117 215/244/230 216/248/234 99/127/118
f 216/248/234 215/244/230 217/246/232 218/249/235
f 217/246/236 214/245/237 220/250/238 219/251/239
f 218/249/240 217/246/236 219/251/239 221/252/241
f 220/250/238 223/253/242 222/254/243 219/251/239
f 219/251/239 222/254/243 225/255/244 221/252/241
f 223/253/242 2432/256/245 224/257/246 222/254/243
f 222/254/243 224/257/246 226/258/247 225/255/244
f 221/252/241 225/255/244 227/259/248 228/260/249
f 225/255/244 226/258/247 229/261/250 227/259/248
f 228/260/249 227/259/248 230/262/251 231/263/252
f 227/259/248 229/261/250 232/264/253 230/262/251
f 231/263/252 230/262/251 233/265/254 234/266/255
f 230/262/251 232/264/253 235/267/256 233/265/254
f 234/266/255 233/265/254 236/268/257 238/269/258
f 233/265/254 235/267/256 237/270/259 236/268/257
f 236/268/257 237/270/259 242/271/260 239/272/261
f 238/269/258 236/268/257 239/272/261 240/273/262
f 241/274/263 288/275/264 240/273/262 239/272/261
f 243/276/265 241/274/263 239/272/261 242/271/260
f 237/270/259 245/277/266 244/278/267 242/271/260
f 246/279/268 243/276/265 242/271/260 244/278/267
f 245/277/266 248/280/269 247/281/270 244/278/267
f 249/282/271 246/279/268 244/278/267 247/281/270
f 247/281/270 248/280/269 251/283/272 250/284/273
f 249/282/271 247/281/270 250/284/273 253/285/274
f 250/284/273 251/283/272 2335/286/275 252/287/276
f 253/285/274 250/284/273 252/287/276 254/288/277
f 257/289/278 249/282/271 253/285/274 255/290/279
f 255/290/279 253/285/274 254/288/277 256/291/280
f 258/292/281 255/293/279 256/294/280 260/295/282
f 261/296/283 257/297/278 255/293/279 258/292/281
f 259/298/284 258/292/281 260/295/282 349/299/285
f 262/300/286 261/296/283 258/292/281 259/298/284
f 262/300/286 266/301/287 263/302/288 261/296/283
f 261/296/283 263/302/288 265/303/289 257/297/278
f 263/302/288 264/304/290 299/305/291 265/303/289
f 266/301/287 268/306/292 264/304/290 263/302/288
f 267/307/293 269/308/294 268/306/292 266/301/287
f 344/309/295 267/307/293 266/301/287 262/300/286
f 269/308/294 273/310/296 270/311/297 268/306/292
f 268/306/292 270/311/297 272/312/298 264/304/290
f 270/311/297 271/313/299 285/314/300 272/312/298
f 273/310/296 275/315/301 271/313/299 270/311/297
f 332/316/302 274/317/303 273/310/296 269/308/294
f 274/317/303 276/318/304 275/315/301 273/310/296
f 278/319/305 277/320/306 275/315/301 276/318/304
f 277/320/306 280/321/307 271/313/299 275/315/301
f 304/322/308 279/323/309 277/320/310 278/319/311
f 279/323/309 281/324/312 280/321/313 277/320/310
f 281/324/312 283/151/142 282/325/314 280/321/313
f 280/321/307 282/325/315 285/314/300 271/313/299
f 283/151/142 120/154/139 284/326/316 282/325/314
f 282/325/315 284/326/317 286/327/318 285/314/300
f 272/312/298 285/314/300 286/327/318 287/328/319
f 287/329/319 286/330/318 288/275/264 241/274/263
f 284/331/317 289/332/320 288/275/264 286/330/318
f 289/332/320 290/333/321 240/273/262 288/275/264
f 118/147/138 116/146/137 290/333/322 289/332/323
f 120/148/139 118/147/138 289/332/323 284/331/316
f 290/333/321 291/334/324 238/269/258 240/273/262
f 116/146/137 293/145/136 291/334/325 290/333/322
f 291/334/324 292/335/326 234/266/255 238/269/258
f 293/145/136 294/336/327 292/335/328 291/334/325
f 108/135/126 294/336/327 293/145/136 111/138/129
f 105/132/123 295/337/329 294/336/327 108/135/126
f 294/336/327 295/337/329 297/338/330 292/335/328
f 102/129/120 296/339/331 295/337/329 105/132/123
f 295/337/329 296/339/331 298/340/332 297/338/330
f 292/335/326 297/338/333 231/263/252 234/266/255
f 297/338/333 298/340/334 228/260/249 231/263/252
f 298/340/334 218/249/240 221/252/241 228/260/249
f 296/339/331 216/248/234 218/249/235 298/340/332
f 99/127/118 216/248/234 296/339/331 102/129/120
f 264/304/290 272/312/298 287/328/319 299/305/291
f 299/341/291 287/329/319 241/274/263 243/276/265
f 265/342/289 299/341/291 243/276/265 246/279/268
f 281/324/312 300/343/335 121/152/143 283/151/142
f 279/323/309 301/344/336 300/343/335 281/324/312
f 301/344/336 142/175/161 302/176/162 300/343/335
f 300/343/335 302/176/162 123/155/144 121/152/143
f 302/176/162 137/168/154 125/157/145 123/155/144
f 304/322/308 303/345/337 301/344/336 279/323/309
f 303/345/337 144/177/163 142/175/161 301/344/336
f 306/346/338 305/347/339 303/345/337 304/322/308
f 305/347/339 146/178/164 144/177/163 303/345/337
f 308/348/340 307/349/341 305/347/339 306/346/338
f 307/349/341 310/181/167 146/178/164 305/347/339
f 313/350/342 309/351/343 307/349/341 308/348/340
f 309/351/343 311/235/221 310/181/167 307/349/341
f 311/235/221 204/230/216 147/182/168 310/181/167
f 312/238/224 203/233/219 311/235/221 309/351/343
f 315/352/344 312/238/224 309/351/343 313/350/342
f 313/350/342 308/348/340 327/353/345 314/354/346
f 315/352/344 313/350/342 314/354/346 317/355/347
f 312/238/224 315/352/344 316/241/227 208/239/225
f 316/241/227 315/352/344 317/355/347 318/356/348
f 317/355/349 314/354/350 322/357/351 319/358/352
f 318/356/353 317/355/349 319/358/352 321/359/354
f 320/360/355 319/358/352 322/357/351 323/361/356
f 319/358/352 320/360/355 2473/362/357 321/359/354
f 314/354/350 327/353/358 324/363/359 322/357/351
f 323/361/356 322/357/351 324/363/359 325/364/360
f 325/364/360 324/363/359 326/365/361 329/366/362
f 327/353/358 328/367/363 326/365/361 324/363/359
f 308/348/340 306/346/338 328/367/364 327/353/345
f 306/346/338 304/322/308 278/319/311 328/367/364
f 328/367/363 278/319/305 276/318/304 326/365/361
f 329/366/362 326/365/361 276/318/304 274/317/303
f 333/368/365 325/364/360 329/366/362 330/369/366
f 330/369/366 329/366/362 274/317/303 332/316/302
f 331/370/367 330/369/366 332/316/302 345/371/368
f 335/372/369 333/368/365 330/369/366 331/370/367
f 336/373/370 334/374/371 333/368/365 335/372/369
f 334/374/371 323/361/356 325/364/360 333/368/365
f 338/375/372 336/373/370 335/372/369 337/376/373
f 337/376/373 335/372/369 331/370/367 340/377/374
f 338/375/372 337/376/373 339/378/375 2466/379/376
f 337/376/373 340/377/374 341/380/377 339/378/375
f 340/377/374 342/381/378 343/382/379 341/380/377
f 340/377/374 331/370/367 345/371/368 342/381/378
f 342/381/378 344/309/295 346/383/380 343/382/379
f 342/381/378 345/371/368 267/307/293 344/309/295
f 345/371/368 332/316/302 269/308/294 267/307/293
f 344/309/295 262/300/286 259/298/284 346/383/380
f 346/383/380 259/298/284 349/299/285 347/384/381
f 343/382/379 346/383/380 347/384/381 350/385/382
f 347/384/381 349/299/285 2410/386/383 348/387/384
f 350/385/382 347/384/381 348/387/384 352/388/385
f 341/380/377 343/382/379 350/385/382 351/389/386
f 351/389/386 350/385/382 352/388/385 354/390/387
f 352/388/385 348/387/384 2411/391/388 353/392/389
f 354/390/387 352/388/385 353/392/389 356/393/390
f 2465/394/391 351/389/386 354/390/387 355/395/392
f 355/395/392 354/390/387 356/393/390 357/396/393
f 357/396/393 356/393/390 358/397/394 359/398/395
f 356/393/390 353/392/389 360/399/396 358/397/394
f 359/398/395 358/397/394 361/400/397 362/401/358
f 358/397/394 360/399/396 363/402/398 361/400/397
f 362/401/358 361/400/397 364/403/399 365/404/400
f 361/400/397 363/402/398 366/405/401 364/403/399
f 365/404/400 364/403/399 367/406/402 368/407/403
f 364/403/399 366/405/401 369/408/404 367/406/402
f 368/407/403 367/406/402 370/409/405 371/410/406
f 367/406/402 369/408/404 372/411/407 370/409/405
f 371/410/406 370/409/405 373/412/408 374/413/409
f 370/409/405 372/411/407 375/414/410 373/412/408
f 377/415/411 374/413/409 373/412/408 376/416/412
f 376/416/412 373/412/408 375/414/410 379/417/413
f 435/418/414 377/415/411 376/416/412 378/419/415
f 378/419/415 376/416/412 379/417/413 380/420/416
f 379/417/413 375/414/410 382/421/417 381/422/418
f 380/420/416 379/417/413 381/422/418 383/423/419
f 381/422/418 382/421/417 385/424/420 384/425/421
f 383/423/419 381/422/418 384/425/421 386/426/422
f 384/425/421 385/424/420 388/427/423 387/428/424
f 386/426/422 384/425/421 387/428/424 389/429/425
f 387/428/424 388/427/423 391/430/426 390/431/427
f 389/429/425 387/428/424 390/431/427 392/432/428
f 390/433/427 391/434/426 394/435/429 393/436/430
f 392/437/428 390/433/427 393/436/430 395/438/431
f 393/436/430 394/435/429 398/439/432 396/440/433
f 395/438/431 393/436/430 396/440/433 399/441/434
f 397/442/435 401/443/436 399/441/434 396/440/433
f 2359/444/437 397/442/435 396/440/433 398/439/432
f 449/445/438 395/438/431 399/441/434 400/446/439
f 401/443/436 403/447/440 400/446/439 399/441/434
f 2362/448/441 402/449/442 401/443/436 397/442/435
f 402/449/442 405/450/443 403/447/440 401/443/436
f 400/446/439 403/447/440 404/451/444 451/452/445
f 403/447/440 405/450/443 406/453/446 404/451/444
f 408/454/447 407/455/448 405/450/443 402/449/442
f 405/450/443 407/455/448 409/456/449 406/453/446
f 411/457/450 410/458/451 407/455/448 408/454/447
f 407/455/448 410/458/451 412/459/452 409/456/449
f 414/460/453 413/461/454 410/458/451 411/457/450
f 410/458/451 413/461/454 415/462/455 412/459/452
f 417/463/456 416/464/457 413/461/454 414/460/453
f 413/461/454 416/464/457 418/465/458 415/462/455
f 420/466/459 419/467/460 416/464/457 417/463/456
f 416/464/457 419/467/460 421/468/461 418/465/458
f 423/469/462 422/470/463 419/467/460 420/466/459
f 419/467/460 422/470/463 424/471/464 421/468/461
f 426/472/465 425/473/466 422/470/463 423/469/462
f 422/470/463 425/473/466 427/474/467 424/471/464
f 429/475/468 428/476/469 425/473/466 426/472/465
f 425/473/466 428/476/469 430/477/470 427/474/467
f 428/476/469 429/475/468 432/478/471 431/479/472
f 428/476/469 431/479/472 433/480/473 430/477/470
f 431/479/472 432/478/471 435/418/414 434/481/474
f 431/479/472 434/481/474 436/482/475 433/480/473
f 434/481/474 435/418/414 378/419/415 437/483/476
f 434/481/474 437/483/476 438/484/477 436/482/475
f 437/483/476 378/419/415 380/420/416 439/485/478
f 437/483/476 439/485/478 440/486/479 438/484/477
f 439/485/478 380/420/416 383/423/419 441/487/480
f 439/485/478 441/487/480 442/488/481 440/486/479
f 441/487/480 383/423/419 386/426/422 443/489/482
f 441/487/480 443/489/482 444/490/483 442/488/481
f 443/489/482 386/426/422 389/429/425 445/491/484
f 443/489/482 445/491/484 446/492/485 444/490/483
f 445/491/484 389/429/425 392/432/428 447/493/486
f 445/491/484 447/493/486 448/494/487 446/492/485
f 447/495/486 392/437/428 395/438/431 449/445/438
f 447/495/486 449/445/438 450/496/488 448/497/487
f 449/445/438 400/446/439 451/452/445 450/496/488
f 453/498/489 448/497/487 450/496/488 452/499/490
f 452/499/490 450/496/488 451/452/445 455/500/491
f 511/501/492 453/498/489 452/499/490 454/502/493
f 454/502/493 452/499/490 455/500/491 457/503/494
f 456/504/495 459/505/496 457/503/494 455/500/491
f 404/451/444 456/504/495 455/500/491 451/452/445
f 513/506/497 454/502/493 457/503/494 458/507/498
f 459/505/496 461/508/499 458/507/498 457/503/494
f 2292/509/500 460/510/501 459/505/496 456/504/495
f 460/510/501 463/511/502 461/508/499 459/505/496
f 458/507/498 461/508/499 462/512/503 515/513/504
f 461/508/499 463/511/502 464/514/505 462/512/503
f 466/515/506 465/516/507 463/511/502 460/510/501
f 463/511/502 465/516/507 467/517/508 464/514/505
f 469/518/509 468/519/510 465/516/507 466/515/506
f 465/516/507 468/519/510 470/520/511 467/517/508
f 472/521/512 471/522/513 468/519/510 469/518/509
f 468/519/510 471/522/513 473/523/514 470/520/511
f 475/524/515 474/525/516 471/522/513 472/521/512
f 471/522/513 474/525/516 476/526/517 473/523/514
f 478/527/518 477/528/519 474/525/516 475/524/515
f 474/525/516 477/528/519 479/529/520 476/526/517
f 481/530/521 480/531/522 477/528/519 478/527/518
f 477/528/519 480/531/522 482/532/523 479/529/520
f 484/533/524 483/534/525 480/531/522 481/530/521
f 480/531/522 483/534/525 485/535/526 482/532/523
f 487/536/527 486/537/528 483/534/525 484/533/524
f 483/534/525 486/537/528 488/538/529 485/535/526
f 486/537/528 487/536/527 490/539/530 489/540/531
f 486/537/528 489/540/531 491/541/532 488/538/529
f 489/540/531 490/539/530 493/542/533 492/543/534
f 489/540/531 492/543/534 494/544/535 491/541/532
f 492/543/534 493/542/533 496/545/536 495/546/537
f 492/543/534 495/546/537 497/547/538 494/544/535
f 495/546/537 496/545/536 499/548/539 498/549/540
f 495/546/537 498/549/540 500/550/541 497/547/538
f 498/549/540 499/548/539 502/551/542 501/552/543
f 498/549/540 501/552/543 503/553/544 500/550/541
f 501/552/543 502/551/542 505/554/545 504/555/546
f 501/552/543 504/555/546 506/556/547 503/553/544
f 504/555/546 505/554/545 508/557/548 507/558/549
f 504/555/546 507/558/549 509/559/550 506/556/547
f 507/558/549 508/557/548 511/560/492 510/561/551
f 507/558/549 510/561/551 512/562/552 509/559/550
f 510/563/551 511/501/492 454/502/493 513/506/497
f 510/563/551 513/506/497 514/564/553 512/565/552
f 513/506/497 458/507/498 515/513/504 514/564/553
f 514/564/553 515/513/504 519/566/554 516/567/555
f 512/565/552 514/564/553 516/567/555 517/568/556
f 694/569/557 517/568/556 516/567/555 518/570/558
f 518/570/558 516/567/555 519/566/554 521/571/559
f 515/513/504 462/512/503 520/572/560 519/566/554
f 520/572/560 522/573/561 521/571/559 519/566/554
f 524/574/562 518/570/558 521/571/559 523/575/563
f 522/573/561 525/576/564 523/575/563 521/571/559
f 527/577/565 524/574/562 523/575/563 526/578/566
f 525/576/564 528/579/567 526/578/566 523/575/563
f 530/580/568 527/577/565 526/578/566 529/581/569
f 528/579/567 531/582/570 529/581/569 526/578/566
f 533/583/571 530/580/568 529/581/569 532/584/572
f 531/582/570 534/585/573 532/584/572 529/581/569
f 536/586/574 533/583/571 532/584/572 535/587/575
f 534/585/573 537/588/576 535/587/575 532/584/572
f 540/589/577 536/586/574 535/587/575 538/590/578
f 537/588/576 541/591/579 538/590/578 535/587/575
f 675/592/580 540/589/577 538/590/578 539/593/581
f 541/591/579 543/594/582 539/593/581 538/590/578
f 802/595/583 542/596/584 541/591/579 537/588/576
f 542/596/584 545/597/585 543/594/582 541/591/579
f 539/593/581 543/594/582 544/598/586 674/599/587
f 543/594/582 545/597/585 547/600/588 544/598/586
f 545/597/585 546/601/589 549/602/590 547/600/588
f 799/603/591 546/601/589 545/597/585 542/596/584
f 547/600/588 549/602/590 550/604/592 548/605/593
f 544/598/586 547/600/588 548/605/593 569/606/594
f 549/602/590 551/607/595 554/608/596 550/604/592
f 546/601/589 553/609/597 551/607/595 549/602/590
f 553/609/597 794/610/598 552/611/599 551/607/595
f 551/607/595 552/611/599 555/612/600 554/608/596
f 550/604/592 554/608/596 556/613/601 558/614/602
f 554/608/596 555/612/600 557/615/603 556/613/601
f 557/615/603 560/616/604 559/617/605 556/613/601
f 556/613/601 559/617/605 562/618/606 558/614/602
f 560/616/604 602/619/607 561/620/608 559/617/605
f 559/617/605 561/620/608 563/621/609 562/618/606
f 558/614/602 562/618/606 564/622/610 567/623/611
f 562/618/606 563/621/609 565/624/612 564/622/610
f 564/622/610 565/624/612 2276/625/613 566/626/614
f 567/623/611 564/622/610 566/626/614 568/627/615
f 569/606/594 548/605/593 567/623/611 568/627/615
f 548/605/593 550/604/592 558/614/602 567/623/611
f 571/628/616 569/606/594 568/627/615 570/629/617
f 568/627/615 566/626/614 573/630/618 570/629/617
f 672/631/619 571/628/616 570/629/617 572/632/620
f 575/633/621 572/632/620 570/629/617 573/630/618
f 566/626/614 2276/625/613 574/634/622 573/630/618
f 577/635/623 575/633/621 573/630/618 574/634/622
f 578/636/624 576/637/625 575/633/621 577/635/623
f 576/637/625 666/638/626 572/632/620 575/633/621
f 580/639/627 578/636/624 577/635/623 579/640/628
f 579/640/628 577/635/623 574/634/622 582/641/629
f 876/642/630 580/639/627 579/640/628 581/643/631
f 581/643/631 579/640/628 582/641/629 584/644/632
f 583/645/633 586/646/634 584/644/632 582/641/629
f 2276/625/613 583/645/633 582/641/629 574/634/622
f 581/643/631 584/644/632 585/647/635 880/648/636
f 584/644/632 586/646/634 588/649/637 585/647/635
f 2275/650/638 587/651/639 586/646/634 583/645/633
f 586/646/634 587/651/639 590/652/640 588/649/637
f 585/647/635 588/649/637 589/653/641 882/654/642
f 588/649/637 590/652/640 591/655/643 589/653/641
f 590/652/640 592/656/644 593/657/645 591/655/643
f 587/651/639 595/658/646 592/656/644 590/652/640
f 592/656/644 594/659/647 900/660/648 593/657/645
f 595/658/646 597/661/649 594/659/647 592/656/644
f 596/662/650 595/658/646 587/651/639 2275/650/638
f 599/663/651 597/661/649 595/658/646 596/662/650
f 597/661/649 598/664/652 909/665/653 594/659/647
f 600/666/654 598/664/652 597/661/649 599/663/651
f 602/619/607 600/666/654 599/663/651 561/620/608
f 561/620/608 599/663/651 596/662/650 563/621/609
f 603/667/655 601/668/656 600/666/654 602/619/607
f 601/668/656 911/669/657 598/664/652 600/666/654
f 604/670/658 603/667/655 602/619/607 560/616/604
f 607/671/659 605/672/660 603/667/655 604/670/658
f 605/672/660 608/673/661 601/668/656 603/667/655
f 779/674/662 606/675/663 605/672/660 607/671/659
f 606/675/663 610/676/664 608/673/661 605/672/660
f 608/673/661 609/677/665 911/669/657 601/668/656
f 610/676/664 612/678/666 609/677/665 608/673/661
f 776/679/667 611/680/668 610/676/664 606/675/663
f 611/680/668 614/681/669 612/678/666 610/676/664
f 612/678/666 614/681/669 616/682/670 613/683/671
f 609/677/665 612/678/666 613/683/671 910/684/672
f 774/685/673 615/686/674 614/681/669 611/680/668
f 614/681/669 615/686/674 618/687/675 616/682/670
f 613/683/671 616/682/670 617/688/676 912/689/677
f 616/682/670 618/687/675 619/690/678 617/688/676
f 618/687/675 620/691/679 623/692/680 619/690/678
f 615/686/674 622/693/681 620/691/679 618/687/675
f 622/693/681 773/694/682 621/695/683 620/691/679
f 620/691/679 621/695/683 624/696/684 623/692/680
f 623/692/680 624/696/684 628/697/685 625/698/686
f 619/690/678 623/692/680 625/698/686 627/699/687
f 627/699/687 625/698/686 626/700/688 2156/701/689
f 625/698/686 628/697/685 629/702/690 626/700/688
f 628/697/685 630/703/691 632/704/692 629/702/690
f 624/696/684 631/705/693 630/703/691 628/697/685
f 631/705/693 635/706/694 633/707/695 630/703/691
f 630/703/691 633/707/695 636/708/696 632/704/692
f 635/706/694 648/709/697 634/710/698 633/707/695
f 633/707/695 634/710/698 638/711/699 636/708/696
f 632/704/692 636/708/696 637/712/700 2147/713/701
f 636/708/696 638/711/699 639/714/702 637/712/700
f 638/711/699 640/715/703 641/716/704 639/714/702
f 634/710/698 643/717/705 640/715/703 638/711/699
f 640/715/703 642/718/706 2191/719/707 641/716/704
f 643/717/705 644/720/708 642/718/706 640/715/703
f 648/709/697 645/721/709 643/717/705 634/710/698
f 645/721/709 646/722/710 644/720/708 643/717/705
f 647/723/711 877/724/712 646/722/710 645/721/709
f 649/725/713 647/723/711 645/721/709 648/709/697
f 650/726/714 649/725/713 648/709/697 635/706/694
f 652/727/715 651/728/716 649/725/713 650/726/714
f 651/728/716 653/729/717 647/723/711 649/725/713
f 652/727/715 655/730/718 654/731/719 651/728/716
f 651/728/716 654/731/719 657/732/720 653/729/717
f 655/730/718 745/733/721 656/734/722 654/731/719
f 654/731/719 656/734/722 658/735/723 657/732/720
f 653/729/717 657/732/720 659/736/724 660/737/725
f 657/732/720 658/735/723 661/738/726 659/736/724
f 660/737/725 659/736/724 580/739/627 876/740/630
f 659/736/724 661/738/726 578/741/624 580/739/627
f 658/735/723 663/742/727 662/743/728 661/738/726
f 661/738/726 662/743/728 576/744/625 578/741/624
f 663/742/727 665/745/729 664/746/730 662/743/728
f 662/743/728 664/746/730 666/747/626 576/744/625
f 668/748/731 667/749/732 664/746/730 665/745/729
f 667/749/732 670/750/733 666/747/626 664/746/730
f 753/751/734 669/752/735 667/749/732 668/748/731
f 669/752/735 671/753/736 670/750/733 667/749/732
f 671/754/736 673/755/737 672/631/619 670/756/733
f 670/756/733 672/631/619 572/632/620 666/638/626
f 673/755/737 674/599/587 571/628/616 672/631/619
f 676/757/738 675/592/580 673/755/737 671/754/736
f 675/592/580 539/593/581 674/599/587 673/755/737
f 676/757/738 678/758/739 540/589/577 675/592/580
f 677/759/740 676/760/738 671/753/736 669/752/735
f 677/759/740 679/761/741 678/762/739 676/760/738
f 679/761/741 681/763/742 680/764/743 678/762/739
f 678/758/739 680/765/743 536/586/574 540/589/577
f 681/763/742 683/766/744 682/767/745 680/764/743
f 680/765/743 682/768/745 533/583/571 536/586/574
f 683/766/744 686/769/746 684/770/747 682/767/745
f 682/768/745 684/771/747 530/580/568 533/583/571
f 684/771/747 685/772/748 527/577/565 530/580/568
f 686/769/746 688/773/749 685/774/748 684/770/747
f 687/775/750 689/776/751 688/773/749 686/769/746
f 761/777/752 687/775/750 686/769/746 683/766/744
f 689/776/751 691/778/753 690/779/754 688/773/749
f 688/773/749 690/779/754 693/780/755 685/774/748
f 691/778/753 695/781/756 692/782/757 690/779/754
f 690/779/754 692/782/757 694/783/557 693/780/755
f 693/784/755 694/569/557 518/570/558 524/574/562
f 685/772/748 693/784/755 524/574/562 527/577/565
f 692/782/757 696/785/758 517/786/556 694/783/557
f 695/781/756 697/787/759 696/785/758 692/782/757
f 506/556/547 509/559/550 696/785/758 697/787/759
f 509/559/550 512/562/552 517/786/556 696/785/758
f 700/788/760 698/789/761 697/787/759 695/781/756
f 503/553/544 506/556/547 697/787/759 698/789/761
f 500/550/541 503/553/544 698/789/761 699/790/762
f 702/791/763 699/790/762 698/789/761 700/788/760
f 701/792/764 700/788/760 695/781/756 691/778/753
f 704/793/765 702/791/763 700/788/760 701/792/764
f 703/794/766 858/795/767 699/790/762 702/791/763
f 705/796/768 703/794/766 702/791/763 704/793/765
f 709/797/769 705/796/768 704/793/765 706/798/770
f 706/798/770 704/793/765 701/792/764 708/799/771
f 707/800/772 706/798/770 708/799/771 763/801/773
f 711/802/774 709/797/769 706/798/770 707/800/772
f 710/803/775 855/804/776 705/796/768 709/797/769
f 712/805/777 710/803/775 709/797/769 711/802/774
f 716/806/778 712/805/777 711/802/774 713/807/779
f 713/807/779 711/802/774 707/800/772 715/808/780
f 714/809/781 713/807/779 715/808/780 764/810/782
f 718/811/783 716/806/778 713/807/779 714/809/781
f 717/812/784 850/813/785 712/805/777 716/806/778
f 719/814/786 717/812/784 716/806/778 718/811/783
f 723/815/787 719/814/786 718/811/783 720/816/788
f 720/816/788 718/811/783 714/809/781 722/817/789
f 721/818/790 720/816/788 722/817/789 766/819/791
f 725/820/792 723/815/787 720/816/788 721/818/790
f 724/821/793 842/822/794 719/814/786 723/815/787
f 726/823/795 724/821/793 723/815/787 725/820/792
f 726/823/795 725/820/792 727/824/796 729/825/797
f 725/820/792 721/818/790 728/826/798 727/824/796
f 727/824/796 728/826/798 731/827/799 730/828/800
f 729/825/797 727/824/796 730/828/800 732/829/801
f 730/828/800 731/827/799 734/830/802 733/831/803
f 732/829/801 730/828/800 733/831/803 735/832/804
f 736/833/805 733/831/803 734/830/802 739/834/806
f 737/835/807 735/832/804 733/831/803 736/833/805
f 775/836/808 737/835/807 736/833/805 738/837/809
f 738/837/809 736/833/805 739/834/806 740/838/810
f 740/838/810 739/834/806 741/839/811 742/840/812
f 739/834/806 734/830/802 743/841/813 741/839/811
f 742/840/812 741/839/811 744/842/814 745/733/721
f 741/839/811 743/841/813 746/843/815 744/842/814
f 745/733/721 744/842/814 747/844/816 656/734/722
f 744/842/814 746/843/815 748/845/817 747/844/816
f 656/734/722 747/844/816 663/742/727 658/735/723
f 747/844/816 748/845/817 665/745/729 663/742/727
f 749/846/818 668/748/731 665/745/729 748/845/817
f 750/847/819 749/846/818 748/845/817 746/843/815
f 752/848/820 751/849/821 749/846/818 750/847/819
f 751/849/821 753/751/734 668/748/731 749/846/818
f 755/850/822 754/851/823 751/849/821 752/848/820
f 754/851/823 757/852/824 753/751/734 751/849/821
f 755/850/822 765/853/825 756/854/826 754/851/823
f 754/851/823 756/854/826 758/855/827 757/852/824
f 757/852/824 758/855/827 679/761/741 677/759/740
f 757/852/824 677/759/740 669/752/735 753/751/734
f 758/855/827 759/856/828 681/763/742 679/761/741
f 756/854/826 760/857/829 759/856/828 758/855/827
f 760/857/829 762/858/830 761/777/752 759/856/828
f 759/856/828 761/777/752 683/766/744 681/763/742
f 762/858/830 763/801/773 687/775/750 761/777/752
f 715/808/780 707/800/772 763/801/773 762/858/830
f 764/810/782 715/808/780 762/858/830 760/857/829
f 763/801/773 708/799/771 689/776/751 687/775/750
f 765/853/825 764/810/782 760/857/829 756/854/826
f 722/817/789 714/809/781 764/810/782 765/853/825
f 766/819/791 722/817/789 765/853/825 755/850/822
f 766/819/791 755/850/822 752/848/820 767/859/831
f 721/818/790 766/819/791 767/859/831 728/826/798
f 767/859/831 752/848/820 750/847/819 768/860/832
f 728/826/798 767/859/831 768/860/832 731/827/799
f 731/827/799 768/860/832 743/841/813 734/830/802
f 768/860/832 750/847/819 746/843/815 743/841/813
f 769/861/833 742/840/812 745/733/721 655/730/718
f 771/862/834 740/838/810 742/840/812 769/861/833
f 770/863/835 769/861/833 655/730/718 652/727/715
f 773/694/682 771/862/834 769/861/833 770/863/835
f 772/864/836 738/837/809 740/838/810 771/862/834
f 622/693/681 772/864/836 771/862/834 773/694/682
f 773/694/682 770/863/835 875/865/837 621/695/683
f 774/685/673 775/836/808 738/837/809 772/864/836
f 615/686/674 774/685/673 772/864/836 622/693/681
f 775/836/808 774/685/673 611/680/668 776/679/667
f 737/835/807 775/836/808 776/679/667 777/866/838
f 777/866/838 776/679/667 606/675/663 779/674/662
f 735/832/804 737/835/807 777/866/838 778/867/839
f 778/867/839 777/866/838 779/674/662 780/868/840
f 780/868/840 779/674/662 607/671/659 782/869/841
f 784/870/842 781/871/843 780/868/840 782/869/841
f 781/871/843 846/872/844 778/867/839 780/868/840
f 782/869/841 607/671/659 604/670/658 783/873/845
f 785/874/846 784/870/842 782/869/841 783/873/845
f 787/875/847 786/876/848 784/870/842 785/874/846
f 786/876/848 788/877/849 781/871/843 784/870/842
f 792/878/850 789/879/851 786/876/848 787/875/847
f 789/879/851 790/880/852 788/877/849 786/876/848
f 839/881/853 790/880/852 789/879/851 791/882/854
f 791/882/854 789/879/851 792/878/850 793/883/855
f 793/883/855 792/878/850 794/610/598 795/884/856
f 794/610/598 792/878/850 787/875/847 552/611/599
f 795/884/856 794/610/598 553/609/597 797/885/857
f 868/886/858 793/883/855 795/884/856 796/887/859
f 796/887/859 795/884/856 797/885/857 798/888/860
f 798/888/860 797/885/857 799/603/591 800/889/861
f 797/885/857 553/609/597 546/601/589 799/603/591
f 800/889/861 799/603/591 542/596/584 802/595/583
f 872/890/862 798/888/860 800/889/861 801/891/863
f 801/891/863 800/889/861 802/595/583 803/892/864
f 803/892/864 802/595/583 537/588/576 534/585/573
f 805/893/865 801/891/863 803/892/864 804/894/866
f 804/894/866 803/892/864 534/585/573 531/582/570
f 808/895/867 805/893/865 804/894/866 806/896/868
f 806/896/868 804/894/866 531/582/570 528/579/567
f 807/897/869 806/896/868 528/579/567 525/576/564
f 810/898/870 808/895/867 806/896/868 807/897/869
f 811/899/871 809/900/872 808/895/867 810/898/870
f 809/900/872 873/901/873 805/893/865 808/895/867
f 813/902/874 811/899/871 810/898/870 812/903/875
f 812/903/875 810/898/870 807/897/869 815/904/876
f 817/905/877 813/902/874 812/903/875 814/906/878
f 814/906/878 812/903/875 815/904/876 816/907/879
f 816/907/879 815/904/876 522/573/561 520/572/560
f 815/904/876 807/897/869 525/576/564 522/573/561
f 464/514/505 467/517/508 814/906/878 816/907/879
f 462/512/503 464/514/505 816/907/879 520/572/560
f 467/517/508 470/520/511 817/905/877 814/906/878
f 470/520/511 473/523/514 818/908/880 817/905/877
f 818/908/880 819/909/881 813/902/874 817/905/877
f 820/910/882 822/911/883 819/909/881 818/908/880
f 473/523/514 476/526/517 820/910/882 818/908/880
f 476/526/517 479/529/520 821/912/884 820/910/882
f 821/912/884 823/913/885 822/911/883 820/910/882
f 823/913/885 827/914/886 824/915/887 822/911/883
f 822/911/883 824/915/887 826/916/888 819/909/881
f 824/915/887 825/917/889 874/918/890 826/916/888
f 827/914/886 829/919/891 825/917/889 824/915/887
f 865/920/892 828/921/893 827/914/886 823/913/885
f 828/921/893 830/922/894 829/919/891 827/914/886
f 830/922/894 834/923/895 831/924/896 829/919/891
f 829/919/891 831/924/896 833/925/897 825/917/889
f 831/924/896 832/926/898 869/927/899 833/925/897
f 834/923/895 836/928/900 832/926/898 831/924/896
f 867/929/901 835/930/902 834/923/895 830/922/894
f 835/930/902 837/931/903 836/928/900 834/923/895
f 837/931/903 841/932/904 838/933/905 836/928/900
f 836/928/900 838/933/905 840/934/906 832/926/898
f 838/933/905 839/881/853 791/882/854 840/934/906
f 841/932/904 843/935/907 839/881/853 838/933/905
f 847/936/908 842/822/794 841/932/904 837/931/903
f 842/822/794 724/821/793 843/935/907 841/932/904
f 724/821/793 726/823/795 844/937/909 843/935/907
f 843/935/907 844/937/909 790/880/852 839/881/853
f 790/880/852 844/937/909 845/938/910 788/877/849
f 844/937/909 726/823/795 729/825/797 845/938/910
f 845/938/910 729/825/797 732/829/801 846/872/844
f 788/877/849 845/938/910 846/872/844 781/871/843
f 846/872/844 732/829/801 735/832/804 778/867/839
f 842/822/794 847/936/908 717/812/784 719/814/786
f 847/936/908 848/939/911 850/813/785 717/812/784
f 848/939/911 847/936/908 837/931/903 835/930/902
f 848/939/911 849/940/912 851/941/913 850/813/785
f 849/940/912 848/939/911 835/930/902 867/929/901
f 850/813/785 851/941/913 710/803/775 712/805/777
f 849/940/912 853/942/914 852/943/915 851/941/913
f 851/941/913 852/943/915 855/804/776 710/803/775
f 853/942/914 862/944/916 854/945/917 852/943/915
f 852/943/915 854/945/917 856/946/918 855/804/776
f 855/804/776 856/946/918 703/794/766 705/796/768
f 854/945/917 859/947/919 857/948/920 856/946/918
f 856/946/918 857/948/920 858/795/767 703/794/766
f 494/544/535 497/547/538 858/795/767 857/948/920
f 491/541/532 494/544/535 857/948/920 859/947/919
f 488/538/529 491/541/532 859/947/919 860/949/921
f 862/944/916 860/949/921 859/947/919 854/945/917
f 485/535/526 488/538/529 860/949/921 861/950/922
f 860/949/921 862/944/916 863/951/923 861/950/922
f 862/944/916 853/942/914 864/952/924 863/951/923
f 861/950/922 863/951/923 865/920/892 866/953/925
f 863/951/923 864/952/924 828/921/893 865/920/892
f 866/953/925 865/920/892 823/913/885 821/912/884
f 482/532/523 485/535/526 861/950/922 866/953/925
f 479/529/520 482/532/523 866/953/925 821/912/884
f 853/942/914 849/940/912 867/929/901 864/952/924
f 864/952/924 867/929/901 830/922/894 828/921/893
f 497/547/538 500/550/541 699/790/762 858/795/767
f 832/926/898 840/934/906 868/886/858 869/927/899
f 840/934/906 791/882/854 793/883/855 868/886/858
f 869/927/899 868/886/858 796/887/859 870/954/926
f 833/925/897 869/927/899 870/954/926 871/955/927
f 871/955/927 870/954/926 872/890/862 873/901/873
f 870/954/926 796/887/859 798/888/860 872/890/862
f 873/901/873 872/890/862 801/891/863 805/893/865
f 874/918/890 871/955/927 873/901/873 809/900/872
f 825/917/889 833/925/897 871/955/927 874/918/890
f 826/916/888 874/918/890 809/900/872 811/899/871
f 819/909/881 826/916/888 811/899/871 813/902/874
f 552/611/599 787/875/847 785/874/846 555/612/600
f 555/612/600 785/874/846 783/873/845 557/615/603
f 783/873/845 604/670/658 560/616/604 557/615/603
f 770/863/835 652/727/715 650/726/714 875/865/837
f 621/695/683 875/865/837 631/705/693 624/696/684
f 875/865/837 650/726/714 635/706/694 631/705/693
f 708/799/771 701/792/764 691/778/753 689/776/751
f 674/599/587 544/598/586 569/606/594 571/628/616
f 660/737/725 876/740/630 878/956/928 877/724/712
f 653/729/717 660/737/725 877/724/712 647/723/711
f 877/724/712 878/956/928 879/957/929 646/722/710
f 878/958/928 880/648/636 881/959/930 879/960/929
f 876/642/630 581/643/631 880/648/636 878/958/928
f 880/648/636 585/647/635 882/654/642 881/959/930
f 881/959/930 882/654/642 886/961/931 883/962/932
f 879/960/929 881/959/930 883/962/932 885/963/933
f 885/963/933 883/962/932 884/964/934 2192/965/935
f 883/962/932 886/961/931 887/966/936 884/964/934
f 886/961/931 888/967/937 889/968/938 887/966/936
f 882/654/642 589/653/641 888/967/937 886/961/931
f 589/653/641 591/655/643 890/969/939 888/967/937
f 888/967/937 890/969/939 892/970/940 889/968/938
f 591/655/643 593/657/645 891/971/941 890/969/939
f 890/969/939 891/971/941 894/972/942 892/970/940
f 889/968/938 892/970/940 893/973/943 2193/974/944
f 892/970/940 894/972/942 895/975/945 893/973/943
f 894/972/942 896/976/946 897/977/947 895/975/945
f 891/971/941 899/978/948 896/976/946 894/972/942
f 896/976/946 898/979/949 922/980/950 897/977/947
f 899/978/948 901/981/951 898/979/949 896/976/946
f 593/657/645 900/660/648 899/978/948 891/971/941
f 900/660/648 902/982/952 901/981/951 899/978/948
f 901/981/951 903/983/953 905/984/954 898/979/949
f 902/982/952 906/985/955 903/983/953 901/981/951
f 906/985/955 907/986/956 904/987/957 903/983/953
f 903/983/953 904/987/957 918/988/958 905/984/954
f 908/989/959 910/684/672 907/986/956 906/985/955
f 909/665/653 908/989/959 906/985/955 902/982/952
f 598/664/652 911/669/657 908/989/959 909/665/653
f 911/669/657 609/677/665 910/684/672 908/989/959
f 910/684/672 613/683/671 912/689/677 907/986/956
f 594/659/647 909/665/653 902/982/952 900/660/648
f 907/986/956 912/689/677 913/990/960 904/987/957
f 912/689/677 617/688/676 914/991/961 913/990/960
f 904/987/957 913/990/960 915/992/962 918/988/958
f 913/990/960 914/991/961 917/993/963 915/992/962
f 918/988/958 915/992/962 916/994/964 919/995/965
f 915/992/962 917/993/963 2155/996/966 916/994/964
f 905/984/954 918/988/958 919/995/965 921/997/967
f 919/995/965 916/994/964 2158/998/968 920/999/969
f 921/997/967 919/995/965 920/999/969 923/1000/970
f 898/979/949 905/984/954 921/997/967 922/980/950
f 922/980/950 921/997/967 923/1000/970 924/1001/971
f 924/1001/971 923/1000/970 925/1002/972 926/1003/973
f 923/1000/970 920/999/969 927/1004/974 925/1002/972
f 926/1003/973 925/1002/972 928/1005/975 930/1006/976
f 925/1002/972 927/1004/974 931/1007/977 928/1005/975
f 928/1005/975 931/1007/977 933/1008/978 929/1009/979
f 930/1006/976 928/1005/975 929/1009/979 2208/1010/980
f 927/1004/974 2161/1011/981 932/1012/982 931/1007/977
f 931/1007/977 932/1012/982 935/1013/983 933/1008/978
f 929/1009/979 933/1008/978 934/1014/984 2261/1015/985
f 933/1008/978 935/1013/983 936/1016/986 934/1014/984
f 935/1013/983 937/1017/987 940/1018/988 936/1016/986
f 932/1012/982 939/1019/989 937/1017/987 935/1013/983
f 939/1019/989 2163/1020/990 938/1021/991 937/1017/987
f 937/1017/987 938/1021/991 941/1022/992 940/1018/988
f 940/1018/988 941/1022/992 945/1023/993 942/1024/994
f 936/1016/986 940/1018/988 942/1024/994 944/1025/995
f 942/1024/994 943/1026/996 2266/1027/997 944/1025/995
f 945/1023/993 947/1028/998 943/1026/996 942/1024/994
f 946/1029/999 948/1030/1000 947/1028/998 945/1023/993
f 941/1022/992 2169/1031/1001 946/1029/999 945/1023/993
f 948/1030/1000 950/1032/1002 949/1033/1003 947/1028/998
f 947/1028/998 949/1033/1003 951/1034/1004 943/1026/996
f 950/1032/1002 953/1035/1005 952/1036/1006 949/1033/1003
f 949/1033/1003 952/1036/1006 954/1037/1007 951/1034/1004
f 953/1035/1005 956/1038/1008 955/1039/1009 952/1036/1006
f 952/1036/1006 955/1039/1009 957/1040/1010 954/1037/1007
f 956/1038/1008 959/1041/1011 958/1042/1012 955/1039/1009
f 955/1039/1009 958/1042/1012 961/1043/1013 957/1040/1010
f 959/1041/1014 1019/1044/1015 960/1045/1016 958/1042/1017
f 958/1042/1017 960/1045/1016 962/1046/1018 961/1043/1019
f 957/1040/1010 961/1043/1013 963/1047/1020 964/1048/1021
f 961/1043/1019 962/1046/1018 965/1049/1022 963/1047/1023
f 964/1048/1021 963/1047/1020 966/1050/1024 968/1051/1025
f 963/1047/1023 965/1049/1022 967/1052/1026 966/1050/1027
f 970/1053/1028 969/1054/1029 966/1050/1027 967/1052/1026
f 969/1054/1030 971/1055/1031 968/1051/1025 966/1050/1024
f 969/1054/1029 970/1053/1028 974/1056/1032 972/1057/1033
f 971/1055/1031 969/1054/1030 972/1057/1034 973/1058/1035
f 973/1058/1035 972/1057/1034 975/1059/1036 976/1060/1037
f 972/1057/1033 974/1056/1032 977/1061/1038 975/1059/1039
f 976/1060/1037 975/1059/1036 978/1062/1040 981/1063/1041
f 975/1059/1039 977/1061/1038 979/1064/1042 978/1062/1043
f 978/1062/1043 979/1064/1042 1041/1065/1044 980/1066/1045
f 981/1063/1041 978/1062/1040 980/1066/1046 983/1067/1047
f 2274/1068/1048 976/1060/1037 981/1063/1041 982/1069/1049
f 982/1069/1049 981/1063/1041 983/1067/1047 984/1070/1050
f 984/1070/1050 983/1067/1047 985/1071/1051 986/1072/1052
f 983/1067/1047 980/1066/1046 988/1073/1053 985/1071/1051
f 986/1072/1052 985/1071/1051 987/1074/1054 2228/1075/1055
f 985/1071/1051 988/1073/1053 990/1076/1056 987/1074/1054
f 980/1066/1045 1041/1065/1044 989/1077/1057 988/1073/1058
f 988/1073/1058 989/1077/1057 991/1078/1059 990/1076/1060
f 987/1074/1054 990/1076/1056 992/1079/1061 993/1080/1062
f 990/1076/1060 991/1078/1059 994/1081/1063 992/1079/1064
f 993/1080/1062 992/1079/1061 995/1082/1065 996/1083/1066
f 992/1079/1064 994/1081/1063 997/1084/1067 995/1082/1068
f 996/1085/1066 995/1086/1065 998/1087/1069 999/1088/1070
f 995/1086/1068 997/1089/1067 1000/1090/1071 998/1087/1072
f 999/1088/1070 998/1087/1069 1001/1091/1073 1002/1092/1074
f 998/1087/1072 1000/1090/1071 1003/1093/1075 1001/1091/1076
f 1002/1092/1074 1001/1091/1073 1004/1094/1077 1007/1095/1078
f 1001/1091/1076 1003/1093/1075 1005/1096/1079 1004/1094/1080
f 1004/1094/1080 1005/1096/1079 1058/1097/1081 1006/1098/1082
f 1007/1095/1078 1004/1094/1077 1006/1098/1083 1009/1099/1084
f 2236/1100/1085 1002/1092/1074 1007/1095/1078 1008/1101/1086
f 1008/1101/1086 1007/1095/1078 1009/1099/1084 1010/1102/1087
f 1010/1102/1087 1009/1099/1084 1011/1103/1088 1012/1104/1089
f 1009/1099/1084 1006/1098/1083 1014/1105/1090 1011/1103/1088
f 1012/1104/1089 1011/1103/1088 1013/1106/1091 2122/1107/1092
f 1011/1103/1088 1014/1105/1090 1016/1108/1093 1013/1106/1091
f 1006/1098/1082 1058/1097/1081 1015/1109/1094 1014/1105/1095
f 1014/1105/1095 1015/1109/1094 1017/1110/1096 1016/1108/1097
f 1013/1106/1091 1016/1108/1093 959/1041/1011 956/1038/1008
f 1016/1108/1097 1017/1110/1096 1019/1044/1015 959/1041/1014
f 1017/1110/1096 1018/1111/1098 1020/1112/1099 1019/1044/1015
f 1015/1109/1094 1057/1113/1100 1018/1111/1098 1017/1110/1096
f 1019/1044/1015 1020/1112/1099 1022/1114/1101 960/1045/1016
f 1018/1111/1098 1061/1115/1102 1021/1116/1103 1020/1112/1099
f 1020/1112/1099 1021/1116/1103 1023/1117/1104 1022/1114/1101
f 1022/1114/1101 1023/1117/1104 1025/1118/1105 1024/1119/1106
f 960/1045/1016 1022/1114/1101 1024/1119/1106 962/1046/1018
f 1024/1119/1106 1025/1118/1105 1027/1120/1107 1026/1121/1108
f 962/1046/1018 1024/1119/1106 1026/1121/1108 965/1049/1022
f 1026/1121/1108 1027/1120/1107 1029/1122/1109 1028/1123/1110
f 965/1049/1022 1026/1121/1108 1028/1123/1110 967/1052/1026
f 1031/1124/1111 1030/1125/1112 1028/1123/1110 1029/1122/1109
f 1030/1125/1112 970/1053/1028 967/1052/1026 1028/1123/1110
f 1030/1125/1112 1031/1124/1111 1033/1126/1113 1032/1127/1114
f 970/1053/1028 1030/1125/1112 1032/1127/1114 974/1056/1032
f 1032/1127/1114 1033/1126/1113 1035/1128/1115 1034/1129/1116
f 974/1056/1032 1032/1127/1114 1034/1129/1116 977/1061/1038
f 1034/1129/1116 1035/1128/1115 1037/1130/1117 1036/1131/1118
f 977/1061/1038 1034/1129/1116 1036/1131/1118 979/1064/1042
f 1036/1131/1118 1037/1130/1117 1039/1132/1119 1038/1133/1120
f 979/1064/1042 1036/1131/1118 1038/1133/1120 1041/1065/1044
f 1038/1133/1120 1039/1132/1119 1042/1134/1121 1040/1135/1122
f 1041/1065/1044 1038/1133/1120 1040/1135/1122 989/1077/1057
f 1040/1135/1122 1042/1134/1121 1044/1136/1123 1043/1137/1124
f 989/1077/1057 1040/1135/1122 1043/1137/1124 991/1078/1059
f 1043/1137/1124 1044/1136/1123 1046/1138/1125 1045/1139/1126
f 991/1078/1059 1043/1137/1124 1045/1139/1126 994/1081/1063
f 1045/1139/1126 1046/1138/1125 1048/1140/1127 1047/1141/1128
f 994/1081/1063 1045/1139/1126 1047/1141/1128 997/1084/1067
f 1047/1142/1128 1048/1143/1127 1050/1144/1129 1049/1145/1130
f 997/1089/1067 1047/1142/1128 1049/1145/1130 1000/1090/1071
f 1049/1145/1130 1050/1144/1129 1052/1146/1131 1051/1147/1132
f 1000/1090/1071 1049/1145/1130 1051/1147/1132 1003/1093/1075
f 1051/1147/1132 1052/1146/1131 1054/1148/1133 1053/1149/1134
f 1003/1093/1075 1051/1147/1132 1053/1149/1134 1005/1096/1079
f 1053/1149/1134 1054/1148/1133 1056/1150/1135 1055/1151/1136
f 1005/1096/1079 1053/1149/1134 1055/1151/1136 1058/1097/1081
f 1055/1151/1136 1056/1150/1135 1059/1152/1137 1057/1113/1100
f 1058/1097/1081 1055/1151/1136 1057/1113/1100 1015/1109/1094
f 1057/1113/1100 1059/1152/1137 1061/1115/1102 1018/1111/1098
f 1061/1115/1102 1059/1152/1137 1060/1153/1138 1062/1154/1139
f 1059/1152/1137 1056/1150/1135 2109/1155/1140 1060/1153/1138
f 1021/1116/1103 1061/1115/1102 1062/1154/1139 1064/1156/1141
f 1062/1154/1139 1060/1153/1138 1126/1157/1142 1063/1158/1143
f 1064/1156/1141 1062/1154/1139 1063/1158/1143 1066/1159/1144
f 1023/1117/1104 1021/1116/1103 1064/1156/1141 1065/1160/1145
f 1065/1160/1145 1064/1156/1141 1066/1159/1144 1068/1161/1146
f 1067/1162/1147 1066/1159/1144 1063/1158/1143 1125/1163/1148
f 1070/1164/1149 1068/1161/1146 1066/1159/1144 1067/1162/1147
f 2121/1165/1150 1065/1160/1145 1068/1161/1146 1069/1166/1151
f 1068/1161/1146 1070/1164/1149 1071/1167/1152 1069/1166/1151
f 1070/1164/1149 1072/1168/1153 1075/1169/1154 1071/1167/1152
f 1072/1168/1153 1070/1164/1149 1067/1162/1147 1074/1170/1155
f 1075/1169/1154 1072/1168/1153 1073/1171/1156 1076/1172/1157
f 1072/1168/1153 1074/1170/1155 1134/1173/1158 1073/1171/1156
f 1071/1167/1152 1075/1169/1154 1077/1174/1159 1078/1175/1160
f 1077/1174/1159 1075/1169/1154 1076/1172/1157 1079/1176/1161
f 1078/1175/1160 1077/1174/1159 1080/1177/1162 1081/1178/1163
f 1080/1177/1162 1077/1174/1159 1079/1176/1161 1082/1179/1164
f 1081/1178/1163 1080/1177/1162 1083/1180/1165 1086/1181/1166
f 1083/1180/1165 1080/1177/1162 1082/1179/1164 1084/1182/1167
f 1085/1183/1168 1083/1180/1165 1084/1182/1167 1191/1184/1169
f 1086/1181/1166 1083/1180/1165 1085/1183/1168 1088/1185/1170
f 2119/1186/1171 1081/1178/1163 1086/1181/1166 1087/1187/1172
f 1087/1187/1172 1086/1181/1166 1088/1185/1170 1089/1188/1173
f 1089/1188/1173 1088/1185/1170 1090/1189/1174 1091/1190/1175
f 1088/1185/1170 1085/1183/1168 1092/1191/1176 1090/1189/1174
f 1091/1190/1175 1090/1189/1174 1093/1192/1177 1094/1193/1178
f 1090/1189/1174 1092/1191/1176 1095/1194/1179 1093/1192/1177
f 1094/1193/1178 1093/1192/1177 1096/1195/1180 1097/1196/1181
f 1093/1192/1177 1095/1194/1179 1098/1197/1182 1096/1195/1180
f 1097/1196/1181 1096/1195/1180 1099/1198/1183 1100/1199/1184
f 1096/1195/1180 1098/1197/1182 1101/1200/1185 1099/1198/1183
f 1100/1199/1184 1099/1198/1183 1102/1201/1186 1105/1202/1187
f 1099/1198/1183 1101/1200/1185 1103/1203/1188 1102/1201/1186
f 1177/1204/1189 1104/1205/1190 1102/1201/1186 1103/1203/1188
f 1104/1205/1190 1107/1206/1191 1105/1202/1187 1102/1201/1186
f 1106/1207/1192 2111/1208/1193 1100/1199/1184 1105/1202/1187
f 1109/1209/1194 1106/1207/1192 1105/1202/1187 1107/1206/1191
f 1182/1210/1195 1108/1211/1196 1107/1206/1191 1104/1205/1190
f 1110/1212/1197 1109/1209/1194 1107/1206/1191 1108/1211/1196
f 1048/1140/1127 1046/1138/1125 1109/1209/1194 1110/1212/1197
f 1046/1138/1125 1044/1136/1123 1106/1207/1192 1109/1209/1194
f 1050/1144/1129 1048/1143/1127 1110/1213/1197 1111/1214/1198
f 1111/1214/1198 1110/1213/1197 1108/1215/1196 1113/1216/1199
f 1052/1146/1131 1050/1144/1129 1111/1214/1198 1112/1217/1200
f 1112/1217/1200 1111/1214/1198 1113/1216/1199 1115/1218/1201
f 1114/1219/1202 1113/1216/1199 1108/1215/1196 1182/1220/1195
f 1117/1221/1203 1115/1218/1201 1113/1216/1199 1114/1219/1202
f 2110/1222/1204 1112/1217/1200 1115/1218/1201 1116/1223/1205
f 1119/1224/1206 1116/1223/1205 1115/1218/1201 1117/1221/1203
f 1118/1225/1207 1117/1221/1203 1114/1219/1202 1183/1226/1208
f 1120/1227/1209 1119/1224/1206 1117/1221/1203 1118/1225/1207
f 1121/1228/1210 1122/1229/1211 1116/1223/1205 1119/1224/1206
f 1123/1230/1212 1121/1228/1210 1119/1224/1206 1120/1227/1209
f 1124/1231/1213 1126/1157/1142 1122/1229/1211 1121/1228/1210
f 1127/1232/1214 1124/1231/1213 1121/1228/1210 1123/1230/1212
f 1125/1163/1148 1063/1158/1143 1126/1157/1142 1124/1231/1213
f 1128/1233/1215 1125/1163/1148 1124/1231/1213 1127/1232/1214
f 1128/1233/1215 1127/1232/1214 1129/1234/1216 1132/1235/1217
f 1127/1232/1214 1123/1230/1212 1130/1236/1218 1129/1234/1216
f 1131/1237/1219 1129/1234/1216 1130/1236/1218 2108/1238/1220
f 1133/1239/1221 1132/1235/1217 1129/1234/1216 1131/1237/1219
f 1074/1170/1155 1128/1233/1215 1132/1235/1217 1134/1173/1158
f 1135/1240/1222 1134/1173/1158 1132/1235/1217 1133/1239/1221
f 1136/1241/1223 1073/1171/1156 1134/1173/1158 1135/1240/1222
f 1138/1242/1224 1136/1241/1223 1135/1240/1222 1137/1243/1225
f 1137/1243/1225 1135/1240/1222 1133/1239/1221 1139/1244/1226
f 1138/1242/1224 1137/1243/1225 1140/1245/1227 1141/1246/1228
f 1137/1243/1225 1139/1244/1226 1143/1247/1229 1140/1245/1227
f 1213/1248/1230 1141/1246/1228 1140/1245/1227 1142/1249/1231
f 1142/1249/1231 1140/1245/1227 1143/1247/1229 1144/1250/1232
f 1144/1250/1232 1143/1247/1229 1145/1251/1233 1147/1252/1234
f 1139/1244/1226 1146/1253/1235 1145/1251/1233 1143/1247/1229
f 1146/1253/1235 1149/1254/1236 1148/1255/1237 1145/1251/1233
f 1147/1252/1234 1145/1251/1233 1148/1255/1237 1150/1256/1238
f 1149/1254/1236 1154/1257/1239 1151/1258/1240 1148/1255/1237
f 1150/1256/1238 1148/1255/1237 1151/1258/1240 1152/1259/1241
f 1152/1259/1241 1151/1258/1240 1153/1260/1242 1241/1261/1243
f 1154/1257/1239 1156/1262/1244 1153/1260/1242 1151/1258/1240
f 1149/1254/1236 2108/1238/1220 1155/1263/1245 1154/1257/1239
f 1154/1257/1239 1155/1263/1245 1157/1264/1246 1156/1262/1244
f 1156/1262/1244 1157/1264/1246 1159/1265/1247 1158/1266/1248
f 1156/1262/1244 1158/1266/1248 1161/1267/1249 1153/1260/1242
f 1158/1266/1248 1159/1265/1247 1181/1268/1250 1160/1269/1251
f 1158/1266/1248 1160/1269/1251 1163/1270/1252 1161/1267/1249
f 1241/1261/1243 1153/1260/1242 1161/1267/1249 1162/1271/1253
f 1162/1271/1253 1161/1267/1249 1163/1270/1252 1164/1272/1254
f 1160/1273/1251 1168/1274/1255 1165/1275/1256 1163/1276/1252
f 1164/1277/1254 1163/1276/1252 1165/1275/1256 1166/1278/1257
f 1166/1278/1257 1165/1275/1256 1167/1279/1258 2097/1280/1259
f 1168/1274/1255 1170/1281/1260 1167/1279/1258 1165/1275/1256
f 1160/1273/1251 1181/1282/1250 1169/1283/1261 1168/1274/1255
f 1168/1274/1255 1169/1283/1261 1172/1284/1262 1170/1281/1260
f 1170/1281/1260 1171/1285/1263 2099/1286/1264 1167/1279/1258
f 1173/1287/1265 1171/1285/1263 1170/1281/1260 1172/1284/1262
f 1175/1288/1266 1173/1287/1265 1172/1284/1262 1174/1289/1267
f 1169/1283/1261 1176/1290/1268 1174/1289/1267 1172/1284/1262
f 1103/1203/1188 1101/1200/1185 1175/1288/1266 1174/1289/1267
f 1177/1204/1189 1103/1203/1188 1174/1289/1267 1176/1290/1268
f 1180/1291/1269 1177/1204/1189 1176/1290/1268 1178/1292/1270
f 1181/1282/1250 1178/1292/1270 1176/1290/1268 1169/1283/1261
f 1159/1265/1247 1179/1293/1271 1178/1294/1270 1181/1268/1250
f 1183/1226/1208 1180/1295/1269 1178/1294/1270 1179/1293/1271
f 1180/1291/1269 1182/1210/1195 1104/1205/1190 1177/1204/1189
f 1183/1226/1208 1114/1219/1202 1182/1220/1195 1180/1295/1269
f 1118/1225/1207 1183/1226/1208 1179/1293/1271 1184/1296/1272
f 1157/1264/1246 1184/1296/1272 1179/1293/1271 1159/1265/1247
f 1120/1227/1209 1118/1225/1207 1184/1296/1272 1185/1297/1273
f 1155/1263/1245 1185/1297/1273 1184/1296/1272 1157/1264/1246
f 1123/1230/1212 1120/1227/1209 1185/1297/1273 1130/1236/1218
f 2108/1238/1220 1130/1236/1218 1185/1297/1273 1155/1263/1245
f 1186/1298/1274 1187/1299/1275 1173/1287/1265 1175/1288/1266
f 1101/1200/1185 1098/1197/1182 1186/1298/1274 1175/1288/1266
f 1098/1197/1182 1095/1194/1179 1188/1300/1276 1186/1298/1274
f 1188/1300/1276 1189/1301/1277 1187/1299/1275 1186/1298/1274
f 1095/1194/1179 1092/1191/1176 1190/1302/1278 1188/1300/1276
f 1190/1302/1278 1192/1303/1279 1189/1301/1277 1188/1300/1276
f 1191/1184/1169 1193/1304/1280 1192/1303/1279 1190/1302/1278
f 1092/1191/1176 1085/1183/1168 1191/1184/1169 1190/1302/1278
f 1193/1304/1280 1197/1305/1281 1194/1306/1282 1192/1303/1279
f 1192/1303/1279 1194/1306/1282 1195/1307/1283 1189/1301/1277
f 1195/1307/1283 1194/1306/1282 1196/1308/1284 2101/1309/1285
f 1194/1306/1282 1197/1305/1281 1198/1310/1286 1196/1308/1284
f 1200/1311/1287 1199/1312/1288 1197/1305/1281 1193/1304/1280
f 1197/1305/1281 1199/1312/1288 1201/1313/1289 1198/1310/1286
f 1204/1314/1290 1202/1315/1291 1199/1312/1288 1200/1311/1287
f 1199/1312/1288 1202/1315/1291 1205/1316/1292 1201/1313/1289
f 1202/1315/1291 1203/1317/1293 1207/1318/1294 1205/1316/1292
f 2107/1319/1295 1203/1317/1293 1202/1315/1291 1204/1314/1290
f 1205/1316/1292 1206/1320/1296 1331/1321/1297 1201/1313/1289
f 1207/1318/1294 1208/1322/1298 1206/1320/1296 1205/1316/1292
f 1203/1317/1293 1210/1323/1299 1209/1324/1300 1207/1318/1294
f 1209/1324/1300 1211/1325/1301 1208/1322/1298 1207/1318/1294
f 1141/1246/1228 1213/1248/1230 1211/1325/1301 1209/1324/1300
f 1210/1323/1299 1138/1242/1224 1141/1246/1228 1209/1324/1300
f 1211/1325/1301 1212/1326/1302 1337/1327/1303 1208/1322/1298
f 1213/1248/1230 1214/1328/1304 1212/1326/1302 1211/1325/1301
f 1214/1328/1304 1213/1248/1230 1142/1249/1231 1215/1329/1305
f 1216/1330/1306 1214/1328/1304 1215/1329/1305 1217/1331/1307
f 1214/1328/1304 1216/1330/1306 1218/1332/1308 1212/1326/1302
f 1219/1333/1309 1216/1330/1306 1217/1331/1307 1222/1334/1310
f 1216/1330/1306 1219/1333/1309 1220/1335/1311 1218/1332/1308
f 1219/1333/1312 1221/1336/1313 1342/1337/1314 1220/1335/1315
f 1221/1336/1313 1219/1333/1312 1222/1334/1316 1223/1338/1317
f 1222/1334/1310 1217/1331/1307 1225/1339/1318 1224/1340/1319
f 1223/1338/1317 1222/1334/1316 1224/1340/1320 1226/1341/1321
f 1224/1340/1319 1225/1339/1318 1228/1342/1322 1227/1343/1323
f 1226/1341/1321 1224/1340/1320 1227/1343/1324 1229/1344/1325
f 1227/1343/1323 1228/1342/1322 1233/1345/1326 1230/1346/1327
f 1229/1344/1325 1227/1343/1324 1230/1346/1328 1231/1347/1329
f 1231/1347/1329 1230/1346/1328 1232/1348/1330 1255/1349/1331
f 1230/1346/1327 1233/1345/1326 1235/1350/1332 1232/1348/1333
f 1228/1342/1322 2104/1351/1334 1234/1352/1335 1233/1345/1326
f 1233/1345/1326 1234/1352/1335 1236/1353/1336 1235/1350/1332
f 1235/1350/1332 1236/1353/1336 1240/1354/1337 1237/1355/1338
f 1232/1348/1333 1235/1350/1332 1237/1355/1338 1239/1356/1339
f 1239/1356/1339 1237/1355/1338 1238/1357/1340 1250/1358/1341
f 1237/1355/1338 1240/1354/1337 1242/1359/1342 1238/1357/1340
f 1236/1353/1336 1152/1259/1241 1241/1261/1243 1240/1354/1337
f 1240/1354/1337 1241/1261/1243 1162/1271/1253 1242/1359/1342
f 1242/1359/1342 1162/1271/1253 1164/1272/1254 1243/1360/1343
f 1238/1357/1340 1242/1359/1342 1243/1360/1343 1245/1361/1344
f 1243/1362/1343 1164/1277/1254 1166/1278/1257 1244/1363/1345
f 1245/1364/1344 1243/1362/1343 1244/1363/1345 1246/1365/1346
f 1250/1358/1341 1238/1357/1340 1245/1361/1344 1247/1366/1347
f 1247/1367/1347 1245/1364/1344 1246/1365/1346 1249/1368/1348
f 1248/1369/1349 1247/1367/1350 1249/1368/1351 2093/1370/1352
f 1251/1371/1353 1250/1358/1354 1247/1366/1350 1248/1372/1349
f 1253/1373/1355 1239/1356/1356 1250/1358/1354 1251/1371/1353
f 1251/1371/1353 1248/1372/1349 2095/1374/1357 1252/1375/1358
f 1253/1373/1355 1251/1371/1353 1252/1375/1358 1254/1376/1359
f 1255/1349/1331 1232/1348/1330 1239/1356/1356 1253/1373/1355
f 1255/1349/1331 1253/1373/1355 1254/1376/1359 1256/1377/1360
f 1231/1347/1329 1255/1349/1331 1256/1377/1360 1258/1378/1361
f 1257/1379/1362 1256/1377/1360 1254/1376/1359 1288/1380/1363
f 1259/1381/1364 1258/1378/1361 1256/1377/1360 1257/1379/1362
f 1229/1344/1325 1231/1347/1329 1258/1378/1361 1260/1382/1365
f 1261/1383/1366 1260/1382/1365 1258/1378/1361 1259/1381/1364
f 1226/1341/1321 1229/1344/1325 1260/1382/1365 1262/1384/1367
f 1264/1385/1368 1262/1384/1367 1260/1382/1365 1261/1383/1366
f 1266/1386/1369 1263/1387/1370 1262/1384/1367 1264/1385/1368
f 1223/1338/1317 1226/1341/1321 1262/1384/1367 1263/1387/1370
f 1265/1388/1371 1264/1385/1372 1261/1383/1373 1283/1389/1374
f 1267/1390/1375 1266/1386/1376 1264/1385/1372 1265/1388/1371
f 1268/1391/1377 1269/1392/1378 1263/1387/1370 1266/1386/1369
f 1271/1393/1379 1268/1391/1380 1266/1386/1376 1267/1390/1375
f 1269/1392/1378 1268/1391/1377 1270/1394/1381 1343/1395/1382
f 1268/1391/1380 1271/1393/1379 1272/1396/1383 1270/1394/1384
f 1271/1393/1379 1267/1390/1375 1276/1397/1385 1273/1398/1386
f 1272/1396/1383 1271/1393/1379 1273/1398/1386 1274/1399/1387
f 1273/1398/1386 1275/1400/1388 1837/1401/1389 1274/1399/1387
f 1275/1400/1388 1273/1398/1386 1276/1397/1385 1277/1402/1390
f 1277/1402/1390 1276/1397/1385 1278/1403/1391 1279/1404/1392
f 1267/1390/1375 1265/1388/1371 1278/1403/1391 1276/1397/1385
f 1279/1404/1392 1278/1403/1391 1280/1405/1393 1281/1406/1394
f 1265/1388/1371 1283/1389/1374 1280/1405/1393 1278/1403/1391
f 1281/1406/1394 1280/1405/1393 1282/1407/1395 1879/1408/1396
f 1283/1389/1374 1284/1409/1397 1282/1407/1395 1280/1405/1393
f 1283/1389/1374 1261/1383/1373 1259/1381/1398 1284/1409/1397
f 1284/1409/1397 1285/1410/1399 1286/1411/1400 1282/1407/1395
f 1284/1409/1397 1259/1381/1398 1257/1379/1401 1285/1410/1399
f 1285/1410/1399 1257/1379/1401 1288/1380/1402 1287/1412/1403
f 1285/1410/1399 1287/1412/1403 1290/1413/1404 1286/1411/1400
f 1287/1412/1403 1288/1380/1402 2103/1414/1405 1289/1415/1406
f 1287/1412/1403 1289/1415/1406 1292/1416/1407 1290/1413/1404
f 1749/1417/1408 1286/1411/1400 1290/1413/1404 1291/1418/1409
f 1291/1418/1409 1290/1413/1404 1292/1416/1407 1293/1419/1410
f 1293/1419/1410 1292/1416/1407 1294/1420/1411 1295/1421/1412
f 1289/1415/1406 1297/1422/1413 1294/1420/1411 1292/1416/1407
f 1295/1423/1412 1294/1424/1411 1296/1425/1414 1374/1426/1415
f 1297/1427/1413 1299/1428/1416 1296/1425/1414 1294/1424/1411
f 1297/1427/1413 1298/1429/1417 1300/1430/1418 1299/1428/1416
f 1289/1415/1406 2103/1414/1405 1298/1431/1417 1297/1422/1413
f 1299/1428/1416 1300/1430/1418 1302/1432/1419 1301/1433/1420
f 1299/1428/1416 1301/1433/1420 1303/1434/1421 1296/1425/1414
f 1307/1435/1422 1304/1436/1423 1301/1433/1420 1302/1432/1419
f 1301/1433/1420 1304/1436/1423 1305/1437/1424 1303/1434/1421
f 1304/1436/1423 1306/1438/1425 1368/1439/1426 1305/1437/1424
f 1309/1440/1427 1306/1438/1425 1304/1436/1423 1307/1435/1422
f 1308/1441/1428 1307/1435/1429 1302/1432/1430 2092/1442/1431
f 1311/1443/1432 1309/1440/1433 1307/1435/1429 1308/1441/1428
f 1310/1444/1434 1366/1445/1435 1306/1438/1425 1309/1440/1427
f 1312/1446/1436 1310/1444/1437 1309/1440/1433 1311/1443/1432
f 1313/1447/1438 1316/1448/1439 1312/1446/1436 1311/1443/1432
f 1315/1449/1440 1313/1447/1438 1311/1443/1432 1308/1441/1428
f 1314/1450/1441 1313/1447/1438 1315/1449/1440 2089/1451/1442
f 1318/1452/1443 1316/1448/1439 1313/1447/1438 1314/1450/1441
f 1320/1453/1444 1317/1454/1445 1316/1448/1439 1318/1452/1443
f 1316/1448/1439 1317/1454/1445 1349/1455/1446 1312/1446/1436
f 1319/1456/1447 1318/1452/1448 1314/1450/1449 2086/1457/1450
f 1322/1458/1451 1320/1453/1452 1318/1452/1448 1319/1456/1447
f 1321/1459/1453 1347/1460/1454 1317/1454/1445 1320/1453/1444
f 1323/1461/1455 1321/1459/1456 1320/1453/1452 1322/1458/1451
f 1327/1462/1457 1323/1461/1455 1322/1458/1451 1324/1463/1458
f 1324/1463/1458 1322/1458/1451 1319/1456/1447 1326/1464/1459
f 1325/1465/1460 1324/1463/1458 1326/1464/1459 2082/1466/1461
f 1328/1467/1462 1327/1462/1457 1324/1463/1458 1325/1465/1460
f 1331/1321/1297 1329/1468/1463 1327/1462/1457 1328/1467/1462
f 1329/1468/1463 1332/1469/1464 1323/1461/1455 1327/1462/1457
f 1330/1470/1465 1334/1471/1466 1332/1469/1464 1329/1468/1463
f 1206/1320/1296 1330/1470/1465 1329/1468/1463 1331/1321/1297
f 1332/1469/1464 1333/1472/1467 1321/1459/1456 1323/1461/1455
f 1334/1471/1466 1335/1473/1468 1333/1472/1467 1332/1469/1464
f 1337/1327/1303 1336/1474/1469 1334/1471/1466 1330/1470/1465
f 1336/1474/1469 1338/1475/1470 1335/1473/1468 1334/1471/1466
f 1218/1332/1308 1220/1335/1311 1338/1475/1470 1336/1474/1469
f 1212/1326/1302 1218/1332/1308 1336/1474/1469 1337/1327/1303
f 1220/1335/1315 1342/1337/1314 1339/1476/1471 1338/1475/1472
f 1338/1475/1472 1339/1476/1471 1341/1477/1473 1335/1473/1474
f 1341/1477/1473 1339/1476/1471 1340/1478/1475 1344/1479/1476
f 1339/1476/1471 1342/1337/1314 1343/1395/1382 1340/1478/1475
f 1342/1337/1314 1221/1336/1313 1269/1392/1378 1343/1395/1382
f 1343/1395/1382 1270/1394/1381 1843/1480/1477 1340/1478/1475
f 1335/1473/1474 1341/1477/1473 1345/1481/1478 1333/1472/1479
f 1345/1481/1478 1341/1477/1473 1344/1479/1476 1346/1482/1480
f 1333/1472/1479 1345/1481/1478 1347/1460/1454 1321/1459/1453
f 1347/1460/1454 1345/1481/1478 1346/1482/1480 1348/1483/1481
f 1317/1454/1445 1347/1460/1454 1348/1483/1481 1349/1455/1446
f 1348/1483/1481 1350/1484/1482 1352/1485/1483 1349/1455/1446
f 1346/1482/1480 1353/1486/1484 1350/1484/1482 1348/1483/1481
f 1350/1484/1485 1351/1487/1486 1365/1488/1487 1352/1485/1488
f 1353/1486/1489 1355/1489/1490 1351/1487/1486 1350/1484/1485
f 1354/1490/1491 1356/1491/1492 1355/1489/1490 1353/1486/1489
f 1344/1479/1476 1354/1490/1493 1353/1486/1484 1346/1482/1480
f 1351/1487/1486 1355/1489/1490 1357/1492/1494 1360/1493/1495
f 1355/1489/1490 1356/1491/1492 1358/1494/1496 1357/1492/1494
f 1358/1494/1496 1841/1495/1497 1359/1496/1498 1357/1492/1494
f 1357/1492/1494 1359/1496/1498 1361/1497/1499 1360/1493/1495
f 1360/1493/1495 1361/1497/1499 1363/1498/1500 1362/1499/1501
f 1365/1488/1487 1351/1487/1486 1360/1493/1495 1362/1499/1501
f 1362/1499/1501 1363/1498/1500 1367/1500/1502 1364/1501/1503
f 1366/1445/1435 1365/1488/1487 1362/1499/1501 1364/1501/1503
f 1352/1485/1488 1365/1488/1487 1366/1445/1435 1310/1444/1434
f 1306/1438/1425 1366/1445/1435 1364/1501/1503 1368/1439/1426
f 1364/1501/1503 1367/1500/1502 1369/1502/1504 1368/1439/1426
f 1368/1439/1426 1369/1502/1504 1371/1503/1505 1305/1437/1424
f 1367/1500/1502 1818/1504/1506 1370/1505/1507 1369/1502/1504
f 1369/1502/1504 1370/1505/1507 1372/1506/1508 1371/1503/1505
f 1305/1437/1424 1371/1503/1505 1373/1507/1509 1303/1434/1421
f 1371/1503/1505 1372/1506/1508 1375/1508/1510 1373/1507/1509
f 1374/1426/1415 1296/1425/1414 1303/1434/1421 1373/1507/1509
f 1376/1509/1511 1374/1426/1415 1373/1507/1509 1375/1508/1510
f 1372/1506/1508 1379/1510/1512 1377/1511/1513 1375/1508/1510
f 1380/1512/1514 1376/1509/1511 1375/1508/1510 1377/1511/1513
f 1382/1513/1515 1380/1512/1514 1377/1511/1513 1378/1514/1516
f 1379/1510/1512 1391/1515/1517 1378/1514/1516 1377/1511/1513
f 1381/1516/1518 1745/1517/1519 1376/1509/1511 1380/1512/1514
f 1383/1518/1520 1381/1516/1518 1380/1512/1514 1382/1513/1515
f 1383/1518/1520 1382/1513/1515 1384/1519/1521 1385/1520/1522
f 1382/1513/1515 1378/1514/1516 1387/1521/1523 1384/1519/1521
f 1735/1522/1524 1385/1520/1522 1384/1519/1521 1386/1523/1525
f 1386/1523/1525 1384/1519/1521 1387/1521/1523 1388/1524/1526
f 1389/1525/1527 1390/1526/1528 1388/1524/1526 1387/1521/1523
f 1378/1514/1516 1391/1515/1517 1389/1525/1527 1387/1521/1523
f 1392/1527/1529 1395/1528/1530 1390/1526/1528 1389/1525/1527
f 1391/1515/1517 1393/1529/1531 1392/1527/1529 1389/1525/1527
f 1393/1529/1531 1816/1530/1532 1394/1531/1533 1392/1527/1529
f 1394/1531/1533 1396/1532/1534 1395/1528/1530 1392/1527/1529
f 1396/1532/1534 1398/1533/1535 1397/1534/1536 1395/1528/1530
f 1395/1528/1530 1397/1534/1536 1400/1535/1537 1390/1526/1528
f 1398/1533/1535 1857/1536/1538 1399/1537/1539 1397/1534/1536
f 1397/1534/1536 1399/1537/1539 1401/1538/1540 1400/1535/1537
f 1400/1535/1537 1401/1538/1540 1404/1539/1541 1402/1540/1542
f 1390/1526/1528 1400/1535/1537 1402/1540/1542 1388/1524/1526
f 1405/1541/1543 1403/1542/1544 1402/1540/1542 1404/1539/1541
f 1403/1542/1544 1386/1523/1525 1388/1524/1526 1402/1540/1542
f 1401/1538/1540 1409/1543/1545 1406/1544/1546 1404/1539/1541
f 1407/1545/1547 1405/1541/1543 1404/1539/1541 1406/1544/1546
f 1729/1546/1548 1407/1545/1547 1406/1544/1546 1408/1547/1549
f 1409/1543/1545 1411/1548/1550 1408/1547/1549 1406/1544/1546
f 1410/1549/1551 1412/1550/1552 1411/1548/1550 1409/1543/1545
f 1399/1537/1539 1410/1549/1551 1409/1543/1545 1401/1538/1540
f 1411/1548/1550 1412/1550/1552 1414/1551/1553 1413/1552/1554
f 1408/1547/1549 1411/1548/1550 1413/1552/1554 1415/1553/1555
f 1414/1551/1553 1417/1554/1556 1416/1555/1557 1413/1552/1554
f 1413/1552/1554 1416/1555/1557 1419/1556/1558 1415/1553/1555
f 1417/1554/1556 1671/1557/1559 1418/1558/1560 1416/1555/1557
f 1416/1555/1557 1418/1558/1560 1420/1559/1561 1419/1556/1558
f 1421/1560/1562 1422/1561/1563 1415/1553/1555 1419/1556/1558
f 1424/1562/1564 1421/1560/1562 1419/1556/1558 1420/1559/1561
f 1423/1563/1565 1726/1564/1566 1422/1561/1563 1421/1560/1562
f 1425/1565/1567 1423/1563/1565 1421/1560/1562 1424/1562/1564
f 1428/1566/1568 1425/1565/1567 1424/1562/1564 1426/1567/1569
f 1426/1567/1569 1424/1562/1564 1420/1559/1561 1429/1568/1570
f 1426/1567/1569 1429/1568/1570 1431/1569/1571 1427/1570/1572
f 1428/1566/1568 1426/1567/1569 1427/1570/1572 1439/1571/1573
f 1418/1558/1560 1430/1572/1574 1429/1568/1570 1420/1559/1561
f 1429/1568/1570 1430/1572/1574 1432/1573/1575 1431/1569/1571
f 1432/1573/1575 1435/1574/1576 1433/1575/1577 1431/1569/1571
f 1436/1576/1578 1427/1570/1572 1431/1569/1571 1433/1575/1577
f 1437/1577/1579 1436/1576/1578 1433/1575/1577 1434/1578/1580
f 1435/1574/1576 1682/1579/1581 1434/1578/1580 1433/1575/1577
f 1438/1580/1582 1439/1571/1573 1427/1570/1572 1436/1576/1578
f 1440/1581/1583 1438/1580/1582 1436/1576/1578 1437/1577/1579
f 1441/1582/1584 1443/1583/1585 1439/1584/1573 1438/1585/1582
f 1444/1586/1586 1441/1582/1584 1438/1585/1582 1440/1587/1583
f 1442/1588/1587 1880/1589/1588 1443/1583/1585 1441/1582/1584
f 1445/1590/1589 1442/1588/1587 1441/1582/1584 1444/1586/1586
f 1449/1591/1590 1445/1590/1589 1444/1586/1586 1446/1592/1591
f 1446/1592/1591 1444/1586/1586 1440/1587/1583 1448/1593/1592
f 1447/1594/1593 1446/1592/1591 1448/1593/1592 1616/1595/1594
f 1450/1596/1595 1449/1591/1590 1446/1592/1591 1447/1594/1593
f 1451/1597/1596 1452/1598/1597 1445/1590/1589 1449/1591/1590
f 1453/1599/1598 1451/1597/1596 1449/1591/1590 1450/1596/1595
f 1454/1600/1599 1456/1601/1600 1452/1598/1597 1451/1597/1596
f 1457/1602/1601 1454/1600/1599 1451/1597/1596 1453/1599/1598
f 1455/1603/1602 1906/1604/1603 1456/1601/1600 1454/1600/1599
f 1458/1605/1604 1455/1603/1602 1454/1600/1599 1457/1602/1601
f 1462/1606/1605 1458/1605/1604 1457/1602/1601 1459/1607/1606
f 1459/1607/1606 1457/1602/1601 1453/1599/1598 1461/1608/1607
f 1460/1609/1608 1459/1607/1606 1461/1608/1607 1912/1610/1609
f 1463/1611/1610 1462/1606/1605 1459/1607/1606 1460/1609/1608
f 1464/1612/1611 1465/1613/1612 1458/1605/1604 1462/1606/1605
f 1466/1614/1613 1464/1612/1611 1462/1606/1605 1463/1611/1610
f 1467/1615/1614 1468/1616/1615 1465/1613/1612 1464/1612/1611
f 1469/1617/1616 1467/1615/1614 1464/1612/1611 1466/1614/1613
f 1470/1618/1617 1471/1619/1618 1468/1616/1615 1467/1615/1614
f 1473/1620/1619 1470/1618/1617 1467/1615/1614 1469/1617/1616
f 1471/1619/1618 1470/1618/1617 1472/1621/1620 1901/1622/1621
f 1470/1618/1617 1473/1620/1619 1474/1623/1622 1472/1621/1620
f 1473/1620/1619 1469/1617/1616 1476/1624/1623 1475/1625/1624
f 1474/1623/1622 1473/1620/1619 1475/1625/1624 1477/1626/1625
f 1475/1625/1624 1476/1624/1623 1479/1627/1626 1478/1628/1627
f 1477/1626/1625 1475/1625/1624 1478/1628/1627 1480/1629/1628
f 1481/1630/1629 1478/1628/1627 1479/1627/1626 1484/1631/1630
f 1478/1628/1627 1481/1630/1629 1482/1632/1631 1480/1629/1628
f 1481/1630/1629 1483/1633/1632 1550/1634/1633 1482/1632/1631
f 1483/1633/1632 1481/1630/1629 1484/1631/1630 1485/1635/1634
f 1484/1631/1630 1479/1627/1626 1487/1636/1635 1486/1637/1636
f 1485/1635/1634 1484/1631/1630 1486/1637/1636 1488/1638/1637
f 1486/1637/1636 1487/1636/1635 1490/1639/1638 1489/1640/1639
f 1488/1638/1637 1486/1637/1636 1489/1640/1639 1491/1641/1640
f 1489/1640/1639 1490/1639/1638 1493/1642/1641 1492/1643/1642
f 1491/1641/1640 1489/1640/1639 1492/1643/1642 1494/1644/1643
f 1492/1643/1642 1493/1642/1641 1496/1645/1644 1495/1646/1645
f 1494/1644/1643 1492/1643/1642 1495/1646/1645 1497/1647/1646
f 1495/1646/1645 1496/1645/1644 1499/1648/1647 1498/1649/1648
f 1497/1647/1646 1495/1646/1645 1498/1649/1648 1500/1650/1649
f 1498/1649/1648 1499/1648/1647 1502/1651/1650 1501/1652/1651
f 1500/1650/1649 1498/1649/1648 1501/1652/1651 1503/1653/1652
f 1501/1652/1651 1502/1651/1650 1505/1654/1653 1504/1655/1654
f 1503/1653/1652 1501/1652/1651 1504/1655/1654 1506/1656/1655
f 1504/1657/1654 1505/1658/1653 1508/1659/1656 1507/1660/1657
f 1506/1661/1655 1504/1657/1654 1507/1660/1657 1509/1662/1658
f 1507/1660/1657 1508/1659/1656 1512/1663/1659 1510/1664/1660
f 1509/1662/1658 1507/1660/1657 1510/1664/1660 1513/1665/1661
f 1511/1666/1662 1514/1667/1663 1513/1665/1661 1510/1664/1660
f 1602/1668/1664 1511/1666/1662 1510/1664/1660 1512/1663/1659
f 1514/1667/1663 1516/1669/1665 1515/1670/1666 1513/1665/1661
f 1517/1671/1667 1509/1662/1658 1513/1665/1661 1515/1670/1666
f 1515/1670/1666 1516/1669/1665 1519/1672/1668 1518/1673/1669
f 1517/1671/1667 1515/1670/1666 1518/1673/1669 1521/1674/1670
f 1519/1672/1668 1920/1675/1671 1520/1676/1672 1518/1673/1669
f 1522/1677/1673 1521/1674/1670 1518/1673/1669 1520/1676/1672
f 1524/1678/1674 1523/1679/1675 1521/1674/1670 1522/1677/1673
f 1525/1680/1676 1517/1671/1667 1521/1674/1670 1523/1679/1675
f 1527/1681/1677 1526/1682/1678 1523/1683/1675 1524/1684/1674
f 1528/1685/1679 1525/1686/1676 1523/1683/1675 1526/1682/1678
f 1530/1687/1680 1529/1688/1681 1526/1682/1678 1527/1681/1677
f 1531/1689/1682 1528/1685/1679 1526/1682/1678 1529/1688/1681
f 1533/1690/1683 1532/1691/1684 1529/1688/1681 1530/1687/1680
f 1534/1692/1685 1531/1689/1682 1529/1688/1681 1532/1691/1684
f 1536/1693/1686 1535/1694/1687 1532/1691/1684 1533/1690/1683
f 1537/1695/1688 1534/1692/1685 1532/1691/1684 1535/1694/1687
f 1539/1696/1689 1538/1697/1690 1535/1694/1687 1536/1693/1686
f 1540/1698/1691 1537/1695/1688 1535/1694/1687 1538/1697/1690
f 1542/1699/1692 1541/1700/1693 1538/1697/1690 1539/1696/1689
f 1543/1701/1694 1540/1698/1691 1538/1697/1690 1541/1700/1693
f 1546/1702/1695 1544/1703/1696 1541/1700/1693 1542/1699/1692
f 1547/1704/1697 1543/1701/1694 1541/1700/1693 1544/1703/1696
f 1984/1705/1698 1545/1706/1699 1544/1703/1696 1546/1702/1695
f 1548/1707/1700 1547/1704/1697 1544/1703/1696 1545/1706/1699
f 1548/1707/1700 1483/1633/1632 1485/1635/1634 1547/1704/1697
f 1547/1704/1697 1485/1635/1634 1488/1638/1637 1543/1701/1694
f 1483/1633/1632 1548/1707/1700 1549/1708/1701 1550/1634/1633
f 1549/1708/1701 1548/1707/1700 1545/1706/1699 1552/1709/1702
f 1550/1634/1633 1549/1708/1701 1551/1710/1703 1586/1711/1704
f 1551/1710/1703 1549/1708/1701 1552/1709/1702 1554/1712/1705
f 1552/1709/1702 1553/1713/1706 1555/1714/1707 1554/1712/1705
f 1545/1706/1699 1984/1705/1698 1553/1713/1706 1552/1709/1702
f 1554/1712/1705 1555/1714/1707 1557/1715/1708 1556/1716/1709
f 1558/1717/1710 1551/1710/1703 1554/1712/1705 1556/1716/1709
f 1556/1716/1709 1557/1715/1708 1560/1718/1711 1559/1719/1712
f 1561/1720/1713 1558/1717/1710 1556/1716/1709 1559/1719/1712
f 1559/1719/1712 1560/1718/1711 1563/1721/1714 1562/1722/1715
f 1564/1723/1716 1561/1720/1713 1559/1719/1712 1562/1722/1715
f 1562/1722/1715 1563/1721/1714 1566/1724/1717 1565/1725/1718
f 1567/1726/1719 1564/1723/1716 1562/1722/1715 1565/1725/1718
f 1565/1725/1718 1566/1724/1717 1569/1727/1720 1568/1728/1721
f 1570/1729/1722 1567/1726/1719 1565/1725/1718 1568/1728/1721
f 1568/1728/1721 1569/1727/1720 1572/1730/1723 1571/1731/1724
f 1573/1732/1725 1570/1729/1722 1568/1728/1721 1571/1731/1724
f 1571/1731/1724 1572/1730/1723 1920/1675/1671 1519/1672/1668
f 1516/1669/1665 1573/1732/1725 1571/1731/1724 1519/1672/1668
f 1574/1733/1726 1573/1732/1725 1516/1669/1665 1514/1667/1663
f 1576/1734/1727 1570/1729/1722 1573/1732/1725 1574/1733/1726
f 1575/1735/1728 1574/1733/1726 1514/1667/1663 1511/1666/1662
f 1577/1736/1729 1576/1734/1727 1574/1733/1726 1575/1735/1728
f 1579/1737/1730 1578/1738/1731 1576/1734/1727 1577/1736/1729
f 1578/1738/1731 1567/1726/1719 1570/1729/1722 1576/1734/1727
f 1581/1739/1732 1580/1740/1733 1578/1738/1731 1579/1737/1730
f 1580/1740/1733 1564/1723/1716 1567/1726/1719 1578/1738/1731
f 1583/1741/1734 1582/1742/1735 1580/1740/1733 1581/1739/1732
f 1582/1742/1735 1561/1720/1713 1564/1723/1716 1580/1740/1733
f 1585/1743/1736 1584/1744/1737 1582/1742/1735 1583/1741/1734
f 1584/1744/1737 1558/1717/1710 1561/1720/1713 1582/1742/1735
f 1587/1745/1738 1586/1711/1704 1584/1744/1737 1585/1743/1736
f 1586/1711/1704 1551/1710/1703 1558/1717/1710 1584/1744/1737
f 1482/1632/1631 1550/1634/1633 1586/1711/1704 1587/1745/1738
f 1480/1629/1628 1482/1632/1631 1587/1745/1738 1588/1746/1739
f 1588/1746/1739 1587/1745/1738 1585/1743/1736 1590/1747/1740
f 1591/1748/1741 1589/1749/1742 1588/1746/1739 1590/1747/1740
f 1589/1749/1742 1477/1626/1625 1480/1629/1628 1588/1746/1739
f 1593/1750/1743 1591/1748/1741 1590/1747/1740 1592/1751/1744
f 1590/1747/1740 1585/1743/1736 1583/1741/1734 1592/1751/1744
f 1595/1752/1745 1593/1750/1743 1592/1751/1744 1594/1753/1746
f 1592/1751/1744 1583/1741/1734 1581/1739/1732 1594/1753/1746
f 1597/1754/1747 1595/1752/1745 1594/1753/1746 1596/1755/1748
f 1594/1753/1746 1581/1739/1732 1579/1737/1730 1596/1755/1748
f 1599/1756/1749 1597/1754/1747 1596/1755/1748 1598/1757/1750
f 1596/1755/1748 1579/1737/1730 1577/1736/1729 1598/1757/1750
f 1601/1758/1751 1599/1756/1749 1598/1757/1750 1600/1759/1752
f 1598/1757/1750 1577/1736/1729 1575/1735/1728 1600/1759/1752
f 1603/1760/1753 1601/1758/1751 1600/1759/1752 1602/1668/1664
f 1600/1759/1752 1575/1735/1728 1511/1666/1662 1602/1668/1664
f 1605/1761/1754 1603/1760/1753 1602/1668/1664 1512/1663/1659
f 1604/1762/1755 1626/1763/1756 1601/1758/1751 1603/1760/1753
f 1607/1764/1757 1604/1762/1755 1603/1760/1753 1605/1761/1754
f 1606/1765/1758 1605/1761/1754 1512/1663/1659 1508/1659/1656
f 1609/1766/1759 1607/1764/1757 1605/1761/1754 1606/1765/1758
f 1609/1766/1759 1611/1767/1760 1608/1768/1761 1607/1764/1757
f 1620/1769/1762 1604/1762/1755 1607/1764/1757 1608/1768/1761
f 1610/1770/1763 1612/1771/1764 1611/1767/1760 1609/1766/1759
f 1610/1770/1763 1609/1766/1759 1606/1765/1758 1918/1772/1765
f 1612/1771/1764 1616/1773/1594 1613/1774/1766 1611/1767/1760
f 1611/1767/1760 1613/1774/1766 1615/1775/1767 1608/1768/1761
f 1613/1774/1766 1614/1776/1768 1617/1777/1769 1615/1775/1767
f 1616/1773/1594 1448/1778/1592 1614/1776/1768 1613/1774/1766
f 1907/1779/1770 1447/1594/1593 1616/1595/1594 1612/1780/1764
f 1619/1781/1771 1618/1782/1772 1615/1775/1767 1617/1777/1769
f 1618/1782/1772 1620/1769/1762 1608/1768/1761 1615/1775/1767
f 1623/1783/1773 1621/1784/1774 1618/1782/1772 1619/1781/1771
f 1621/1784/1774 1624/1785/1775 1620/1769/1762 1618/1782/1772
f 1678/1786/1776 1622/1787/1777 1621/1784/1774 1623/1783/1773
f 1622/1787/1777 1625/1788/1778 1624/1785/1775 1621/1784/1774
f 1625/1788/1778 1627/1789/1779 1626/1763/1756 1624/1785/1775
f 1624/1785/1775 1626/1763/1756 1604/1762/1755 1620/1769/1762
f 1626/1763/1756 1627/1789/1779 1599/1756/1749 1601/1758/1751
f 1627/1789/1779 1628/1790/1780 1597/1754/1747 1599/1756/1749
f 1629/1791/1781 1628/1790/1780 1627/1789/1779 1625/1788/1778
f 1632/1792/1782 1630/1793/1783 1628/1790/1780 1629/1791/1781
f 1628/1790/1780 1630/1793/1783 1595/1752/1745 1597/1754/1747
f 1634/1794/1784 1631/1795/1785 1630/1793/1783 1632/1792/1782
f 1630/1793/1783 1631/1795/1785 1593/1750/1743 1595/1752/1745
f 1633/1796/1786 1632/1792/1782 1629/1791/1781 1680/1797/1787
f 1636/1798/1788 1634/1794/1784 1632/1792/1782 1633/1796/1786
f 1637/1799/1789 1635/1800/1790 1634/1794/1784 1636/1798/1788
f 1635/1800/1790 1905/1801/1791 1631/1795/1785 1634/1794/1784
f 1641/1802/1792 1637/1799/1789 1636/1798/1788 1638/1803/1793
f 1638/1803/1793 1636/1798/1788 1633/1796/1786 1640/1804/1794
f 1639/1805/1795 1638/1803/1793 1640/1804/1794 1681/1806/1796
f 1643/1807/1797 1641/1802/1792 1638/1803/1793 1639/1805/1795
f 1644/1808/1798 1642/1809/1799 1641/1802/1792 1643/1807/1797
f 1642/1809/1799 1902/1810/1800 1637/1799/1789 1641/1802/1792
f 1648/1811/1801 1644/1808/1798 1643/1807/1797 1645/1812/1802
f 1645/1812/1802 1643/1807/1797 1639/1805/1795 1647/1813/1803
f 1646/1814/1804 1645/1812/1802 1647/1813/1803 1660/1815/1805
f 1650/1816/1806 1648/1811/1801 1645/1812/1802 1646/1814/1804
f 1649/1817/1807 1896/1818/1808 1644/1808/1798 1648/1811/1801
f 1651/1819/1809 1649/1817/1807 1648/1811/1801 1650/1816/1806
f 1652/1820/1810 1654/1821/1811 1651/1819/1809 1650/1816/1806
f 1655/1822/1812 1652/1820/1810 1650/1816/1806 1646/1814/1804
f 1653/1823/1813 1652/1820/1810 1655/1822/1812 1656/1824/1814
f 1699/1825/1815 1654/1821/1811 1652/1820/1810 1653/1823/1813
f 1656/1824/1814 1655/1822/1812 1657/1826/1816 1658/1827/1817
f 1657/1826/1816 1655/1822/1812 1646/1814/1804 1660/1815/1805
f 1658/1827/1817 1657/1826/1816 1659/1828/1818 1690/1829/1819
f 1659/1828/1818 1657/1826/1816 1660/1815/1805 1661/1830/1820
f 1660/1815/1805 1647/1813/1803 1662/1831/1821 1661/1830/1820
f 1661/1830/1820 1662/1831/1821 1664/1832/1822 1663/1833/1823
f 1666/1834/1824 1659/1828/1818 1661/1830/1820 1663/1833/1823
f 1663/1833/1823 1664/1832/1822 1675/1835/1825 1665/1836/1826
f 1668/1837/1827 1666/1834/1824 1663/1833/1823 1665/1836/1826
f 1667/1838/1828 1666/1834/1824 1668/1837/1827 1669/1839/1829
f 1690/1829/1819 1659/1828/1818 1666/1834/1824 1667/1838/1828
f 1669/1839/1829 1668/1837/1827 1670/1840/1830 1671/1557/1559
f 1670/1840/1830 1668/1837/1827 1665/1836/1826 1672/1841/1831
f 1671/1557/1559 1670/1840/1830 1430/1572/1574 1418/1558/1560
f 1430/1572/1574 1670/1840/1830 1672/1841/1831 1432/1573/1575
f 1672/1841/1831 1673/1842/1832 1435/1574/1576 1432/1573/1575
f 1665/1836/1826 1675/1835/1825 1673/1842/1832 1672/1841/1831
f 1673/1842/1832 1674/1843/1833 1682/1579/1581 1435/1574/1576
f 1675/1835/1825 1676/1844/1834 1674/1843/1833 1673/1842/1832
f 1664/1832/1822 1677/1845/1835 1676/1844/1834 1675/1835/1825
f 1677/1845/1835 1679/1846/1836 1678/1786/1776 1676/1844/1834
f 1676/1844/1834 1678/1786/1776 1623/1783/1773 1674/1843/1833
f 1679/1846/1836 1680/1797/1787 1622/1787/1777 1678/1786/1776
f 1681/1806/1796 1640/1804/1794 1679/1846/1836 1677/1845/1835
f 1640/1804/1794 1633/1796/1786 1680/1797/1787 1679/1846/1836
f 1680/1797/1787 1629/1791/1781 1625/1788/1778 1622/1787/1777
f 1662/1831/1821 1681/1806/1796 1677/1845/1835 1664/1832/1822
f 1647/1813/1803 1639/1805/1795 1681/1806/1796 1662/1831/1821
f 1674/1843/1833 1623/1783/1773 1619/1781/1771 1682/1579/1581
f 1682/1579/1581 1619/1781/1771 1617/1777/1769 1434/1578/1580
f 1683/1847/1837 1669/1839/1829 1671/1557/1559 1417/1554/1556
f 1685/1848/1838 1667/1838/1828 1669/1839/1829 1683/1847/1837
f 1684/1849/1839 1683/1847/1837 1417/1554/1556 1414/1551/1553
f 1686/1850/1840 1685/1848/1838 1683/1847/1837 1684/1849/1839
f 1688/1851/1841 1687/1852/1842 1685/1848/1838 1686/1850/1840
f 1687/1852/1842 1690/1829/1819 1667/1838/1828 1685/1848/1838
f 1691/1853/1843 1689/1854/1844 1687/1852/1842 1688/1851/1841
f 1689/1854/1844 1658/1827/1817 1690/1829/1819 1687/1852/1842
f 1693/1855/1845 1692/1856/1846 1689/1854/1844 1691/1853/1843
f 1692/1856/1846 1656/1824/1814 1658/1827/1817 1689/1854/1844
f 1695/1857/1847 1694/1858/1848 1692/1856/1846 1693/1855/1845
f 1694/1858/1848 1653/1823/1813 1656/1824/1814 1692/1856/1846
f 1697/1859/1849 1696/1860/1850 1694/1858/1848 1695/1857/1847
f 1696/1860/1850 1699/1825/1815 1653/1823/1813 1694/1858/1848
f 1878/1861/1851 1698/1862/1852 1696/1860/1850 1697/1859/1849
f 1698/1862/1852 1700/1863/1853 1699/1825/1815 1696/1860/1850
f 1700/1863/1853 1701/1864/1854 1654/1821/1811 1699/1825/1815
f 1701/1864/1854 1700/1863/1853 1702/1865/1855 1704/1866/1856
f 1700/1863/1853 1698/1862/1852 1703/1867/1857 1702/1865/1855
f 1702/1865/1855 1703/1867/1857 1706/1868/1858 1705/1869/1859
f 1704/1866/1856 1702/1865/1855 1705/1869/1859 1707/1870/1860
f 1705/1869/1859 1706/1868/1858 1709/1871/1861 1708/1872/1862
f 1707/1870/1860 1705/1869/1859 1708/1872/1862 1710/1873/1863
f 1708/1872/1862 1709/1871/1861 1712/1874/1864 1711/1875/1865
f 1710/1873/1863 1708/1872/1862 1711/1875/1865 1713/1876/1866
f 1711/1875/1865 1712/1874/1864 1715/1877/1867 1714/1878/1868
f 1713/1876/1866 1711/1875/1865 1714/1878/1868 1716/1879/1869
f 1714/1878/1868 1715/1877/1867 1718/1880/1870 1717/1881/1871
f 1716/1879/1869 1714/1878/1868 1717/1881/1871 1719/1882/1872
f 1717/1881/1871 1718/1880/1870 1721/1883/1873 1720/1884/1874
f 1719/1882/1872 1717/1881/1871 1720/1884/1874 1722/1885/1875
f 1720/1884/1874 1721/1883/1873 1423/1886/1565 1425/1887/1567
f 1722/1885/1875 1720/1884/1874 1425/1887/1567 1428/1888/1568
f 1719/1882/1872 1722/1885/1875 1443/1583/1585 1880/1589/1588
f 1722/1885/1875 1428/1888/1568 1439/1584/1573 1443/1583/1585
f 1721/1883/1873 1723/1889/1876 1726/1890/1566 1423/1886/1565
f 1718/1880/1870 1725/1891/1877 1723/1889/1876 1721/1883/1873
f 1724/1892/1878 1727/1893/1879 1726/1890/1566 1723/1889/1876
f 1771/1894/1880 1724/1892/1878 1723/1889/1876 1725/1891/1877
f 1727/1895/1879 1729/1546/1548 1422/1561/1563 1726/1564/1566
f 1724/1892/1878 1730/1896/1881 1728/1897/1882 1727/1893/1879
f 1727/1895/1879 1728/1898/1882 1407/1545/1547 1729/1546/1548
f 1729/1546/1548 1408/1547/1549 1415/1553/1555 1422/1561/1563
f 1730/1896/1881 1732/1899/1883 1731/1900/1884 1728/1897/1882
f 1728/1898/1882 1731/1901/1884 1405/1541/1543 1407/1545/1547
f 1732/1899/1883 1734/1902/1885 1733/1903/1886 1731/1900/1884
f 1731/1901/1884 1733/1904/1886 1403/1542/1544 1405/1541/1543
f 1734/1902/1885 1736/1905/1887 1735/1906/1524 1733/1903/1886
f 1733/1904/1886 1735/1522/1524 1386/1523/1525 1403/1542/1544
f 1736/1905/1887 1738/1907/1888 1385/1908/1522 1735/1906/1524
f 1760/1909/1889 1737/1910/1890 1736/1905/1887 1734/1902/1885
f 1737/1910/1890 1739/1911/1891 1738/1907/1888 1736/1905/1887
f 1741/1912/1892 1740/1913/1893 1738/1907/1888 1739/1911/1891
f 1740/1913/1893 1383/1914/1520 1385/1908/1522 1738/1907/1888
f 1741/1912/1892 1743/1915/1894 1742/1916/1895 1740/1913/1893
f 1740/1913/1893 1742/1916/1895 1381/1917/1518 1383/1914/1520
f 1743/1915/1894 1746/1918/1896 1744/1919/1897 1742/1916/1895
f 1742/1916/1895 1744/1919/1897 1745/1920/1519 1381/1917/1518
f 1744/1919/1897 1293/1419/1410 1295/1421/1412 1745/1920/1519
f 1746/1918/1896 1291/1418/1409 1293/1419/1410 1744/1919/1897
f 1747/1921/1898 1749/1417/1408 1291/1418/1409 1746/1918/1896
f 1750/1922/1899 1747/1921/1898 1746/1918/1896 1743/1915/1894
f 1748/1923/1900 1879/1408/1396 1749/1417/1408 1747/1921/1898
f 1751/1924/1901 1748/1923/1900 1747/1921/1898 1750/1922/1899
f 1753/1925/1902 1751/1924/1901 1750/1922/1899 1752/1926/1903
f 1752/1926/1903 1750/1922/1899 1743/1915/1894 1741/1912/1892
f 1753/1925/1902 1752/1926/1903 1754/1927/1904 1755/1928/1905
f 1752/1926/1903 1741/1912/1892 1739/1911/1891 1754/1927/1904
f 1757/1929/1906 1755/1928/1905 1754/1927/1904 1756/1930/1907
f 1756/1930/1907 1754/1927/1904 1739/1911/1891 1737/1910/1890
f 1761/1931/1908 1757/1929/1906 1756/1930/1907 1758/1932/1909
f 1758/1932/1909 1756/1930/1907 1737/1910/1890 1760/1909/1889
f 1759/1933/1910 1758/1932/1909 1760/1909/1889 1772/1934/1911
f 1763/1935/1912 1761/1931/1908 1758/1932/1909 1759/1933/1910
f 1764/1936/1913 1762/1937/1914 1761/1931/1908 1763/1935/1912
f 1762/1937/1914 1789/1938/1915 1757/1929/1906 1761/1931/1908
f 1766/1939/1916 1764/1936/1913 1763/1935/1912 1765/1940/1917
f 1765/1940/1917 1763/1935/1912 1759/1933/1910 1768/1941/1918
f 1776/1942/1919 1766/1939/1916 1765/1940/1917 1767/1943/1920
f 1767/1943/1920 1765/1940/1917 1768/1941/1918 1769/1944/1921
f 1769/1944/1921 1768/1941/1918 1770/1945/1922 1771/1894/1880
f 1768/1941/1918 1759/1933/1910 1772/1934/1911 1770/1945/1922
f 1771/1894/1880 1770/1945/1922 1730/1896/1881 1724/1892/1878
f 1770/1945/1922 1772/1934/1911 1732/1899/1883 1730/1896/1881
f 1772/1934/1911 1760/1909/1889 1734/1902/1885 1732/1899/1883
f 1769/1944/1921 1771/1894/1880 1725/1891/1877 1773/1946/1923
f 1767/1943/1920 1769/1944/1921 1773/1946/1923 1774/1947/1924
f 1712/1874/1864 1774/1947/1924 1773/1946/1923 1715/1877/1867
f 1715/1877/1867 1773/1946/1923 1725/1891/1877 1718/1880/1870
f 1709/1871/1861 1775/1948/1925 1774/1947/1924 1712/1874/1864
f 1776/1942/1919 1767/1943/1920 1774/1947/1924 1775/1948/1925
f 1779/1949/1926 1776/1942/1919 1775/1948/1925 1777/1950/1927
f 1706/1868/1858 1777/1950/1927 1775/1948/1925 1709/1871/1861
f 1703/1867/1857 1778/1951/1928 1777/1950/1927 1706/1868/1858
f 1780/1952/1929 1779/1949/1926 1777/1950/1927 1778/1951/1928
f 1780/1952/1929 1782/1953/1930 1781/1954/1931 1779/1949/1926
f 1779/1949/1926 1781/1954/1931 1766/1939/1916 1776/1942/1919
f 1782/1953/1930 1784/1955/1932 1783/1956/1933 1781/1954/1931
f 1781/1954/1931 1783/1956/1933 1764/1936/1913 1766/1939/1916
f 1784/1955/1932 1786/1957/1934 1785/1958/1935 1783/1956/1933
f 1783/1956/1933 1785/1958/1935 1762/1937/1914 1764/1936/1913
f 1786/1957/1934 1790/1959/1936 1787/1960/1937 1785/1958/1935
f 1785/1958/1935 1787/1960/1937 1789/1938/1915 1762/1937/1914
f 1787/1960/1937 1788/1961/1938 1852/1962/1939 1789/1938/1915
f 1790/1959/1936 1791/1963/1940 1788/1961/1938 1787/1960/1937
f 1793/1964/1941 1792/1965/1942 1790/1959/1936 1786/1957/1934
f 1792/1965/1942 1794/1966/1943 1791/1963/1940 1790/1959/1936
f 1792/1965/1942 1793/1964/1941 1796/1967/1944 1795/1968/1945
f 1794/1966/1943 1792/1965/1942 1795/1968/1945 1797/1969/1946
f 1795/1968/1945 1796/1967/1944 1799/1970/1947 1798/1971/1948
f 1797/1969/1946 1795/1968/1945 1798/1971/1948 1800/1972/1949
f 1798/1971/1948 1799/1970/1947 1802/1973/1950 1801/1974/1951
f 1800/1972/1949 1798/1971/1948 1801/1974/1951 1803/1975/1952
f 1801/1974/1951 1802/1973/1950 1805/1976/1953 1804/1977/1954
f 1803/1975/1952 1801/1974/1951 1804/1977/1954 1806/1978/1955
f 1804/1977/1954 1805/1976/1953 1808/1979/1956 1807/1980/1957
f 1806/1978/1955 1804/1977/1954 1807/1980/1957 1809/1981/1958
f 1807/1980/1957 1808/1979/1956 1811/1982/1959 1810/1983/1960
f 1809/1981/1958 1807/1980/1957 1810/1983/1960 1812/1984/1961
f 1810/1983/1960 1811/1982/1959 1398/1533/1535 1396/1532/1534
f 1812/1984/1961 1810/1983/1960 1396/1532/1534 1394/1531/1533
f 1813/1985/1962 1814/1986/1963 1809/1981/1958 1812/1984/1961
f 1816/1530/1532 1813/1985/1962 1812/1984/1961 1394/1531/1533
f 1823/1987/1964 1814/1986/1963 1813/1985/1962 1815/1988/1965
f 1815/1988/1965 1813/1985/1962 1816/1530/1532 1817/1989/1966
f 1817/1989/1966 1816/1530/1532 1393/1529/1531 1819/1990/1967
f 1820/1991/1968 1815/1988/1965 1817/1989/1966 1818/1504/1506
f 1818/1504/1506 1817/1989/1966 1819/1990/1967 1370/1505/1507
f 1370/1505/1507 1819/1990/1967 1379/1510/1512 1372/1506/1508
f 1819/1990/1967 1393/1529/1531 1391/1515/1517 1379/1510/1512
f 1363/1498/1500 1820/1991/1968 1818/1504/1506 1367/1500/1502
f 1361/1497/1499 1821/1992/1969 1820/1991/1968 1363/1498/1500
f 1821/1992/1969 1823/1987/1964 1815/1988/1965 1820/1991/1968
f 1359/1496/1498 1822/1993/1970 1821/1992/1969 1361/1497/1499
f 1822/1993/1970 1824/1994/1971 1823/1987/1964 1821/1992/1969
f 1824/1994/1971 1825/1995/1972 1814/1986/1963 1823/1987/1964
f 1828/1996/1973 1826/1997/1974 1824/1994/1971 1822/1993/1970
f 1826/1997/1974 1829/1998/1975 1825/1995/1972 1824/1994/1971
f 1838/1999/1976 1827/2000/1977 1826/1997/1974 1828/1996/1973
f 1827/2000/1977 1830/2001/1978 1829/1998/1975 1826/1997/1974
f 1825/1995/1972 1829/1998/1975 1803/1975/1952 1806/1978/1955
f 1829/1998/1975 1830/2001/1978 1800/1972/1949 1803/1975/1952
f 1830/2001/1978 1831/2002/1979 1797/1969/1946 1800/1972/1949
f 1833/2003/1980 1831/2002/1979 1830/2001/1978 1827/2000/1977
f 1831/2002/1979 1832/2004/1981 1794/1966/1943 1797/1969/1946
f 1834/2005/1982 1832/2004/1981 1831/2002/1979 1833/2003/1980
f 1836/2006/1983 1834/2005/1982 1833/2003/1980 1835/2007/1984
f 1835/2007/1984 1833/2003/1980 1827/2000/1977 1838/1999/1976
f 1275/1400/1388 1836/2006/1983 1835/2007/1984 1837/1401/1389
f 1837/1401/1389 1835/2007/1984 1838/1999/1976 1839/2008/1985
f 1839/2008/1985 1838/1999/1976 1828/1996/1973 1841/1495/1497
f 1274/1399/1387 1837/1401/1389 1839/2008/1985 1840/2009/1986
f 1840/2009/1986 1839/2008/1985 1841/1495/1497 1358/1494/1496
f 1841/1495/1497 1828/1996/1973 1822/1993/1970 1359/1496/1498
f 1842/2010/1987 1272/1396/1383 1274/1399/1387 1840/2009/1986
f 1356/1491/1492 1842/2010/1987 1840/2009/1986 1358/1494/1496
f 1843/1480/1988 1842/2010/1987 1356/1491/1492 1354/1490/1491
f 1270/1394/1384 1272/1396/1383 1842/2010/1987 1843/1480/1988
f 1340/1478/1475 1843/1480/1477 1354/1490/1493 1344/1479/1476
f 1834/2005/1982 1836/2006/1983 1844/2011/1989 1845/2012/1990
f 1836/2006/1983 1275/1400/1388 1277/1402/1390 1844/2011/1989
f 1844/2011/1989 1277/1402/1390 1279/1404/1392 1846/2013/1991
f 1845/2012/1990 1844/2011/1989 1846/2013/1991 1847/2014/1992
f 1846/2013/1991 1279/1404/1392 1281/1406/1394 1848/2015/1993
f 1847/2014/1992 1846/2013/1991 1848/2015/1993 1849/2016/1994
f 1848/2015/1993 1281/1406/1394 1879/1408/1396 1748/1923/1900
f 1849/2016/1994 1848/2015/1993 1748/1923/1900 1751/1924/1901
f 1851/2017/1995 1847/2014/1992 1849/2016/1994 1850/2018/1996
f 1850/2018/1996 1849/2016/1994 1751/1924/1901 1753/1925/1902
f 1851/2017/1995 1850/2018/1996 1852/1962/1939 1788/1961/1938
f 1850/2018/1996 1753/1925/1902 1755/1928/1905 1852/1962/1939
f 1789/1938/1915 1852/1962/1939 1755/1928/1905 1757/1929/1906
f 1853/2019/1997 1845/2012/1990 1847/2014/1992 1851/2017/1995
f 1853/2019/1997 1851/2017/1995 1788/1961/1938 1791/1963/1940
f 1832/2004/1981 1853/2019/1997 1791/1963/1940 1794/1966/1943
f 1832/2004/1981 1834/2005/1982 1845/2012/1990 1853/2019/1997
f 1814/1986/1963 1825/1995/1972 1806/1978/1955 1809/1981/1958
f 1808/1979/1956 1855/2020/1998 1854/2021/1999 1811/1982/1959
f 1811/1982/1959 1854/2021/1999 1857/1536/1538 1398/1533/1535
f 1855/2020/1998 1863/2022/2000 1856/2023/2001 1854/2021/1999
f 1854/2021/1999 1856/2023/2001 1858/2024/2002 1857/1536/1538
f 1857/1536/1538 1858/2024/2002 1410/1549/1551 1399/1537/1539
f 1856/2023/2001 1860/2025/2003 1859/2026/2004 1858/2024/2002
f 1858/2024/2002 1859/2026/2004 1412/1550/1552 1410/1549/1551
f 1859/2026/2004 1860/2025/2003 1686/1850/1840 1684/1849/1839
f 1412/1550/1552 1859/2026/2004 1684/1849/1839 1414/1551/1553
f 1863/2022/2000 1861/2027/2005 1860/2025/2003 1856/2023/2001
f 1860/2025/2003 1861/2027/2005 1688/1851/1841 1686/1850/1840
f 1861/2027/2005 1862/2028/2006 1691/1853/1843 1688/1851/1841
f 1864/2029/2007 1862/2028/2006 1861/2027/2005 1863/2022/2000
f 1865/2030/2008 1864/2029/2007 1863/2022/2000 1855/2020/1998
f 1866/2031/2009 1868/2032/2010 1862/2028/2006 1864/2029/2007
f 1869/2033/2011 1866/2031/2009 1864/2029/2007 1865/2030/2008
f 1867/2034/2012 1877/2035/2013 1868/2032/2010 1866/2031/2009
f 1870/2036/2014 1867/2034/2012 1866/2031/2009 1869/2033/2011
f 1802/1973/1950 1869/2033/2011 1865/2030/2008 1805/1976/1953
f 1799/1970/1947 1870/2036/2014 1869/2033/2011 1802/1973/1950
f 1871/2037/2015 1873/2038/2016 1867/2034/2012 1870/2036/2014
f 1796/1967/1944 1871/2037/2015 1870/2036/2014 1799/1970/1947
f 1793/1964/1941 1872/2039/2017 1871/2037/2015 1796/1967/1944
f 1872/2039/2017 1874/2040/2018 1873/2038/2016 1871/2037/2015
f 1874/2040/2018 1876/2041/2019 1875/2042/2020 1873/2038/2016
f 1873/2038/2016 1875/2042/2020 1877/2035/2013 1867/2034/2012
f 1875/2042/2020 1876/2041/2019 1878/1861/1851 1697/1859/1849
f 1877/2035/2013 1875/2042/2020 1697/1859/1849 1695/1857/1847
f 1868/2032/2010 1877/2035/2013 1695/1857/1847 1693/1855/1845
f 1876/2041/2019 1780/1952/1929 1778/1951/1928 1878/1861/1851
f 1876/2041/2019 1874/2040/2018 1782/1953/1930 1780/1952/1929
f 1698/1862/1852 1878/1861/1851 1778/1951/1928 1703/1867/1857
f 1874/2040/2018 1872/2039/2017 1784/1955/1932 1782/1953/1930
f 1872/2039/2017 1793/1964/1941 1786/1957/1934 1784/1955/1932
f 1862/2028/2006 1868/2032/2010 1693/1855/1845 1691/1853/1843
f 1805/1976/1953 1865/2030/2008 1855/2020/1998 1808/1979/1956
f 1879/1408/1396 1282/1407/1395 1286/1411/1400 1749/1417/1408
f 1745/1517/1519 1295/1423/1412 1374/1426/1415 1376/1509/1511
f 1716/1879/1869 1719/1882/1872 1880/1589/1588 1881/2043/2021
f 1882/2044/2022 1881/2043/2021 1880/1589/1588 1442/1588/1587
f 1884/2045/2023 1883/2046/2024 1881/2043/2021 1882/2044/2022
f 1713/1876/1866 1716/1879/1869 1881/2043/2021 1883/2046/2024
f 1886/2047/2025 1885/2048/2026 1883/2046/2024 1884/2045/2023
f 1710/1873/1863 1713/1876/1866 1883/2046/2024 1885/2048/2026
f 1889/2049/2027 1887/2050/2028 1885/2048/2026 1886/2047/2025
f 1707/1870/1860 1710/1873/1863 1885/2048/2026 1887/2050/2028
f 1704/1866/1856 1707/1870/1860 1887/2050/2028 1888/2051/2029
f 1891/2052/2030 1888/2051/2029 1887/2050/2028 1889/2049/2027
f 1890/2053/2031 1889/2049/2027 1886/2047/2025 1906/1604/1603
f 1892/2054/2032 1891/2052/2030 1889/2049/2027 1890/2053/2031
f 1893/2055/2033 1894/2056/2034 1888/2051/2029 1891/2052/2030
f 1895/2057/2035 1893/2055/2033 1891/2052/2030 1892/2054/2032
f 1894/2056/2034 1893/2055/2033 1649/1817/1807 1651/1819/1809
f 1893/2055/2033 1895/2057/2035 1896/1818/1808 1649/1817/1807
f 1895/2057/2035 1897/2058/2036 1898/2059/2037 1896/1818/1808
f 1897/2058/2036 1895/2057/2035 1892/2054/2032 1899/2060/2038
f 1897/2058/2036 1471/1619/1618 1901/1622/1621 1898/2059/2037
f 1471/1619/1618 1897/2058/2036 1899/2060/2038 1468/1616/1615
f 1899/2060/2038 1892/2054/2032 1890/2053/2031 1900/2061/2039
f 1468/1616/1615 1899/2060/2038 1900/2061/2039 1465/1613/1612
f 1900/2061/2039 1890/2053/2031 1906/1604/1603 1455/1603/1602
f 1465/1613/1612 1900/2061/2039 1455/1603/1602 1458/1605/1604
f 1896/1818/1808 1898/2059/2037 1642/1809/1799 1644/1808/1798
f 1898/2059/2037 1901/1622/1621 1902/1810/1800 1642/1809/1799
f 1901/1622/1621 1472/1621/1620 1903/2062/2040 1902/1810/1800
f 1902/1810/1800 1903/2062/2040 1635/1800/1790 1637/1799/1789
f 1903/2062/2040 1904/2063/2041 1905/1801/1791 1635/1800/1790
f 1472/1621/1620 1474/1623/1622 1904/2063/2041 1903/2062/2040
f 1905/1801/1791 1904/2063/2041 1589/1749/1742 1591/1748/1741
f 1904/2063/2041 1474/1623/1622 1477/1626/1625 1589/1749/1742
f 1631/1795/1785 1905/1801/1791 1591/1748/1741 1593/1750/1743
f 1654/1821/1811 1701/1864/1854 1894/2056/2034 1651/1819/1809
f 1701/1864/1854 1704/1866/1856 1888/2051/2029 1894/2056/2034
f 1906/1604/1603 1886/2047/2025 1884/2045/2023 1456/1601/1600
f 1456/1601/1600 1884/2045/2023 1882/2044/2022 1452/1598/1597
f 1452/1598/1597 1882/2044/2022 1442/1588/1587 1445/1590/1589
f 1614/1776/1768 1437/1577/1579 1434/1578/1580 1617/1777/1769
f 1448/1778/1592 1440/1581/1583 1437/1577/1579 1614/1776/1768
f 1908/2064/2042 1907/1779/1770 1612/1780/1764 1610/2065/1763
f 1909/2066/2043 1450/1596/1595 1447/1594/1593 1907/1779/1770
f 1910/2067/2044 1909/2066/2043 1907/1779/1770 1908/2064/2042
f 1461/1608/1607 1453/1599/1598 1450/1596/1595 1909/2066/2043
f 1912/1610/1609 1461/1608/1607 1909/2066/2043 1910/2067/2044
f 1910/2067/2044 1908/2064/2042 1917/2068/2045 1911/2069/2046
f 1912/1610/1609 1910/2067/2044 1911/2069/2046 1913/2070/2047
f 1460/1609/1608 1912/1610/1609 1913/2070/2047 1914/2071/2048
f 1914/2071/2048 1913/2070/2047 1496/1645/1644 1493/1642/1641
f 1913/2070/2047 1911/2069/2046 1499/1648/1647 1496/1645/1644
f 1463/1611/1610 1460/1609/1608 1914/2071/2048 1915/2072/2049
f 1915/2072/2049 1914/2071/2048 1493/1642/1641 1490/1639/1638
f 1916/2073/2050 1915/2072/2049 1490/1639/1638 1487/1636/1635
f 1466/1614/1613 1463/1611/1610 1915/2072/2049 1916/2073/2050
f 1476/1624/1623 1916/2073/2050 1487/1636/1635 1479/1627/1626
f 1469/1617/1616 1466/1614/1613 1916/2073/2050 1476/1624/1623
f 1911/2069/2046 1917/2068/2045 1502/1651/1650 1499/1648/1647
f 1908/2064/2042 1610/2065/1763 1918/2074/1765 1917/2068/2045
f 1917/2068/2045 1918/2074/1765 1505/1654/1653 1502/1651/1650
f 1918/1772/1765 1606/1765/1758 1508/1659/1656 1505/1658/1653
f 1572/1730/1723 1919/2075/2051 1921/2076/2052 1920/1675/1671
f 1569/1727/1720 1998/2077/2053 1919/2075/2051 1572/1730/1723
f 1920/1675/1671 1921/2076/2052 1922/2078/2054 1520/1676/1672
f 1919/2075/2051 1925/2079/2055 1923/2080/2056 1921/2076/2052
f 1921/2076/2052 1923/2080/2056 1926/2081/2057 1922/2078/2054
f 1926/2081/2057 1923/2080/2056 1924/2082/2058 1927/2083/2059
f 1923/2080/2056 1925/2079/2055 1942/2084/2060 1924/2082/2058
f 1928/2085/2061 1926/2081/2057 1927/2083/2059 1931/2086/320
f 1928/2085/2061 1930/2087/2062 1922/2078/2054 1926/2081/2057
f 1929/2088/2063 2024/2089/2064 1930/2087/2062 1928/2085/2061
f 1929/2088/2063 1928/2085/2061 1931/2086/320 1932/2090/317
f 1932/2091/317 1931/2092/320 1933/2093/320 1935/2094/317
f 1931/2092/320 1927/2095/2059 1936/2096/2059 1933/2093/320
f 1937/2097/2065 1934/2098/2065 1933/2093/2065 1936/2096/2065
f 1934/2098/2065 2076/2099/2065 1935/2094/2065 1933/2093/2065
f 1927/2095/2059 1924/2100/2058 1938/2101/2058 1936/2096/2059
f 1939/2102/2065 1937/2097/2065 1936/2096/2065 1938/2101/2065
f 1924/2100/2058 1942/2103/2060 1940/2104/2060 1938/2101/2058
f 1943/2105/2065 1939/2102/2065 1938/2101/2065 1940/2104/2065
f 1942/2103/2060 2002/2106/2066 1941/2107/2066 1940/2104/2060
f 1944/2108/2065 1943/2105/2065 1940/2104/2065 1941/2107/2065
f 1948/2109/2065 1945/2110/2065 1943/2105/2065 1944/2108/2065
f 1945/2110/2065 1947/2111/2065 1939/2102/2065 1943/2105/2065
f 1946/2112/2065 2077/2113/2065 1947/2111/2065 1945/2110/2065
f 1950/2114/2065 1946/2112/2065 1945/2110/2065 1948/2109/2065
f 1949/2115/2065 1948/2109/2065 1944/2108/2065 2005/2116/2065
f 1952/2117/2065 1950/2114/2065 1948/2109/2065 1949/2115/2065
f 1951/2118/2065 2079/2119/2065 1946/2112/2065 1950/2114/2065
f 1953/2120/2065 1951/2118/2065 1950/2114/2065 1952/2117/2065
f 1957/2121/2065 1953/2120/2065 1952/2117/2065 1954/2122/2065
f 1954/2122/2065 1952/2117/2065 1949/2115/2065 1956/2123/2065
f 1959/2124/2065 1957/2121/2065 1954/2122/2065 1955/2125/2065
f 1955/2125/2065 1954/2122/2065 1956/2123/2065 2011/2126/2065
f 1953/2120/2065 1957/2121/2065 1958/2127/2065
f 1957/2121/2065 1959/2124/2065 1958/2127/2065
f 1960/2128/2065 1959/2124/2065 1955/2125/2065 1962/2129/2065
f 1959/2124/2065 1960/2128/2065 1958/2127/2065
f 1961/2130/2065 1960/2128/2065 1962/2129/2065 1964/2131/2065
f 1960/2128/2065 1961/2130/2065 1958/2127/2065
f 1962/2129/2065 1955/2125/2065 2011/2126/2065 1963/2132/2065
f 1964/2131/2065 1962/2129/2065 1963/2132/2065 1966/2133/2065
f 2081/2134/2065 1961/2130/2065 1964/2131/2065 1965/2135/2065
f 1965/2135/2065 1964/2131/2065 1966/2133/2065 1967/2136/2065
f 1967/2136/2065 1966/2133/2065 1968/2137/2065 1971/2138/2065
f 1966/2133/2065 1963/2132/2065 1969/2139/2065 1968/2137/2065
f 1968/2137/2065 1969/2139/2065 2010/2140/2065 1970/2141/2065
f 1971/2138/2065 1968/2137/2065 1970/2141/2065 1973/2142/2065
f 1972/2143/2065 1971/2138/2065 1973/2142/2065 1975/2144/2065
f 2047/2145/2065 1967/2136/2065 1971/2138/2065 1972/2143/2065
f 1989/2146/2067 1974/2147/353 1973/2142/353 1970/2141/2067
f 1974/2147/353 1977/2148/349 1975/2144/349 1973/2142/353
f 2042/2149/2065 1972/2143/2065 1975/2144/2065 1976/2150/2065
f 1977/2148/349 1978/2151/350 1976/2150/350 1975/2144/349
f 1979/2152/2068 1980/2153/2069 1978/2154/350 1977/2155/349
f 1981/2156/2070 1979/2152/2068 1977/2155/349 1974/2157/353
f 1979/2152/2068 1982/2158/2071 1983/2159/2072 1980/2153/2069
f 1982/2158/2071 1979/2152/2068 1981/2156/2070 1985/2160/2073
f 1982/2158/2071 1984/1705/1698 1546/1702/1695 1983/2159/2072
f 1984/1705/1698 1982/2158/2071 1985/2160/2073 1553/1713/1706
f 1553/1713/1706 1985/2160/2073 1986/2161/2074 1555/1714/1707
f 1985/2160/2073 1981/2156/2070 1988/2162/2075 1986/2161/2074
f 1555/1714/1707 1986/2161/2074 1987/2163/2076 1557/1715/1708
f 1986/2161/2074 1988/2162/2075 1990/2164/2077 1987/2163/2076
f 1990/2164/2077 1988/2162/2075 1989/2165/2067 1991/2166/237
f 1988/2162/2075 1981/2156/2070 1974/2157/353 1989/2165/2067
f 1992/2167/2078 1990/2164/2077 1991/2166/237 1993/2168/2079
f 1987/2163/2076 1990/2164/2077 1992/2167/2078 1995/2169/2080
f 1994/2170/2081 1992/2167/2078 1993/2168/2079 2003/2171/2082
f 1995/2169/2080 1992/2167/2078 1994/2170/2081 1996/2172/2083
f 1557/1715/1708 1987/2163/2076 1995/2169/2080 1560/1718/1711
f 1560/1718/1711 1995/2169/2080 1996/2172/2083 1563/1721/1714
f 1563/1721/1714 1996/2172/2083 1997/2173/2084 1566/1724/1717
f 1996/2172/2083 1994/2170/2081 1999/2174/2085 1997/2173/2084
f 1566/1724/1717 1997/2173/2084 1998/2077/2053 1569/1727/1720
f 1997/2173/2084 1999/2174/2085 2001/2175/2086 1998/2077/2053
f 2001/2175/2086 1999/2174/2085 2000/2176/2087 2002/2177/2066
f 1999/2174/2085 1994/2170/2081 2003/2171/2082 2000/2176/2087
f 1925/2079/2055 2001/2175/2086 2002/2177/2066 1942/2084/2060
f 1998/2077/2053 2001/2175/2086 1925/2079/2055 1919/2075/2051
f 2002/2106/2066 2000/2178/2087 2004/2179/2087 1941/2107/2066
f 2000/2178/2087 2003/2180/2082 2006/2181/2082 2004/2179/2087
f 2005/2116/2065 1944/2108/2065 1941/2107/2065 2004/2179/2065
f 2007/2182/2065 2005/2116/2065 2004/2179/2065 2006/2181/2065
f 2009/2183/2065 2007/2182/2065 2006/2181/2065 2008/2184/2065
f 2003/2180/2082 1993/2185/2079 2008/2184/2079 2006/2181/2082
f 1969/2139/2065 2009/2183/2065 2008/2184/2065 2010/2140/2065
f 1993/2185/2079 1991/2186/237 2010/2140/237 2008/2184/2079
f 1991/2186/237 1989/2146/2067 1970/2141/2067 2010/2140/237
f 2011/2126/2065 1956/2123/2065 2007/2182/2065 2009/2183/2065
f 1963/2132/2065 2011/2126/2065 2009/2183/2065 1969/2139/2065
f 1956/2123/2065 1949/2115/2065 2005/2116/2065 2007/2182/2065
f 1980/2153/2069 1983/2159/2072 2012/2187/2088 2013/2188/2089
f 1983/2159/2072 1546/1702/1695 1542/1699/1692 2012/2187/2088
f 2013/2188/2089 2012/2187/2088 2014/2189/2090 2015/2190/2091
f 2012/2187/2088 1542/1699/1692 1539/1696/1689 2014/2189/2090
f 2015/2190/2091 2014/2189/2090 2016/2191/2092 2017/2192/2093
f 2014/2189/2090 1539/1696/1689 1536/1693/1686 2016/2191/2092
f 2017/2192/2093 2016/2191/2092 2018/2193/2094 2019/2194/2095
f 2016/2191/2092 1536/1693/1686 1533/1690/1683 2018/2193/2094
f 2019/2194/2095 2018/2193/2094 2020/2195/2096 2021/2196/2097
f 2018/2193/2094 1533/1690/1683 1530/1687/1680 2020/2195/2096
f 2021/2196/2097 2020/2195/2096 2022/2197/2098 2023/2198/2099
f 2020/2195/2096 1530/1687/1680 1527/1681/1677 2022/2197/2098
f 2023/2198/2099 2022/2197/2098 2024/2199/2064 1929/2200/2063
f 2022/2197/2098 1527/1681/1677 1524/1684/1674 2024/2199/2064
f 2024/2089/2064 1524/1678/1674 1522/1677/1673 1930/2087/2062
f 2021/2196/2097 2023/2198/2099 2025/2201/315 2026/2202/2100
f 2023/2198/2099 1929/2200/2063 1932/2203/317 2025/2201/315
f 2026/2204/2100 2025/2205/315 2027/2206/315 2029/2207/2100
f 2025/2205/315 1932/2091/317 1935/2094/317 2027/2206/315
f 2076/2099/2065 2028/2208/2065 2027/2206/2065 1935/2094/2065
f 2028/2208/2065 2030/2209/2065 2029/2207/2065 2027/2206/2065
f 2034/2210/2101 2026/2204/2100 2029/2207/2100 2031/2211/2101
f 2030/2209/2065 2032/2212/2065 2031/2211/2065 2029/2207/2065
f 2032/2212/2065 2080/2213/2065 2033/2214/2065 2031/2211/2065
f 2035/2215/305 2034/2210/2101 2031/2211/2101 2033/2214/305
f 2017/2192/2093 2019/2194/2095 2034/2216/2101 2035/2217/305
f 2019/2194/2095 2021/2196/2097 2026/2202/2100 2034/2216/2101
f 2015/2190/2091 2017/2192/2093 2035/2217/305 2036/2218/2102
f 2036/2219/2102 2035/2215/305 2033/2214/305 2038/2220/2102
f 2013/2188/2089 2015/2190/2091 2036/2218/2102 2037/2221/2103
f 2037/2222/2103 2036/2219/2102 2038/2220/2102 2040/2223/2103
f 2080/2213/2065 2039/2224/2065 2038/2220/2065 2033/2214/2065
f 2039/2224/2065 2041/2225/2065 2040/2223/2065 2038/2220/2065
f 1978/2151/350 2037/2222/2103 2040/2223/2103 1976/2150/350
f 2041/2225/2065 2042/2149/2065 1976/2150/2065 2040/2223/2065
f 2043/2226/2065 2046/2227/2065 2042/2149/2065 2041/2225/2065
f 2044/2228/2065 2043/2226/2065 2041/2225/2065 2039/2224/2065
f 2055/2229/2065 2045/2230/2065 2043/2226/2065 2044/2228/2065
f 2045/2230/2065 2048/2231/2065 2046/2227/2065 2043/2226/2065
f 2046/2227/2065 2047/2145/2065 1972/2143/2065 2042/2149/2065
f 2048/2231/2065 2049/2232/2065 2047/2145/2065 2046/2227/2065
f 2050/2233/2065 2051/2234/2065 2049/2232/2065 2048/2231/2065
f 2052/2235/2065 2050/2233/2065 2048/2231/2065 2045/2230/2065
f 2051/2234/2065 2050/2233/2065 1958/2127/2065
f 2050/2233/2065 2052/2235/2065 1958/2127/2065
f 2052/2235/2065 2053/2236/2065 1958/2127/2065
f 2053/2236/2065 2052/2235/2065 2045/2230/2065 2055/2229/2065
f 2053/2236/2065 2054/2237/2065 1958/2127/2065
f 2054/2237/2065 2053/2236/2065 2055/2229/2065 2056/2238/2065
f 2056/2238/2065 2055/2229/2065 2044/2228/2065 2057/2239/2065
f 2060/2240/2065 2054/2237/2065 2056/2238/2065 2058/2241/2065
f 2058/2241/2065 2056/2238/2065 2057/2239/2065 2059/2242/2065
f 2061/2243/2065 2058/2241/2065 2059/2242/2065 2063/2244/2065
f 2062/2245/2065 2060/2240/2065 2058/2241/2065 2061/2243/2065
f 2067/2246/2065 2062/2245/2065 2061/2243/2065 2064/2247/2065
f 2064/2247/2065 2061/2243/2065 2063/2244/2065 2065/2248/2065
f 2066/2249/2065 2064/2247/2065 2065/2248/2065 2074/2250/2065
f 2068/2251/2065 2067/2246/2065 2064/2247/2065 2066/2249/2065
f 2067/2246/2065 2068/2251/2065 1958/2127/2065
f 2062/2245/2065 2067/2246/2065 1958/2127/2065
f 2069/2252/2065 2068/2251/2065 2066/2249/2065 2071/2253/2065
f 2068/2251/2065 2069/2252/2065 1958/2127/2065
f 2070/2254/2065 2069/2252/2065 2071/2253/2065 2072/2255/2065
f 2069/2252/2065 2070/2254/2065 1958/2127/2065
f 2071/2253/2065 2066/2249/2065 2074/2250/2065 2073/2256/2065
f 2072/2255/2065 2071/2253/2065 2073/2256/2065 2075/2257/2065
f 2073/2256/2065 2074/2250/2065 2076/2099/2065 1934/2098/2065
f 2075/2257/2065 2073/2256/2065 1934/2098/2065 1937/2097/2065
f 1947/2111/2065 2075/2257/2065 1937/2097/2065 1939/2102/2065
f 2077/2113/2065 2072/2255/2065 2075/2257/2065 1947/2111/2065
f 2074/2250/2065 2065/2248/2065 2028/2208/2065 2076/2099/2065
f 2078/2258/2065 2070/2254/2065 2072/2255/2065 2077/2113/2065
f 2079/2119/2065 2078/2258/2065 2077/2113/2065 1946/2112/2065
f 2070/2254/2065 2078/2258/2065 1958/2127/2065
f 2078/2258/2065 2079/2119/2065 1958/2127/2065
f 2079/2119/2065 1951/2118/2065 1958/2127/2065
f 2065/2248/2065 2063/2244/2065 2030/2209/2065 2028/2208/2065
f 2063/2244/2065 2059/2242/2065 2032/2212/2065 2030/2209/2065
f 2060/2240/2065 2062/2245/2065 1958/2127/2065
f 2054/2237/2065 2060/2240/2065 1958/2127/2065
f 2059/2242/2065 2057/2239/2065 2080/2213/2065 2032/2212/2065
f 2057/2239/2065 2044/2228/2065 2039/2224/2065 2080/2213/2065
f 2081/2134/2065 2051/2234/2065 1958/2127/2065
f 2051/2234/2065 2081/2134/2065 1965/2135/2065 2049/2232/2065
f 1961/2130/2065 2081/2134/2065 1958/2127/2065
f 2049/2232/2065 1965/2135/2065 1967/2136/2065 2047/2145/2065
f 1980/2153/2069 2013/2188/2089 2037/2221/2103 1978/2154/350
f 1951/2118/2065 1953/2120/2065 1958/2127/2065
f 1930/2087/2062 1522/1677/1673 1520/1676/1672 1922/2078/2054
f 1543/1701/1694 1488/1638/1637 1491/1641/1640 1540/1698/1691
f 1540/1698/1691 1491/1641/1640 1494/1644/1643 1537/1695/1688
f 1537/1695/1688 1494/1644/1643 1497/1647/1646 1534/1692/1685
f 1534/1692/1685 1497/1647/1646 1500/1650/1649 1531/1689/1682
f 1531/1689/1682 1500/1650/1649 1503/1653/1652 1528/1685/1679
f 1528/1685/1679 1503/1653/1652 1506/1656/1655 1525/1686/1676
f 1525/1680/1676 1506/1661/1655 1509/1662/1658 1517/1671/1667
f 1349/1455/1446 1352/1485/1483 1310/1444/1437 1312/1446/1436
f 1208/1322/1298 1337/1327/1303 1330/1470/1465 1206/1320/1296
f 1201/1313/1289 1331/1321/1297 1328/1467/1462 1198/1310/1286
f 1198/1310/1286 1328/1467/1462 1325/1465/1460 1196/1308/1284
f 2082/1466/1461 1326/1464/1459 2083/2259/2104 2084/2260/2105
f 1326/1464/1459 1319/1456/1447 2086/1457/1450 2083/2259/2104
f 2084/2260/2105 2083/2259/2104 2085/2261/2106 2098/2262/2107
f 2083/2259/2104 2086/1457/1450 2087/2263/2108 2085/2261/2106
f 2086/1457/1450 1314/1450/1449 2089/1451/2109 2087/2263/2108
f 2087/2263/2108 2089/1451/2109 2090/2264/2110 2088/2265/2111
f 2085/2261/2106 2087/2263/2108 2088/2265/2111 2096/2266/2112
f 2089/1451/1442 1315/1449/1440 2091/2267/2113 2090/2264/2114
f 1249/1368/1348 1246/1365/1346 2088/2265/2111 2090/2264/2110
f 2093/1370/1352 1249/1368/1351 2090/2264/2114 2091/2267/2113
f 2091/2267/2113 1315/1449/1440 1308/1441/1428 2092/1442/1431
f 2093/1370/1352 2091/2267/2113 2092/1442/1431 2094/2268/2115
f 1248/1369/1349 2093/1370/1352 2094/2268/2115 2095/2269/1357
f 1300/1430/2116 2094/2268/2115 2092/1442/1431 1302/1432/1430
f 1298/1429/2117 2095/2269/1357 2094/2268/2115 1300/1430/2116
f 2103/1414/2118 1252/1375/1358 2095/1374/1357 1298/1431/2117
f 1246/1365/1346 1244/1363/1345 2096/2266/2112 2088/2265/2111
f 1244/1363/1345 1166/1278/1257 2097/1280/1259 2096/2266/2112
f 2098/2262/2107 2085/2261/2106 2096/2266/2112 2097/1280/1259
f 2099/1286/1264 2098/2262/2107 2097/1280/1259 1167/1279/1258
f 2100/2270/2119 2084/2260/2105 2098/2262/2107 2099/1286/1264
f 1171/1285/1263 2102/2271/2120 2100/2270/2119 2099/1286/1264
f 2101/1309/1285 2082/1466/1461 2084/2260/2105 2100/2270/2119
f 2102/2271/2120 1195/1307/1283 2101/1309/1285 2100/2270/2119
f 1187/1299/1275 2102/2271/2120 1171/1285/1263 1173/1287/1265
f 1189/1301/1277 1195/1307/1283 2102/2271/2120 1187/1299/1275
f 1196/1308/1284 1325/1465/1460 2082/1466/1461 2101/1309/1285
f 1288/1380/1363 1254/1376/1359 1252/1375/1358 2103/1414/2118
f 1221/1336/1313 1223/1338/1317 1263/1387/1370 1269/1392/1378
f 1234/1352/1335 1150/1256/1238 1152/1259/1241 1236/1353/1336
f 2104/1351/1334 1147/1252/1234 1150/1256/1238 1234/1352/1335
f 2105/2272/2121 1144/1250/1232 1147/1252/1234 2104/1351/1334
f 1225/1339/1318 2105/2272/2121 2104/1351/1334 1228/1342/1322
f 1217/1331/1307 1215/1329/1305 2105/2272/2121 1225/1339/1318
f 1215/1329/1305 1142/1249/1231 1144/1250/1232 2105/2272/2121
f 2106/2273/2122 1210/1323/1299 1203/1317/1293 2107/1319/1295
f 1136/1241/1223 1138/1242/1224 1210/1323/1299 2106/2273/2122
f 1076/1172/1157 2106/2273/2122 2107/1319/1295 1079/1176/1161
f 1073/1171/1156 1136/1241/1223 2106/2273/2122 1076/1172/1157
f 1079/1176/1161 2107/1319/1295 1204/1314/1290 1082/1179/1164
f 1082/1179/1164 1204/1314/1290 1200/1311/1287 1084/1182/1167
f 1084/1182/1167 1200/1311/1287 1193/1304/1280 1191/1184/1169
f 1146/1253/1235 1131/1237/1219 2108/1238/1220 1149/1254/1236
f 1139/1244/1226 1133/1239/1221 1131/1237/1219 1146/1253/1235
f 1074/1170/1155 1067/1162/1147 1125/1163/1148 1128/1233/1215
f 1060/1153/1138 2109/1155/1140 1122/1229/1211 1126/1157/1142
f 2109/1155/1140 2110/1222/1204 1116/1223/1205 1122/1229/1211
f 1056/1150/1135 1054/1148/1133 2110/1222/1204 2109/1155/1140
f 1054/1148/1133 1052/1146/1131 1112/1217/1200 2110/1222/1204
f 1044/1136/1123 1042/1134/1121 2111/1208/1193 1106/1207/1192
f 2111/1208/1193 2112/2274/2123 1097/1196/1181 1100/1199/1184
f 1042/1134/1121 1039/1132/1119 2112/2274/2123 2111/1208/1193
f 1039/1132/1119 1037/1130/1117 2113/2275/2124 2112/2274/2123
f 2112/2274/2123 2113/2275/2124 1094/1193/1178 1097/1196/1181
f 1037/1130/1117 1035/1128/1115 2114/2276/2125 2113/2275/2124
f 2113/2275/2124 2114/2276/2125 1091/1190/1175 1094/1193/1178
f 1035/1128/1115 1033/1126/1113 2115/2277/2126 2114/2276/2125
f 2114/2276/2125 2115/2277/2126 1089/1188/1173 1091/1190/1175
f 2115/2277/2126 2116/2278/2127 1087/1187/1172 1089/1188/1173
f 1033/1126/1113 1031/1124/1111 2116/2278/2127 2115/2277/2126
f 1031/1124/1111 1029/1122/1109 2117/2279/2128 2116/2278/2127
f 2116/2278/2127 2117/2279/2128 2119/1186/1171 1087/1187/1172
f 1029/1122/1109 1027/1120/1107 2118/2280/2129 2117/2279/2128
f 2117/2279/2128 2118/2280/2129 2120/2281/2130 2119/1186/1171
f 2120/2281/2130 1078/1175/1160 1081/1178/1163 2119/1186/1171
f 2118/2280/2129 2121/1165/1150 1069/1166/1151 2120/2281/2130
f 1069/1166/1151 1071/1167/1152 1078/1175/1160 2120/2281/2130
f 1027/1120/1107 1025/1118/1105 2121/1165/1150 2118/2280/2129
f 1025/1118/1105 1023/1117/1104 1065/1160/1145 2121/1165/1150
f 2122/1107/1092 1013/1106/1091 956/1038/1008 953/1035/1005
f 2123/2282/2131 2122/1107/1092 953/1035/1005 950/1032/1002
f 2124/2283/2132 1012/1104/1089 2122/1107/1092 2123/2282/2131
f 2127/2284/2133 2124/2283/2132 2123/2282/2131 2125/2285/2134
f 2125/2285/2134 2123/2282/2131 950/1032/1002 948/1030/1000
f 2126/2286/2135 2125/2285/2134 948/1030/1000 946/1029/999
f 2129/2287/2136 2127/2284/2133 2125/2285/2134 2126/2286/2135
f 2128/2288/2137 2250/2289/2138 2124/2283/2132 2127/2284/2133
f 2131/2290/2139 2128/2288/2137 2127/2284/2133 2129/2287/2136
f 2168/2291/2140 2130/2292/2141 2129/2287/2136 2126/2286/2135
f 2130/2292/2141 2133/2293/2142 2131/2290/2139 2129/2287/2136
f 2132/2294/2143 2242/2295/2144 2128/2288/2137 2131/2290/2139
f 2133/2293/2142 2134/2296/2145 2132/2294/2143 2131/2290/2139
f 2135/2297/2146 2136/2298/2147 2134/2296/2145 2133/2293/2142
f 2137/2299/2148 2135/2297/2146 2133/2293/2142 2130/2292/2141
f 2138/2300/2149 2139/2301/2150 2136/2298/2147 2135/2297/2146
f 2140/2302/2151 2138/2300/2149 2135/2297/2146 2137/2299/2148
f 2141/2303/2152 2142/2304/2153 2139/2301/2150 2138/2300/2149
f 2143/2305/2154 2141/2303/2152 2138/2300/2149 2140/2302/2151
f 2144/2306/2155 2145/2307/2156 2142/2304/2153 2141/2303/2152
f 2146/2308/2157 2144/2306/2155 2141/2303/2152 2143/2305/2154
f 2147/713/701 637/712/700 2144/2306/2155 2146/2308/2157
f 637/712/700 639/714/702 2145/2307/2156 2144/2306/2155
f 2151/2309/2158 2147/713/701 2146/2308/2157 2148/2310/2159
f 2148/2310/2159 2146/2308/2157 2143/2305/2154 2150/2311/2160
f 2149/2312/2161 2148/2310/2159 2150/2311/2160 2162/2313/2162
f 2152/2314/2163 2151/2309/2158 2148/2310/2159 2149/2312/2161
f 629/702/690 632/704/692 2147/713/701 2151/2309/2158
f 626/700/688 629/702/690 2151/2309/2158 2152/2314/2163
f 2153/2315/2164 2152/2314/2163 2149/2312/2161 2154/2316/2165
f 2156/701/689 626/700/688 2152/2314/2163 2153/2315/2164
f 2155/996/966 2153/2315/2164 2154/2316/2165 2157/2317/2166
f 917/993/963 2156/701/689 2153/2315/2164 2155/996/966
f 914/991/961 627/699/687 2156/701/689 917/993/963
f 916/994/964 2155/996/966 2157/2317/2166 2158/998/968
f 2157/2317/2166 2154/2316/2165 2160/2318/2167 2159/2319/2168
f 2158/998/968 2157/2317/2166 2159/2319/2168 2161/1011/981
f 2159/2319/2168 2160/2318/2167 2163/1020/990 939/1019/989
f 2161/1011/981 2159/2319/2168 939/1019/989 932/1012/982
f 920/999/969 2158/998/968 2161/1011/981 927/1004/974
f 2154/2316/2165 2149/2312/2161 2162/2313/2162 2160/2318/2167
f 2160/2318/2167 2162/2313/2162 2164/2320/2169 2163/1020/990
f 2163/1020/990 2164/2320/2169 2165/2321/2170 938/1021/991
f 2164/2320/2169 2166/2322/2171 2167/2323/2172 2165/2321/2170
f 2162/2313/2162 2150/2311/2160 2166/2322/2171 2164/2320/2169
f 2166/2322/2171 2140/2302/2151 2137/2299/2148 2167/2323/2172
f 2150/2311/2160 2143/2305/2154 2140/2302/2151 2166/2322/2171
f 2165/2321/2170 2167/2323/2172 2168/2291/2140 2169/1031/1001
f 2167/2323/2172 2137/2299/2148 2130/2292/2141 2168/2291/2140
f 2169/1031/1001 2168/2291/2140 2126/2286/2135 946/1029/999
f 938/1021/991 2165/2321/2170 2169/1031/1001 941/1022/992
f 639/714/702 641/716/704 2170/2324/2173 2145/2307/2156
f 2145/2307/2156 2170/2324/2173 2172/2325/2174 2142/2304/2153
f 641/716/704 2191/719/707 2171/2326/2175 2170/2324/2173
f 2170/2324/2173 2171/2326/2175 2174/2327/2176 2172/2325/2174
f 2142/2304/2153 2172/2325/2174 2173/2328/2177 2139/2301/2150
f 2172/2325/2174 2174/2327/2176 2176/2329/2178 2173/2328/2177
f 2171/2326/2175 2187/2330/2179 2175/2331/2180 2174/2327/2176
f 2174/2327/2176 2175/2331/2180 2178/2332/2181 2176/2329/2178
f 2173/2328/2177 2176/2329/2178 2177/2333/2182 2249/2334/2183
f 2176/2329/2178 2178/2332/2181 2179/2335/2184 2177/2333/2182
f 2178/2336/2181 2180/2337/2185 2181/2338/2186 2179/2339/2184
f 2175/2340/2180 2183/2341/2187 2180/2337/2185 2178/2336/2181
f 2180/2337/2185 2182/2342/2188 2215/2343/2189 2181/2338/2186
f 2183/2341/2187 2184/2344/2190 2182/2342/2188 2180/2337/2185
f 2185/2345/2191 2186/2346/2192 2184/2344/2190 2183/2341/2187
f 2187/2347/2179 2185/2345/2191 2183/2341/2187 2175/2340/2180
f 2188/2348/2193 2189/2349/2194 2186/2346/2192 2185/2345/2191
f 2190/2350/2195 2188/2348/2193 2185/2345/2191 2187/2347/2179
f 884/964/934 887/966/936 2189/2349/2194 2188/2348/2193
f 2192/965/935 884/964/934 2188/2348/2193 2190/2350/2195
f 2191/719/707 2190/2351/2195 2187/2330/2179 2171/2326/2175
f 642/718/706 2192/2352/935 2190/2351/2195 2191/719/707
f 644/720/708 885/2353/933 2192/2352/935 642/718/706
f 887/966/936 889/968/938 2193/974/944 2189/2349/2194
f 2189/2349/2194 2193/974/944 2194/2354/2196 2186/2346/2192
f 2193/974/944 893/973/943 2195/2355/2197 2194/2354/2196
f 2194/2354/2196 2195/2355/2197 2198/2356/2198 2196/2357/2199
f 2186/2346/2192 2194/2354/2196 2196/2357/2199 2184/2344/2190
f 2184/2344/2190 2196/2357/2199 2197/2358/2200 2182/2342/2188
f 2196/2357/2199 2198/2356/2198 2199/2359/2201 2197/2358/2200
f 2198/2356/2198 2200/2360/2202 2201/2361/2203 2199/2359/2201
f 2195/2355/2197 2203/2362/2204 2200/2360/2202 2198/2356/2198
f 2200/2360/2202 2202/2363/2205 2205/2364/2206 2201/2361/2203
f 2203/2362/2204 2204/2365/2207 2202/2363/2205 2200/2360/2202
f 893/973/943 895/975/945 2203/2362/2204 2195/2355/2197
f 895/975/945 897/977/947 2204/2365/2207 2203/2362/2204
f 897/977/947 922/980/950 924/1001/971 2204/2365/2207
f 2204/2365/2207 924/1001/971 926/1003/973 2202/2363/2205
f 2202/2363/2205 926/1003/973 930/1006/976 2205/2364/2206
f 2201/2361/2203 2205/2364/2206 2206/2366/2208 2209/2367/2209
f 2205/2364/2206 930/1006/976 2208/1010/980 2206/2366/2208
f 2209/2367/2209 2206/2366/2208 2207/2368/2210 2210/2369/2211
f 2206/2366/2208 2208/1010/980 2260/2370/2212 2207/2368/2210
f 2211/2371/2213 2209/2367/2209 2210/2369/2211 2212/2372/2214
f 2199/2359/2201 2201/2361/2203 2209/2367/2209 2211/2371/2213
f 2213/2373/2215 2211/2371/2213 2212/2372/2214 2214/2374/2216
f 2197/2358/2200 2199/2359/2201 2211/2371/2213 2213/2373/2215
f 2215/2343/2189 2213/2373/2215 2214/2374/2216 2216/2375/2217
f 2182/2342/2188 2197/2358/2200 2213/2373/2215 2215/2343/2189
f 2181/2338/2186 2215/2343/2189 2216/2375/2217 2217/2376/2218
f 2216/2375/2217 2214/2374/2216 2221/2377/2219 2218/2378/2220
f 2217/2376/2218 2216/2375/2217 2218/2378/2220 2220/2379/2221
f 2218/2378/2220 2219/2380/2222 2231/2381/2223 2220/2379/2221
f 2221/2377/2219 2223/2382/2224 2219/2380/2222 2218/2378/2220
f 2214/2374/2216 2212/2372/2214 2222/2383/2225 2221/2377/2219
f 2222/2383/2225 2224/2384/2226 2223/2382/2224 2221/2377/2219
f 2224/2384/2226 2226/2385/2227 2225/2386/2228 2223/2382/2224
f 2223/2382/2224 2225/2386/2228 2227/2387/2229 2219/2380/2222
f 2226/2385/2227 984/1070/1050 986/1072/1052 2225/2386/2228
f 2225/2386/2228 986/1072/1052 2228/1075/1055 2227/2387/2229
f 2227/2387/2229 2228/1075/1055 2232/2388/2230 2229/2389/2231
f 2219/2380/2222 2227/2387/2229 2229/2389/2231 2231/2381/2223
f 2231/2381/2223 2229/2389/2231 2230/2390/2232 2248/2391/2233
f 2229/2389/2231 2232/2388/2230 2233/2392/2234 2230/2390/2232
f 2228/1075/1055 987/1074/1054 993/1080/1062 2232/2388/2230
f 2232/2388/2230 993/1080/1062 996/1083/1066 2233/2392/2234
f 2230/2393/2232 2233/2394/2234 2234/2395/2235 2235/2396/2236
f 2233/2394/2234 996/1085/1066 999/1088/1070 2234/2395/2235
f 2235/2396/2236 2234/2395/2235 2236/1100/1085 2237/2397/2237
f 2234/2395/2235 999/1088/1070 1002/1092/1074 2236/1100/1085
f 2237/2397/2237 2236/1100/1085 1008/1101/1086 2238/2398/2238
f 2240/2399/2239 2235/2396/2236 2237/2397/2237 2239/2400/2240
f 2239/2400/2240 2237/2397/2237 2238/2398/2238 2242/2295/2144
f 2244/2401/2241 2240/2399/2239 2239/2400/2240 2241/2402/2242
f 2241/2402/2242 2239/2400/2240 2242/2295/2144 2132/2294/2143
f 2242/2295/2144 2238/2398/2238 2250/2289/2138 2128/2288/2137
f 2134/2296/2145 2243/2403/2243 2241/2402/2242 2132/2294/2143
f 2243/2403/2243 2245/2404/2244 2244/2401/2241 2241/2402/2242
f 2246/2405/2245 2248/2406/2233 2240/2399/2239 2244/2401/2241
f 2245/2404/2244 2247/2407/2246 2246/2405/2245 2244/2401/2241
f 2220/2379/2221 2231/2381/2223 2248/2391/2233 2246/2408/2245
f 2247/2409/2246 2217/2376/2218 2220/2379/2221 2246/2408/2245
f 2248/2406/2233 2230/2393/2232 2235/2396/2236 2240/2399/2239
f 2179/2339/2184 2181/2338/2186 2217/2376/2218 2247/2409/2246
f 2177/2333/2182 2179/2335/2184 2247/2407/2246 2245/2404/2244
f 2249/2334/2183 2177/2333/2182 2245/2404/2244 2243/2403/2243
f 2136/2298/2147 2249/2334/2183 2243/2403/2243 2134/2296/2145
f 2139/2301/2150 2173/2328/2177 2249/2334/2183 2136/2298/2147
f 2238/2398/2238 1008/1101/1086 1010/1102/1087 2250/2289/2138
f 2250/2289/2138 1010/1102/1087 1012/1104/1089 2124/2283/2132
f 2253/2410/2247 2251/2411/2248 2226/2385/2227 2224/2384/2226
f 2251/2411/2248 982/1069/1049 984/1070/1050 2226/2385/2227
f 2254/2412/2249 2252/2413/2250 2251/2411/2248 2253/2410/2247
f 2252/2413/2250 2274/1068/1048 982/1069/1049 2251/2411/2248
f 2256/2414/2251 2254/2412/2249 2253/2410/2247 2255/2415/2252
f 2255/2415/2252 2253/2410/2247 2224/2384/2226 2222/2383/2225
f 2212/2372/2214 2210/2369/2211 2255/2415/2252 2222/2383/2225
f 2210/2369/2211 2207/2368/2210 2256/2414/2251 2255/2415/2252
f 2207/2368/2210 2260/2370/2212 2257/2416/2253 2256/2414/2251
f 2257/2416/2253 2258/2417/2254 2254/2412/2249 2256/2414/2251
f 2259/2418/2255 2262/2419/2256 2258/2417/2254 2257/2416/2253
f 2260/2370/2212 2261/1015/985 2259/2418/2255 2257/2416/2253
f 2208/1010/980 929/1009/979 2261/1015/985 2260/2370/2212
f 2261/1015/985 934/1014/984 2263/2420/2257 2259/2418/2255
f 2262/2419/2256 2259/2418/2255 2263/2420/2257 2264/2421/2258
f 934/1014/984 936/1016/986 944/1025/995 2263/2420/2257
f 2264/2421/2258 2263/2420/2257 944/1025/995 2266/1027/997
f 2271/2422/2259 2262/2419/2256 2264/2421/2258 2265/2423/2260
f 2265/2423/2260 2264/2421/2258 2266/1027/997 2267/2424/2261
f 943/1026/996 951/1034/1004 2267/2424/2261 2266/1027/997
f 951/1034/1004 954/1037/1007 2268/2425/2262 2267/2424/2261
f 2267/2424/2261 2268/2425/2262 2269/2426/2263 2265/2423/2260
f 954/1037/1007 957/1040/1010 964/1048/1021 2268/2425/2262
f 2268/2425/2262 964/1048/1021 968/1051/1025 2269/2426/2263
f 971/1055/1031 2270/2427/2264 2269/2426/2263 968/1051/1025
f 2270/2427/2264 2271/2422/2259 2265/2423/2260 2269/2426/2263
f 2271/2422/2259 2270/2427/2264 2272/2428/2265 2273/2429/2266
f 2270/2427/2264 971/1055/1031 973/1058/1035 2272/2428/2265
f 2273/2429/2266 2272/2428/2265 2274/1068/1048 2252/2413/2250
f 2272/2428/2265 973/1058/1035 976/1060/1037 2274/1068/1048
f 2258/2417/2254 2273/2429/2266 2252/2413/2250 2254/2412/2249
f 2262/2419/2256 2271/2422/2259 2273/2429/2266 2258/2417/2254
f 617/688/676 619/690/678 627/699/687 914/991/961
f 646/722/710 879/957/929 885/2353/933 644/720/708
f 563/621/609 596/662/650 2275/650/638 565/624/612
f 565/624/612 2275/650/638 583/645/633 2276/625/613
f 508/557/548 2277/2430/2267 453/2431/489 511/560/492
f 505/554/545 2278/2432/2268 2277/2430/2267 508/557/548
f 2277/2430/2267 446/492/485 448/494/487 453/2431/489
f 2278/2432/2268 444/490/483 446/492/485 2277/2430/2267
f 2279/2433/2269 442/488/481 444/490/483 2278/2432/2268
f 502/551/542 2279/2433/2269 2278/2432/2268 505/554/545
f 2280/2434/2270 440/486/479 442/488/481 2279/2433/2269
f 499/548/539 2280/2434/2270 2279/2433/2269 502/551/542
f 2281/2435/2271 438/484/477 440/486/479 2280/2434/2270
f 496/545/536 2281/2435/2271 2280/2434/2270 499/548/539
f 2282/2436/2272 436/482/475 438/484/477 2281/2435/2271
f 493/542/533 2282/2436/2272 2281/2435/2271 496/545/536
f 2283/2437/2273 433/480/473 436/482/475 2282/2436/2272
f 490/539/530 2283/2437/2273 2282/2436/2272 493/542/533
f 2284/2438/2274 430/477/470 433/480/473 2283/2437/2273
f 487/536/527 2284/2438/2274 2283/2437/2273 490/539/530
f 430/477/470 2284/2438/2274 2285/2439/2275 427/474/467
f 2284/2438/2274 487/536/527 484/533/524 2285/2439/2275
f 427/474/467 2285/2439/2275 2286/2440/2276 424/471/464
f 2285/2439/2275 484/533/524 481/530/521 2286/2440/2276
f 424/471/464 2286/2440/2276 2287/2441/2277 421/468/461
f 2286/2440/2276 481/530/521 478/527/518 2287/2441/2277
f 421/468/461 2287/2441/2277 2288/2442/2278 418/465/458
f 2287/2441/2277 478/527/518 475/524/515 2288/2442/2278
f 418/465/458 2288/2442/2278 2289/2443/2279 415/462/455
f 2288/2442/2278 475/524/515 472/521/512 2289/2443/2279
f 415/462/455 2289/2443/2279 2290/2444/2280 412/459/452
f 2289/2443/2279 472/521/512 469/518/509 2290/2444/2280
f 412/459/452 2290/2444/2280 2291/2445/2281 409/456/449
f 2290/2444/2280 469/518/509 466/515/506 2291/2445/2281
f 409/456/449 2291/2445/2281 2292/509/500 406/453/446
f 2291/2445/2281 466/515/506 460/510/501 2292/509/500
f 406/453/446 2292/509/500 456/504/495 404/451/444
f 432/478/471 2293/2446/2282 377/415/411 435/418/414
f 429/475/468 2294/2447/2283 2293/2446/2282 432/478/471
f 2294/2447/2283 2296/2448/2284 2295/2449/2285 2293/2446/2282
f 2293/2446/2282 2295/2449/2285 374/413/409 377/415/411
f 2298/2450/2286 2297/2451/2287 2295/2449/2285 2296/2448/2284
f 2297/2451/2287 371/410/406 374/413/409 2295/2449/2285
f 2301/2452/2288 2299/2453/2289 2297/2451/2287 2298/2450/2286
f 2299/2453/2289 368/407/403 371/410/406 2297/2451/2287
f 2300/2454/2290 365/404/400 368/407/403 2299/2453/2289
f 2302/2455/2291 2300/2454/2290 2299/2453/2289 2301/2452/2288
f 2306/2456/2292 2302/2455/2291 2301/2452/2288 2303/2457/2293
f 2303/2457/2293 2301/2452/2288 2298/2450/2286 2305/2458/2294
f 2304/2459/2295 2303/2457/2293 2305/2458/2294 2376/2460/2296
f 2308/2461/2297 2306/2456/2292 2303/2457/2293 2304/2459/2295
f 2309/2462/2067 2307/2463/353 2306/2456/2292 2308/2461/2297
f 2307/2463/353 2458/2464/349 2302/2455/2291 2306/2456/2292
f 2313/2465/237 2309/2462/2067 2308/2461/2297 2310/2466/2298
f 2310/2466/2298 2308/2461/2297 2304/2459/2295 2312/2467/2299
f 2311/2468/2300 2310/2466/2298 2312/2467/2299 2380/2469/2301
f 2315/2470/236 2313/2465/237 2310/2466/2298 2311/2468/2300
f 2316/2471/2302 2314/2472/2303 2313/2465/237 2315/2470/236
f 2314/2472/2303 2454/2473/2304 2309/2462/2067 2313/2465/237
f 2320/2474/2305 2316/2471/2302 2315/2470/236 2317/2475/240
f 2317/2475/240 2315/2470/236 2311/2468/2300 2319/2476/2306
f 2318/2477/334 2317/2475/240 2319/2476/2306 2385/2478/2307
f 2322/2479/2308 2320/2474/2305 2317/2475/240 2318/2477/334
f 2323/2480/2309 2321/2481/2310 2320/2474/2305 2322/2479/2308
f 2321/2481/2310 2450/2482/2311 2316/2471/2302 2320/2474/2305
f 2327/2483/2312 2323/2480/2309 2322/2479/2308 2324/2484/2313
f 2324/2484/2313 2322/2479/2308 2318/2477/334 2326/2485/333
f 2325/2486/2314 2324/2484/2313 2326/2485/333 2390/2487/326
f 2329/2488/2315 2327/2483/2312 2324/2484/2313 2325/2486/2314
f 2330/2489/2316 2328/2490/2317 2327/2483/2312 2329/2488/2315
f 2328/2490/2317 2449/2491/2318 2323/2480/2309 2327/2483/2312
f 2334/2492/2319 2330/2489/2316 2329/2488/2315 2331/2493/2320
f 2331/2493/2320 2329/2488/2315 2325/2486/2314 2333/2494/2321
f 2332/2495/2322 2331/2493/2320 2333/2494/2321 2343/2496/2323
f 2336/2497/2324 2334/2492/2319 2331/2493/2320 2332/2495/2322
f 2335/286/275 2413/2498/2325 2330/2489/2316 2334/2492/2319
f 252/287/276 2335/286/275 2334/2492/2319 2336/2497/2324
f 2337/2499/2326 2336/2497/2324 2332/2495/2322 2339/2500/2327
f 254/288/277 252/287/276 2336/2497/2324 2337/2499/2326
f 2338/2501/2328 2337/2499/2326 2339/2500/2327 2340/2502/2329
f 256/291/280 254/288/277 2337/2499/2326 2338/2501/2328
f 2340/2502/2329 2339/2500/2327 2341/2503/2330 2342/2504/2331
f 2339/2500/2327 2332/2495/2322 2343/2496/2323 2341/2503/2330
f 2342/2504/2331 2341/2503/2330 2344/2505/320 2345/2506/317
f 2341/2503/2330 2343/2496/2323 2346/2507/321 2344/2505/320
f 2345/2506/317 2344/2505/320 2347/2508/2332 2348/2509/2333
f 2344/2505/320 2346/2507/321 2349/2510/2334 2347/2508/2332
f 2348/2509/2333 2347/2508/2332 2350/2511/2335 2351/2512/2336
f 2347/2508/2332 2349/2510/2334 2352/2513/2337 2350/2511/2335
f 2351/2512/2336 2350/2511/2335 2353/2514/2338 2354/2515/2339
f 2350/2511/2335 2352/2513/2337 2355/2516/2340 2353/2514/2338
f 2354/2515/2339 2353/2514/2338 394/435/429 391/434/426
f 2353/2514/2338 2355/2516/2340 398/439/432 394/435/429
f 2352/2513/2337 2357/2517/2341 2356/2518/2342 2355/2516/2340
f 2355/2516/2340 2356/2518/2342 2359/444/437 398/439/432
f 2357/2517/2341 2389/2519/2343 2358/2520/2344 2356/2518/2342
f 2356/2518/2342 2358/2520/2344 2360/2521/2345 2359/444/437
f 2360/2521/2345 2362/448/441 397/442/435 2359/444/437
f 2358/2520/2344 2392/2522/2346 2361/2523/2347 2360/2521/2345
f 2361/2523/2347 2363/2524/2348 2362/448/441 2360/2521/2345
f 2363/2524/2348 408/454/447 402/449/442 2362/448/441
f 2365/2525/2349 2364/2526/2350 2363/2524/2348 2361/2523/2347
f 2364/2526/2350 411/457/450 408/454/447 2363/2524/2348
f 2367/2527/2351 2366/2528/2352 2364/2526/2350 2365/2525/2349
f 2366/2528/2352 414/460/453 411/457/450 2364/2526/2350
f 2369/2529/2353 2368/2530/2354 2366/2528/2352 2367/2527/2351
f 2368/2530/2354 417/463/456 414/460/453 2366/2528/2352
f 2371/2531/2355 2370/2532/2356 2368/2530/2354 2369/2529/2353
f 2370/2532/2356 420/466/459 417/463/456 2368/2530/2354
f 2373/2533/2357 2372/2534/2358 2370/2532/2356 2371/2531/2355
f 2372/2534/2358 423/469/462 420/466/459 2370/2532/2356
f 2375/2535/2359 2374/2536/2360 2372/2534/2358 2373/2533/2357
f 2374/2536/2360 426/472/465 423/469/462 2372/2534/2358
f 2296/2448/2284 2294/2447/2283 2374/2536/2360 2375/2535/2359
f 2294/2447/2283 429/475/468 426/472/465 2374/2536/2360
f 2305/2458/2294 2298/2450/2286 2296/2448/2284 2375/2535/2359
f 2376/2460/2296 2305/2458/2294 2375/2535/2359 2373/2533/2357
f 2377/2537/2361 2376/2460/2296 2373/2533/2357 2371/2531/2355
f 2312/2467/2299 2304/2459/2295 2376/2460/2296 2377/2537/2361
f 2378/2538/2362 2377/2537/2361 2371/2531/2355 2369/2529/2353
f 2380/2469/2301 2312/2467/2299 2377/2537/2361 2378/2538/2362
f 2379/2539/2363 2378/2538/2362 2369/2529/2353 2367/2527/2351
f 2381/2540/2364 2380/2469/2301 2378/2538/2362 2379/2539/2363
f 2319/2476/2306 2311/2468/2300 2380/2469/2301 2381/2540/2364
f 2382/2541/2365 2381/2540/2364 2379/2539/2363 2384/2542/2366
f 2385/2478/2307 2319/2476/2306 2381/2540/2364 2382/2541/2365
f 2383/2543/2367 2382/2541/2365 2384/2542/2366 2392/2522/2346
f 2386/2544/2368 2385/2478/2307 2382/2541/2365 2383/2543/2367
f 2326/2485/333 2318/2477/334 2385/2478/2307 2386/2544/2368
f 2387/2545/2369 2386/2544/2368 2383/2543/2367 2389/2519/2343
f 2390/2487/326 2326/2485/333 2386/2544/2368 2387/2545/2369
f 2388/2546/2370 2387/2545/2369 2389/2519/2343 2357/2517/2341
f 2391/2547/324 2390/2487/326 2387/2545/2369 2388/2546/2370
f 2333/2494/2321 2325/2486/2314 2390/2487/326 2391/2547/324
f 2346/2507/321 2391/2547/324 2388/2546/2370 2349/2510/2334
f 2343/2496/2323 2333/2494/2321 2391/2547/324 2346/2507/321
f 2389/2519/2343 2383/2543/2367 2392/2522/2346 2358/2520/2344
f 2349/2510/2334 2388/2546/2370 2357/2517/2341 2352/2513/2337
f 2384/2542/2366 2379/2539/2363 2367/2527/2351 2365/2525/2349
f 2392/2522/2346 2384/2542/2366 2365/2525/2349 2361/2523/2347
f 2393/2548/2371 2354/2549/2339 391/430/426 388/427/423
f 2394/2550/2372 2351/2551/2336 2354/2549/2339 2393/2548/2371
f 2396/2552/2373 2394/2550/2372 2393/2548/2371 2395/2553/2374
f 2395/2553/2374 2393/2548/2371 388/427/423 385/424/420
f 2398/2554/2375 2396/2552/2373 2395/2553/2374 2397/2555/2376
f 2397/2555/2376 2395/2553/2374 385/424/420 382/421/417
f 372/411/407 2397/2555/2376 382/421/417 375/414/410
f 369/408/404 2398/2554/2375 2397/2555/2376 372/411/407
f 2399/2556/2377 2400/2557/2378 2396/2552/2373 2398/2554/2375
f 366/405/401 2399/2556/2377 2398/2554/2375 369/408/404
f 363/402/398 2401/2558/306 2399/2556/2377 366/405/401
f 2401/2558/306 2403/2559/307 2400/2557/2378 2399/2556/2377
f 2402/2560/2379 2405/2561/2380 2403/2559/307 2401/2558/306
f 360/399/396 2402/2560/2379 2401/2558/306 363/402/398
f 2403/2559/307 2404/2562/315 2412/2563/2381 2400/2557/2378
f 2405/2561/2380 2407/2564/2382 2404/2562/315 2403/2559/307
f 2406/2565/2383 2408/2566/2384 2407/2564/2382 2405/2561/2380
f 2411/391/388 2406/2565/2383 2405/2561/2380 2402/2560/2379
f 2408/2566/2384 2340/2567/2329 2342/2568/2331 2407/2564/2382
f 2407/2564/2382 2342/2568/2331 2345/2569/317 2404/2562/315
f 2410/386/383 2409/2570/2385 2408/2566/2384 2406/2565/2383
f 2409/2570/2385 2338/2571/2328 2340/2567/2329 2408/2566/2384
f 260/295/282 256/294/280 2338/2571/2328 2409/2570/2385
f 349/299/285 260/295/282 2409/2570/2385 2410/386/383
f 348/387/384 2410/386/383 2406/2565/2383 2411/391/388
f 353/392/389 2411/391/388 2402/2560/2379 360/399/396
f 2404/2562/315 2345/2569/317 2348/2572/2333 2412/2563/2381
f 2400/2557/2378 2412/2563/2381 2394/2550/2372 2396/2552/2373
f 2412/2563/2381 2348/2572/2333 2351/2551/2336 2394/2550/2372
f 251/283/272 2414/2573/2386 2413/2498/2325 2335/286/275
f 2413/2498/2325 2415/2574/2387 2328/2490/2317 2330/2489/2316
f 2414/2573/2386 2417/2575/2388 2415/2574/2387 2413/2498/2325
f 2417/2575/2388 2419/2576/2389 2416/2577/2390 2415/2574/2387
f 2415/2574/2387 2416/2577/2390 2449/2491/2318 2328/2490/2317
f 2427/2578/2391 2418/2579/2392 2417/2575/2388 2414/2573/2386
f 2418/2579/2392 2421/2580/2393 2419/2576/2389 2417/2575/2388
f 2419/2576/2389 2420/2581/2394 2446/2582/2395 2416/2577/2390
f 2421/2580/2393 2422/2583/2396 2420/2581/2394 2419/2576/2389
f 2424/2584/2397 2422/2583/2396 2421/2580/2393 2423/2585/2398
f 2423/2585/2398 2421/2580/2393 2418/2579/2392 2425/2586/2399
f 226/258/247 2424/2584/2397 2423/2585/2398 229/261/250
f 229/261/250 2423/2585/2398 2425/2586/2399 232/264/253
f 232/264/253 2425/2586/2399 2426/2587/2400 235/267/256
f 2425/2586/2399 2418/2579/2392 2427/2578/2391 2426/2587/2400
f 235/267/256 2426/2587/2400 245/277/266 237/270/259
f 2426/2587/2400 2427/2578/2391 248/280/269 245/277/266
f 248/280/269 2427/2578/2391 2414/2573/2386 251/283/272
f 224/257/246 2428/2588/2401 2424/2584/2397 226/258/247
f 2428/2588/2401 2429/2589/2402 2422/2583/2396 2424/2584/2397
f 2432/256/245 2430/2590/2403 2428/2588/2401 224/257/246
f 2430/2590/2403 2433/2591/2404 2429/2589/2402 2428/2588/2401
f 2474/2592/2405 2431/2593/2406 2430/2590/2403 2432/256/245
f 2431/2593/2406 2435/2594/2407 2433/2591/2404 2430/2590/2403
f 2429/2589/2402 2433/2591/2404 2434/2595/2408 2447/2596/2409
f 2433/2591/2404 2435/2594/2407 2437/2597/2410 2434/2595/2408
f 2471/2598/2411 2436/2599/2412 2435/2594/2407 2431/2593/2406
f 2435/2594/2407 2436/2599/2412 2438/2600/2413 2437/2597/2410
f 2437/2597/2410 2438/2600/2413 2440/2601/2414 2439/2602/2415
f 2434/2595/2408 2437/2597/2410 2439/2602/2415 2442/2603/2416
f 2439/2602/2415 2440/2601/2414 2478/2604/2417 2441/2605/2418
f 2442/2603/2416 2439/2602/2415 2441/2605/2418 2443/2606/2419
f 2444/2607/2420 2442/2603/2416 2443/2606/2419 2445/2608/2421
f 2447/2596/2409 2434/2595/2408 2442/2603/2416 2444/2607/2420
f 2446/2582/2395 2444/2607/2420 2445/2608/2421 2448/2609/2422
f 2420/2581/2394 2447/2596/2409 2444/2607/2420 2446/2582/2395
f 2422/2583/2396 2429/2589/2402 2447/2596/2409 2420/2581/2394
f 2416/2577/2390 2446/2582/2395 2448/2609/2422 2449/2491/2318
f 2448/2609/2422 2445/2608/2421 2450/2482/2311 2321/2481/2310
f 2449/2491/2318 2448/2609/2422 2321/2481/2310 2323/2480/2309
f 2445/2608/2421 2443/2606/2419 2451/2610/2423 2450/2482/2311
f 2450/2482/2311 2451/2610/2423 2314/2472/2303 2316/2471/2302
f 2443/2606/2419 2441/2605/2418 2452/2611/2424 2451/2610/2423
f 2451/2610/2423 2452/2611/2424 2454/2473/2304 2314/2472/2303
f 2452/2611/2424 2453/2612/2425 2455/2613/2426 2454/2473/2304
f 2441/2605/2418 2478/2604/2417 2453/2612/2425 2452/2611/2424
f 2454/2473/2304 2455/2613/2426 2307/2463/353 2309/2462/2067
f 2453/2612/2425 2459/2614/2427 2456/2615/2428 2455/2613/2426
f 2455/2613/2426 2456/2615/2428 2458/2464/349 2307/2463/353
f 2456/2615/2428 2457/2616/2429 2479/2617/350 2458/2464/349
f 2459/2614/2427 2461/2618/2430 2457/2616/2429 2456/2615/2428
f 2478/2604/2417 2460/2619/2431 2459/2614/2427 2453/2612/2425
f 2460/2619/2431 2462/2620/2432 2461/2618/2430 2459/2614/2427
f 2462/2620/2432 355/395/392 357/396/393 2461/2618/2430
f 2461/2618/2430 357/396/393 359/398/395 2457/2616/2429
f 2464/2621/2433 2463/2622/2434 2462/2620/2432 2460/2619/2431
f 2463/2622/2434 2465/394/391 355/395/392 2462/2620/2432
f 2467/2623/2435 2466/379/376 2463/2622/2434 2464/2621/2433
f 2466/379/376 339/378/375 2465/394/391 2463/2622/2434
f 2468/2624/2436 338/375/372 2466/379/376 2467/2623/2435
f 2438/2600/2413 2467/2623/2435 2464/2621/2433 2440/2601/2414
f 2436/2599/2412 2468/2624/2436 2467/2623/2435 2438/2600/2413
f 2468/2624/2436 2469/2625/2437 336/373/370 338/375/372
f 2469/2625/2437 2468/2624/2436 2436/2599/2412 2471/2598/2411
f 2469/2625/2437 2470/2626/2438 334/374/371 336/373/370
f 2470/2626/2438 2469/2625/2437 2471/2598/2411 2472/2627/2439
f 2472/2627/2439 2471/2598/2411 2431/2593/2406 2474/2592/2405
f 320/360/355 2470/2626/2438 2472/2627/2439 2473/362/357
f 2473/362/357 2472/2627/2439 2474/2592/2405 2475/2628/2440
f 2475/2628/2440 2474/2592/2405 2432/256/245 223/253/242
f 321/359/354 2473/362/357 2475/2628/2440 2476/2629/2441
f 2476/2629/2441 2475/2628/2440 223/253/242 220/250/238
f 2477/247/2067 318/356/353 321/359/354 2476/2629/2441
f 214/245/237 2477/247/2067 2476/2629/2441 220/250/238
f 211/242/228 316/241/227 318/356/348 2477/247/233
f 2470/2626/2438 320/360/355 323/361/356 334/374/371
f 339/378/375 341/380/377 351/389/386 2465/394/391
f 2440/2601/2414 2464/2621/2433 2460/2619/2431 2478/2604/2417
f 2458/2464/349 2479/2617/350 2300/2454/2290 2302/2455/2291
f 2457/2616/2429 359/398/395 362/401/358 2479/2617/350
f 2479/2617/350 362/401/358 365/404/400 2300/2454/2290
f 257/289/278 265/342/289 246/279/268 249/282/271
f 92/119/110 196/225/211 206/236/222 94/120/111
f 201/189/175 149/183/169 147/182/168 204/230/216
f 2481/107/98 191/222/208 193/113/104 83/108/99
f 2480/223/209 191/222/208 2481/107/98 2482/2630/2442
f 2482/2630/2442 2481/107/98 84/106/97 2484/2631/2443
f 3225/2632/2444 2480/223/209 2482/2630/2442 2483/2633/2445
f 2483/2633/2445 2482/2630/2442 2484/2631/2443 2485/2634/2446
f 2484/2631/2443 84/106/97 77/100/91 2486/99/90
f 2485/2634/2446 2484/2631/2443 2486/99/90 2487/2635/2447
f 2487/2635/2447 2486/99/90 76/62/59 47/57/54
f 2488/2636/2448 2487/2635/2447 47/57/54 44/56/53
f 2490/2637/2449 2485/2634/2446 2487/2635/2447 2488/2636/2448
f 42/55/52 2489/2638/2450 2488/2636/2448 44/56/53
f 2491/2639/2451 2490/2637/2449 2488/2636/2448 2489/2638/2450
f 2494/2640/2452 2492/2641/2453 2490/2637/2449 2491/2639/2451
f 2492/2641/2453 2483/2633/2445 2485/2634/2446 2490/2637/2449
f 2493/2642/2454 3225/2632/2444 2483/2633/2445 2492/2641/2453
f 2496/2643/2455 2493/2642/2454 2492/2641/2453 2494/2640/2452
f 2495/2644/2456 2494/2640/2452 2491/2639/2451 2506/2645/2457
f 2498/2646/2458 2496/2643/2455 2494/2640/2452 2495/2644/2456
f 2499/2647/2459 2497/2648/2460 2496/2643/2455 2498/2646/2458
f 2497/2648/2460 3221/2649/2461 2493/2642/2454 2496/2643/2455
f 2499/2647/2459 2498/2646/2458 2500/2650/2462 2501/2651/2463
f 2498/2646/2458 2495/2644/2456 2503/2652/2464 2500/2650/2462
f 2501/2651/2463 2500/2650/2462 2502/2653/2465 3226/2654/2466
f 2500/2650/2462 2503/2652/2464 2504/2655/2467 2502/2653/2465
f 2503/2652/2464 2505/2656/2468 2507/2657/2469 2504/2655/2467
f 2495/2644/2456 2506/2645/2457 2505/2656/2468 2503/2652/2464
f 2506/2645/2457 2511/2658/2470 2508/2659/2471 2505/2656/2468
f 2505/2656/2468 2508/2659/2471 2510/2660/2472 2507/2657/2469
f 2508/2659/2471 2509/2661/2473 2513/2662/2474 2510/2660/2472
f 2511/2658/2470 2512/54/51 2509/2661/2473 2508/2659/2471
f 2511/2658/2470 2489/2638/2450 42/55/52 2512/54/51
f 2506/2645/2457 2491/2639/2451 2489/2638/2450 2511/2658/2470
f 2512/54/51 37/48/45 3230/49/46 2509/2661/2473
f 2507/2657/2469 2510/2660/2472 2514/2663/2475 2515/2664/2476
f 2510/2660/2472 2513/2662/2474 2517/2665/2477 2514/2663/2475
f 2515/2664/2476 2514/2663/2475 2516/2666/2478 2611/2667/2479
f 2514/2663/2475 2517/2665/2477 2519/2668/2480 2516/2666/2478
f 2513/2662/2474 3189/2669/2481 2518/2670/2482 2517/2665/2477
f 2517/2665/2477 2518/2670/2482 2520/2671/2483 2519/2668/2480
f 2516/2666/2478 2519/2668/2480 2521/2672/2484 2522/2673/333
f 2519/2668/2480 2520/2671/2483 2523/2674/2485 2521/2672/2484
f 2522/2673/333 2521/2672/2484 2524/2675/2486 2525/2676/2487
f 2521/2672/2484 2523/2674/2485 2526/2677/2488 2524/2675/2486
f 2525/2676/2487 2524/2675/2486 2527/2678/2489 2528/2679/2490
f 2524/2675/2486 2526/2677/2488 2530/2680/2491 2527/2678/2489
f 2528/2679/2490 2527/2678/2489 2529/2681/2492 2600/2682/2493
f 2527/2678/2489 2530/2680/2491 2532/2683/2494 2529/2681/2492
f 2526/2677/2488 3231/2684/2495 2531/2685/2496 2530/2680/2491
f 2530/2680/2491 2531/2685/2496 2534/2686/2497 2532/2683/2494
f 2532/2683/2494 2534/2686/2497 2536/2687/2498 2533/2688/2499
f 2529/2681/2492 2532/2683/2494 2533/2688/2499 2577/2689/2500
f 2531/2685/2496 3233/2690/2501 2535/2691/2502 2534/2686/2497
f 2534/2686/2497 2535/2691/2502 2538/2692/2503 2536/2687/2498
f 2533/2688/2499 2536/2687/2498 2537/2693/2504 2578/2694/2505
f 2536/2687/2498 2538/2692/2503 2540/2695/2506 2537/2693/2504
f 2538/2692/2503 2539/2696/2507 2541/2697/2508 2540/2695/2506
f 2535/2691/2502 3134/2698/2509 2539/2696/2507 2538/2692/2503
f 2540/2695/2506 2541/2697/2508 2545/2699/2510 2542/2700/2511
f 2537/2693/2504 2540/2695/2506 2542/2700/2511 2544/2701/2512
f 2544/2701/2512 2542/2700/2511 2543/2702/2513 3281/2703/2514
f 2542/2700/2511 2545/2699/2510 2547/2704/2515 2543/2702/2513
f 2541/2705/2508 3131/2706/2516 2546/2707/2517 2545/2708/2510
f 2545/2708/2510 2546/2707/2517 2549/2709/2518 2547/2710/2515
f 2543/2702/2513 2547/2704/2515 2548/2711/2519 2560/2712/2520
f 2547/2710/2515 2549/2709/2518 2551/2713/2521 2548/2714/2519
f 2549/2709/2518 2550/2715/2522 2552/2716/2523 2551/2713/2521
f 2546/2707/2517 3128/2717/2524 2550/2715/2522 2549/2709/2518
f 2553/2718/2525 2551/2713/2521 2552/2716/2523 2554/2719/2526
f 2551/2713/2521 2553/2718/2525 2556/2720/2527 2548/2714/2519
f 2555/2721/2528 2553/2718/2525 2554/2719/2526 2722/2722/2529
f 2553/2718/2525 2555/2721/2528 2557/2723/2530 2556/2720/2527
f 2559/2724/2531 2558/2725/2532 2556/2726/2527 2557/2727/2530
f 2558/2725/2532 2560/2712/2520 2548/2711/2519 2556/2726/2527
f 2562/2728/2533 2561/2729/2534 2558/2725/2532 2559/2724/2531
f 2561/2729/2534 2563/2730/2535 2560/2712/2520 2558/2725/2532
f 2565/2731/2536 2564/2732/2537 2561/2729/2534 2562/2728/2533
f 2564/2732/2537 2567/2733/2538 2563/2730/2535 2561/2729/2534
f 3241/2734/2539 2566/2735/2540 2564/2732/2537 2565/2731/2536
f 2566/2735/2540 2569/2736/2541 2567/2733/2538 2564/2732/2537
f 2568/2737/2542 3281/2703/2514 2563/2730/2535 2567/2733/2538
f 2571/2738/2543 2568/2737/2542 2567/2733/2538 2569/2736/2541
f 2572/2739/2544 2571/2738/2543 2569/2736/2541 2570/2740/2545
f 3279/2741/2546 2570/2740/2545 2569/2736/2541 2566/2735/2540
f 2574/2742/2547 2573/2743/2548 2571/2738/2543 2572/2739/2544
f 2573/2743/2548 2575/2744/2549 2568/2737/2542 2571/2738/2543
f 2579/2745/2550 2576/2746/2551 2573/2743/2548 2574/2742/2547
f 2576/2746/2551 2578/2694/2505 2575/2744/2549 2573/2743/2548
f 2577/2689/2500 2533/2688/2499 2578/2694/2505 2576/2746/2551
f 2580/2747/2552 2577/2689/2500 2576/2746/2551 2579/2745/2550
f 2581/2748/2553 2579/2745/2550 2574/2742/2547 2584/2749/2554
f 2583/2750/2555 2580/2747/2552 2579/2745/2550 2581/2748/2553
f 2582/2751/2556 2581/2748/2553 2584/2749/2554 2586/2752/2557
f 2596/2753/2558 2583/2750/2555 2581/2748/2553 2582/2751/2556
f 2584/2749/2554 2574/2742/2547 2572/2739/2544 2585/2754/2559
f 2586/2752/2557 2584/2749/2554 2585/2754/2559 2587/2755/2560
f 2591/2756/2561 2582/2751/2556 2586/2752/2557 2588/2757/2562
f 2588/2757/2562 2586/2752/2557 2587/2755/2560 2590/2758/2563
f 2589/2759/2564 2588/2757/2562 2590/2758/2563 3258/2760/2565
f 2592/2761/2566 2591/2756/2561 2588/2757/2562 2589/2759/2564
f 2594/2762/2567 2593/2763/2568 2591/2756/2561 2592/2761/2566
f 2593/2763/2568 2596/2753/2558 2582/2751/2556 2591/2756/2561
f 3273/2764/2569 2595/2765/2570 2593/2763/2568 2594/2762/2567
f 2595/2765/2570 2597/2766/2571 2596/2753/2558 2593/2763/2568
f 2597/2766/2571 2599/2767/2572 2583/2750/2555 2596/2753/2558
f 2598/2768/2573 2601/2769/2574 2599/2767/2572 2597/2766/2571
f 3276/2770/2575 2598/2768/2573 2597/2766/2571 2595/2765/2570
f 2599/2767/2572 2600/2682/2493 2580/2747/2552 2583/2750/2555
f 2601/2769/2574 2528/2679/2490 2600/2682/2493 2599/2767/2572
f 2602/2771/2576 2525/2676/2487 2528/2679/2490 2601/2769/2574
f 2604/2772/2577 2602/2771/2576 2601/2769/2574 2598/2768/2573
f 2603/2773/2578 2522/2673/333 2525/2676/2487 2602/2771/2576
f 2606/2774/2579 2603/2773/2578 2602/2771/2576 2604/2772/2577
f 2605/2775/2580 2604/2772/2577 2598/2768/2573 3276/2770/2575
f 2607/2776/2581 2606/2774/2579 2604/2772/2577 2605/2775/2580
f 2610/2777/2582 2608/2778/2583 2606/2774/2579 2607/2776/2581
f 2608/2778/2583 2611/2667/2479 2603/2773/2578 2606/2774/2579
f 2609/2779/2584 2515/2664/2476 2611/2667/2479 2608/2778/2583
f 2612/2780/2585 2609/2779/2584 2608/2778/2583 2610/2777/2582
f 2611/2667/2479 2516/2666/2478 2522/2673/333 2603/2773/2578
f 2613/2781/2586 2610/2777/2582 2607/2776/2581 2615/2782/2587
f 2614/2783/2588 2612/2780/2585 2610/2777/2582 2613/2781/2586
f 2618/2784/2589 2614/2783/2588 2613/2781/2586 2616/2785/2590
f 2616/2785/2590 2613/2781/2586 2615/2782/2587 2619/2786/2067
f 2617/2787/2591 2616/2785/2590 2619/2786/2067 2621/2788/2592
f 3210/2789/2593 2618/2784/2589 2616/2785/2590 2617/2787/2591
f 2619/2786/2067 2615/2782/2587 3277/2790/2594 2620/2791/2595
f 2621/2788/2592 2619/2786/2067 2620/2791/2595 2623/2792/2596
f 3207/2793/2597 2617/2787/2591 2621/2788/2592 2622/2794/2598
f 2622/2794/2598 2621/2788/2592 2623/2792/2596 2625/2795/2599
f 2623/2792/2596 2620/2791/2595 3274/2796/2600 2624/2797/2601
f 2625/2795/2599 2623/2792/2596 2624/2797/2601 2627/2798/2602
f 3208/2799/2603 2622/2794/2598 2625/2795/2599 2626/2800/2604
f 2626/2800/2604 2625/2795/2599 2627/2798/2602 2628/2801/2605
f 2630/2802/2606 2628/2801/2605 2627/2798/2602 2629/2803/2607
f 2627/2798/2602 2624/2797/2601 2629/2803/2607
f 2633/2804/2608 2630/2805/2609 2629/2806/2610 2631/2807/2611
f 2631/2807/2611 2629/2806/2610 2624/2808/2612
f 2624/2808/2601 3272/2809/2613 2632/2810/2614 2631/2807/2614
f 2631/2807/2614 2632/2810/2614 2635/2811/2615 2633/2804/2615
f 2634/2812/2616 3158/2813/2617 2630/2805/2609 2633/2804/2608
f 2633/2804/2615 2635/2811/2615 2636/2814/2618 2634/2812/2618
f 2635/2811/2619 2637/2815/2620 2640/2816/2621 2636/2814/2622
f 2632/2810/2623 2638/2817/2624 2637/2815/2620 2635/2811/2619
f 2638/2818/2625 2639/2819/2626 2637/2820/2627
f 2637/2820/2627 2639/2819/2626 2644/2821/2628 2641/2822/2629
f 2637/2820/2627 2641/2822/2629 2642/2823/2630 2640/2824/2631
f 2642/2823/2630 2641/2822/2629 2643/2825/2632 3238/2826/2633
f 2641/2822/2629 2644/2821/2628 2646/2827/2634 2643/2825/2632
f 2644/2821/2628 2645/2828/2635 2647/2829/2636 2646/2827/2634
f 2639/2819/2626 3271/2830/2637 2645/2828/2635 2644/2821/2628
f 2643/2825/2632 2646/2827/2634 2648/2831/2638 2649/2832/2639
f 2646/2827/2634 2647/2829/2636 2650/2833/2640 2648/2831/2638
f 2649/2832/2639 2648/2831/2638 2651/2834/2641 2652/2835/2642
f 2648/2831/2638 2650/2833/2640 2653/2836/2643 2651/2834/2641
f 2655/2837/2644 2652/2835/2642 2651/2834/2641 2654/2838/2645
f 2654/2838/2645 2651/2834/2641 2653/2836/2643 2656/2839/2646
f 2658/2840/2647 2655/2837/2644 2654/2838/2645 2657/2841/2648
f 2657/2841/2648 2654/2838/2645 2656/2839/2646 2659/2842/2649
f 2658/2840/2647 2657/2841/2648 2660/2843/2650 2661/2844/2651
f 2657/2841/2648 2659/2842/2649 2662/2845/2652 2660/2843/2650
f 2660/2843/2650 2663/2846/2653 2664/2847/2654 2661/2844/2651
f 2662/2845/2652 2665/2848/2655 2663/2846/2653 2660/2843/2650
f 2663/2846/2653 2666/2849/2656 2667/2850/2657 2664/2847/2654
f 2665/2848/2655 2668/2851/2658 2666/2849/2656 2663/2846/2653
f 2667/2850/2657 2666/2849/2656 2669/2852/2659 2670/2853/2660
f 2666/2849/2656 2668/2851/2658 2671/2854/2661 2669/2852/2659
f 2673/2855/2662 2670/2853/2660 2669/2852/2659 2672/2856/2663
f 2672/2856/2663 2669/2852/2659 2671/2854/2661 2675/2857/2664
f 2672/2856/2663 2674/2858/2665 2742/2859/2666 2673/2855/2662
f 2674/2858/2665 2672/2856/2663 2675/2857/2664 2676/2860/2667
f 2676/2860/2667 2675/2857/2664 2677/2861/2668 2678/2862/2669
f 2675/2857/2664 2671/2854/2661 2680/2863/2670 2677/2861/2668
f 3062/2864/2671 2678/2862/2669 2677/2861/2668 2679/2865/2672
f 2677/2861/2668 2680/2863/2670 2681/2866/2673 2679/2865/2672
f 2668/2851/2658 2682/2867/2674 2680/2863/2670 2671/2854/2661
f 2682/2867/2674 2684/2868/2675 2681/2866/2673 2680/2863/2670
f 2685/2869/2676 2684/2868/2675 2682/2867/2674 2683/2870/2677
f 2683/2870/2677 2682/2867/2674 2668/2851/2658 2665/2848/2655
f 2687/2871/2678 2686/2872/2679 2684/2868/2675 2685/2869/2676
f 2684/2868/2675 2686/2872/2679 2688/2873/2680 2681/2866/2673
f 2690/2874/2681 2689/2875/2682 2686/2872/2679 2687/2871/2678
f 2686/2872/2679 2689/2875/2682 2691/2875/2683 2688/2873/2680
f 2693/2876/2684 2692/2877/2685 2689/2875/2682 2690/2874/2681
f 2689/2875/2682 2692/2877/2685 2695/2878/2686 2691/2875/2683
f 3244/2879/2687 2694/2880/2688 2692/2877/2685 2693/2876/2684
f 2692/2877/2685 2694/2880/2688 2697/2880/2689 2695/2878/2686
f 3059/2881/2690 2691/2875/2683 2695/2878/2686 2696/2882/2691
f 2696/2882/2691 2695/2878/2686 2697/2880/2689 2699/2883/2692
f 2694/2880/2688 3280/2884/2693 2698/2885/2694 2697/2880/2689
f 2699/2883/2692 2697/2880/2689 2698/2885/2694 2701/2886/2695
f 2700/2887/2696 3060/2888/2697 2696/2882/2691 2699/2883/2692
f 2700/2887/2696 2699/2883/2692 2701/2886/2695 2702/2889/2698
f 2702/2889/2698 2701/2886/2695 2703/2890/2699 2704/2891/2700
f 2701/2886/2695 2698/2885/2694 2706/2892/2701 2703/2890/2699
f 2704/2891/2700 2703/2890/2699 2705/2893/2702 2783/2894/2703
f 2703/2890/2699 2706/2892/2701 2708/2895/2704 2705/2893/2702
f 2707/2896/2705 2710/2897/2706 2708/2895/2704 2706/2892/2701
f 3280/2884/2693 2707/2896/2705 2706/2892/2701 2698/2885/2694
f 2710/2897/2706 2711/2898/2707 2709/2899/2708 2708/2895/2704
f 2705/2893/2702 2708/2895/2704 2709/2899/2708 2771/2900/2709
f 2715/2901/2710 2711/2898/2707 2710/2897/2706 2712/2902/2711
f 2712/2902/2711 2710/2897/2706 2707/2896/2705 2713/2903/2712
f 2714/2904/2713 2712/2902/2711 2713/2903/2712 3239/2905/2714
f 2717/2906/2715 2715/2901/2710 2712/2902/2711 2714/2904/2713
f 2718/2907/2716 2716/2908/2717 2715/2901/2710 2717/2906/2715
f 2716/2908/2717 2767/2909/2718 2711/2898/2707 2715/2901/2710
f 2559/2724/2531 2557/2727/2530 2718/2907/2716 2717/2906/2715
f 2562/2728/2533 2559/2724/2531 2717/2906/2715 2714/2904/2713
f 2719/2910/2719 2720/2911/2720 2716/2912/2717 2718/2913/2716
f 2557/2723/2530 2555/2721/2528 2719/2910/2719 2718/2913/2716
f 2721/2914/2721 2723/2915/2722 2720/2911/2720 2719/2910/2719
f 2555/2721/2528 2722/2722/2529 2721/2914/2721 2719/2910/2719
f 2722/2722/2529 2725/2916/2723 2724/2917/2724 2721/2914/2721
f 2723/2915/2722 2721/2914/2721 2724/2917/2724 2727/2918/2725
f 2725/2916/2723 3237/2919/2726 2726/2920/2727 2724/2917/2724
f 2726/2920/2727 2729/2921/2728 2727/2918/2725 2724/2917/2724
f 2765/2922/2729 2723/2915/2722 2727/2918/2725 2728/2923/2730
f 2729/2921/2728 2731/2924/2731 2728/2923/2730 2727/2918/2725
f 2730/2925/2732 2733/2926/2733 2731/2924/2731 2729/2921/2728
f 3111/2927/2734 2730/2925/2732 2729/2921/2728 2726/2920/2727
f 2728/2923/2730 2731/2924/2731 2732/2924/2735 2762/2928/2736
f 2731/2924/2731 2733/2926/2733 2735/2929/2737 2732/2924/2735
f 3109/2930/2738 2734/2931/2739 2733/2926/2733 2730/2925/2732
f 2733/2926/2733 2734/2931/2739 2737/2932/2740 2735/2929/2737
f 2757/2933/2741 2732/2924/2735 2735/2929/2737 2736/2934/2742
f 2736/2934/2742 2735/2929/2737 2737/2932/2740 2738/2935/2743
f 2738/2935/2743 2737/2932/2740 2670/2853/2660 2673/2855/2662
f 2734/2931/2739 2667/2850/2657 2670/2853/2660 2737/2932/2740
f 2673/2855/2662 2742/2859/2666 2739/2936/2744 2738/2935/2743
f 2738/2935/2743 2739/2936/2744 2740/2937/2745 2736/2934/2742
f 2753/2938/2746 2740/2937/2745 2739/2936/2744 2741/2939/2747
f 2741/2939/2747 2739/2936/2744 2742/2859/2666 2743/2940/2748
f 2743/2940/2748 2742/2859/2666 2674/2858/2665 2744/2941/2749
f 2745/2942/2750 2743/2940/2748 2744/2941/2749 2746/2943/2751
f 2748/2944/2752 2741/2939/2747 2743/2940/2748 2745/2942/2750
f 2747/2945/2753 2745/2942/2750 2746/2943/2751 3071/2946/2754
f 2749/2947/2755 2748/2944/2752 2745/2942/2750 2747/2945/2753
f 2751/2948/2756 2750/2949/2757 2748/2944/2752 2749/2947/2755
f 2750/2949/2757 2753/2938/2746 2741/2939/2747 2748/2944/2752
f 3019/2950/2758 2752/2951/2759 2750/2949/2757 2751/2948/2756
f 2752/2951/2759 2754/2952/2760 2753/2938/2746 2750/2949/2757
f 2754/2952/2760 2756/2953/2761 2740/2937/2745 2753/2938/2746
f 3018/2954/2762 2755/2955/2763 2754/2952/2760 2752/2951/2759
f 2755/2955/2763 2758/2956/2764 2756/2953/2761 2754/2952/2760
f 2760/2957/2765 2757/2933/2741 2756/2953/2761 2758/2956/2764
f 2757/2933/2741 2736/2934/2742 2740/2937/2745 2756/2953/2761
f 2775/2958/2766 2759/2959/2767 2758/2956/2764 2755/2955/2763
f 2761/2960/2768 2760/2957/2765 2758/2956/2764 2759/2959/2767
f 2760/2957/2765 2762/2928/2736 2732/2924/2735 2757/2933/2741
f 2761/2960/2768 2763/2961/2769 2762/2928/2736 2760/2957/2765
f 2765/2922/2729 2728/2923/2730 2762/2928/2736 2763/2961/2769
f 2766/2962/2770 2765/2922/2729 2763/2961/2769 2764/2963/2771
f 2772/2964/2772 2764/2963/2771 2763/2961/2769 2761/2960/2768
f 2723/2915/2722 2765/2922/2729 2766/2962/2770 2720/2911/2720
f 2767/2965/2718 2766/2962/2770 2764/2963/2771 2768/2966/2773
f 2720/2911/2720 2766/2962/2770 2767/2965/2718 2716/2912/2717
f 2711/2898/2707 2767/2909/2718 2768/2967/2773 2709/2899/2708
f 2764/2963/2771 2772/2964/2772 2769/2968/2774 2768/2966/2773
f 2771/2900/2709 2709/2899/2708 2768/2967/2773 2769/2969/2774
f 2769/2969/2774 2770/2970/2775 2782/2971/2776 2771/2900/2709
f 2769/2968/2774 2772/2964/2772 2773/2972/2777 2770/2973/2775
f 2772/2964/2772 2761/2960/2768 2759/2959/2767 2773/2972/2777
f 2773/2972/2777 2774/2974/2778 2777/2975/2779 2770/2973/2775
f 2774/2974/2778 2773/2972/2777 2759/2959/2767 2775/2958/2766
f 2776/2976/2780 2774/2974/2778 2775/2958/2766 3017/2977/2781
f 2774/2974/2778 2776/2976/2780 2778/2978/2782 2777/2975/2779
f 2779/2979/2783 2782/2971/2776 2770/2970/2775 2777/2980/2779
f 2780/2981/2784 2779/2979/2783 2777/2980/2779 2778/2982/2782
f 2785/2983/2785 2781/2984/2786 2779/2979/2783 2780/2981/2784
f 2781/2984/2786 2783/2894/2703 2782/2971/2776 2779/2979/2783
f 2771/2900/2709 2782/2971/2776 2783/2894/2703 2705/2893/2702
f 2784/2985/2787 2704/2891/2700 2783/2894/2703 2781/2984/2786
f 2787/2986/2788 2784/2985/2787 2781/2984/2786 2785/2983/2785
f 2789/2987/2789 2787/2986/2788 2785/2983/2785 2786/2988/2790
f 2786/2988/2790 2785/2983/2785 2780/2981/2784 3004/2989/2791
f 2791/2990/2792 2788/2991/2793 2787/2986/2788 2789/2987/2789
f 2788/2991/2793 3074/2992/2794 2784/2985/2787 2787/2986/2788
f 2789/2987/2789 2786/2988/2790 3001/2993/2795 2790/2994/2796
f 2791/2990/2792 2789/2987/2789 2790/2994/2796 2793/2995/2797
f 2792/2996/2798 3073/2997/2799 2788/2991/2793 2791/2990/2792
f 2792/2996/2798 2791/2990/2792 2793/2995/2797 2795/2998/2800
f 2793/2995/2797 2790/2994/2796 3002/2999/2801 2794/3000/2802
f 2795/2998/2800 2793/2995/2797 2794/3000/2802 2797/3001/2803
f 2796/3002/2804 2795/2998/2800 2797/3001/2803 2798/3003/2805
f 3075/3004/2806 2792/2996/2798 2795/2998/2800 2796/3002/2804
f 2798/3003/2805 2797/3001/2803 2799/3005/2807 2800/3006/2808
f 2797/3001/2803 2794/3000/2802 2802/3007/2809 2799/3005/2807
f 2800/3006/2808 2799/3005/2807 2801/3008/2810 3082/3009/2811
f 2799/3005/2807 2802/3007/2809 2804/3010/2812 2801/3008/2810
f 2794/3000/2802 3002/2999/2801 2803/3011/2813 2802/3007/2809
f 2802/3007/2809 2803/3011/2813 2806/3012/2814 2804/3010/2812
f 2801/3008/2810 2804/3010/2812 2805/3013/326 3085/3014/333
f 2804/3010/2812 2806/3012/2814 2808/3015/2058 2805/3013/326
f 2806/3012/2814 2807/3016/2815 2809/3017/321 2808/3015/2058
f 2803/3011/2813 2999/3018/2816 2807/3016/2815 2806/3012/2814
f 2805/3013/326 2808/3015/2058 2810/3019/2817 2811/3020/2818
f 2808/3015/2058 2809/3017/321 2812/3021/2819 2810/3019/2817
f 2811/3020/2818 2810/3019/2817 2813/3022/2820 2815/3023/2821
f 2810/3019/2817 2812/3021/2819 2814/3024/2822 2813/3022/2820
f 2813/3022/2820 2814/3024/2822 2817/3025/2823 2816/3026/2824
f 2815/3023/2821 2813/3022/2820 2816/3026/2824 2819/3027/2825
f 2816/3026/2824 2817/3025/2823 2849/3028/2826 2818/3029/2827
f 2819/3027/2825 2816/3026/2824 2818/3029/2827 2820/3030/2828
f 2822/3031/2829 2815/3023/2821 2819/3027/2825 2821/3032/2830
f 2821/3032/2830 2819/3027/2825 2820/3030/2828 2824/3033/2831
f 3088/3034/2832 2822/3031/2829 2821/3032/2830 2823/3035/2833
f 2823/3035/2833 2821/3032/2830 2824/3033/2831 2826/3036/2834
f 2824/3033/2831 2820/3030/2828 2836/3037/2835 2825/3038/2836
f 2826/3036/2834 2824/3033/2831 2825/3038/2836 2828/3039/2837
f 3090/3040/2838 2823/3035/2833 2826/3036/2834 2827/3041/2839
f 2827/3041/2839 2826/3036/2834 2828/3039/2837 2829/3042/2840
f 2829/3042/2840 2828/3039/2837 2830/3043/2841 2831/3044/2842
f 2828/3039/2837 2825/3038/2836 2833/3045/2843 2830/3043/2841
f 2831/3044/2842 2830/3043/2841 2832/3046/2844 2917/3047/2845
f 2830/3043/2841 2833/3045/2843 2834/3048/2846 2832/3046/2844
f 2833/3045/2843 2835/3049/2847 2838/3050/2848 2834/3048/2846
f 2825/3038/2836 2836/3037/2835 2835/3049/2847 2833/3045/2843
f 2836/3037/2835 2850/3051/2849 2837/3052/2850 2835/3049/2847
f 2835/3049/2847 2837/3052/2850 2840/3053/2851 2838/3050/2848
f 2838/3050/2848 2840/3053/2851 2841/3054/2852 2839/3055/2853
f 2834/3048/2846 2838/3050/2848 2839/3055/2853 2921/3056/2854
f 2840/3053/2851 2842/3057/2855 2844/3058/2856 2841/3054/2852
f 2837/3052/2850 2845/3059/2857 2842/3057/2855 2840/3053/2851
f 2845/3059/2857 2846/3060/2858 2843/3061/2859 2842/3057/2855
f 2842/3057/2855 2843/3061/2859 2928/3062/2860 2844/3058/2856
f 2847/3063/2861 2848/3064/2862 2846/3060/2858 2845/3059/2857
f 2850/3051/2849 2847/3063/2861 2845/3059/2857 2837/3052/2850
f 2849/3028/2826 2851/3065/2863 2848/3064/2862 2847/3063/2861
f 2818/3029/2827 2849/3028/2826 2847/3063/2861 2850/3051/2849
f 2820/3030/2828 2818/3029/2827 2850/3051/2849 2836/3037/2835
f 2817/3025/2823 2852/3066/2864 2851/3065/2863 2849/3028/2826
f 2852/3066/2864 2854/3067/2865 2853/3068/2866 2851/3065/2863
f 2851/3065/2863 2853/3068/2866 2856/3069/2867 2848/3064/2862
f 2854/3070/2865 2985/3071/2868 2855/3072/2869 2853/3073/2866
f 2853/3073/2866 2855/3072/2869 2857/3074/2870 2856/3075/2867
f 2856/3075/2867 2857/3074/2870 2860/3076/2871 2858/3077/2872
f 2848/3064/2862 2856/3069/2867 2858/3078/2872 2846/3060/2858
f 2846/3060/2858 2858/3078/2872 2859/3079/2873 2843/3061/2859
f 2858/3077/2872 2860/3076/2871 2862/3080/2874 2859/3081/2873
f 2857/3074/2870 2989/3082/2875 2861/3083/2876 2860/3076/2871
f 2860/3076/2871 2861/3083/2876 2864/3084/2877 2862/3080/2874
f 2859/3081/2873 2862/3080/2874 2863/3085/2878 2930/3086/2879
f 2862/3080/2874 2864/3084/2877 2866/3087/2880 2863/3085/2878
f 2864/3084/2877 2865/3088/2881 2867/3089/2882 2866/3087/2880
f 2861/3083/2876 2993/3090/2883 2865/3088/2881 2864/3084/2877
f 2866/3087/2880 2867/3089/2882 2871/3091/2884 2868/3092/2885
f 2863/3085/2878 2866/3087/2880 2868/3092/2885 2870/3093/2886
f 2870/3094/2886 2868/3095/2885 2869/3096/2887
f 2868/3095/2885 2871/3097/2884 2869/3096/2887
f 2871/3097/2884 2872/3098/2888 2869/3096/2887
f 2867/3089/2882 2874/3099/2889 2872/3100/2888 2871/3091/2884
f 2872/3098/2888 2873/3101/2890 2869/3096/2887
f 2874/3099/2889 2875/3102/2891 2873/3103/2890 2872/3100/2888
f 2865/3088/2881 2876/3104/2892 2874/3099/2889 2867/3089/2882
f 2876/3104/2892 2878/3105/2893 2875/3102/2891 2874/3099/2889
f 2993/3090/2883 2877/3106/2894 2876/3104/2892 2865/3088/2881
f 2877/3106/2894 2880/3107/2895 2878/3105/2893 2876/3104/2892
f 2878/3105/2893 2879/3108/2896 2896/3109/2897 2875/3102/2891
f 2880/3107/2895 2881/3110/2898 2879/3108/2896 2878/3105/2893
f 2882/3111/2899 2885/3112/2900 2881/3110/2898 2880/3107/2895
f 2884/3113/2901 2882/3111/2899 2880/3107/2895 2877/3106/2894
f 2991/3114/2902 2883/3115/2903 2882/3111/2899 2884/3113/2901
f 2883/3115/2903 2886/3116/2904 2885/3112/2900 2882/3111/2899
f 2886/3116/2904 2888/3117/2905 2887/3118/2906 2885/3112/2900
f 2885/3112/2900 2887/3118/2906 2890/3119/2907 2881/3110/2898
f 2888/3117/2905 2945/3120/2908 2889/3121/2909 2887/3118/2906
f 2887/3118/2906 2889/3121/2909 2891/3122/2910 2890/3119/2907
f 2890/3119/2907 2891/3122/2910 2893/3123/2911 2892/3124/2912
f 2881/3110/2898 2890/3119/2907 2892/3124/2912 2879/3108/2896
f 2892/3124/2912 2893/3123/2911 2895/3125/2913 2894/3126/2914
f 2879/3108/2896 2892/3124/2912 2894/3126/2914 2896/3109/2897
f 2894/3126/2914 2895/3125/2913 2898/3127/2915 2897/3128/2916
f 2896/3109/2897 2894/3126/2914 2897/3128/2916 2899/3129/2917
f 2899/3130/2917 2897/3131/2916 2869/3096/2887
f 2897/3131/2916 2898/3132/2915 2869/3096/2887
f 2873/3101/2890 2899/3130/2917 2869/3096/2887
f 2875/3102/2891 2896/3109/2897 2899/3129/2917 2873/3103/2890
f 2898/3132/2915 2900/3133/2918 2869/3096/2887
f 2895/3125/2913 2902/3134/2919 2900/3135/2918 2898/3127/2915
f 2900/3133/2918 2901/3136/2920 2869/3096/2887
f 2902/3134/2919 2904/3137/2921 2901/3138/2920 2900/3135/2918
f 2903/3139/2922 2906/3140/2923 2904/3137/2921 2902/3134/2919
f 2893/3123/2911 2903/3139/2922 2902/3134/2919 2895/3125/2913
f 2904/3137/2921 2905/3141/2924 2932/3142/2925 2901/3138/2920
f 2906/3140/2923 2907/3143/2926 2905/3141/2924 2904/3137/2921
f 2909/3144/2927 2908/3145/2928 2906/3140/2923 2903/3139/2922
f 2908/3145/2928 2911/3146/2929 2907/3143/2926 2906/3140/2923
f 3108/3147/2930 2910/3148/2931 2908/3145/2928 2909/3144/2927
f 2910/3148/2931 2912/3149/2932 2911/3146/2929 2908/3145/2928
f 2912/3149/2932 2914/3150/2933 2913/3151/2934 2911/3146/2929
f 2911/3146/2929 2913/3151/2934 2915/3152/2935 2907/3143/2926
f 2914/3150/2933 2829/3042/2840 2831/3044/2842 2913/3151/2934
f 2913/3151/2934 2831/3044/2842 2917/3047/2845 2915/3152/2935
f 2915/3152/2935 2917/3047/2845 2918/3153/2936 2916/3154/2937
f 2907/3143/2926 2915/3152/2935 2916/3154/2937 2905/3141/2924
f 2917/3047/2845 2832/3046/2844 2920/3155/2938 2918/3153/2936
f 2916/3154/2937 2918/3153/2936 2919/3156/2939 2931/3157/2940
f 2918/3153/2936 2920/3155/2938 2922/3158/2941 2919/3156/2939
f 2832/3046/2844 2834/3048/2846 2921/3056/2854 2920/3155/2938
f 2920/3155/2938 2921/3056/2854 2923/3159/2942 2922/3158/2941
f 2922/3160/2941 2923/3161/2942 2869/3096/2887
f 2919/3162/2939 2922/3160/2941 2869/3096/2887
f 2923/3161/2942 2924/3163/2943 2869/3096/2887
f 2921/3056/2854 2839/3055/2853 2924/3164/2943 2923/3159/2942
f 2924/3163/2943 2925/3165/2944 2869/3096/2887
f 2839/3055/2853 2841/3054/2852 2925/3166/2944 2924/3164/2943
f 2925/3165/2944 2926/3167/2945 2869/3096/2887
f 2841/3054/2852 2844/3058/2856 2926/3168/2945 2925/3166/2944
f 2926/3167/2945 2927/3169/2946 2869/3096/2887
f 2844/3058/2856 2928/3062/2860 2927/3170/2946 2926/3168/2945
f 2927/3169/2946 2929/3171/2947 2869/3096/2887
f 2928/3062/2860 2930/3172/2879 2929/3173/2947 2927/3170/2946
f 2929/3171/2947 2870/3094/2886 2869/3096/2887
f 2930/3086/2879 2863/3085/2878 2870/3093/2886 2929/3174/2947
f 2843/3061/2859 2859/3079/2873 2930/3172/2879 2928/3062/2860
f 2931/3175/2940 2919/3162/2939 2869/3096/2887
f 2932/3176/2925 2931/3175/2940 2869/3096/2887
f 2905/3141/2924 2916/3154/2937 2931/3157/2940 2932/3142/2925
f 2901/3136/2920 2932/3176/2925 2869/3096/2887
f 2935/3177/2948 2933/3178/2949 2914/3150/2933 2912/3149/2932
f 2933/3178/2949 2827/3041/2839 2829/3042/2840 2914/3150/2933
f 2934/3179/2950 3090/3040/2838 2827/3041/2839 2933/3178/2949
f 2936/3180/2951 2934/3179/2950 2933/3178/2949 2935/3177/2948
f 2939/3181/2952 2936/3180/2951 2935/3177/2948 2937/3182/2953
f 2937/3182/2953 2935/3177/2948 2912/3149/2932 2910/3148/2931
f 2938/3183/2954 2937/3182/2953 2910/3148/2931 3108/3147/2930
f 2941/3184/2955 2939/3181/2952 2937/3182/2953 2938/3183/2954
f 2940/3185/2956 3093/3186/2957 2936/3180/2951 2939/3181/2952
f 2942/3187/2958 2940/3185/2956 2939/3181/2952 2941/3184/2955
f 2946/3188/2959 2942/3187/2958 2941/3184/2955 2943/3189/2960
f 2943/3189/2960 2941/3184/2955 2938/3183/2954 2945/3120/2908
f 2944/3190/2961 2943/3189/2960 2945/3120/2908 2888/3117/2905
f 2948/3191/2962 2946/3188/2959 2943/3189/2960 2944/3190/2961
f 2947/3192/2963 3098/3193/2964 2942/3187/2958 2946/3188/2959
f 2949/3194/2965 2947/3192/2963 2946/3188/2959 2948/3191/2962
f 2953/3195/2966 2949/3194/2965 2948/3191/2962 2950/3196/2967
f 2950/3196/2967 2948/3191/2962 2944/3190/2961 2952/3197/2968
f 2951/3198/2969 2950/3196/2967 2952/3197/2968 2996/3199/2970
f 2955/3200/2971 2953/3195/2966 2950/3196/2967 2951/3198/2969
f 2954/3201/358 3103/3202/350 2949/3194/2965 2953/3195/2966
f 2957/3203/363 2954/3201/358 2953/3195/2966 2955/3200/2971
f 2956/3204/2972 2955/3200/2971 2951/3198/2969 2995/3205/2973
f 2959/3206/305 2957/3203/363 2955/3200/2971 2956/3204/2972
f 2960/3207/2974 2958/3208/2975 2957/3203/363 2959/3206/305
f 2958/3208/2975 3028/3209/2976 2954/3201/358 2957/3203/363
f 2964/3210/2977 2960/3207/2974 2959/3206/305 2961/3211/306
f 2961/3211/306 2959/3206/305 2956/3204/2972 2962/3212/2978
f 2963/3213/2979 2961/3211/306 2962/3212/2978 2982/3214/2980
f 2966/3215/2981 2964/3210/2977 2961/3211/306 2963/3213/2979
f 2967/3216/2982 2965/3217/2983 2964/3210/2977 2966/3215/2981
f 2965/3217/2983 3023/3218/2984 2960/3207/2974 2964/3210/2977
f 2969/3219/2985 2967/3216/2982 2966/3215/2981 2968/3220/2986
f 2968/3220/2986 2966/3215/2981 2963/3213/2979 2970/3221/315
f 2972/3222/2987 2969/3219/2985 2968/3220/2986 2971/3223/2988
f 2971/3223/2988 2968/3220/2986 2970/3221/315 2973/3224/317
f 2975/3225/2989 2972/3226/2987 2971/3227/2988 2974/3228/2990
f 2974/3228/2990 2971/3227/2988 2973/3229/317 2976/3230/320
f 2999/3018/2816 2975/3225/2989 2974/3228/2990 2807/3016/2815
f 2807/3016/2815 2974/3228/2990 2976/3230/320 2809/3017/321
f 2976/3230/320 2973/3229/317 2979/3231/2991 2977/3232/2992
f 2809/3017/321 2976/3230/320 2977/3232/2992 2812/3021/2819
f 2812/3021/2819 2977/3232/2992 2978/3233/2993 2814/3024/2822
f 2977/3232/2992 2979/3231/2991 2980/3234/2994 2978/3233/2993
f 2973/3224/317 2970/3221/315 2981/3235/2995 2979/3236/2991
f 2979/3236/2991 2981/3235/2995 2983/3237/2996 2980/3238/2994
f 2981/3235/2995 2982/3214/2980 2984/3239/2997 2983/3237/2996
f 2970/3221/315 2963/3213/2979 2982/3214/2980 2981/3235/2995
f 2983/3237/2996 2984/3239/2997 2986/3240/2998 2985/3071/2868
f 2980/3238/2994 2983/3237/2996 2985/3071/2868 2854/3070/2865
f 2985/3071/2868 2986/3240/2998 2988/3241/2999 2855/3072/2869
f 2984/3239/2997 2997/3242/3000 2987/3243/3001 2986/3240/2998
f 2986/3240/2998 2987/3243/3001 2990/3244/3002 2988/3241/2999
f 2855/3072/2869 2988/3241/2999 2989/3082/2875 2857/3074/2870
f 2988/3241/2999 2990/3244/3002 2992/3245/3003 2989/3082/2875
f 2987/3243/3001 2994/3246/3004 2991/3114/2902 2990/3244/3002
f 2990/3244/3002 2991/3114/2902 2884/3113/2901 2992/3245/3003
f 2989/3082/2875 2992/3245/3003 2993/3090/2883 2861/3083/2876
f 2992/3245/3003 2884/3113/2901 2877/3106/2894 2993/3090/2883
f 2994/3246/3004 2996/3199/2970 2883/3115/2903 2991/3114/2902
f 2997/3242/3000 2995/3205/2973 2994/3246/3004 2987/3243/3001
f 2995/3205/2973 2951/3198/2969 2996/3199/2970 2994/3246/3004
f 2996/3199/2970 2952/3197/2968 2886/3116/2904 2883/3115/2903
f 2962/3212/2978 2956/3204/2972 2995/3205/2973 2997/3242/3000
f 2982/3214/2980 2962/3212/2978 2997/3242/3000 2984/3239/2997
f 2978/3233/2993 2980/3234/2994 2854/3067/2865 2852/3066/2864
f 2814/3024/2822 2978/3233/2993 2852/3066/2864 2817/3025/2823
f 3000/3247/3005 2998/3248/3006 2975/3225/2989 2999/3018/2816
f 2998/3248/3006 3008/3249/3007 2972/3226/2987 2975/3225/2989
f 3002/2999/2801 3000/3247/3005 2999/3018/2816 2803/3011/2813
f 2790/2994/2796 3001/2993/2795 3000/3247/3005 3002/2999/2801
f 3001/2993/2795 3003/3250/3008 2998/3248/3006 3000/3247/3005
f 2786/2988/2790 3004/2989/2791 3003/3250/3008 3001/2993/2795
f 3003/3250/3008 3005/3251/3009 3008/3249/3007 2998/3248/3006
f 3004/2989/2791 3007/3252/3010 3005/3251/3009 3003/3250/3008
f 3005/3253/3009 3006/3254/3011 3009/3255/3012 3008/3256/3007
f 3007/3257/3010 3015/3258/3013 3006/3254/3011 3005/3253/3009
f 3008/3256/3007 3009/3255/3012 2969/3219/2985 2972/3222/2987
f 3006/3254/3011 3012/3259/3014 3010/3260/3015 3009/3255/3012
f 3009/3255/3012 3010/3260/3015 2967/3216/2982 2969/3219/2985
f 3010/3260/3015 3011/3261/3016 2965/3217/2983 2967/3216/2982
f 3012/3259/3014 3013/3262/3017 3011/3261/3016 3010/3260/3015
f 3014/3263/3018 3016/3264/3019 3013/3262/3017 3012/3259/3014
f 3015/3258/3013 3014/3263/3018 3012/3259/3014 3006/3254/3011
f 3015/3258/3013 2776/2976/2780 3017/2977/2781 3014/3263/3018
f 3014/3263/3018 3017/2977/2781 3018/2954/2762 3016/3264/3019
f 3017/2977/2781 2775/2958/2766 2755/2955/2763 3018/2954/2762
f 3016/3264/3019 3018/2954/2762 2752/2951/2759 3019/2950/2758
f 3016/3264/3019 3019/2950/2758 3020/3265/3020 3013/3262/3017
f 3019/2950/2758 2751/2948/2756 3021/3266/3021 3020/3265/3020
f 3020/3265/3020 3021/3266/3021 3024/3267/3022 3022/3268/3023
f 3013/3262/3017 3020/3265/3020 3022/3268/3023 3011/3261/3016
f 3011/3261/3016 3022/3268/3023 3023/3218/2984 2965/3217/2983
f 3022/3268/3023 3024/3267/3022 3026/3269/3024 3023/3218/2984
f 3021/3266/3021 3107/3270/3025 3025/3271/3026 3024/3267/3022
f 3024/3267/3022 3025/3271/3026 3027/3272/3027 3026/3269/3024
f 3026/3269/3024 3027/3272/3027 3028/3209/2976 2958/3208/2975
f 3023/3218/2984 3026/3269/3024 2958/3208/2975 2960/3207/2974
f 3027/3272/3027 3029/3273/3028 3031/3274/3029 3028/3209/2976
f 3025/3271/3026 3032/3275/3030 3029/3273/3028 3027/3272/3027
f 3029/3273/3028 3030/3276/3031 3102/3277/3032 3031/3274/3029
f 3032/3275/3030 3034/3278/3033 3030/3276/3031 3029/3273/3028
f 3107/3270/3025 3033/3279/3034 3032/3275/3030 3025/3271/3026
f 3033/3279/3034 3035/3280/3035 3034/3278/3033 3032/3275/3030
f 3035/3280/3035 3037/3281/3036 3036/3282/3037 3034/3278/3033
f 3034/3278/3033 3036/3282/3037 3038/3283/3038 3030/3276/3031
f 3037/3281/3036 3040/3284/3039 3039/3285/3040 3036/3282/3037
f 3036/3282/3037 3039/3285/3040 3041/3286/3041 3038/3283/3038
f 3040/3284/3039 3045/3287/3042 3042/3288/3043 3039/3285/3040
f 3039/3285/3040 3042/3288/3043 3043/3289/3044 3041/3286/3041
f 3042/3288/3043 3044/3290/3045 3078/3291/3046 3043/3289/3044
f 3045/3287/3042 3047/3292/3047 3044/3290/3045 3042/3288/3043
f 3046/3293/3048 3049/3294/3049 3047/3292/3047 3045/3287/3042
f 3069/3295/3050 3046/3293/3048 3045/3287/3042 3040/3284/3039
f 3047/3292/3047 3048/3296/3051 3076/3297/3052 3044/3290/3045
f 3049/3294/3049 3050/3298/3053 3048/3296/3051 3047/3292/3047
f 3046/3293/3048 3053/3299/3054 3051/3300/3055 3049/3294/3049
f 3049/3294/3049 3051/3300/3055 3054/3301/3056 3050/3298/3053
f 3051/3300/3055 3052/3302/3057 3056/3303/3058 3054/3301/3056
f 3053/3299/3054 3064/3304/3059 3052/3302/3057 3051/3300/3055
f 3050/3298/3053 3054/3301/3056 3055/3305/3060 3075/3004/2806
f 3054/3301/3056 3056/3303/3058 3057/3306/3061 3055/3305/3060
f 3056/3303/3058 3058/3307/3062 3060/2888/2697 3057/3306/3061
f 3052/3302/3057 3061/3308/3063 3058/3307/3062 3056/3303/3058
f 3060/2888/2697 3058/3307/3062 3059/2881/2690 2696/2882/2691
f 3058/3307/3062 3061/3308/3063 3063/3309/3064 3059/2881/2690
f 3064/3304/3059 3062/2864/2671 3061/3308/3063 3052/3302/3057
f 3061/3308/3063 3062/2864/2671 2679/2865/2672 3063/3309/3064
f 3063/3309/3064 2688/2873/2680 2691/2875/2683 3059/2881/2690
f 2679/2865/2672 2681/2866/2673 2688/2873/2680 3063/3309/3064
f 3065/3310/3065 2678/2862/2669 3062/2864/2671 3064/3304/3059
f 3067/3311/3066 3065/3310/3065 3064/3304/3059 3053/3299/3054
f 3066/3312/3067 2676/2860/2667 2678/2862/2669 3065/3310/3065
f 3068/3313/3068 3066/3312/3067 3065/3310/3065 3067/3311/3066
f 3070/3314/3069 3068/3313/3068 3067/3311/3066 3069/3295/3050
f 3069/3295/3050 3067/3311/3066 3053/3299/3054 3046/3293/3048
f 3070/3314/3069 3069/3295/3050 3040/3284/3039 3037/3281/3036
f 3071/2946/2754 3070/3314/3069 3037/3281/3036 3035/3280/3035
f 3071/2946/2754 2746/2943/2751 3068/3313/3068 3070/3314/3069
f 2747/2945/2753 3071/2946/2754 3035/3280/3035 3033/3279/3034
f 2746/2943/2751 2744/2941/2749 3066/3312/3067 3068/3313/3068
f 2744/2941/2749 2674/2858/2665 2676/2860/2667 3066/3312/3067
f 3057/3306/3061 3060/2888/2697 2700/2887/2696 3072/3315/3070
f 3055/3305/3060 3057/3306/3061 3072/3315/3070 3073/2997/2799
f 3072/3315/3070 2700/2887/2696 2702/2889/2698 3074/2992/2794
f 3073/2997/2799 3072/3315/3070 3074/2992/2794 2788/2991/2793
f 3074/2992/2794 2702/2889/2698 2704/2891/2700 2784/2985/2787
f 3075/3004/2806 3055/3305/3060 3073/2997/2799 2792/2996/2798
f 3050/3298/3053 3075/3004/2806 2796/3002/2804 3048/3296/3051
f 3048/3296/3051 2796/3002/2804 2798/3003/2805 3076/3297/3052
f 3044/3290/3045 3076/3297/3052 3077/3316/3071 3078/3291/3046
f 3076/3297/3052 2798/3003/2805 2800/3006/2808 3077/3316/3071
f 3078/3291/3046 3077/3316/3071 3079/3317/3072 3080/3318/3073
f 3077/3316/3071 2800/3006/2808 3082/3009/2811 3079/3317/3072
f 3080/3318/3073 3079/3317/3072 3081/3319/240 3106/3320/236
f 3079/3317/3072 3082/3009/2811 3083/3321/334 3081/3319/240
f 3082/3009/2811 2801/3008/2810 3085/3014/333 3083/3321/334
f 3083/3321/334 3085/3014/333 3086/3322/3074 3084/3323/3075
f 3081/3319/240 3083/3321/334 3084/3323/3075 3087/3324/3076
f 3085/3014/333 2805/3013/326 2811/3020/2818 3086/3322/3074
f 3086/3322/3074 2811/3020/2818 2815/3023/2821 2822/3031/2829
f 3084/3323/3075 3086/3322/3074 2822/3031/2829 3088/3034/2832
f 3087/3324/3076 3084/3323/3075 3088/3034/2832 3089/3325/3077
f 3089/3325/3077 3088/3034/2832 2823/3035/2833 3090/3040/2838
f 3091/3326/3078 3089/3325/3077 3090/3040/2838 2934/3179/2950
f 3092/3327/3079 3087/3324/3076 3089/3325/3077 3091/3326/3078
f 3094/3328/3080 3092/3327/3079 3091/3326/3078 3093/3186/2957
f 3093/3186/2957 3091/3326/3078 2934/3179/2950 2936/3180/2951
f 3096/3329/3081 3094/3328/3080 3093/3186/2957 2940/3185/2956
f 3095/3330/237 3106/3320/236 3092/3327/3079 3094/3328/3080
f 3097/3331/2067 3095/3330/237 3094/3328/3080 3096/3329/3081
f 3099/3332/353 3097/3331/2067 3096/3329/3081 3098/3193/2964
f 3098/3193/2964 3096/3329/3081 2940/3185/2956 2942/3187/2958
f 3101/3333/349 3099/3332/353 3098/3193/2964 2947/3192/2963
f 3100/3334/3082 3104/3335/3083 3097/3331/2067 3099/3332/353
f 3102/3277/3032 3100/3334/3082 3099/3332/353 3101/3333/349
f 3031/3274/3029 3102/3277/3032 3101/3333/349 3103/3202/350
f 3103/3202/350 3101/3333/349 2947/3192/2963 2949/3194/2965
f 3028/3209/2976 3031/3274/3029 3103/3202/350 2954/3201/358
f 3030/3276/3031 3038/3283/3038 3100/3334/3082 3102/3277/3032
f 3038/3283/3038 3041/3286/3041 3104/3335/3083 3100/3334/3082
f 3041/3286/3041 3043/3289/3044 3105/3336/3084 3104/3335/3083
f 3104/3335/3083 3105/3336/3084 3095/3330/237 3097/3331/2067
f 3105/3336/3084 3080/3318/3073 3106/3320/236 3095/3330/237
f 3043/3289/3044 3078/3291/3046 3080/3318/3073 3105/3336/3084
f 3106/3320/236 3081/3319/240 3087/3324/3076 3092/3327/3079
f 2749/2947/2755 2747/2945/2753 3033/3279/3034 3107/3270/3025
f 2751/2948/2756 2749/2947/2755 3107/3270/3025 3021/3266/3021
f 2776/2976/2780 3015/3258/3013 3007/3257/3010 2778/2978/2782
f 3004/2989/2791 2780/2981/2784 2778/2982/2782 3007/3252/3010
f 2952/3197/2968 2944/3190/2961 2888/3117/2905 2886/3116/2904
f 2945/3120/2908 2938/3183/2954 3108/3147/2930 2889/3121/2909
f 2889/3121/2909 3108/3147/2930 2909/3144/2927 2891/3122/2910
f 2891/3122/2910 2909/3144/2927 2903/3139/2922 2893/3123/2911
f 2664/2847/2654 2667/2850/2657 2734/2931/2739 3109/2930/2738
f 3110/3337/3085 3109/2930/2738 2730/2925/2732 3111/2927/2734
f 2661/2844/2651 2664/2847/2654 3109/2930/2738 3110/3337/3085
f 3113/3338/3086 3112/3339/3087 3110/3337/3085 3111/2927/2734
f 3112/3339/3087 2658/2840/2647 2661/2844/2651 3110/3337/3085
f 3112/3339/3087 3114/3340/3088 2655/2837/2644 2658/2840/2647
f 3113/3338/3086 3115/3341/3089 3114/3340/3088 3112/3339/3087
f 3114/3340/3088 3116/3342/3090 2652/2835/2642 2655/2837/2644
f 3115/3341/3089 3118/3343/3091 3116/3342/3090 3114/3340/3088
f 3117/3344/3092 2649/2832/2639 2652/2835/2642 3116/3342/3090
f 3120/3345/3093 3117/3344/3092 3116/3342/3090 3118/3343/3091
f 3236/3346/3094 3119/3347/3095 3118/3343/3091 3115/3341/3089
f 3122/3348/3096 3120/3345/3093 3118/3343/3091 3119/3347/3095
f 3123/3349/3097 3121/3350/3098 3120/3345/3093 3122/3348/3096
f 3121/3350/3098 3238/2826/2633 3117/3344/3092 3120/3345/3093
f 3126/3351/3099 3123/3349/3097 3122/3348/3096 3124/3352/3100
f 3124/3352/3100 3122/3348/3096 3119/3347/3095 3125/3353/3101
f 2550/2715/2522 3124/3352/3100 3125/3353/3101 2552/2716/2523
f 3128/2717/2524 3126/3351/3099 3124/3352/3100 2550/2715/2522
f 3127/3354/3102 3154/3355/3103 3123/3349/3097 3126/3351/3099
f 3129/3356/3104 3127/3354/3102 3126/3351/3099 3128/2717/2524
f 3131/2706/2516 3129/3356/3104 3128/2717/2524 2546/2707/2517
f 3155/3357/3105 3127/3354/3102 3129/3356/3104 3130/3358/3106
f 3132/3359/3107 3130/3358/3106 3129/3356/3104 3131/2706/2516
f 2539/3360/2507 3132/3359/3107 3131/2706/2516 2541/2705/2508
f 3133/3361/3108 3136/3362/3109 3130/3358/3106 3132/3359/3107
f 3134/3363/2509 3133/3361/3108 3132/3359/3107 2539/3360/2507
f 3141/3364/3110 3137/3365/3111 3133/3361/3108 3134/3363/2509
f 3135/3366/3112 3136/3367/3113 3133/3368/3114
f 3142/3369/3115 3135/3366/3115 3133/3368/3108 3137/3370/3111
f 3137/3370/3116 3138/3371/3117 3142/3369/3118
f 3137/3365/3111 3139/3372/3119 3138/3373/3120
f 3140/3374/3121 3171/3375/3122 3139/3372/3119 3137/3365/3111
f 3179/3376/3123 3140/3374/3121 3137/3365/3111 3141/3364/3110
f 3143/3377/3124 3145/3378/3124 3135/3366/3115 3142/3369/3115
f 3142/3369/3118 3138/3371/3117 3144/3379/3125 3143/3377/3126
f 3143/3377/3126 3144/3379/3125 3147/3380/3127 3146/3381/3128
f 3146/3381/3129 3149/3382/3129 3145/3378/3124 3143/3377/3124
f 3146/3381/3128 3147/3380/3127 3156/3383/3130 3148/3384/3130
f 3148/3384/3131 3151/3385/3131 3149/3382/3129 3146/3381/3129
f 3149/3382/3132 3150/3386/3133 3155/3387/3134 3145/3378/3135
f 3151/3385/3136 3152/3388/3136 3150/3386/3133 3149/3382/3132
f 2634/2812/2618 2636/2814/2618 3151/3385/3131 3148/3384/3131
f 2636/2814/2622 2640/2816/2621 3152/3388/3136 3151/3385/3136
f 2640/2824/2631 2642/2823/2630 3153/3389/3137 3152/3390/3138
f 3152/3390/3138 3153/3389/3137 3154/3355/3103 3150/3391/3139
f 3153/3389/3137 2642/2823/2630 3238/2826/2633 3121/3350/3098
f 3154/3355/3103 3153/3389/3137 3121/3350/3098 3123/3349/3097
f 3150/3391/3139 3154/3355/3103 3127/3354/3102 3155/3357/3105
f 3145/3378/3135 3155/3387/3134 3136/3367/3113 3135/3366/3112
f 3155/3357/3105 3130/3358/3106 3136/3362/3109
f 3148/3384/3130 3156/3383/3130 3158/2813/2617 2634/2812/2616
f 3147/3392/3140 3234/3393/3141 3157/3394/3142 3156/3395/3143
f 3156/3395/3143 3157/3394/3142 3159/3396/3144 3158/3397/3145
f 3158/3397/3145 3159/3396/3144 2630/2802/2606
f 2630/2802/2606 3159/3396/3144 3160/3398/3146 2628/2801/2605
f 3161/3399/3147 3160/3398/3146 3159/3396/3144 3157/3394/3142
f 3164/3400/3148 3162/3401/3149 3160/3398/3146 3161/3399/3147
f 3162/3401/3149 2626/2800/2604 2628/2801/2605 3160/3398/3146
f 3163/3402/3150 3208/2799/2603 2626/2800/2604 3162/3401/3149
f 3165/3403/363 3163/3402/3150 3162/3401/3149 3164/3400/3148
f 3167/3404/3151 3165/3403/363 3164/3400/3148 3166/3405/3152
f 3166/3405/3152 3164/3400/3148 3161/3399/3147 3168/3406/3153
f 3172/3407/3154 3167/3404/3151 3166/3405/3152 3169/3408/3155
f 3169/3408/3155 3166/3405/3152 3168/3406/3153 3170/3409/3156
f 3171/3375/3122 3169/3408/3155 3170/3409/3156 3139/3372/3119
f 3174/3410/3157 3172/3407/3154 3169/3408/3155 3171/3375/3122
f 3175/3411/3158 3173/3412/3159 3172/3407/3154 3174/3410/3157
f 3173/3412/3159 3201/3413/3160 3167/3404/3151 3172/3407/3154
f 3177/3414/3161 3175/3411/3158 3174/3410/3157 3176/3415/3162
f 3176/3415/3162 3174/3410/3157 3171/3375/3122 3140/3374/3121
f 3181/3416/3163 3177/3414/3161 3176/3415/3162 3178/3417/317
f 3178/3417/317 3176/3415/3162 3140/3374/3121 3179/3376/3123
f 3180/3418/3164 3178/3419/317 3179/3420/3123 3232/3421/3165
f 3183/3422/3166 3181/3423/3163 3178/3419/317 3180/3418/3164
f 3182/3424/3167 3193/3425/3168 3177/3414/3161 3181/3416/3163
f 3184/3426/3169 3182/3427/3167 3181/3423/3163 3183/3422/3166
f 3187/3428/3170 3184/3426/3169 3183/3422/3166 3185/3429/3171
f 3185/3429/3171 3183/3422/3166 3180/3418/3164 3186/3430/3172
f 2520/2671/2483 3185/3429/3171 3186/3430/3172 2523/2674/2485
f 2518/2670/2482 3187/3428/3170 3185/3429/3171 2520/2671/2483
f 3188/3431/3173 3190/3432/3174 3184/3426/3169 3187/3428/3170
f 3189/2669/2481 3188/3431/3173 3187/3428/3170 2518/2670/2482
f 3230/49/46 38/47/44 3188/3431/3173 3189/2669/2481
f 38/47/44 35/44/41 3190/3432/3174 3188/3431/3173
f 3190/3432/3174 3191/3433/3175 3182/3427/3167 3184/3426/3169
f 35/44/41 32/43/38 3191/3433/3175 3190/3432/3174
f 3191/3434/3175 3192/3435/3176 3193/3425/3168 3182/3424/3167
f 32/38/38 29/34/34 3192/3435/3176 3191/3434/3175
f 29/34/34 26/32/32 3194/3436/3177 3192/3435/3176
f 3192/3435/3176 3194/3436/3177 3196/3437/3178 3193/3425/3168
f 26/32/32 24/31/31 3195/3438/3179 3194/3436/3177
f 3194/3436/3177 3195/3438/3179 3197/3439/3180 3196/3437/3178
f 3193/3425/3168 3196/3437/3178 3175/3411/3158 3177/3414/3161
f 3196/3437/3178 3197/3439/3180 3173/3412/3159 3175/3411/3158
f 3197/3439/3180 3198/3440/3181 3201/3413/3160 3173/3412/3159
f 3195/3438/3179 3200/3441/3182 3198/3440/3181 3197/3439/3180
f 3198/3440/3181 3199/3442/3183 3202/3443/3184 3201/3413/3160
f 3200/3441/3182 3228/3444/3185 3199/3442/3183 3198/3440/3181
f 3201/3413/3160 3202/3443/3184 3165/3403/363 3167/3404/3151
f 3202/3443/3184 3203/3445/3186 3163/3402/3150 3165/3403/363
f 3199/3442/3183 3204/3446/3187 3203/3445/3186 3202/3443/3184
f 3204/3446/3187 3206/3447/3188 3205/3448/3189 3203/3445/3186
f 3203/3445/3186 3205/3448/3189 3208/2799/2603 3163/3402/3150
f 3206/3447/3188 3209/3449/3190 3207/2793/2597 3205/3448/3189
f 3205/3448/3189 3207/2793/2597 2622/2794/2598 3208/2799/2603
f 3209/3449/3190 3210/2789/2593 2617/2787/2591 3207/2793/2597
f 3212/3450/3191 3211/3451/3192 3209/3449/3190 3206/3447/3188
f 3211/3451/3192 3213/3452/3193 3210/2789/2593 3209/3449/3190
f 6/11/11 3215/10/10 3213/3452/3193 3211/3451/3192
f 9/12/12 6/11/11 3211/3451/3192 3212/3450/3191
f 3213/3452/3193 3214/3453/3194 2618/2784/2589 3210/2789/2593
f 3215/10/10 3216/3454/3195 3214/3453/3194 3213/3452/3193
f 7/9/9 3217/3455/3196 3216/3454/3195 3215/10/10
f 3216/3454/3195 2501/2651/2463 3226/2654/2466 3214/3453/3194
f 3217/3455/3196 2499/2647/2459 2501/2651/2463 3216/3454/3195
f 3217/3455/3196 3218/3456/3197 2497/2648/2460 2499/2647/2459
f 7/9/9 4/1/1 3218/3456/3197 3217/3455/3196
f 3218/3456/3197 3219/3457/3198 3221/2649/2461 2497/2648/2460
f 3218/3456/3197 4/1/1 3220/4/4 3219/3457/3198
f 3220/4/4 3224/212/198 3222/3458/3199 3219/3457/3198
f 3219/3457/3198 3222/3458/3199 3223/3459/3200 3221/2649/2461
f 3222/3458/3199 188/218/204 190/221/207 3223/3459/3200
f 3224/212/198 181/211/197 188/218/204 3222/3458/3199
f 2/3/3 178/208/194 3224/212/198 3220/4/4
f 3221/2649/2461 3223/3459/3200 3225/2632/2444 2493/2642/2454
f 3223/3459/3200 190/221/207 2480/223/209 3225/2632/2444
f 3214/3453/3194 3226/2654/2466 2614/2783/2588 2618/2784/2589
f 3226/2654/2466 2502/2653/2465 2612/2780/2585 2614/2783/2588
f 12/15/15 9/12/12 3212/3450/3191 3227/3460/3201
f 3227/3460/3201 3212/3450/3191 3206/3447/3188 3204/3446/3187
f 14/18/18 12/15/15 3227/3460/3201 3228/3444/3185
f 3228/3444/3185 3227/3460/3201 3204/3446/3187 3199/3442/3183
f 3229/20/20 14/18/18 3228/3444/3185 3200/3441/3182
f 24/31/31 3229/20/20 3200/3441/3182 3195/3438/3179
f 2509/2661/2473 3230/49/46 3189/2669/2481 2513/2662/2474
f 2523/2674/2485 3186/3430/3172 3231/2684/2495 2526/2677/2488
f 3186/3430/3172 3180/3418/3164 3232/3421/3165 3231/2684/2495
f 3231/2684/2495 3232/3421/3165 3233/2690/2501 2531/2685/2496
f 3232/3421/3165 3179/3420/3123 3141/3461/3110 3233/2690/2501
f 3233/2690/2501 3141/3461/3110 3134/2698/2509 2535/2691/2502
f 3144/3462/3202 3170/3409/3156 3168/3406/3153 3234/3393/3141
f 3138/3373/3120 3139/3372/3119 3170/3409/3156 3144/3462/3202
f 3168/3406/3153 3161/3399/3147 3157/3394/3142 3234/3393/3141
f 3144/3462/3202 3234/3393/3141 3147/3392/3140
f 2554/2719/2526 2552/2716/2523 3125/3353/3101 3235/3463/3203
f 3235/3463/3203 3125/3353/3101 3119/3347/3095 3236/3346/3094
f 2725/2916/2723 3235/3463/3203 3236/3346/3094 3237/2919/2726
f 2722/2722/2529 2554/2719/2526 3235/3463/3203 2725/2916/2723
f 3237/2919/2726 3236/3346/3094 3115/3341/3089 3113/3338/3086
f 3237/2919/2726 3113/3338/3086 3111/2927/2734 2726/2920/2727
f 3238/2826/2633 2643/2825/2632 2649/2832/2639 3117/3344/3092
f 2565/2731/2536 2562/2728/2533 2714/2904/2713 3239/2905/2714
f 3241/2734/2539 2565/2731/2536 3239/2905/2714 3240/3464/3204
f 3239/2905/2714 2713/2903/2712 3242/3465/3205 3240/3464/3204
f 3245/3466/3206 3241/2734/2539 3240/3464/3204 3243/3467/3207
f 3240/3464/3204 3242/3465/3205 3244/2879/2687 3243/3467/3207
f 3243/3467/3207 3244/2879/2687 2693/2876/2684 3246/3468/3208
f 3248/3469/3209 3245/3466/3206 3243/3467/3207 3246/3468/3208
f 3250/3470/3210 3248/3469/3209 3246/3468/3208 3247/3471/3211
f 3246/3468/3208 2693/2876/2684 2690/2874/2681 3247/3471/3211
f 3248/3469/3209 3249/3472/3212 3279/2741/2546 3245/3466/3206
f 3250/3470/3210 3252/3473/3213 3249/3472/3212 3248/3469/3209
f 3251/3474/3214 3250/3470/3210 3247/3471/3211 3266/3475/3215
f 3251/3474/3214 3254/3476/3216 3252/3473/3213 3250/3470/3210
f 3252/3473/3213 3253/3477/3217 3278/3478/3218 3249/3472/3212
f 3254/3476/3216 3256/3479/3219 3253/3477/3217 3252/3473/3213
f 3264/3480/3220 3255/3481/3221 3254/3476/3216 3251/3474/3214
f 3255/3481/3221 3257/3482/3222 3256/3479/3219 3254/3476/3216
f 2590/2758/2563 2587/2755/2560 3253/3477/3217 3256/3479/3219
f 3258/2760/2565 2590/2758/2563 3256/3479/3219 3257/3482/3222
f 3260/3483/3223 3258/2760/2565 3257/3482/3222 3259/3484/3224
f 3261/3485/3225 3259/3484/3224 3257/3482/3222 3255/3481/3221
f 2650/2833/2640 3260/3483/3223 3259/3484/3224 2653/2836/2643
f 2656/2839/2646 2653/2836/2643 3259/3484/3224 3261/3485/3225
f 3262/3486/3226 3261/3485/3225 3255/3481/3221 3264/3480/3220
f 2659/2842/2649 2656/2839/2646 3261/3485/3225 3262/3486/3226
f 2659/2842/2649 3262/3486/3226 3263/3487/3227 2662/2845/2652
f 3262/3486/3226 3264/3480/3220 3265/3488/3228 3263/3487/3227
f 3264/3480/3220 3251/3474/3214 3266/3475/3215 3265/3488/3228
f 3265/3488/3228 2685/2869/2676 2683/2870/2677 3263/3487/3227
f 3266/3475/3215 2687/2871/2678 2685/2869/2676 3265/3488/3228
f 3247/3471/3211 2690/2874/2681 2687/2871/2678 3266/3475/3215
f 3263/3487/3227 2683/2870/2677 2665/2848/2655 2662/2845/2652
f 2647/2829/2636 3267/3489/3229 3260/3483/3223 2650/2833/2640
f 3267/3489/3229 2589/2759/2564 3258/2760/2565 3260/3483/3223
f 2645/2828/2635 3268/3490/3230 3267/3489/3229 2647/2829/2636
f 3268/3490/3230 2592/2761/2566 2589/2759/2564 3267/3489/3229
f 3271/2830/2637 3269/3491/3231 3268/3490/3230 2645/2828/2635
f 3269/3491/3231 2594/2762/2567 2592/2761/2566 3268/3490/3230
f 3270/3492/3232 3273/2764/2569 2594/2762/2567 3269/3491/3231
f 3272/3493/2613 3270/3492/3232 3269/3491/3231 3271/2830/2637
f 3272/3493/2613 3271/2830/2637 2639/2819/2626 2638/2818/2625
f 2624/2797/2601 3274/2796/2600 3270/3492/3232 3272/3493/2613
f 3272/2809/3114 2638/2817/2624 2632/2810/2623
f 3274/2796/2600 3275/3494/3233 3273/2764/2569 3270/3492/3232
f 2620/2791/2595 3277/2790/2594 3275/3494/3233 3274/2796/2600
f 3275/3494/3233 3276/2770/2575 2595/2765/2570 3273/2764/2569
f 3277/2790/2594 2605/2775/2580 3276/2770/2575 3275/3494/3233
f 2615/2782/2587 2607/2776/2581 2605/2775/2580 3277/2790/2594
f 2587/2755/2560 2585/2754/2559 3278/3478/3218 3253/3477/3217
f 2585/2754/2559 2572/2739/2544 2570/2740/2545 3278/3478/3218
f 3249/3472/3212 3278/3478/3218 2570/2740/2545 3279/2741/2546
f 3245/3466/3206 3279/2741/2546 2566/2735/2540 3241/2734/2539
f 3242/3465/3205 3280/2884/2693 2694/2880/2688 3244/2879/2687
f 2713/2903/2712 2707/2896/2705 3280/2884/2693 3242/3465/3205
f 2502/2653/2465 2504/2655/2467 2609/2779/2584 2612/2780/2585
f 2504/2655/2467 2507/2657/2469 2515/2664/2476 2609/2779/2584
f 2600/2682/2493 2529/2681/2492 2577/2689/2500 2580/2747/2552
f 2578/2694/2505 2537/2693/2504 2544/2701/2512 2575/2744/2549
f 2575/2744/2549 2544/2701/2512 3281/2703/2514 2568/2737/2542
f 3281/2703/2514 2543/2702/2513 2560/2712/2520 2563/2730/2535
f 51/52/49 55/66/63 31/41/37 34/40/40
