# Blender 4.4.1
# www.blender.org
mtllib Rook.mtl
o chessKitExport.005
v 0.154508 -0.006674 0.475529
v 0.154508 0.041494 0.475529
v 0.293892 -0.006674 0.404509
v -0.000000 -0.006674 0.500001
v -0.000000 -0.006674 0.000001
v 0.349200 -0.006674 0.349202
v 0.487764 -0.006674 0.077255
v 0.487764 -0.006674 -0.077253
v 0.349200 -0.006674 -0.349200
v 0.154508 -0.006674 -0.475528
v -0.349201 -0.006674 -0.349200
v -0.487764 -0.006674 -0.077253
v -0.487764 -0.006674 0.077255
v -0.404509 -0.006674 0.293894
v -0.349201 -0.006674 0.349202
v -0.000000 -0.006674 -0.499999
v -0.293893 -0.006674 0.404509
v 0.404508 -0.006674 0.293894
v -0.154509 -0.006674 -0.475528
v -0.154509 -0.006674 0.475529
v 0.475528 -0.006674 0.154509
v -0.293893 -0.006674 -0.404508
v 0.500000 -0.006674 0.000001
v -0.404509 -0.006674 -0.293892
v 0.475528 -0.006674 -0.154508
v -0.475528 -0.006674 -0.154508
v 0.404508 -0.006674 -0.293892
v -0.500000 -0.006674 0.000001
v 0.293892 -0.006674 -0.404508
v -0.475528 -0.006674 0.154509
v -0.475528 0.041494 0.154509
v -0.404509 0.041494 0.293894
v -0.475528 0.132118 0.154509
v -0.487764 0.041494 0.077255
v -0.500000 0.041494 0.000001
v -0.487764 0.132118 0.077255
v -0.486501 0.138237 0.077055
v -0.500000 0.132118 0.000001
v -0.498705 0.138237 0.000001
v -0.487764 0.132118 -0.077253
v -0.475528 0.132118 -0.154508
v -0.487764 0.041494 -0.077253
v -0.486501 0.138237 -0.077053
v -0.474297 0.138237 -0.154107
v -0.482904 0.143425 -0.076484
v -0.495018 0.143425 0.000001
v -0.470790 0.143425 -0.152968
v -0.477520 0.146891 -0.075631
v -0.489499 0.146891 0.000001
v -0.465541 0.146891 -0.151263
v -0.471169 0.148109 -0.074624
v -0.439237 0.148109 -0.069567
v -0.482989 0.148109 0.000001
v -0.459350 0.148109 -0.149251
v -0.390746 0.148109 -0.283892
v -0.428219 0.148109 -0.139136
v -0.364265 0.148109 -0.264652
v -0.424906 0.148986 -0.138059
v -0.361447 0.148986 -0.262606
v -0.422481 0.151383 -0.137272
v -0.435840 0.148986 -0.069029
v -0.433352 0.151383 -0.068636
v -0.446773 0.148986 0.000001
v -0.444223 0.151383 0.000001
v -0.435840 0.148986 0.069031
v -0.450256 0.148109 0.000001
v -0.439237 0.148109 0.069569
v -0.471169 0.148109 0.074627
v -0.428219 0.148109 0.139137
v -0.459350 0.148109 0.149252
v -0.364265 0.148109 0.264655
v -0.424906 0.148986 0.138061
v -0.422481 0.151383 0.137274
v -0.361447 0.148986 0.262608
v -0.359384 0.151383 0.261109
v -0.312026 0.148986 0.312027
v -0.314459 0.148109 0.314460
v -0.310246 0.151383 0.310247
v -0.262606 0.148986 0.361447
v -0.261108 0.151383 0.359384
v -0.138061 0.148986 0.424907
v -0.264654 0.148109 0.364265
v -0.139137 0.148109 0.428219
v -0.283894 0.148109 0.390747
v -0.287720 0.146891 0.396014
v -0.149252 0.148109 0.459350
v -0.337320 0.148109 0.337321
v -0.390746 0.148109 0.283895
v -0.341866 0.146891 0.341868
v -0.396013 0.146891 0.287721
v -0.345721 0.143425 0.345722
v -0.290964 0.143425 0.400478
v -0.400478 0.143425 0.290965
v -0.348297 0.138237 0.348297
v -0.403461 0.138237 0.293132
v -0.349201 0.132118 0.349202
v -0.293132 0.138238 0.403462
v -0.293893 0.132118 0.404509
v -0.154109 0.138238 0.474298
v -0.154509 0.132118 0.475529
v -0.152969 0.143425 0.470791
v -0.000000 0.138238 0.498706
v -0.000000 0.132118 0.500001
v -0.000000 0.143425 0.495018
v 0.154108 0.138238 0.474298
v 0.154508 0.132118 0.475529
v 0.152968 0.143425 0.470791
v 0.293131 0.138238 0.403463
v 0.293892 0.132118 0.404509
v 0.290964 0.143425 0.400478
v 0.348296 0.138237 0.348297
v 0.403460 0.138237 0.293132
v 0.349200 0.132118 0.349202
v 0.345720 0.143425 0.345722
v 0.400477 0.143425 0.290965
v 0.341866 0.146891 0.341868
v 0.337319 0.148109 0.337321
v 0.287720 0.146891 0.396014
v 0.396012 0.146891 0.287721
v 0.390745 0.148109 0.283895
v 0.465540 0.146891 0.151265
v 0.470789 0.143425 0.152970
v 0.459349 0.148109 0.149252
v 0.477519 0.146891 0.075633
v 0.482903 0.143425 0.076485
v 0.489498 0.146891 0.000001
v 0.471168 0.148109 0.074627
v 0.482988 0.148109 0.000001
v 0.439236 0.148109 0.069570
v 0.428218 0.148109 0.139138
v 0.435839 0.148986 0.069031
v 0.450255 0.148109 0.000001
v 0.446772 0.148986 0.000001
v 0.439236 0.148109 -0.069567
v 0.471168 0.148109 -0.074624
v 0.428218 0.148109 -0.139136
v 0.435839 0.148986 -0.069029
v 0.433351 0.151383 -0.068636
v 0.424905 0.148986 -0.138059
v 0.422480 0.151383 -0.137272
v 0.361446 0.148986 -0.262606
v 0.359383 0.151383 -0.261107
v 0.364264 0.148109 -0.264652
v 0.312026 0.148986 -0.312026
v 0.314458 0.148109 -0.314458
v 0.310245 0.151383 -0.310245
v 0.262606 0.148986 -0.361446
v 0.261107 0.151383 -0.359383
v 0.138060 0.148986 -0.424905
v 0.264653 0.148109 -0.364264
v 0.283893 0.148109 -0.390745
v 0.139136 0.148109 -0.428218
v -0.000000 0.148109 -0.450254
v 0.149251 0.148109 -0.459349
v 0.151263 0.146891 -0.465540
v -0.000000 0.148109 -0.482988
v -0.000000 0.146891 -0.489498
v -0.149252 0.148109 -0.459349
v -0.151264 0.146891 -0.465540
v -0.283894 0.148109 -0.390745
v -0.139137 0.148109 -0.428218
v -0.138061 0.148986 -0.424905
v -0.264654 0.148109 -0.364264
v -0.314459 0.148109 -0.314458
v -0.262606 0.148986 -0.361446
v -0.261108 0.151383 -0.359383
v -0.312026 0.148986 -0.312026
v -0.310246 0.151383 -0.310245
v -0.359384 0.151383 -0.261107
v -0.309594 0.154657 -0.309593
v -0.358629 0.154657 -0.260558
v -0.309594 0.157126 -0.309593
v -0.260559 0.154657 -0.358628
v -0.136984 0.154657 -0.421593
v -0.260559 0.157126 -0.358628
v -0.136984 0.157126 -0.421593
v -0.260949 0.160312 -0.359165
v -0.137189 0.160312 -0.422224
v -0.262063 0.163028 -0.360697
v -0.310058 0.160312 -0.310056
v -0.359166 0.160312 -0.260948
v -0.311380 0.163028 -0.311379
v -0.360698 0.163028 -0.262061
v -0.313364 0.164873 -0.313363
v -0.263732 0.164873 -0.362994
v -0.329400 0.174283 -0.329398
v -0.362996 0.164873 -0.263730
v -0.381571 0.174283 -0.277227
v -0.426727 0.164873 -0.138651
v -0.448564 0.174283 -0.145746
v -0.437707 0.164873 -0.069325
v -0.424026 0.163028 -0.137773
v -0.422225 0.160312 -0.137189
v -0.434937 0.163028 -0.068887
v -0.445847 0.163028 0.000001
v -0.433089 0.160312 -0.068594
v -0.443953 0.160312 0.000001
v -0.432441 0.157126 -0.068491
v -0.443289 0.157126 0.000001
v -0.432441 0.154657 -0.068491
v -0.421594 0.157126 -0.136983
v -0.358629 0.157126 -0.260558
v -0.421594 0.154657 -0.136983
v -0.443289 0.154657 0.000001
v -0.432441 0.154657 0.068493
v -0.433352 0.151383 0.068637
v -0.432441 0.157126 0.068493
v -0.421594 0.154657 0.136985
v -0.421594 0.157126 0.136985
v -0.358629 0.154657 0.260560
v -0.358629 0.157126 0.260560
v -0.309594 0.154657 0.309595
v -0.309594 0.157126 0.309595
v -0.260559 0.154657 0.358629
v -0.260559 0.157126 0.358629
v -0.136984 0.154657 0.421595
v -0.136984 0.157126 0.421595
v -0.000000 0.154657 0.443291
v -0.137273 0.151383 0.422482
v -0.000000 0.151383 0.444223
v 0.137272 0.151383 0.422482
v -0.000000 0.148986 0.446774
v 0.138060 0.148986 0.424907
v -0.000000 0.148109 0.450256
v -0.000000 0.148109 0.482990
v 0.139136 0.148109 0.428219
v 0.264653 0.148109 0.364266
v 0.149251 0.148109 0.459351
v 0.151263 0.146891 0.465542
v 0.283893 0.148109 0.390747
v -0.000000 0.146891 0.489500
v -0.151264 0.146891 0.465542
v 0.314458 0.148109 0.314460
v 0.262606 0.148986 0.361447
v 0.261107 0.151383 0.359385
v 0.312026 0.148986 0.312027
v 0.310245 0.151383 0.310247
v 0.361446 0.148986 0.262608
v 0.359383 0.151383 0.261109
v 0.424905 0.148986 0.138061
v 0.364264 0.148109 0.264655
v 0.422480 0.151383 0.137274
v 0.421593 0.154657 0.136985
v 0.433351 0.151383 0.068637
v 0.444222 0.151383 0.000001
v 0.432441 0.154657 0.068493
v 0.443289 0.154657 0.000001
v 0.432441 0.157126 0.068493
v 0.443289 0.157126 0.000001
v 0.421593 0.157126 0.136985
v 0.433088 0.160312 0.068596
v 0.434936 0.163028 0.068889
v 0.443953 0.160312 0.000001
v 0.422224 0.160312 0.137190
v 0.359165 0.160312 0.260950
v 0.424025 0.163028 0.137775
v 0.360697 0.163028 0.262063
v 0.426726 0.164873 0.138653
v 0.437706 0.164873 0.069327
v 0.448563 0.174283 0.145748
v 0.362995 0.164873 0.263733
v 0.381570 0.174283 0.277229
v 0.313363 0.164873 0.313364
v 0.263731 0.164873 0.362996
v 0.311379 0.163028 0.311381
v 0.329399 0.174283 0.329401
v 0.334524 0.175614 0.334525
v 0.277227 0.174283 0.381572
v 0.281540 0.175614 0.387509
v 0.145747 0.174283 0.448565
v -0.000000 0.174283 0.471648
v 0.148014 0.175614 0.455544
v 0.138651 0.164873 0.426728
v 0.137774 0.163028 0.424027
v -0.000000 0.164873 0.448688
v -0.138652 0.164873 0.426728
v -0.000000 0.163028 0.445848
v -0.137775 0.163028 0.424026
v -0.000000 0.160312 0.443954
v 0.137189 0.160312 0.422226
v -0.137189 0.160312 0.422226
v -0.000000 0.157126 0.443291
v 0.136984 0.157126 0.421595
v 0.136984 0.154657 0.421595
v 0.260559 0.157126 0.358630
v 0.260559 0.154657 0.358630
v 0.309593 0.157126 0.309595
v 0.260948 0.160312 0.359167
v 0.262062 0.163028 0.360699
v 0.310057 0.160312 0.310059
v 0.358628 0.157126 0.260560
v 0.309593 0.154657 0.309595
v 0.358628 0.154657 0.260560
v -0.260949 0.160312 0.359166
v -0.262063 0.163028 0.360698
v -0.310057 0.160312 0.310059
v -0.359166 0.160312 0.260950
v -0.311380 0.163028 0.311380
v -0.360698 0.163028 0.262063
v -0.313364 0.164873 0.313364
v -0.329400 0.174283 0.329400
v -0.263732 0.164873 0.362996
v -0.362996 0.164873 0.263733
v -0.426727 0.164873 0.138653
v -0.381571 0.174283 0.277229
v -0.387508 0.175614 0.281542
v -0.448564 0.174283 0.145748
v -0.455543 0.175614 0.148016
v -0.460106 0.174283 0.072874
v -0.437707 0.164873 0.069327
v -0.467264 0.175614 0.074009
v -0.471648 0.174283 0.000001
v -0.478986 0.175614 0.000001
v -0.448687 0.164873 0.000001
v -0.460106 0.174283 -0.072872
v -0.467264 0.175614 -0.074006
v -0.455543 0.175614 -0.148014
v -0.473935 0.179516 -0.075063
v -0.485824 0.179516 0.000001
v -0.462047 0.179516 -0.150127
v -0.479664 0.185723 -0.075970
v -0.491696 0.185723 0.000001
v -0.467631 0.185723 -0.151941
v -0.484059 0.193814 -0.076666
v -0.496202 0.193814 0.000001
v -0.471916 0.193814 -0.153334
v -0.486822 0.203235 -0.077104
v -0.499034 0.203235 0.000001
v -0.474610 0.203235 -0.154210
v -0.487764 0.213344 -0.077253
v -0.500000 0.213344 0.000001
v -0.475528 0.213344 -0.154508
v -0.487764 0.228978 -0.077253
v -0.475528 0.228978 -0.154508
v -0.486080 0.240938 -0.076987
v -0.500000 0.228978 0.000001
v -0.487764 0.228978 0.077255
v -0.498273 0.240938 0.000001
v -0.494534 0.251897 0.000001
v -0.486080 0.240938 0.076989
v -0.473886 0.240938 0.153976
v -0.482432 0.251897 0.076411
v -0.475099 0.260981 0.075250
v -0.470330 0.251897 0.152820
v -0.463180 0.260981 0.150497
v -0.400086 0.251897 0.290681
v -0.394005 0.260981 0.286262
v -0.403112 0.240938 0.292878
v -0.345383 0.251897 0.345384
v -0.347995 0.240938 0.347996
v -0.340133 0.260981 0.340134
v -0.290680 0.251897 0.400087
v -0.286261 0.260981 0.394005
v -0.152820 0.251897 0.470331
v -0.292878 0.240938 0.403113
v -0.293893 0.228978 0.404509
v -0.153975 0.240938 0.473887
v -0.000000 0.240938 0.498275
v -0.154509 0.228978 0.475529
v -0.154509 0.213344 0.475529
v -0.000000 0.228978 0.500001
v -0.000000 0.213344 0.500001
v 0.154508 0.228978 0.475529
v 0.154508 0.213344 0.475529
v 0.293892 0.228978 0.404509
v 0.153974 0.240938 0.473887
v 0.152819 0.251897 0.470331
v 0.292877 0.240938 0.403113
v 0.290679 0.251897 0.400087
v 0.347994 0.240938 0.347996
v 0.349200 0.228978 0.349202
v 0.403111 0.240938 0.292879
v 0.345382 0.251897 0.345384
v 0.400086 0.251897 0.290681
v 0.340132 0.260981 0.340134
v 0.286260 0.260981 0.394005
v 0.330094 0.273174 0.330097
v 0.394004 0.260981 0.286262
v 0.382376 0.273174 0.277814
v 0.463179 0.260981 0.150497
v 0.475098 0.260981 0.075250
v 0.470329 0.251897 0.152820
v 0.449511 0.273174 0.146056
v 0.430912 0.286723 0.140013
v 0.461077 0.273174 0.073028
v 0.472643 0.273174 0.000001
v 0.442000 0.286723 0.070007
v 0.453088 0.286723 0.000001
v 0.410594 0.309052 0.065033
v 0.376952 0.330841 0.059704
v 0.420894 0.309052 0.000001
v 0.400294 0.309052 0.130064
v 0.340511 0.309052 0.247397
v 0.367496 0.330841 0.119407
v 0.362610 0.340667 0.117820
v 0.312611 0.330841 0.227126
v 0.308454 0.340667 0.224106
v 0.269868 0.330841 0.269869
v 0.266279 0.340667 0.266281
v 0.227125 0.330841 0.312612
v 0.293953 0.309052 0.293955
v 0.247395 0.309052 0.340512
v 0.316437 0.286723 0.316439
v 0.366556 0.286723 0.266320
v 0.266318 0.286723 0.366557
v 0.140011 0.286723 0.430914
v 0.277813 0.273174 0.382379
v 0.146055 0.273174 0.449513
v -0.000000 0.273174 0.472645
v 0.150496 0.260982 0.463181
v -0.000000 0.260982 0.487017
v -0.000000 0.251897 0.494534
v -0.150497 0.260982 0.463181
v -0.146055 0.273174 0.449512
v -0.140012 0.286723 0.430914
v -0.277813 0.273174 0.382378
v -0.266319 0.286723 0.366557
v -0.330095 0.273174 0.330096
v -0.382377 0.273174 0.277814
v -0.316437 0.286723 0.316439
v -0.366557 0.286723 0.266320
v -0.293954 0.309052 0.293954
v -0.340511 0.309052 0.247396
v -0.247396 0.309052 0.340512
v -0.269868 0.330841 0.269869
v -0.227125 0.330841 0.312612
v -0.312611 0.330841 0.227126
v -0.266281 0.340667 0.266281
v -0.265422 0.351425 0.265422
v -0.224106 0.340667 0.308455
v -0.308455 0.340667 0.224106
v -0.362610 0.340667 0.117820
v -0.307460 0.351425 0.223383
v -0.361441 0.351425 0.117440
v -0.309754 0.361912 0.225051
v -0.315043 0.370780 0.228893
v -0.267402 0.361912 0.267403
v -0.364138 0.361912 0.118317
v -0.370356 0.370780 0.120336
v -0.373508 0.361912 0.059159
v -0.370741 0.351425 0.058721
v -0.379885 0.370780 0.060168
v -0.382877 0.361912 0.000001
v -0.380041 0.351425 0.000001
v -0.389414 0.370780 0.000001
v -0.373508 0.361912 -0.059157
v -0.364138 0.361912 -0.118315
v -0.370741 0.351425 -0.058719
v -0.379885 0.370780 -0.060167
v -0.370356 0.370780 -0.120335
v -0.381546 0.372381 -0.060430
v -0.371975 0.372381 -0.120861
v -0.386458 0.379468 -0.061208
v -0.391117 0.372381 0.000001
v -0.396153 0.379468 0.000001
v -0.381546 0.372381 0.060432
v -0.371975 0.372381 0.120863
v -0.386458 0.379468 0.061210
v -0.388186 0.387826 0.061484
v -0.376764 0.379468 0.122419
v -0.378448 0.387826 0.122966
v -0.320495 0.379468 0.232854
v -0.321927 0.387826 0.233895
v -0.316420 0.372381 0.229894
v -0.276675 0.379468 0.276675
v -0.273156 0.372381 0.273158
v -0.277910 0.387826 0.277911
v -0.232853 0.379468 0.320495
v -0.233894 0.387826 0.321927
v -0.122419 0.379468 0.376765
v -0.229893 0.372381 0.316421
v -0.228892 0.370780 0.315044
v -0.120862 0.372381 0.371975
v -0.000000 0.372381 0.391118
v -0.120336 0.370780 0.370356
v -0.118316 0.361912 0.364139
v -0.000000 0.370780 0.389416
v 0.120336 0.370780 0.370356
v -0.000000 0.361912 0.382878
v 0.118315 0.361912 0.364139
v -0.000000 0.351425 0.380042
v -0.117440 0.351425 0.361441
v 0.117439 0.351425 0.361442
v -0.000000 0.340667 0.381272
v -0.117820 0.340667 0.362611
v 0.117819 0.340667 0.362611
v -0.000000 0.330841 0.386409
v 0.119407 0.330841 0.367497
v -0.000000 0.309052 0.420896
v -0.119407 0.330841 0.367497
v -0.130064 0.309052 0.400296
v 0.130064 0.309052 0.400296
v -0.000000 0.286723 0.453090
v 0.224105 0.340667 0.308456
v 0.223382 0.351425 0.307461
v 0.225049 0.361912 0.309755
v 0.265420 0.351425 0.265422
v 0.307459 0.351425 0.223384
v 0.267401 0.361912 0.267403
v 0.309754 0.361912 0.225051
v 0.271967 0.370780 0.271968
v 0.228891 0.370780 0.315044
v 0.315042 0.370780 0.228893
v 0.273157 0.372381 0.273158
v 0.316420 0.372381 0.229894
v 0.229893 0.372381 0.316422
v 0.276674 0.379468 0.276675
v 0.320494 0.379468 0.232854
v 0.232852 0.379468 0.320496
v 0.277909 0.387826 0.277911
v 0.233893 0.387826 0.321928
v 0.277909 0.396384 0.277911
v 0.321926 0.387826 0.233895
v 0.321926 0.396384 0.233895
v 0.378447 0.387826 0.122966
v 0.378447 0.396384 0.122966
v 0.388185 0.387826 0.061484
v 0.376764 0.379468 0.122419
v 0.371974 0.372381 0.120863
v 0.386459 0.379468 0.061210
v 0.381545 0.372381 0.060432
v 0.396153 0.379468 0.000001
v 0.397922 0.387826 0.000001
v 0.386459 0.379468 -0.061208
v 0.391116 0.372381 0.000001
v 0.389414 0.370780 0.000001
v 0.381545 0.372381 -0.060430
v 0.371974 0.372381 -0.120861
v 0.379884 0.370780 -0.060167
v 0.373507 0.361912 -0.059157
v 0.370355 0.370780 -0.120335
v 0.364137 0.361912 -0.118315
v 0.315042 0.370780 -0.228892
v 0.309753 0.361912 -0.225049
v 0.271967 0.370780 -0.271967
v 0.316419 0.372381 -0.229892
v 0.320494 0.379467 -0.232852
v 0.273156 0.372381 -0.273156
v 0.229893 0.372381 -0.316420
v 0.276674 0.379467 -0.276673
v 0.277909 0.387826 -0.277909
v 0.232852 0.379467 -0.320494
v 0.233893 0.387826 -0.321926
v 0.122418 0.379467 -0.376763
v 0.122964 0.387826 -0.378446
v 0.120861 0.372381 -0.371974
v -0.000000 0.379467 -0.396152
v -0.000000 0.387826 -0.397922
v -0.000000 0.372381 -0.391116
v -0.122419 0.379467 -0.376763
v -0.120862 0.372381 -0.371974
v -0.232853 0.379467 -0.320494
v -0.122965 0.387826 -0.378447
v -0.122965 0.396384 -0.378447
v -0.233894 0.387826 -0.321926
v -0.233894 0.396384 -0.321926
v -0.277910 0.387826 -0.277909
v -0.276675 0.379467 -0.276673
v -0.321927 0.387826 -0.233893
v -0.277910 0.396384 -0.277909
v -0.321927 0.396384 -0.233893
v -0.276675 0.404743 -0.276673
v -0.273156 0.411830 -0.273156
v -0.320495 0.404743 -0.232852
v -0.232853 0.404743 -0.320494
v -0.122419 0.404743 -0.376763
v -0.229893 0.411830 -0.316420
v -0.120862 0.411830 -0.371974
v -0.223893 0.421425 -0.308161
v -0.117708 0.421425 -0.362265
v -0.219178 0.427212 -0.301672
v -0.266027 0.421425 -0.266026
v -0.308162 0.421425 -0.223892
v -0.260426 0.427212 -0.260425
v -0.301673 0.427212 -0.219177
v -0.253906 0.430846 -0.253905
v -0.294121 0.430846 -0.213690
v -0.246905 0.432086 -0.246904
v -0.213691 0.430846 -0.294119
v -0.112344 0.430846 -0.345758
v -0.207799 0.432086 -0.286010
v -0.195401 0.436816 -0.268945
v -0.109247 0.432086 -0.336225
v -0.000000 0.432086 -0.353528
v -0.102728 0.436816 -0.316164
v -0.000000 0.436816 -0.332435
v -0.101868 0.438105 -0.313513
v -0.101272 0.440398 -0.311681
v -0.193763 0.438105 -0.266690
v -0.000000 0.438105 -0.329647
v 0.101866 0.438105 -0.313513
v -0.000000 0.440398 -0.327721
v 0.101271 0.440398 -0.311681
v -0.000000 0.443246 -0.327034
v 0.101059 0.443246 -0.311028
v -0.000000 0.447748 -0.327034
v -0.101060 0.443246 -0.311028
v -0.101060 0.447748 -0.311028
v -0.192226 0.443246 -0.264576
v -0.192226 0.447748 -0.264576
v -0.228402 0.443246 -0.228400
v -0.192630 0.440398 -0.265131
v -0.228882 0.440398 -0.228881
v -0.265133 0.440398 -0.192629
v -0.230227 0.438105 -0.230226
v -0.266691 0.438105 -0.193761
v -0.232174 0.436816 -0.232173
v -0.268946 0.436816 -0.195400
v -0.286011 0.432086 -0.207798
v -0.316166 0.436816 -0.102728
v -0.336227 0.432086 -0.109246
v -0.324300 0.436816 -0.051363
v -0.313514 0.438105 -0.101866
v -0.311682 0.440398 -0.101271
v -0.321582 0.438105 -0.050933
v -0.329649 0.438105 0.000001
v -0.319702 0.440398 -0.050635
v -0.319032 0.443246 -0.050529
v -0.327722 0.440398 0.000001
v -0.327035 0.443246 0.000001
v -0.319702 0.440398 0.050637
v -0.319032 0.443246 0.050531
v -0.311682 0.440398 0.101272
v -0.321582 0.438105 0.050935
v -0.324300 0.436816 0.051365
v -0.313514 0.438105 0.101868
v -0.266691 0.438105 0.193763
v -0.316166 0.436816 0.102729
v -0.336227 0.432086 0.109248
v -0.268946 0.436816 0.195402
v -0.286011 0.432086 0.207800
v -0.232174 0.436816 0.232174
v -0.195401 0.436816 0.268947
v -0.246905 0.432086 0.246906
v -0.230227 0.438105 0.230227
v -0.228882 0.440398 0.228882
v -0.193763 0.438105 0.266692
v -0.192630 0.440398 0.265133
v -0.101868 0.438105 0.313515
v -0.101272 0.440398 0.311682
v -0.102729 0.436816 0.316166
v -0.000000 0.438105 0.329649
v -0.000000 0.440398 0.327723
v -0.000000 0.436816 0.332437
v 0.101866 0.438105 0.313516
v 0.193762 0.438105 0.266692
v 0.101271 0.440398 0.311683
v 0.102728 0.436816 0.316166
v 0.109246 0.432086 0.336228
v 0.195401 0.436816 0.268947
v 0.207799 0.432086 0.286012
v 0.232173 0.436816 0.232174
v 0.268946 0.436816 0.195402
v 0.246905 0.432086 0.246906
v 0.230226 0.438105 0.230228
v 0.228881 0.440398 0.228882
v 0.266691 0.438105 0.193764
v 0.265132 0.440398 0.192631
v 0.313514 0.438105 0.101868
v 0.311681 0.440398 0.101272
v 0.316165 0.436816 0.102729
v 0.321581 0.438105 0.050935
v 0.324300 0.436816 0.051365
v 0.319701 0.440398 0.050637
v 0.329648 0.438105 0.000001
v 0.327721 0.440398 0.000001
v 0.321581 0.438105 -0.050933
v 0.332435 0.436816 0.000001
v 0.353529 0.432086 0.000001
v 0.324300 0.436816 -0.051363
v 0.316165 0.436816 -0.102728
v 0.344877 0.432086 -0.054622
v 0.336225 0.432086 -0.109246
v 0.354655 0.430846 -0.056171
v 0.363552 0.430846 0.000001
v 0.363762 0.427212 -0.057613
v 0.345758 0.430846 -0.112343
v 0.354637 0.427212 -0.115228
v 0.294120 0.430846 -0.213690
v 0.301672 0.427212 -0.219177
v 0.286010 0.432086 -0.207798
v 0.253905 0.430846 -0.253905
v 0.260425 0.427212 -0.260425
v 0.246905 0.432086 -0.246904
v 0.213690 0.430846 -0.294120
v 0.219177 0.427212 -0.301672
v 0.207799 0.432086 -0.286010
v 0.112343 0.430846 -0.345758
v 0.115228 0.427212 -0.354637
v 0.109246 0.432086 -0.336225
v -0.000000 0.430846 -0.363552
v -0.000000 0.427212 -0.372887
v -0.000000 0.421425 -0.380908
v -0.115229 0.427212 -0.354637
v 0.117707 0.421425 -0.362265
v -0.000000 0.411830 -0.391116
v -0.000000 0.404743 -0.396152
v 0.120861 0.411830 -0.371974
v 0.229893 0.411830 -0.316420
v 0.122418 0.404743 -0.376763
v 0.232852 0.404743 -0.320494
v 0.122964 0.396384 -0.378446
v 0.233893 0.396384 -0.321926
v -0.000000 0.396384 -0.397922
v 0.277909 0.396384 -0.277909
v 0.321926 0.396384 -0.233893
v 0.276674 0.404743 -0.276673
v 0.320494 0.404743 -0.232852
v 0.273156 0.411830 -0.273156
v 0.316419 0.411830 -0.229892
v 0.266026 0.421425 -0.266026
v 0.308161 0.421425 -0.223892
v 0.223892 0.421425 -0.308161
v 0.362265 0.421425 -0.117707
v 0.371974 0.411830 -0.120861
v 0.371587 0.421425 -0.058853
v 0.380908 0.421425 0.000001
v 0.381545 0.411830 -0.060430
v 0.386459 0.404743 -0.061208
v 0.391116 0.411830 0.000001
v 0.396153 0.404743 0.000001
v 0.381545 0.411830 0.060432
v 0.371974 0.411830 0.120863
v 0.386459 0.404743 0.061210
v 0.371587 0.421425 0.058854
v 0.363762 0.427212 0.057615
v 0.362265 0.421425 0.117708
v 0.308161 0.421425 0.223894
v 0.354637 0.427212 0.115230
v 0.301672 0.427212 0.219179
v 0.345758 0.430846 0.112345
v 0.294120 0.430846 0.213692
v 0.336225 0.432086 0.109248
v 0.354655 0.430846 0.056173
v 0.344877 0.432086 0.054624
v 0.286011 0.432086 0.207800
v 0.253905 0.430846 0.253907
v 0.213690 0.430846 0.294121
v 0.260425 0.427212 0.260426
v 0.219178 0.427212 0.301674
v 0.266026 0.421425 0.266028
v 0.223892 0.421425 0.308163
v 0.273157 0.411830 0.273158
v 0.276674 0.404743 0.276675
v 0.316420 0.411830 0.229894
v 0.229893 0.411830 0.316422
v 0.232852 0.404743 0.320496
v 0.120861 0.411830 0.371975
v 0.122418 0.404743 0.376765
v -0.000000 0.411830 0.391118
v 0.117707 0.421425 0.362267
v 0.115228 0.427212 0.354639
v -0.000000 0.421425 0.380910
v -0.117708 0.421425 0.362267
v -0.000000 0.427212 0.372889
v -0.115229 0.427212 0.354639
v -0.000000 0.430846 0.363553
v -0.112344 0.430846 0.345760
v 0.112344 0.430846 0.345760
v -0.000000 0.432086 0.353530
v -0.109247 0.432086 0.336227
v -0.207799 0.432086 0.286012
v -0.213691 0.430846 0.294121
v -0.219178 0.427212 0.301674
v -0.253906 0.430846 0.253906
v -0.294120 0.430846 0.213692
v -0.260426 0.427212 0.260426
v -0.301673 0.427212 0.219179
v -0.266027 0.421425 0.266028
v -0.308162 0.421425 0.223894
v -0.273156 0.411830 0.273158
v -0.223893 0.421425 0.308163
v -0.229893 0.411830 0.316421
v -0.232853 0.404743 0.320495
v -0.120862 0.411830 0.371975
v -0.122419 0.404743 0.376765
v -0.122965 0.396384 0.378448
v -0.000000 0.404743 0.396154
v -0.000000 0.396384 0.397924
v 0.122965 0.396384 0.378449
v -0.000000 0.387826 0.397924
v -0.000000 0.379468 0.396154
v 0.122965 0.387826 0.378449
v -0.122965 0.387826 0.378448
v 0.122418 0.379468 0.376765
v 0.120861 0.372381 0.371975
v 0.233893 0.396384 0.321928
v -0.233894 0.396384 0.321927
v -0.277910 0.396384 0.277911
v -0.321927 0.396384 0.233895
v -0.276675 0.404743 0.276675
v -0.320495 0.404743 0.232854
v -0.376764 0.404743 0.122419
v -0.316420 0.411830 0.229894
v -0.371975 0.411830 0.120863
v -0.381546 0.411830 0.060432
v -0.362266 0.421425 0.117708
v -0.354638 0.427212 0.115230
v -0.371587 0.421425 0.058854
v -0.380909 0.421425 0.000001
v -0.363763 0.427212 0.057615
v -0.372888 0.427212 0.000001
v -0.354656 0.430846 0.056173
v -0.363553 0.430846 0.000001
v -0.344878 0.432086 0.054624
v -0.345759 0.430846 0.112345
v -0.353529 0.432086 0.000001
v -0.332436 0.436816 0.000001
v -0.344878 0.432086 -0.054622
v -0.354656 0.430846 -0.056171
v -0.363763 0.427212 -0.057613
v -0.345759 0.430846 -0.112343
v -0.354638 0.427212 -0.115228
v -0.362266 0.421425 -0.117707
v -0.371587 0.421425 -0.058853
v -0.371975 0.411830 -0.120861
v -0.316420 0.411830 -0.229892
v -0.376764 0.404743 -0.122418
v -0.381546 0.411830 -0.060430
v -0.386458 0.404743 -0.061208
v -0.391117 0.411830 0.000001
v -0.396153 0.404743 0.000001
v -0.386458 0.404743 0.061210
v -0.397923 0.396384 0.000001
v -0.397923 0.387826 0.000001
v -0.388186 0.396384 0.061484
v -0.388186 0.396384 -0.061482
v -0.378448 0.396384 -0.122965
v -0.388186 0.387826 -0.061482
v -0.378448 0.387826 -0.122965
v -0.376764 0.379468 -0.122418
v -0.320495 0.379467 -0.232852
v -0.316420 0.372381 -0.229892
v -0.315043 0.370780 -0.228891
v -0.273156 0.372381 -0.273156
v -0.271968 0.370780 -0.271967
v -0.229893 0.372381 -0.316420
v -0.228892 0.370780 -0.315042
v -0.120336 0.370780 -0.370355
v -0.225050 0.361912 -0.309753
v -0.118316 0.361912 -0.364137
v -0.223383 0.351425 -0.307459
v -0.267402 0.361912 -0.267401
v -0.265422 0.351425 -0.265420
v -0.309754 0.361912 -0.225049
v -0.307460 0.351425 -0.223382
v -0.308455 0.340667 -0.224104
v -0.361441 0.351425 -0.117438
v -0.362610 0.340667 -0.117818
v -0.367497 0.330841 -0.119406
v -0.371940 0.340667 -0.058908
v -0.381271 0.340667 0.000001
v -0.376953 0.330841 -0.059702
v -0.386409 0.330841 0.000001
v -0.410595 0.309052 -0.065031
v -0.420895 0.309052 0.000001
v -0.400295 0.309052 -0.130063
v -0.442001 0.286723 -0.070005
v -0.453088 0.286723 0.000001
v -0.461078 0.273174 -0.073026
v -0.430913 0.286723 -0.140011
v -0.366557 0.286722 -0.266318
v -0.449512 0.273174 -0.146054
v -0.382377 0.273174 -0.277813
v -0.463180 0.260981 -0.150495
v -0.475099 0.260981 -0.075247
v -0.470330 0.251897 -0.152819
v -0.394005 0.260981 -0.286260
v -0.400086 0.251897 -0.290679
v -0.340133 0.260981 -0.340132
v -0.286261 0.260981 -0.394004
v -0.345383 0.251897 -0.345382
v -0.330095 0.273174 -0.330094
v -0.316437 0.286722 -0.316437
v -0.277813 0.273174 -0.382376
v -0.146055 0.273174 -0.449510
v -0.266319 0.286722 -0.366556
v -0.140012 0.286722 -0.430912
v -0.247396 0.309052 -0.340510
v -0.130064 0.309052 -0.400294
v -0.293954 0.309052 -0.293953
v -0.227125 0.330841 -0.312610
v -0.269868 0.330841 -0.269867
v -0.224106 0.340667 -0.308453
v -0.119407 0.330841 -0.367496
v -0.000000 0.330841 -0.386407
v -0.117820 0.340667 -0.362609
v -0.117440 0.351425 -0.361440
v -0.000000 0.340667 -0.381270
v -0.000000 0.351425 -0.380040
v 0.117819 0.340667 -0.362609
v 0.224105 0.340667 -0.308454
v 0.119406 0.330841 -0.367496
v 0.117439 0.351425 -0.361440
v 0.223382 0.351425 -0.307459
v 0.118315 0.361912 -0.364137
v 0.120335 0.370780 -0.370355
v -0.000000 0.361912 -0.382877
v 0.225049 0.361912 -0.309753
v 0.228891 0.370780 -0.315042
v 0.267401 0.361912 -0.267401
v 0.265420 0.351425 -0.265420
v 0.266279 0.340667 -0.266279
v 0.307459 0.351425 -0.223382
v 0.361440 0.351425 -0.117438
v 0.308454 0.340667 -0.224104
v 0.312610 0.330841 -0.227125
v 0.362610 0.340667 -0.117818
v 0.367496 0.330841 -0.119406
v 0.371940 0.340667 -0.058908
v 0.370740 0.351425 -0.058719
v 0.381270 0.340667 0.000001
v 0.376952 0.330841 -0.059702
v 0.386408 0.330841 0.000001
v 0.410594 0.309052 -0.065031
v 0.442000 0.286723 -0.070005
v 0.400294 0.309052 -0.130063
v 0.340511 0.309052 -0.247395
v 0.430912 0.286723 -0.140011
v 0.366556 0.286722 -0.266318
v 0.449511 0.273174 -0.146054
v 0.382376 0.273174 -0.277813
v 0.463179 0.260981 -0.150495
v 0.461077 0.273174 -0.073026
v 0.475098 0.260981 -0.075247
v 0.482431 0.251897 -0.076409
v 0.487015 0.260981 0.000001
v 0.494533 0.251897 0.000001
v 0.498273 0.240938 0.000001
v 0.482431 0.251897 0.076411
v 0.486079 0.240938 0.076989
v 0.487764 0.228978 0.077255
v 0.473886 0.240938 0.153976
v 0.475528 0.228978 0.154509
v 0.475528 0.213344 0.154509
v 0.404508 0.228978 0.293894
v 0.404508 0.213344 0.293894
v 0.403726 0.203235 0.293326
v 0.349200 0.213344 0.349202
v 0.293892 0.213344 0.404509
v 0.348525 0.203235 0.348527
v 0.293324 0.203235 0.403729
v 0.346547 0.193814 0.346549
v 0.291659 0.193814 0.401437
v 0.343401 0.185723 0.343402
v 0.401435 0.193814 0.291661
v 0.397790 0.185723 0.289013
v 0.471915 0.193814 0.153336
v 0.467630 0.185723 0.151943
v 0.474609 0.203235 0.154212
v 0.484058 0.193814 0.076668
v 0.496201 0.193814 0.000001
v 0.479663 0.185723 0.075972
v 0.486821 0.203235 0.077106
v 0.487764 0.213344 0.077255
v 0.499033 0.203235 0.000001
v 0.500000 0.213344 0.000001
v 0.486821 0.203235 -0.077104
v 0.484058 0.193814 -0.076666
v 0.474609 0.203235 -0.154210
v 0.487764 0.213344 -0.077253
v 0.475528 0.213344 -0.154508
v 0.487764 0.228978 -0.077253
v 0.486079 0.240938 -0.076987
v 0.475528 0.228978 -0.154508
v 0.500000 0.228978 0.000001
v 0.404508 0.228978 -0.293892
v 0.473886 0.240938 -0.153974
v 0.470329 0.251897 -0.152819
v 0.403111 0.240938 -0.292877
v 0.400085 0.251897 -0.290679
v 0.347994 0.240938 -0.347994
v 0.349200 0.228978 -0.349200
v 0.292877 0.240938 -0.403111
v 0.345382 0.251897 -0.345382
v 0.340132 0.260981 -0.340132
v 0.290679 0.251897 -0.400086
v 0.286260 0.260981 -0.394004
v 0.152819 0.251897 -0.470329
v 0.150496 0.260981 -0.463180
v 0.153974 0.240938 -0.473885
v -0.000000 0.251897 -0.494533
v -0.000000 0.260981 -0.487015
v -0.000000 0.240938 -0.498273
v -0.152820 0.251897 -0.470329
v -0.153975 0.240938 -0.473885
v -0.290680 0.251897 -0.400086
v -0.150497 0.260981 -0.463180
v -0.292878 0.240938 -0.403111
v -0.293893 0.228978 -0.404508
v -0.347995 0.240938 -0.347994
v -0.349201 0.228978 -0.349200
v -0.403112 0.240938 -0.292877
v -0.404509 0.228978 -0.293892
v -0.473886 0.240938 -0.153974
v -0.404509 0.213344 -0.293892
v -0.403727 0.203235 -0.293324
v -0.349201 0.213344 -0.349200
v -0.293893 0.213344 -0.404508
v -0.348526 0.203235 -0.348525
v -0.346548 0.193814 -0.346547
v -0.293325 0.203235 -0.403726
v -0.154210 0.203235 -0.474608
v -0.291660 0.193814 -0.401435
v -0.289012 0.185723 -0.397790
v -0.153335 0.193814 -0.471915
v -0.000000 0.193814 -0.496200
v -0.151943 0.185723 -0.467630
v -0.150128 0.179516 -0.462045
v -0.000000 0.185723 -0.491695
v 0.151942 0.185723 -0.467630
v -0.000000 0.179516 -0.485823
v -0.000000 0.175614 -0.478985
v 0.150127 0.179516 -0.462045
v 0.285559 0.179516 -0.393039
v 0.148014 0.175614 -0.455542
v 0.145746 0.174283 -0.448563
v 0.281540 0.175614 -0.387507
v 0.277227 0.174283 -0.381570
v 0.334524 0.175614 -0.334524
v 0.387507 0.175614 -0.281540
v 0.329399 0.174283 -0.329398
v 0.339299 0.179516 -0.339299
v 0.393039 0.179516 -0.285559
v 0.343401 0.185723 -0.343400
v 0.289011 0.185723 -0.397790
v 0.397790 0.185723 -0.289011
v 0.346547 0.193814 -0.346547
v 0.291659 0.193814 -0.401435
v 0.401435 0.193814 -0.291659
v 0.348525 0.203235 -0.348525
v 0.293324 0.203235 -0.403727
v 0.403726 0.203235 -0.293324
v 0.349200 0.213344 -0.349200
v 0.293892 0.213344 -0.404508
v 0.404508 0.213344 -0.293892
v 0.154508 0.213344 -0.475528
v 0.293892 0.228978 -0.404508
v 0.154508 0.228978 -0.475528
v -0.000000 0.228978 -0.499999
v -0.154509 0.228978 -0.475528
v -0.000000 0.213344 -0.499999
v -0.000000 0.203235 -0.499033
v -0.154509 0.213344 -0.475528
v 0.154209 0.203235 -0.474608
v 0.153334 0.193814 -0.471915
v 0.471915 0.193814 -0.153334
v 0.467630 0.185723 -0.151941
v 0.462045 0.179516 -0.150127
v 0.479663 0.185723 -0.075970
v 0.473934 0.179516 -0.075063
v 0.491696 0.185723 0.000001
v 0.485823 0.179516 0.000001
v 0.478985 0.175614 0.000001
v 0.473934 0.179516 0.075065
v 0.462045 0.179516 0.150129
v 0.467263 0.175614 0.074009
v 0.455542 0.175614 0.148016
v 0.460105 0.174283 0.072874
v 0.471647 0.174283 0.000001
v 0.460105 0.174283 -0.072872
v 0.448686 0.164873 0.000001
v 0.445846 0.163028 0.000001
v 0.437706 0.164873 -0.069325
v 0.426726 0.164873 -0.138651
v 0.434936 0.163028 -0.068887
v 0.433088 0.160312 -0.068594
v 0.424025 0.163028 -0.137773
v 0.422224 0.160312 -0.137189
v 0.360697 0.163028 -0.262061
v 0.359165 0.160312 -0.260949
v 0.362995 0.164873 -0.263730
v 0.311379 0.163028 -0.311379
v 0.310057 0.160312 -0.310056
v 0.313363 0.164873 -0.313363
v 0.262062 0.163028 -0.360697
v 0.260948 0.160312 -0.359165
v 0.263731 0.164873 -0.362994
v 0.137774 0.163028 -0.424025
v 0.137188 0.160312 -0.422224
v 0.138651 0.164873 -0.426726
v -0.000000 0.163028 -0.445846
v -0.000000 0.160312 -0.443952
v -0.000000 0.164873 -0.448686
v -0.137775 0.163028 -0.424025
v -0.138652 0.164873 -0.426726
v -0.145747 0.174283 -0.448563
v -0.148015 0.175614 -0.455542
v -0.277228 0.174283 -0.381570
v -0.000000 0.174283 -0.471647
v -0.281541 0.175614 -0.387507
v -0.285560 0.179516 -0.393039
v -0.334525 0.175614 -0.334524
v -0.339300 0.179516 -0.339299
v -0.387508 0.175614 -0.281540
v -0.393040 0.179516 -0.285559
v -0.397791 0.185723 -0.289011
v -0.401435 0.193814 -0.291659
v -0.343401 0.185723 -0.343400
v -0.000000 0.157126 -0.443289
v 0.136983 0.157126 -0.421593
v -0.000000 0.154657 -0.443289
v 0.136983 0.154657 -0.421593
v -0.000000 0.151383 -0.444222
v 0.137271 0.151383 -0.422480
v -0.000000 0.148986 -0.446771
v -0.137273 0.151383 -0.422480
v 0.260559 0.154657 -0.358628
v 0.260559 0.157126 -0.358628
v 0.309593 0.154657 -0.309593
v 0.358628 0.154657 -0.260558
v 0.309593 0.157126 -0.309593
v 0.358628 0.157126 -0.260558
v 0.421593 0.157126 -0.136983
v 0.421593 0.154657 -0.136983
v 0.432441 0.157126 -0.068491
v 0.432441 0.154657 -0.068491
v 0.381570 0.174283 -0.277227
v 0.448563 0.174283 -0.145746
v 0.455542 0.175614 -0.148014
v 0.467263 0.175614 -0.074006
v 0.387507 0.175614 0.281542
v 0.393039 0.179516 0.285561
v 0.339299 0.179516 0.339301
v 0.285559 0.179516 0.393041
v 0.289011 0.185724 0.397792
v 0.150127 0.179516 0.462047
v -0.000000 0.179516 0.485825
v 0.151942 0.185724 0.467632
v -0.000000 0.185724 0.491697
v 0.153334 0.193814 0.471917
v -0.000000 0.193814 0.496202
v 0.154209 0.203235 0.474611
v -0.000000 0.203235 0.499035
v -0.154210 0.203235 0.474611
v -0.293325 0.203235 0.403728
v -0.153335 0.193814 0.471917
v -0.291660 0.193814 0.401436
v -0.151943 0.185724 0.467632
v -0.150128 0.179516 0.462047
v -0.289012 0.185724 0.397791
v -0.285560 0.179516 0.393041
v -0.343401 0.185723 0.343402
v -0.397791 0.185723 0.289012
v -0.339300 0.179516 0.339301
v -0.346548 0.193814 0.346548
v -0.401435 0.193814 0.291661
v -0.348526 0.203235 0.348527
v -0.403727 0.203235 0.293326
v -0.349201 0.213344 0.349202
v -0.293893 0.213344 0.404509
v -0.404509 0.213344 0.293894
v -0.349201 0.228978 0.349202
v -0.404509 0.228978 0.293894
v -0.475528 0.228978 0.154509
v -0.475528 0.213344 0.154509
v -0.474610 0.203235 0.154211
v -0.487764 0.213344 0.077255
v -0.486822 0.203235 0.077106
v -0.484059 0.193814 0.076668
v -0.471916 0.193814 0.153335
v -0.479664 0.185723 0.075972
v -0.467631 0.185723 0.151943
v -0.473935 0.179516 0.075065
v -0.462047 0.179516 0.150129
v -0.393040 0.179516 0.285561
v -0.334525 0.175614 0.334525
v -0.281541 0.175614 0.387509
v -0.277228 0.174283 0.381572
v -0.148015 0.175614 0.455544
v -0.145747 0.174283 0.448565
v -0.000000 0.175614 0.478987
v -0.000000 0.273174 -0.472643
v 0.146055 0.273174 -0.449510
v -0.000000 0.286722 -0.453088
v 0.140011 0.286722 -0.430912
v -0.000000 0.309052 -0.420894
v 0.130063 0.309052 -0.400294
v 0.247395 0.309052 -0.340510
v 0.266318 0.286722 -0.366556
v 0.227124 0.330841 -0.312610
v 0.293953 0.309052 -0.293953
v 0.316437 0.286722 -0.316437
v 0.269867 0.330841 -0.269867
v 0.330094 0.273174 -0.330095
v 0.277812 0.273174 -0.382377
v 0.394004 0.260981 -0.286260
v 0.380041 0.351425 0.000001
v 0.371940 0.340667 0.058910
v 0.370741 0.351425 0.058721
v 0.373507 0.361912 0.059159
v 0.361440 0.351425 0.117440
v 0.364137 0.361912 0.118317
v 0.370355 0.370780 0.120337
v 0.379884 0.370780 0.060169
v 0.382877 0.361912 0.000001
v -0.000000 0.370780 -0.389414
v -0.266281 0.340667 -0.266279
v -0.312611 0.330841 -0.227124
v -0.340511 0.309052 -0.247395
v -0.482432 0.251897 -0.076409
v -0.487017 0.260981 0.000001
v -0.472644 0.273174 0.000001
v -0.461078 0.273174 0.073028
v -0.442001 0.286723 0.070007
v -0.449512 0.273174 0.146056
v -0.430913 0.286723 0.140013
v -0.400295 0.309052 0.130064
v -0.367497 0.330841 0.119407
v -0.410595 0.309052 0.065033
v -0.376953 0.330841 0.059704
v -0.371940 0.340667 0.058910
v -0.378448 0.396384 0.122966
v 0.320494 0.404743 0.232854
v 0.376764 0.404743 0.122419
v 0.372888 0.427212 0.000001
v 0.388185 0.396384 0.061484
v 0.397922 0.396384 0.000001
v 0.388185 0.396384 -0.061482
v 0.378447 0.396384 -0.122965
v 0.388185 0.387826 -0.061482
v 0.378447 0.387826 -0.122965
v 0.321926 0.387826 -0.233893
v 0.376764 0.379468 -0.122418
v 0.376764 0.404743 -0.122418
v 0.102728 0.436816 -0.316164
v 0.195400 0.436816 -0.268945
v 0.232173 0.436816 -0.232173
v 0.193762 0.438105 -0.266690
v 0.192629 0.440398 -0.265131
v 0.230226 0.438105 -0.230226
v 0.266690 0.438105 -0.193761
v 0.228881 0.440398 -0.228881
v 0.228401 0.443246 -0.228401
v 0.265132 0.440398 -0.192629
v 0.264576 0.443246 -0.192226
v 0.311681 0.440398 -0.101271
v 0.311028 0.443246 -0.101058
v 0.313514 0.438105 -0.101866
v 0.319701 0.440398 -0.050635
v 0.319032 0.443246 -0.050529
v 0.327035 0.443246 0.000001
v 0.319032 0.447748 -0.050529
v 0.327035 0.447748 0.000001
v 0.319705 0.450598 -0.050635
v 0.311028 0.447748 -0.101058
v 0.264576 0.447748 -0.192226
v 0.311685 0.450598 -0.101271
v 0.313527 0.452886 -0.101870
v 0.265135 0.450598 -0.192632
v 0.266701 0.452886 -0.193770
v 0.228883 0.450598 -0.228883
v 0.228401 0.447748 -0.228401
v 0.230235 0.452886 -0.230236
v 0.192631 0.450598 -0.265135
v 0.192226 0.447748 -0.264576
v 0.193770 0.452886 -0.266702
v 0.101272 0.450598 -0.311685
v 0.101059 0.447748 -0.311028
v 0.101871 0.452886 -0.313526
v -0.000000 0.450598 -0.327725
v -0.000000 0.452886 -0.329662
v -0.101273 0.450598 -0.311685
v -0.101872 0.452886 -0.313526
v -0.192633 0.450598 -0.265135
v -0.193771 0.452886 -0.266702
v -0.228884 0.450598 -0.228883
v -0.228402 0.447748 -0.228400
v -0.265136 0.450598 -0.192632
v -0.230236 0.452886 -0.230236
v -0.266702 0.452886 -0.193770
v -0.232190 0.454161 -0.232190
v -0.195415 0.454161 -0.268965
v -0.268966 0.454161 -0.195414
v -0.246905 0.458739 -0.246904
v -0.286011 0.458739 -0.207798
v -0.207799 0.458739 -0.286010
v -0.253906 0.459979 -0.253905
v -0.294121 0.459979 -0.213690
v -0.213691 0.459979 -0.294119
v -0.260426 0.463612 -0.260425
v -0.266027 0.469400 -0.266026
v -0.301673 0.463612 -0.219177
v -0.219178 0.463612 -0.301672
v -0.115229 0.463612 -0.354637
v -0.223893 0.469400 -0.308161
v -0.229893 0.478995 -0.316420
v -0.117708 0.469400 -0.362265
v -0.000000 0.469400 -0.380908
v -0.120862 0.478995 -0.371974
v -0.122419 0.486082 -0.376763
v -0.000000 0.478995 -0.391116
v 0.120861 0.478995 -0.371974
v -0.000000 0.486082 -0.396152
v 0.122418 0.486082 -0.376763
v -0.000000 0.494441 -0.397922
v 0.122964 0.494441 -0.378446
v -0.000000 0.502999 -0.397922
v -0.122965 0.494441 -0.378447
v -0.122965 0.502999 -0.378447
v -0.233894 0.494441 -0.321926
v -0.233894 0.502999 -0.321926
v -0.277910 0.494441 -0.277909
v -0.232853 0.486082 -0.320494
v -0.276675 0.486082 -0.276673
v -0.273156 0.478995 -0.273156
v -0.320495 0.486082 -0.232852
v -0.321927 0.494441 -0.233893
v -0.376764 0.486082 -0.122418
v -0.316420 0.478995 -0.229892
v -0.308162 0.469400 -0.223892
v -0.371975 0.478995 -0.120861
v -0.362266 0.469400 -0.117707
v -0.381546 0.478995 -0.060430
v -0.371587 0.469400 -0.058853
v -0.386458 0.486082 -0.061208
v -0.391117 0.478995 0.000001
v -0.380909 0.469400 0.000001
v -0.396153 0.486082 0.000001
v -0.381546 0.478995 0.060432
v -0.371975 0.478995 0.120863
v -0.371587 0.469400 0.058854
v -0.386458 0.486082 0.061210
v -0.388186 0.494441 0.061483
v -0.376764 0.486082 0.122419
v -0.378448 0.494441 0.122966
v -0.320495 0.486082 0.232854
v -0.321927 0.494441 0.233894
v -0.316420 0.478995 0.229894
v -0.276675 0.486082 0.276675
v -0.273157 0.478995 0.273158
v -0.277910 0.494441 0.277911
v -0.232853 0.486082 0.320495
v -0.233894 0.494441 0.321927
v -0.122419 0.486082 0.376765
v -0.229893 0.478995 0.316421
v -0.223893 0.469400 0.308163
v -0.120862 0.478995 0.371975
v -0.000000 0.478995 0.391118
v -0.117708 0.469400 0.362267
v -0.115229 0.463612 0.354639
v -0.000000 0.469400 0.380910
v 0.117707 0.469400 0.362267
v -0.000000 0.463612 0.372889
v -0.000000 0.459979 0.363553
v 0.115228 0.463612 0.354639
v 0.219178 0.463612 0.301674
v 0.112344 0.459979 0.345760
v 0.213690 0.459979 0.294121
v 0.109246 0.458739 0.336228
v 0.207799 0.458739 0.286012
v -0.000000 0.458739 0.353530
v 0.102736 0.454161 0.316189
v -0.000000 0.454161 0.332461
v 0.195415 0.454161 0.268966
v 0.101871 0.452886 0.313529
v 0.193770 0.452886 0.266704
v 0.101272 0.450598 0.311687
v -0.000000 0.452886 0.329663
v -0.101872 0.452886 0.313529
v -0.000000 0.450598 0.327727
v -0.101273 0.450598 0.311687
v -0.000000 0.447748 0.327036
v -0.101060 0.447748 0.311029
v -0.000000 0.443246 0.327036
v 0.101059 0.447748 0.311029
v 0.192226 0.447748 0.264577
v 0.101059 0.443246 0.311029
v 0.192226 0.443246 0.264577
v 0.228401 0.443246 0.228403
v 0.192629 0.440398 0.265133
v 0.264576 0.443246 0.192228
v 0.228401 0.447748 0.228403
v 0.264576 0.447748 0.192228
v 0.228884 0.450598 0.228885
v 0.192632 0.450598 0.265137
v 0.265135 0.450598 0.192634
v 0.230236 0.452886 0.230237
v 0.266702 0.452886 0.193771
v 0.232190 0.454161 0.232191
v 0.268965 0.454161 0.195416
v 0.246905 0.458739 0.246906
v 0.286011 0.458739 0.207800
v 0.253905 0.459979 0.253907
v 0.260425 0.463612 0.260426
v 0.294120 0.459979 0.213692
v 0.301672 0.463612 0.219179
v 0.345758 0.459979 0.112345
v 0.336225 0.458739 0.109248
v 0.354637 0.463612 0.115230
v 0.354655 0.459979 0.056173
v 0.344877 0.458739 0.054624
v 0.363762 0.463612 0.057615
v 0.363552 0.459979 0.000001
v 0.353529 0.458739 0.000001
v 0.372888 0.463612 0.000001
v 0.354655 0.459979 -0.056171
v 0.344877 0.458739 -0.054622
v 0.345758 0.459979 -0.112343
v 0.363762 0.463612 -0.057613
v 0.371587 0.469400 -0.058853
v 0.354637 0.463612 -0.115228
v 0.362265 0.469400 -0.117707
v 0.301672 0.463612 -0.219177
v 0.294120 0.459979 -0.213690
v 0.308161 0.469400 -0.223892
v 0.260425 0.463612 -0.260425
v 0.266026 0.469400 -0.266026
v 0.253905 0.459979 -0.253905
v 0.219177 0.463612 -0.301672
v 0.213690 0.459979 -0.294120
v 0.223892 0.469400 -0.308161
v 0.115228 0.463612 -0.354637
v 0.112343 0.459979 -0.345758
v 0.117707 0.469400 -0.362265
v -0.000000 0.463612 -0.372887
v -0.000000 0.459979 -0.363552
v -0.000000 0.458739 -0.353528
v -0.112344 0.459979 -0.345758
v -0.109247 0.458739 -0.336225
v -0.102736 0.454161 -0.316187
v -0.000000 0.454161 -0.332459
v 0.102735 0.454161 -0.316187
v 0.195415 0.454161 -0.268965
v 0.109246 0.458739 -0.336225
v 0.207799 0.458739 -0.286010
v 0.246905 0.458739 -0.246904
v 0.286010 0.458739 -0.207798
v 0.232189 0.454161 -0.232190
v 0.268965 0.454161 -0.195414
v 0.316188 0.454161 -0.102735
v 0.324323 0.454161 -0.051367
v 0.336225 0.458739 -0.109246
v 0.332459 0.454161 0.000001
v 0.321594 0.452886 -0.050935
v 0.329662 0.452886 0.000001
v 0.327725 0.450598 0.000001
v 0.321594 0.452886 0.050937
v 0.319705 0.450598 0.050638
v 0.324323 0.454161 0.051369
v 0.313527 0.452886 0.101872
v 0.311685 0.450598 0.101274
v 0.316188 0.454161 0.102737
v 0.311028 0.447748 0.101060
v 0.311028 0.443246 0.101060
v 0.319032 0.447748 0.050531
v 0.319032 0.443246 0.050531
v 0.229893 0.478995 -0.316420
v 0.273156 0.478995 -0.273156
v 0.232852 0.486082 -0.320494
v 0.233893 0.494441 -0.321926
v 0.276674 0.486082 -0.276673
v 0.277909 0.494441 -0.277909
v 0.320494 0.486082 -0.232852
v 0.376764 0.486082 -0.122418
v 0.321926 0.494441 -0.233893
v 0.316419 0.478995 -0.229892
v 0.371974 0.478995 -0.120861
v 0.381545 0.478995 -0.060430
v 0.386459 0.486082 -0.061208
v 0.391116 0.478995 0.000001
v 0.380908 0.469400 0.000001
v 0.396153 0.486082 0.000001
v 0.381545 0.478995 0.060432
v 0.371587 0.469400 0.058854
v 0.371974 0.478995 0.120863
v 0.386459 0.486082 0.061210
v 0.376764 0.486082 0.122419
v 0.388185 0.494441 0.061483
v 0.378447 0.494441 0.122966
v 0.397922 0.494441 0.000001
v 0.388185 0.502999 0.061483
v 0.397922 0.502999 0.000001
v 0.378447 0.502999 0.122966
v 0.386459 0.511357 0.061210
v 0.381545 0.518444 0.060432
v 0.396153 0.511357 0.000001
v 0.376764 0.511357 0.122419
v 0.320494 0.511357 0.232854
v 0.371974 0.518444 0.120863
v 0.351480 0.538700 0.114204
v 0.316420 0.518444 0.229894
v 0.298986 0.538700 0.217228
v 0.273157 0.518444 0.273158
v 0.258106 0.538700 0.258108
v 0.229893 0.518444 0.316422
v 0.276674 0.511357 0.276675
v 0.232853 0.511357 0.320496
v 0.277909 0.502999 0.277911
v 0.321926 0.502999 0.233894
v 0.277909 0.494441 0.277911
v 0.233893 0.502999 0.321928
v 0.233893 0.494441 0.321928
v 0.122965 0.502999 0.378449
v -0.000000 0.502999 0.397924
v 0.122418 0.511357 0.376765
v 0.122965 0.494441 0.378449
v -0.000000 0.494441 0.397924
v 0.122418 0.486082 0.376765
v 0.232853 0.486082 0.320496
v 0.120861 0.478995 0.371975
v -0.000000 0.486082 0.396154
v 0.229893 0.478995 0.316422
v 0.273157 0.478995 0.273158
v 0.223892 0.469400 0.308163
v 0.266026 0.469400 0.266028
v 0.308161 0.469400 0.223894
v 0.362265 0.469400 0.117708
v 0.316420 0.478995 0.229894
v 0.320494 0.486082 0.232854
v 0.276674 0.486082 0.276675
v 0.321926 0.494441 0.233894
v -0.122965 0.494441 0.378448
v -0.122965 0.502999 0.378448
v -0.233894 0.502999 0.321927
v -0.122419 0.511357 0.376765
v -0.232853 0.511357 0.320495
v -0.120862 0.518444 0.371975
v -0.000000 0.511357 0.396154
v -0.000000 0.518444 0.391118
v 0.120861 0.518444 0.371975
v -0.000000 0.538700 0.369569
v 0.114202 0.538700 0.351481
v -0.114203 0.538700 0.351481
v -0.000000 0.660133 0.320741
v -0.099115 0.660133 0.305043
v -0.000000 0.805852 0.295828
v 0.099114 0.660133 0.305043
v 0.188526 0.660133 0.259485
v 0.091416 0.805852 0.281350
v 0.173882 0.805852 0.239330
v 0.084230 0.941856 0.259235
v -0.000000 0.941856 0.272576
v 0.160215 0.941856 0.220519
v 0.078842 1.043860 0.242649
v -0.000000 1.043860 0.255137
v 0.149965 1.043860 0.206410
v 0.079490 1.145864 0.244644
v 0.151197 1.145864 0.208106
v 0.078046 1.151596 0.240201
v 0.000000 1.145864 0.257234
v 0.000000 1.151596 0.252562
v -0.079490 1.145864 0.244644
v -0.151199 1.145864 0.208106
v -0.078046 1.151596 0.240200
v -0.078842 1.043860 0.242649
v -0.084231 0.941856 0.259235
v -0.149966 1.043860 0.206410
v -0.160216 0.941856 0.220519
v -0.178188 1.043860 0.178188
v -0.190367 0.941856 0.190368
v -0.179652 1.145864 0.179652
v -0.206409 1.043860 0.149966
v -0.208106 1.145864 0.151198
v -0.220518 0.941856 0.160216
v -0.242649 1.043860 0.078842
v -0.259235 0.941856 0.084231
v -0.244643 1.145864 0.079490
v -0.248893 1.043860 0.039422
v -0.255136 1.043860 0.000001
v -0.265906 0.941856 0.042116
v -0.250938 1.145864 0.039746
v -0.257233 1.145864 0.000001
v -0.246380 1.151596 0.039024
v -0.252561 1.151596 0.000001
v -0.248133 1.157065 0.039301
v -0.240200 1.151596 0.078046
v -0.241909 1.157065 0.078602
v -0.204326 1.151596 0.148452
v -0.205780 1.157065 0.149509
v -0.176389 1.151596 0.176390
v -0.148453 1.151596 0.204327
v -0.177644 1.157065 0.177644
v -0.149508 1.157065 0.205780
v -0.185314 1.165432 0.185315
v -0.187752 1.173083 0.187752
v -0.214665 1.165432 0.155964
v -0.155964 1.165432 0.214666
v -0.158015 1.173083 0.217489
v -0.081995 1.165432 0.252354
v -0.078601 1.157065 0.241909
v -0.083073 1.173083 0.255673
v 0.000000 1.165432 0.265341
v 0.000000 1.157065 0.254358
v 0.081995 1.165432 0.252354
v 0.000000 1.173083 0.268831
v 0.083074 1.173083 0.255674
v 0.000000 1.181020 0.271578
v -0.083922 1.181020 0.258286
v 0.083922 1.181020 0.258286
v 0.000000 1.189169 0.273558
v -0.084534 1.189169 0.260168
v 0.084534 1.189169 0.260169
v 0.000000 1.197460 0.274752
v 0.084903 1.197460 0.261305
v 0.000000 1.203042 0.275018
v -0.084904 1.197460 0.261305
v -0.161496 1.197460 0.222279
v -0.084986 1.203042 0.261558
v -0.084902 1.204629 0.261301
v -0.161652 1.203042 0.222495
v -0.161494 1.204629 0.222276
v -0.192073 1.203042 0.192074
v -0.222494 1.203042 0.161652
v -0.191887 1.197460 0.191887
v -0.191885 1.204629 0.191885
v -0.222275 1.204629 0.161493
v -0.191244 1.205988 0.191244
v -0.221534 1.205988 0.160954
v -0.190258 1.206895 0.190258
v -0.160955 1.205988 0.221535
v -0.160125 1.206895 0.220391
v -0.084619 1.205988 0.260429
v 0.000000 1.205988 0.273832
v -0.084182 1.206895 0.259086
v 0.000000 1.206895 0.272419
v -0.082916 1.208504 0.255187
v -0.157715 1.208504 0.217075
v -0.082490 1.209576 0.253878
v 0.000000 1.208504 0.268320
v 0.082915 1.208504 0.255188
v 0.000000 1.209576 0.266943
v 0.082490 1.209576 0.253879
v 0.000000 1.211194 0.266424
v 0.082329 1.211194 0.253385
v 0.000000 1.212815 0.266937
v -0.082330 1.211194 0.253385
v -0.156601 1.211194 0.215542
v -0.082489 1.212815 0.253872
v -0.082912 1.213891 0.255177
v -0.156902 1.212815 0.215957
v -0.157709 1.213891 0.217067
v -0.186429 1.212815 0.186430
v -0.215956 1.212815 0.156902
v -0.186071 1.211194 0.186071
v -0.187387 1.213891 0.187388
v -0.217066 1.213891 0.157708
v -0.195458 1.218476 0.195459
v -0.226415 1.218476 0.164501
v -0.203615 1.224360 0.203616
v -0.164502 1.218476 0.226417
v -0.171366 1.224360 0.235865
v -0.086484 1.218476 0.266168
v -0.090093 1.224360 0.277276
v 0.000000 1.218476 0.279866
v 0.000000 1.213891 0.268309
v 0.000000 1.224360 0.291545
v 0.086483 1.218476 0.266168
v 0.082912 1.213891 0.255177
v 0.164500 1.218476 0.226417
v 0.090093 1.224360 0.277276
v 0.093284 1.232164 0.287098
v 0.171365 1.224360 0.235865
v 0.177435 1.232164 0.244220
v 0.203614 1.224360 0.203616
v 0.210827 1.232164 0.210829
v 0.235864 1.224360 0.171366
v 0.195457 1.218476 0.195459
v 0.226415 1.218476 0.164502
v 0.187386 1.213891 0.187388
v 0.157707 1.213891 0.217067
v 0.217065 1.213891 0.157708
v 0.186428 1.212815 0.186430
v 0.156900 1.212815 0.215957
v 0.186070 1.211194 0.186071
v 0.215955 1.212815 0.156902
v 0.253871 1.212815 0.082488
v 0.215541 1.211194 0.156601
v 0.253383 1.211194 0.082330
v 0.215961 1.209575 0.156906
v 0.253877 1.209575 0.082491
v 0.217074 1.208504 0.157715
v 0.186433 1.209575 0.186434
v 0.187394 1.208504 0.187395
v 0.156905 1.209576 0.215962
v 0.156599 1.211194 0.215542
v 0.157713 1.208504 0.217075
v 0.160123 1.206895 0.220392
v 0.084182 1.206895 0.259086
v 0.190256 1.206895 0.190259
v 0.160953 1.205988 0.221535
v 0.161492 1.204629 0.222277
v 0.084618 1.205988 0.260429
v 0.191243 1.205988 0.191245
v 0.221533 1.205988 0.160955
v 0.191884 1.204629 0.191885
v 0.222275 1.204629 0.161494
v 0.192072 1.203042 0.192074
v 0.222494 1.203042 0.161652
v 0.161651 1.203042 0.222495
v 0.191886 1.197460 0.191888
v 0.191052 1.189169 0.191054
v 0.161494 1.197460 0.222279
v 0.222278 1.197460 0.161496
v 0.261303 1.197460 0.084904
v 0.221311 1.189169 0.160793
v 0.260167 1.189169 0.084534
v 0.219710 1.181020 0.159630
v 0.258284 1.181020 0.083923
v 0.217488 1.173083 0.158016
v 0.189669 1.181020 0.189671
v 0.187751 1.173083 0.187752
v 0.159629 1.181020 0.219711
v 0.160792 1.189169 0.221313
v 0.158014 1.173083 0.217489
v 0.155963 1.165432 0.214666
v 0.185314 1.165432 0.185315
v 0.149507 1.157065 0.205781
v 0.148451 1.151596 0.204327
v 0.078601 1.157065 0.241909
v 0.177642 1.157065 0.177644
v 0.205779 1.157065 0.149509
v 0.176388 1.151596 0.176390
v 0.204326 1.151596 0.148453
v 0.179651 1.145864 0.179653
v 0.178187 1.043860 0.178188
v 0.208105 1.145864 0.151198
v 0.244642 1.145864 0.079490
v 0.206409 1.043860 0.149966
v 0.220518 0.941856 0.160216
v 0.242648 1.043860 0.078842
v 0.248892 1.043860 0.039422
v 0.259234 0.941856 0.084231
v 0.281348 0.805852 0.091417
v 0.265904 0.941856 0.042116
v 0.288587 0.805852 0.045709
v 0.272575 0.941856 0.000001
v 0.295827 0.805852 0.000001
v 0.265904 0.941856 -0.042114
v 0.255135 1.043860 0.000001
v 0.248892 1.043860 -0.039420
v 0.257232 1.145864 0.000001
v 0.252560 1.151596 0.000001
v 0.250937 1.145864 -0.039744
v 0.250937 1.145864 0.039746
v 0.246379 1.151596 0.039024
v 0.248132 1.157065 0.039301
v 0.240199 1.151596 0.078046
v 0.241907 1.157065 0.078602
v 0.252353 1.165432 0.081996
v 0.258846 1.165432 0.040998
v 0.214665 1.165432 0.155965
v 0.255672 1.173083 0.083074
v 0.262251 1.173083 0.041538
v 0.264930 1.181020 0.041962
v 0.268830 1.173083 0.000001
v 0.271576 1.181020 0.000001
v 0.262251 1.173083 -0.041535
v 0.265340 1.165432 0.000001
v 0.258847 1.165432 -0.040997
v 0.254357 1.157065 0.000001
v 0.248132 1.157065 -0.039299
v 0.241908 1.157065 -0.078600
v 0.246380 1.151596 -0.039022
v 0.240199 1.151596 -0.078045
v 0.244643 1.145864 -0.079488
v 0.204325 1.151596 -0.148451
v 0.208105 1.145864 -0.151197
v 0.205779 1.157065 -0.149506
v 0.176388 1.151596 -0.176388
v 0.179651 1.145864 -0.179651
v 0.177642 1.157065 -0.177643
v 0.148451 1.151596 -0.204325
v 0.151197 1.145864 -0.208105
v 0.149507 1.157065 -0.205779
v 0.078046 1.151596 -0.240199
v 0.079489 1.145864 -0.244642
v 0.078601 1.157065 -0.241908
v -0.000000 1.151596 -0.252560
v -0.000000 1.145864 -0.257232
v -0.000000 1.157065 -0.254356
v -0.078046 1.151596 -0.240199
v -0.078602 1.157065 -0.241908
v -0.148451 1.151596 -0.204325
v -0.079490 1.145864 -0.244642
v -0.151197 1.145864 -0.208105
v -0.078842 1.043860 -0.242648
v -0.084231 0.941856 -0.259233
v -0.149965 1.043860 -0.206409
v -0.000000 1.043860 -0.255135
v -0.000000 0.941856 -0.272574
v 0.078841 1.043860 -0.242648
v 0.084230 0.941856 -0.259233
v 0.149965 1.043860 -0.206409
v 0.160215 0.941856 -0.220517
v 0.178186 1.043860 -0.178187
v 0.206408 1.043860 -0.149965
v 0.190366 0.941856 -0.190366
v 0.206606 0.805852 -0.206605
v 0.220517 0.941856 -0.160215
v 0.239329 0.805852 -0.173882
v 0.259234 0.941856 -0.084229
v 0.281348 0.805852 -0.091415
v 0.242649 1.043860 -0.078841
v 0.288588 0.805852 -0.045707
v 0.305041 0.660133 -0.099114
v 0.259484 0.660133 -0.188526
v 0.351480 0.538700 -0.114202
v 0.312891 0.660133 -0.049556
v 0.360523 0.538700 -0.057101
v 0.320740 0.660133 0.000001
v 0.369567 0.538700 0.000001
v 0.312891 0.660133 0.049558
v 0.305041 0.660133 0.099115
v 0.360523 0.538700 0.057102
v 0.259484 0.660133 0.188528
v 0.239329 0.805852 0.173884
v 0.224005 0.660133 0.224006
v 0.206606 0.805852 0.206607
v 0.190367 0.941856 0.190368
v 0.391116 0.518444 0.000001
v 0.381545 0.518444 -0.060430
v 0.386459 0.511357 -0.061208
v 0.371974 0.518444 -0.120861
v 0.376764 0.511357 -0.122418
v 0.316419 0.518444 -0.229892
v 0.320494 0.511357 -0.232852
v 0.273156 0.518444 -0.273156
v 0.298986 0.538700 -0.217226
v 0.258106 0.538700 -0.258106
v 0.224005 0.660133 -0.224005
v 0.217226 0.538700 -0.298986
v 0.229893 0.518444 -0.316420
v 0.114202 0.538700 -0.351479
v 0.188526 0.660133 -0.259484
v 0.099114 0.660133 -0.305041
v 0.173882 0.805852 -0.239329
v 0.091415 0.805852 -0.281348
v -0.000000 0.805852 -0.295826
v -0.000000 0.660133 -0.320739
v -0.091416 0.805852 -0.281348
v -0.099115 0.660133 -0.305041
v -0.173883 0.805852 -0.239329
v -0.188526 0.660133 -0.259484
v -0.206607 0.805852 -0.206605
v -0.160215 0.941856 -0.220517
v -0.190367 0.941856 -0.190366
v -0.178187 1.043860 -0.178187
v -0.220518 0.941856 -0.160215
v -0.239330 0.805852 -0.173882
v -0.259235 0.941856 -0.084229
v -0.206409 1.043860 -0.149965
v -0.242649 1.043860 -0.078841
v -0.208106 1.145864 -0.151197
v -0.204326 1.151596 -0.148450
v -0.244643 1.145864 -0.079488
v -0.179652 1.145864 -0.179651
v -0.176389 1.151596 -0.176388
v -0.177643 1.157065 -0.177643
v -0.149507 1.157065 -0.205779
v -0.185314 1.165432 -0.185314
v -0.205780 1.157065 -0.149506
v -0.241909 1.157065 -0.078600
v -0.214665 1.165432 -0.155963
v -0.217488 1.173083 -0.158014
v -0.252354 1.165432 -0.081994
v -0.255673 1.173083 -0.083072
v -0.258847 1.165432 -0.040997
v -0.262252 1.173083 -0.041535
v -0.248133 1.157065 -0.039299
v -0.265341 1.165432 0.000001
v -0.254358 1.157065 0.000001
v -0.268831 1.173083 0.000001
v -0.258847 1.165432 0.040998
v -0.262252 1.173083 0.041538
v -0.252354 1.165432 0.081996
v -0.255673 1.173083 0.083074
v -0.258285 1.181020 0.083923
v -0.217488 1.173083 0.158015
v -0.219710 1.181020 0.159630
v -0.221312 1.189169 0.160793
v -0.189670 1.181020 0.189671
v -0.191052 1.189169 0.191054
v -0.159630 1.181020 0.219711
v -0.160793 1.189169 0.221313
v -0.260168 1.189169 0.084534
v -0.222279 1.197460 0.161495
v -0.261305 1.197460 0.084904
v -0.261558 1.203042 0.084986
v -0.268028 1.197460 0.042452
v -0.274752 1.197460 0.000001
v -0.266863 1.189169 0.042268
v -0.268288 1.203042 0.042493
v -0.275019 1.203042 0.000001
v -0.268025 1.204629 0.042452
v -0.274748 1.204629 0.000001
v -0.267130 1.205988 0.042310
v -0.261301 1.204629 0.084903
v -0.260429 1.205988 0.084619
v -0.259085 1.206895 0.084183
v -0.255187 1.208504 0.082916
v -0.220391 1.206895 0.160124
v -0.265752 1.206895 0.042092
v -0.261753 1.208504 0.041458
v -0.272419 1.206895 0.000001
v -0.268319 1.208504 0.000001
v -0.273831 1.205988 0.000001
v -0.265752 1.206895 -0.042090
v -0.259085 1.206895 -0.084181
v -0.261753 1.208504 -0.041456
v -0.267130 1.205988 -0.042308
v -0.268025 1.204629 -0.042450
v -0.260429 1.205988 -0.084618
v -0.221534 1.205988 -0.160953
v -0.261301 1.204629 -0.084901
v -0.222275 1.204629 -0.161491
v -0.261558 1.203042 -0.084984
v -0.222494 1.203042 -0.161651
v -0.268288 1.203042 -0.042492
v -0.261304 1.197460 -0.084902
v -0.222279 1.197460 -0.161494
v -0.260168 1.189169 -0.084533
v -0.268028 1.197460 -0.042451
v -0.266863 1.189169 -0.042266
v -0.264931 1.181020 -0.041960
v -0.273557 1.189169 0.000001
v -0.271577 1.181020 0.000001
v -0.264931 1.181020 0.041962
v -0.258285 1.181020 -0.083922
v -0.219710 1.181020 -0.159628
v -0.221312 1.189169 -0.160792
v -0.189670 1.181020 -0.189669
v -0.187751 1.173083 -0.187751
v -0.191052 1.189169 -0.191052
v -0.159629 1.181020 -0.219710
v -0.083923 1.181020 -0.258284
v -0.160792 1.189169 -0.221311
v -0.158014 1.173083 -0.217487
v -0.083074 1.173083 -0.255671
v -0.155963 1.165432 -0.214665
v -0.081996 1.165432 -0.252353
v -0.000000 1.165432 -0.265339
v 0.081995 1.165432 -0.252353
v -0.000000 1.173083 -0.268829
v 0.083073 1.173083 -0.255671
v -0.000000 1.181020 -0.271576
v -0.000000 1.189169 -0.273556
v 0.083922 1.181020 -0.258284
v 0.159629 1.181020 -0.219710
v 0.084534 1.189169 -0.260167
v 0.160792 1.189169 -0.221311
v 0.084903 1.197460 -0.261303
v 0.161494 1.197460 -0.222277
v -0.000000 1.197460 -0.274751
v 0.084985 1.203042 -0.261556
v -0.000000 1.203042 -0.275017
v 0.084902 1.204629 -0.261300
v 0.161651 1.203042 -0.222493
v 0.161492 1.204629 -0.222275
v 0.192072 1.203042 -0.192072
v 0.222493 1.203042 -0.161651
v 0.191886 1.197460 -0.191886
v 0.191884 1.204629 -0.191884
v 0.222275 1.204629 -0.161492
v 0.191243 1.205988 -0.191243
v 0.221533 1.205988 -0.160953
v 0.190256 1.206895 -0.190257
v 0.160953 1.205988 -0.221533
v 0.160123 1.206895 -0.220390
v 0.084618 1.205988 -0.260427
v 0.084182 1.206895 -0.259084
v -0.000000 1.205988 -0.273830
v -0.000000 1.204629 -0.274747
v -0.000000 1.206895 -0.272418
v -0.084619 1.205988 -0.260427
v -0.084903 1.204629 -0.261300
v -0.084183 1.206895 -0.259084
v -0.160953 1.205988 -0.221533
v -0.161492 1.204629 -0.222274
v -0.160123 1.206895 -0.220390
v -0.191243 1.205988 -0.191243
v -0.191883 1.204629 -0.191883
v -0.190257 1.206895 -0.190256
v -0.187394 1.208504 -0.187394
v -0.220391 1.206895 -0.160123
v -0.217075 1.208504 -0.157713
v -0.215961 1.209575 -0.156904
v -0.255187 1.208504 -0.082914
v -0.253878 1.209575 -0.082489
v -0.253384 1.211194 -0.082329
v -0.260410 1.209575 -0.041244
v -0.259904 1.211194 -0.041164
v -0.266943 1.209575 0.000001
v -0.266424 1.211194 0.000001
v -0.260410 1.209575 0.041246
v -0.259904 1.211194 0.041165
v -0.253878 1.209575 0.082491
v -0.253384 1.211194 0.082330
v -0.215961 1.209575 0.156906
v -0.215541 1.211194 0.156600
v -0.217075 1.208504 0.157714
v -0.186433 1.209575 0.186434
v -0.187395 1.208504 0.187395
v -0.156906 1.209576 0.215962
v -0.253872 1.212815 0.082488
v -0.255177 1.213891 0.082912
v -0.260404 1.212815 0.041245
v -0.266936 1.212815 0.000001
v -0.261743 1.213891 0.041457
v -0.273016 1.218476 0.043242
v -0.268309 1.213891 0.000001
v -0.279866 1.218476 0.000001
v -0.261743 1.213891 -0.041455
v -0.255177 1.213891 -0.082911
v -0.260404 1.212815 -0.041243
v -0.273016 1.218476 -0.043241
v -0.266168 1.218476 -0.086482
v -0.284410 1.224360 -0.045045
v -0.277276 1.224360 -0.090091
v -0.291545 1.224360 0.000001
v -0.294485 1.232164 -0.046641
v -0.300755 1.238020 -0.047634
v -0.287097 1.232164 -0.093283
v -0.301872 1.232164 0.000001
v -0.308300 1.238020 0.000001
v -0.294485 1.232164 0.046642
v -0.300755 1.238020 0.047635
v -0.284410 1.224360 0.045047
v -0.287097 1.232164 0.093284
v -0.293211 1.238020 0.095271
v -0.244219 1.232164 0.177436
v -0.277276 1.224360 0.090093
v -0.235864 1.224360 0.171366
v -0.266168 1.218476 0.086484
v -0.210828 1.232164 0.210828
v -0.249420 1.238020 0.181214
v -0.258119 1.251681 0.187535
v -0.215317 1.238020 0.215317
v -0.222827 1.251681 0.222828
v -0.181215 1.238020 0.249420
v -0.095270 1.238020 0.293211
v -0.187535 1.251681 0.258119
v -0.177437 1.232164 0.244220
v -0.093284 1.232164 0.287097
v 0.000000 1.232164 0.301873
v 0.000000 1.238020 0.308300
v 0.095270 1.238020 0.293212
v 0.000000 1.251681 0.319053
v 0.098593 1.251681 0.303438
v -0.098593 1.251681 0.303438
v 0.000000 1.257419 0.322351
v 0.099612 1.257419 0.306574
v -0.099612 1.257419 0.306573
v 0.000000 1.262083 0.324277
v 0.000000 1.267049 0.324917
v -0.100207 1.262083 0.308406
v 0.100207 1.262083 0.308406
v 0.190604 1.262083 0.262346
v 0.100405 1.267049 0.309015
v 0.190981 1.267049 0.262864
v 0.100398 1.272172 0.308993
v 0.190967 1.272172 0.262845
v 0.100302 1.278836 0.308697
v 0.000000 1.272172 0.324895
v 0.000000 1.278836 0.324583
v -0.100398 1.272172 0.308993
v -0.190968 1.272172 0.262845
v -0.100302 1.278836 0.308696
v -0.100405 1.267049 0.309015
v -0.190982 1.267049 0.262864
v -0.190606 1.262083 0.262346
v -0.226923 1.267049 0.226923
v -0.262863 1.267049 0.190982
v -0.226476 1.262083 0.226476
v -0.226906 1.272172 0.226906
v -0.262844 1.272172 0.190968
v -0.226689 1.278836 0.226689
v -0.190785 1.278836 0.262593
v -0.262592 1.278836 0.190785
v -0.225880 1.285259 0.225879
v -0.223922 1.291218 0.223922
v -0.190104 1.285259 0.261655
v -0.261654 1.285259 0.190104
v -0.307593 1.285259 0.099944
v -0.259387 1.291218 0.188456
v -0.304928 1.291218 0.099078
v -0.255459 1.298826 0.185602
v -0.300310 1.298826 0.097577
v -0.248576 1.312153 0.180602
v -0.220530 1.298826 0.220530
v -0.214589 1.312153 0.214589
v -0.185602 1.298826 0.255459
v -0.180602 1.312153 0.248577
v -0.097577 1.298826 0.300310
v -0.188457 1.291218 0.259387
v -0.099077 1.291218 0.304929
v -0.099943 1.285259 0.307594
v 0.000000 1.291218 0.320621
v 0.000000 1.298826 0.315765
v 0.099077 1.291218 0.304929
v 0.000000 1.285259 0.323423
v 0.099943 1.285259 0.307594
v 0.190103 1.285259 0.261655
v 0.190784 1.278836 0.262593
v 0.188455 1.291218 0.259388
v 0.225879 1.285259 0.225880
v 0.226688 1.278836 0.226689
v 0.223921 1.291218 0.223922
v 0.261654 1.285259 0.190104
v 0.262592 1.278836 0.190785
v 0.259386 1.291218 0.188456
v 0.307592 1.285259 0.099944
v 0.308695 1.278836 0.100302
v 0.304927 1.291218 0.099078
v 0.315507 1.285259 0.049973
v 0.316638 1.278836 0.050152
v 0.312773 1.291218 0.049539
v 0.323422 1.285259 0.000001
v 0.324581 1.278836 0.000001
v 0.320620 1.291218 0.000001
v 0.315507 1.285259 -0.049970
v 0.312774 1.291218 -0.049538
v 0.307593 1.285259 -0.099943
v 0.316638 1.278836 -0.050150
v 0.308695 1.278836 -0.100301
v 0.316942 1.272172 -0.050198
v 0.324893 1.272172 0.000001
v 0.308992 1.272172 -0.100396
v 0.316965 1.267049 -0.050201
v 0.309013 1.267049 -0.100404
v 0.316340 1.262082 -0.050103
v 0.324916 1.267049 0.000001
v 0.324275 1.262082 0.000001
v 0.316964 1.267049 0.050203
v 0.309013 1.267049 0.100406
v 0.316340 1.262082 0.050105
v 0.316942 1.272172 0.050199
v 0.308991 1.272172 0.100398
v 0.262844 1.272172 0.190968
v 0.262863 1.267049 0.190982
v 0.226905 1.272172 0.226907
v 0.226922 1.267049 0.226923
v 0.226474 1.262083 0.226476
v 0.262344 1.262082 0.190606
v 0.225129 1.257419 0.225131
v 0.260786 1.257419 0.189474
v 0.222826 1.251681 0.222828
v 0.189472 1.257419 0.260787
v 0.187534 1.251681 0.258119
v 0.181213 1.238020 0.249421
v 0.215316 1.238020 0.215318
v 0.249419 1.238020 0.181215
v 0.293210 1.238020 0.095271
v 0.258118 1.251681 0.187535
v 0.244219 1.232164 0.177437
v 0.287096 1.232164 0.093284
v 0.294484 1.232164 0.046643
v 0.277274 1.224360 0.090093
v 0.266167 1.218476 0.086484
v 0.284409 1.224360 0.045047
v 0.273015 1.218476 0.043242
v 0.291544 1.224360 0.000001
v 0.301871 1.232164 0.000001
v 0.284409 1.224360 -0.045045
v 0.279865 1.218476 0.000001
v 0.273016 1.218476 -0.043241
v 0.268308 1.213891 0.000001
v 0.261742 1.213891 -0.041455
v 0.266936 1.212815 0.000001
v 0.261742 1.213891 0.041457
v 0.255175 1.213891 0.082912
v 0.260403 1.212815 0.041245
v 0.259903 1.211194 0.041165
v 0.260409 1.209575 0.041246
v 0.266423 1.211194 0.000001
v 0.259903 1.211194 -0.041164
v 0.266942 1.209575 0.000001
v 0.260410 1.209575 -0.041244
v 0.268318 1.208504 0.000001
v 0.261752 1.208504 -0.041456
v 0.272418 1.206895 0.000001
v 0.261752 1.208504 0.041458
v 0.265751 1.206895 0.042092
v 0.255186 1.208504 0.082916
v 0.259084 1.206895 0.084183
v 0.220391 1.206895 0.160125
v 0.260427 1.205988 0.084619
v 0.261300 1.204629 0.084903
v 0.267129 1.205988 0.042310
v 0.268024 1.204629 0.042452
v 0.273830 1.205988 0.000001
v 0.274747 1.204629 0.000001
v 0.267129 1.205988 -0.042308
v 0.268024 1.204629 -0.042450
v 0.265752 1.206895 -0.042090
v 0.260428 1.205988 -0.084618
v 0.261300 1.204629 -0.084901
v 0.259085 1.206895 -0.084181
v 0.220390 1.206895 -0.160123
v 0.255186 1.208504 -0.082914
v 0.253878 1.209575 -0.082489
v 0.217074 1.208504 -0.157713
v 0.215960 1.209575 -0.156904
v 0.187393 1.208504 -0.187394
v 0.157713 1.208504 -0.217074
v 0.186432 1.209575 -0.186432
v 0.186070 1.211194 -0.186070
v 0.156905 1.209575 -0.215960
v 0.156599 1.211194 -0.215541
v 0.082490 1.209575 -0.253877
v 0.082329 1.211194 -0.253382
v 0.082915 1.208504 -0.255186
v -0.000000 1.209575 -0.266941
v -0.000000 1.211194 -0.266423
v -0.000000 1.208504 -0.268318
v -0.082491 1.209575 -0.253877
v -0.082330 1.211194 -0.253382
v -0.082917 1.208504 -0.255186
v -0.156904 1.209575 -0.215960
v -0.156600 1.211194 -0.215541
v -0.157714 1.208504 -0.217074
v -0.186433 1.209575 -0.186432
v -0.186071 1.211194 -0.186070
v -0.186429 1.212815 -0.186428
v -0.215541 1.211194 -0.156599
v -0.215956 1.212815 -0.156900
v -0.217066 1.213891 -0.157707
v -0.253872 1.212815 -0.082487
v -0.226415 1.218476 -0.164500
v -0.187387 1.213891 -0.187386
v -0.157707 1.213891 -0.217065
v -0.195458 1.218476 -0.195457
v -0.164500 1.218476 -0.226415
v -0.203615 1.224360 -0.203614
v -0.171365 1.224360 -0.235864
v -0.210827 1.232164 -0.210826
v -0.235864 1.224360 -0.171365
v -0.244219 1.232164 -0.177434
v -0.249420 1.238020 -0.181213
v -0.293211 1.238020 -0.095269
v -0.258119 1.251681 -0.187534
v -0.215317 1.238020 -0.215316
v -0.222826 1.251680 -0.222825
v -0.181214 1.238020 -0.249419
v -0.187534 1.251680 -0.258118
v -0.095271 1.238020 -0.293210
v -0.177435 1.232164 -0.244218
v -0.093285 1.232164 -0.287096
v -0.090093 1.224360 -0.277274
v -0.000000 1.232164 -0.301871
v 0.093284 1.232164 -0.287096
v -0.000000 1.238020 -0.308299
v -0.000000 1.224360 -0.291544
v 0.090092 1.224360 -0.277274
v -0.000000 1.218476 -0.279864
v 0.086483 1.218476 -0.266167
v -0.000000 1.213891 -0.268308
v -0.086484 1.218476 -0.266167
v -0.082913 1.213891 -0.255175
v -0.082489 1.212815 -0.253871
v -0.156901 1.212815 -0.215955
v -0.000000 1.212815 -0.266935
v 0.082488 1.212815 -0.253871
v 0.082912 1.213891 -0.255175
v 0.156900 1.212815 -0.215955
v 0.157707 1.213891 -0.217065
v 0.186428 1.212815 -0.186428
v 0.215955 1.212815 -0.156901
v 0.187386 1.213891 -0.187386
v 0.195457 1.218476 -0.195458
v 0.217065 1.213891 -0.157707
v 0.255176 1.213891 -0.082911
v 0.226414 1.218476 -0.164500
v 0.266167 1.218476 -0.086482
v 0.235863 1.224360 -0.171365
v 0.277275 1.224360 -0.090091
v 0.244219 1.232164 -0.177435
v 0.203614 1.224360 -0.203614
v 0.171365 1.224360 -0.235864
v 0.210827 1.232164 -0.210827
v 0.215316 1.238020 -0.215316
v 0.177435 1.232164 -0.244218
v 0.181213 1.238020 -0.249419
v 0.095270 1.238020 -0.293210
v 0.187534 1.251680 -0.258118
v 0.098593 1.251680 -0.303436
v 0.189472 1.257419 -0.260786
v 0.222826 1.251680 -0.222825
v 0.225129 1.257419 -0.225129
v 0.258118 1.251681 -0.187534
v 0.249419 1.238020 -0.181213
v 0.303437 1.251681 -0.098592
v 0.260785 1.257419 -0.189471
v 0.306573 1.257419 -0.099611
v 0.262344 1.262082 -0.190604
v 0.226474 1.262082 -0.226474
v 0.262862 1.267049 -0.190980
v 0.308405 1.262082 -0.100206
v 0.226921 1.267049 -0.226921
v 0.262843 1.272172 -0.190967
v 0.262591 1.278836 -0.190784
v 0.226905 1.272172 -0.226905
v 0.190967 1.272172 -0.262843
v 0.226688 1.278836 -0.226688
v 0.190784 1.278836 -0.262591
v 0.225878 1.285259 -0.225878
v 0.261654 1.285259 -0.190102
v 0.223920 1.291218 -0.223921
v 0.190102 1.285259 -0.261653
v 0.188455 1.291218 -0.259386
v 0.099943 1.285259 -0.307592
v 0.100301 1.278836 -0.308695
v 0.099077 1.291218 -0.304927
v -0.000000 1.285259 -0.323422
v -0.000000 1.278836 -0.324581
v -0.000000 1.291218 -0.320619
v -0.099944 1.285259 -0.307592
v -0.100302 1.278836 -0.308695
v -0.099078 1.291218 -0.304927
v -0.190103 1.285259 -0.261653
v -0.190784 1.278836 -0.262591
v -0.188456 1.291218 -0.259386
v -0.225878 1.285259 -0.225878
v -0.223921 1.291218 -0.223921
v -0.261654 1.285259 -0.190102
v -0.226688 1.278836 -0.226688
v -0.262592 1.278836 -0.190784
v -0.226906 1.272172 -0.226905
v -0.190967 1.272172 -0.262843
v -0.262844 1.272172 -0.190967
v -0.226922 1.267049 -0.226921
v -0.190981 1.267049 -0.262862
v -0.226475 1.262082 -0.226474
v -0.262863 1.267049 -0.190980
v -0.309014 1.267049 -0.100404
v -0.262345 1.262082 -0.190604
v -0.308405 1.262082 -0.100206
v -0.260786 1.257419 -0.189471
v -0.306573 1.257419 -0.099611
v -0.225130 1.257419 -0.225129
v -0.189472 1.257419 -0.260785
v -0.099613 1.257419 -0.306572
v -0.190604 1.262082 -0.262344
v -0.100208 1.262082 -0.308404
v -0.100406 1.267049 -0.309013
v -0.000000 1.262082 -0.324275
v -0.000000 1.257419 -0.322349
v -0.000000 1.267049 -0.324916
v 0.100207 1.262082 -0.308404
v 0.099611 1.257419 -0.306572
v 0.100405 1.267049 -0.309013
v 0.190604 1.262082 -0.262344
v 0.190981 1.267049 -0.262862
v 0.100398 1.272172 -0.308991
v -0.000000 1.272172 -0.324893
v -0.100398 1.272172 -0.308991
v -0.000000 1.251680 -0.319052
v -0.098593 1.251680 -0.303436
v -0.314462 1.257419 -0.049805
v -0.303437 1.251681 -0.098592
v -0.311245 1.251681 -0.049296
v -0.319053 1.251681 0.000001
v -0.311245 1.251681 0.049298
v -0.322350 1.257419 0.000001
v -0.314462 1.257419 0.049807
v -0.324276 1.262082 0.000001
v -0.316341 1.262082 0.050105
v -0.324917 1.267049 0.000001
v -0.316341 1.262082 -0.050103
v -0.316965 1.267049 -0.050201
v -0.316943 1.272172 -0.050198
v -0.308992 1.272172 -0.100396
v -0.324894 1.272172 0.000001
v -0.316639 1.278836 -0.050150
v -0.308696 1.278836 -0.100301
v -0.315508 1.285259 -0.049971
v -0.324582 1.278836 0.000001
v -0.316639 1.278836 0.050152
v -0.323423 1.285259 0.000001
v -0.320620 1.291218 0.000001
v -0.315508 1.285259 0.049973
v -0.312774 1.291218 0.049539
v -0.308037 1.298826 0.048789
v -0.299738 1.312153 0.047475
v -0.315764 1.298826 0.000001
v -0.307258 1.312153 0.000001
v -0.308037 1.298826 -0.048788
v -0.312774 1.291218 -0.049538
v -0.300310 1.298826 -0.097576
v -0.299738 1.312153 -0.047473
v -0.292583 1.318817 -0.046340
v -0.292219 1.312153 -0.094947
v -0.248576 1.312153 -0.180601
v -0.285244 1.318817 -0.092681
v -0.277590 1.324079 -0.090194
v -0.242642 1.318817 -0.176289
v -0.236132 1.324079 -0.171559
v -0.209467 1.318817 -0.209465
v -0.214589 1.312153 -0.214588
v -0.176290 1.318817 -0.242641
v -0.203846 1.324079 -0.203845
v -0.171560 1.324079 -0.236131
v -0.197278 1.326680 -0.197278
v -0.228524 1.326680 -0.166032
v -0.166032 1.326680 -0.228523
v -0.195451 1.326991 -0.195450
v -0.226407 1.326991 -0.164494
v -0.164494 1.326991 -0.226406
v -0.192418 1.328558 -0.192417
v -0.190268 1.331839 -0.190267
v -0.222894 1.328558 -0.161941
v -0.161941 1.328558 -0.222893
v -0.085139 1.328558 -0.262026
v -0.160132 1.331839 -0.220403
v -0.159479 1.336086 -0.219504
v -0.084187 1.331839 -0.259098
v -0.000000 1.331839 -0.272433
v -0.083844 1.336086 -0.258043
v -0.000000 1.336086 -0.271323
v -0.083844 1.340874 -0.258043
v -0.000000 1.340874 -0.271323
v -0.159479 1.340874 -0.219504
v -0.084122 1.345054 -0.258899
v -0.000000 1.345054 -0.272222
v -0.084913 1.348578 -0.261331
v -0.160008 1.345054 -0.220231
v -0.161512 1.348578 -0.222302
v -0.190121 1.345054 -0.190120
v -0.189492 1.340874 -0.189491
v -0.191907 1.348578 -0.191906
v -0.220233 1.345054 -0.160008
v -0.219505 1.340874 -0.159479
v -0.222303 1.348578 -0.161512
v -0.258900 1.345054 -0.084121
v -0.258044 1.340874 -0.083842
v -0.261333 1.348578 -0.084911
v -0.265561 1.345054 -0.042060
v -0.264684 1.340874 -0.041921
v -0.268057 1.348578 -0.042456
v -0.272223 1.345054 0.000001
v -0.271324 1.340874 0.000001
v -0.274781 1.348578 0.000001
v -0.265561 1.345054 0.042062
v -0.264684 1.340874 0.041922
v -0.258900 1.345054 0.084122
v -0.268057 1.348578 0.042457
v -0.261333 1.348578 0.084913
v -0.271774 1.350892 0.043046
v -0.278592 1.350892 0.000001
v -0.264956 1.350892 0.086090
v -0.275058 1.352133 0.043566
v -0.281958 1.352133 0.000001
v -0.268158 1.352133 0.087131
v -0.281931 1.357663 0.044654
v -0.290637 1.361321 0.046033
v -0.289003 1.357663 0.000001
v -0.274858 1.357663 0.089308
v -0.283346 1.361321 0.092066
v -0.233808 1.357663 0.169872
v -0.228109 1.352133 0.165731
v -0.241028 1.361321 0.175118
v -0.201840 1.357663 0.201841
v -0.208073 1.361321 0.208074
v -0.196920 1.352133 0.196920
v -0.169872 1.357663 0.233809
v -0.165732 1.352133 0.228109
v -0.175118 1.361321 0.241029
v -0.089307 1.357663 0.274858
v -0.087130 1.352133 0.268158
v -0.092065 1.361321 0.283346
v -0.000000 1.357663 0.289003
v -0.000000 1.352133 0.281958
v 0.089307 1.357663 0.274859
v -0.000000 1.361321 0.297928
v 0.092065 1.361321 0.283346
v 0.000000 1.373021 0.330282
v 0.102063 1.373021 0.314117
v 0.000000 1.467709 0.330282
v -0.102062 1.373021 0.314117
v -0.194135 1.373021 0.267204
v -0.102062 1.467709 0.314117
v -0.194135 1.467709 0.267204
v -0.082281 1.467709 0.253234
v -0.102062 1.653309 0.314117
v 0.000000 1.653309 0.330282
v -0.099631 1.657564 0.312627
v -0.082281 1.653309 0.253234
v -0.081008 1.657564 0.255310
v 0.000000 1.653309 0.266265
v 0.000000 1.467709 0.266265
v 0.000000 1.657564 0.268140
v 0.082281 1.653309 0.253234
v 0.081008 1.657564 0.255310
v 0.082281 1.467709 0.253234
v 0.102063 1.653309 0.314117
v 0.102063 1.467709 0.314117
v 0.099632 1.657564 0.312627
v 0.000000 1.657564 0.328407
v 0.093763 1.659326 0.309031
v 0.000000 1.659326 0.323881
v 0.077937 1.659326 0.260323
v 0.000000 1.659326 0.272666
v -0.077936 1.659326 0.260322
v -0.093762 1.659326 0.309031
v 0.194134 1.467709 0.267204
v 0.156506 1.467709 0.215414
v 0.230668 1.467709 0.230669
v 0.194134 1.373021 0.267204
v 0.175117 1.361321 0.241029
v 0.230668 1.373021 0.230669
v 0.208072 1.361321 0.208074
v 0.267202 1.373021 0.194135
v 0.267202 1.467709 0.194135
v 0.241028 1.361321 0.175118
v 0.314115 1.373021 0.102063
v 0.283345 1.361321 0.092065
v 0.322198 1.373021 0.051032
v 0.314115 1.467709 0.102063
v 0.314115 1.653309 0.102063
v 0.322198 1.467709 0.051032
v 0.259748 1.467709 0.041141
v 0.322197 1.653309 0.051032
v 0.330280 1.467709 0.000001
v 0.266264 1.467709 0.000001
v 0.330280 1.373021 0.000001
v 0.322198 1.467709 -0.051030
v 0.259749 1.467709 -0.041139
v 0.322198 1.373021 -0.051030
v 0.322198 1.653309 -0.051030
v 0.314115 1.467709 -0.102061
v 0.314115 1.373021 -0.102061
v 0.267202 1.467709 -0.194134
v 0.314115 1.653309 -0.102061
v 0.312332 1.657564 -0.101482
v 0.267202 1.653309 -0.194134
v 0.265685 1.657564 -0.193031
v 0.230668 1.653309 -0.230668
v 0.230668 1.467709 -0.230668
v 0.230668 1.657564 -0.228049
v 0.185959 1.653309 -0.185959
v 0.185959 1.467709 -0.185959
v 0.188578 1.657564 -0.185959
v 0.215412 1.653309 -0.156505
v 0.215412 1.467709 -0.156505
v 0.216929 1.657564 -0.157608
v 0.253232 1.653309 -0.082280
v 0.253233 1.467709 -0.082280
v 0.259748 1.653309 -0.041139
v 0.255015 1.657564 -0.082859
v 0.259320 1.659326 -0.084257
v 0.261287 1.657564 -0.043258
v 0.265003 1.659326 -0.048373
v 0.320079 1.657564 -0.052570
v 0.314964 1.659326 -0.056285
v 0.308028 1.659326 -0.100084
v 0.262024 1.659326 -0.190371
v 0.220590 1.659326 -0.160268
v 0.230668 1.659326 -0.221727
v 0.194900 1.659326 -0.185959
v -0.000000 1.467708 0.000001
v 0.185959 1.467709 0.185960
v 0.215412 1.467709 0.156508
v 0.253232 1.467709 0.082281
v 0.156506 1.467709 -0.215412
v 0.082280 1.467709 -0.253232
v -0.000000 1.467709 -0.266264
v -0.082281 1.467709 -0.253232
v -0.156506 1.467709 -0.215412
v -0.215413 1.467709 -0.156505
v -0.185960 1.467709 -0.185959
v -0.253233 1.467709 -0.082280
v -0.259749 1.467709 -0.041139
v -0.266265 1.467709 0.000001
v -0.259749 1.467709 0.041141
v -0.253233 1.467709 0.082281
v -0.215413 1.467709 0.156507
v -0.185960 1.467709 0.185960
v -0.156508 1.467709 0.215413
v -0.230669 1.467709 0.230669
v -0.185961 1.653309 0.185960
v -0.188579 1.657564 0.185960
v -0.230670 1.653309 0.230669
v -0.215413 1.653309 0.156507
v -0.216929 1.657564 0.157609
v -0.253233 1.653309 0.082281
v -0.255016 1.657564 0.082860
v -0.259749 1.653309 0.041141
v -0.322199 1.653309 0.051032
v -0.261288 1.657564 0.043259
v -0.320080 1.657564 0.052571
v -0.265004 1.659326 0.048374
v -0.259321 1.659326 0.084259
v -0.314965 1.659326 0.056287
v -0.308028 1.659326 0.100085
v -0.262025 1.659326 0.190373
v -0.312333 1.657564 0.101484
v -0.265687 1.657564 0.193033
v -0.314116 1.653309 0.102064
v -0.314116 1.467709 0.102064
v -0.267203 1.653309 0.194134
v -0.267203 1.467709 0.194134
v -0.267203 1.373021 0.194134
v -0.314116 1.373021 0.102064
v -0.230669 1.373021 0.230669
v -0.322199 1.373021 0.051032
v -0.322199 1.467709 0.051032
v -0.330281 1.373021 0.000001
v -0.297928 1.361321 0.000001
v -0.322199 1.373021 -0.051031
v -0.330281 1.467709 0.000001
v -0.322199 1.467709 -0.051030
v -0.314116 1.467709 -0.102062
v -0.322199 1.653309 -0.051030
v -0.320080 1.657564 -0.052570
v -0.259749 1.653309 -0.041139
v -0.314116 1.653309 -0.102062
v -0.267203 1.653309 -0.194133
v -0.312333 1.657564 -0.101483
v -0.308028 1.659326 -0.100084
v -0.265687 1.657564 -0.193031
v -0.230669 1.657564 -0.228049
v -0.262025 1.659326 -0.190371
v -0.230669 1.659326 -0.221727
v -0.220592 1.659326 -0.160268
v -0.194901 1.659326 -0.185959
v -0.216930 1.657564 -0.157608
v -0.259321 1.659326 -0.084257
v -0.255017 1.657564 -0.082859
v -0.265005 1.659326 -0.048373
v -0.314966 1.659326 -0.056285
v -0.261288 1.657564 -0.043258
v -0.253234 1.653309 -0.082280
v -0.215413 1.653309 -0.156505
v -0.185960 1.653309 -0.185959
v -0.188579 1.657564 -0.185959
v -0.230669 1.653309 -0.230668
v -0.230668 1.467709 -0.230668
v -0.194134 1.467709 -0.267202
v -0.267203 1.467709 -0.194133
v -0.230668 1.373021 -0.230668
v -0.194134 1.373021 -0.267202
v -0.267203 1.373021 -0.194133
v -0.208072 1.361321 -0.208071
v -0.175117 1.361321 -0.241027
v -0.201840 1.357663 -0.201839
v -0.241028 1.361321 -0.175116
v -0.233808 1.357663 -0.169871
v -0.283346 1.361321 -0.092064
v -0.314116 1.373021 -0.102062
v -0.290637 1.361321 -0.046031
v -0.274858 1.357663 -0.089306
v -0.268158 1.352133 -0.087129
v -0.281931 1.357663 -0.044653
v -0.275058 1.352133 -0.043564
v -0.271774 1.350892 -0.043044
v -0.264956 1.350892 -0.086089
v -0.225385 1.350892 -0.163751
v -0.194568 1.350892 -0.194568
v -0.228108 1.352133 -0.165729
v -0.196919 1.352133 -0.196919
v -0.165730 1.352133 -0.228108
v -0.087131 1.352133 -0.268157
v -0.169871 1.357663 -0.233807
v -0.163752 1.350892 -0.225384
v -0.086090 1.350892 -0.264955
v -0.000000 1.350892 -0.278591
v 0.086090 1.350892 -0.264955
v -0.000000 1.348578 -0.274780
v -0.000000 1.352133 -0.281957
v 0.087129 1.352133 -0.268157
v -0.000000 1.357663 -0.289001
v 0.089307 1.357663 -0.274857
v -0.000000 1.361321 -0.297926
v -0.089308 1.357663 -0.274857
v -0.092066 1.361321 -0.283344
v -0.102064 1.373021 -0.314115
v -0.000000 1.373021 -0.330280
v -0.102064 1.467709 -0.314115
v -0.000000 1.467709 -0.330280
v -0.102064 1.653309 -0.314115
v -0.000001 1.653309 -0.330280
v -0.099633 1.657564 -0.312625
v -0.082282 1.653309 -0.253232
v -0.000000 1.653309 -0.266264
v -0.081009 1.657564 -0.255308
v -0.077938 1.659326 -0.260321
v -0.000000 1.657564 -0.268139
v -0.000000 1.659326 -0.272665
v 0.081008 1.657564 -0.255308
v 0.082280 1.653309 -0.253232
v 0.099631 1.657564 -0.312625
v 0.077936 1.659326 -0.260321
v 0.093762 1.659326 -0.309029
v -0.000001 1.659326 -0.323879
v -0.000001 1.657564 -0.328406
v -0.093764 1.659326 -0.309029
v 0.102062 1.653309 -0.314115
v 0.102062 1.467709 -0.314115
v 0.194134 1.467709 -0.267202
v 0.102062 1.373021 -0.314115
v 0.194134 1.373021 -0.267202
v 0.092065 1.361321 -0.283344
v 0.175116 1.361321 -0.241027
v 0.208072 1.361321 -0.208071
v 0.169871 1.357663 -0.233807
v 0.165730 1.352133 -0.228108
v 0.201839 1.357663 -0.201839
v 0.233808 1.357663 -0.169871
v 0.196919 1.352133 -0.196919
v 0.228108 1.352133 -0.165729
v 0.194567 1.350892 -0.194568
v 0.225384 1.350892 -0.163751
v 0.191907 1.348578 -0.191906
v 0.163751 1.350892 -0.225384
v 0.161511 1.348578 -0.222302
v 0.160008 1.345054 -0.220232
v 0.084912 1.348578 -0.261331
v 0.084122 1.345054 -0.258899
v 0.083844 1.340874 -0.258043
v 0.159479 1.340874 -0.219504
v 0.083844 1.336086 -0.258043
v 0.159479 1.336086 -0.219504
v 0.084187 1.331839 -0.259098
v 0.160132 1.331839 -0.220403
v 0.085138 1.328558 -0.262026
v 0.086480 1.326991 -0.266157
v -0.000000 1.328558 -0.275510
v 0.161941 1.328558 -0.222893
v 0.164494 1.326991 -0.226406
v 0.192417 1.328558 -0.192417
v 0.222893 1.328558 -0.161941
v 0.190267 1.331839 -0.190267
v 0.195450 1.326991 -0.195450
v 0.226406 1.326991 -0.164494
v 0.197278 1.326680 -0.197278
v 0.166032 1.326680 -0.228523
v 0.203845 1.324079 -0.203845
v 0.228523 1.326680 -0.166032
v 0.268646 1.326680 -0.087288
v 0.236131 1.324079 -0.171559
v 0.277590 1.324079 -0.090194
v 0.242642 1.318817 -0.176289
v 0.285243 1.318817 -0.092681
v 0.209466 1.318817 -0.209466
v 0.248575 1.312153 -0.180601
v 0.255457 1.298826 -0.185601
v 0.292218 1.312153 -0.094947
v 0.214588 1.312153 -0.214588
v 0.180601 1.312153 -0.248575
v 0.220529 1.298826 -0.220529
v 0.185601 1.298826 -0.255457
v 0.097576 1.298826 -0.300308
v 0.094948 1.312153 -0.292218
v -0.000000 1.298826 -0.315763
v -0.000000 1.312153 -0.307257
v -0.097578 1.298826 -0.300308
v -0.094949 1.312153 -0.292218
v -0.185601 1.298826 -0.255457
v -0.180601 1.312153 -0.248575
v -0.220529 1.298826 -0.220529
v -0.255458 1.298826 -0.185601
v -0.259387 1.291218 -0.188455
v -0.304928 1.291218 -0.099076
v -0.307593 1.285259 -0.099943
v -0.092682 1.318817 -0.285242
v -0.090196 1.324079 -0.277589
v -0.000000 1.318817 -0.299922
v 0.092681 1.318817 -0.285242
v -0.000000 1.324079 -0.291874
v 0.090195 1.324079 -0.277589
v -0.000000 1.326680 -0.282471
v 0.087289 1.326680 -0.268645
v -0.087289 1.326680 -0.268645
v -0.000000 1.326991 -0.279853
v -0.086480 1.326991 -0.266157
v 0.171559 1.324079 -0.236131
v 0.176289 1.318817 -0.242641
v 0.300309 1.298826 -0.097576
v 0.299738 1.312153 -0.047473
v 0.308036 1.298826 -0.048787
v 0.292582 1.318817 -0.046339
v 0.307257 1.312153 0.000001
v 0.315764 1.298826 0.000001
v 0.299922 1.318817 0.000001
v 0.299737 1.312153 0.047475
v 0.308036 1.298826 0.048789
v 0.292218 1.312153 0.094949
v 0.292582 1.318817 0.046342
v 0.285243 1.318817 0.092682
v 0.284732 1.324079 0.045098
v 0.277589 1.324079 0.090195
v 0.275558 1.326680 0.043645
v 0.291874 1.324079 0.000001
v 0.282470 1.326680 0.000001
v 0.284732 1.324079 -0.045097
v 0.275558 1.326680 -0.043644
v 0.273005 1.326991 -0.043239
v 0.279853 1.326991 0.000001
v 0.266157 1.326991 -0.086479
v 0.268769 1.328558 -0.042568
v 0.275511 1.328558 0.000001
v 0.265766 1.331839 -0.042092
v 0.262027 1.328558 -0.085137
v 0.259099 1.331839 -0.084185
v 0.258044 1.336086 -0.083842
v 0.220402 1.331839 -0.160131
v 0.219504 1.336086 -0.159479
v 0.219504 1.340874 -0.159479
v 0.189492 1.336086 -0.189491
v 0.189492 1.340874 -0.189491
v 0.190120 1.345054 -0.190120
v 0.220232 1.345054 -0.160008
v 0.258899 1.345054 -0.084121
v 0.222302 1.348578 -0.161512
v 0.261332 1.348578 -0.084911
v 0.264956 1.350892 -0.086089
v 0.268056 1.348578 -0.042455
v 0.274780 1.348578 0.000001
v 0.265560 1.345054 -0.042060
v 0.271773 1.350892 -0.043044
v 0.278591 1.350892 0.000001
v 0.275057 1.352133 -0.043564
v 0.281957 1.352133 0.000001
v 0.268157 1.352133 -0.087129
v 0.281930 1.357663 -0.044653
v 0.290636 1.361321 -0.046031
v 0.289002 1.357663 0.000001
v 0.274858 1.357663 -0.089306
v 0.283345 1.361321 -0.092064
v 0.241027 1.361321 -0.175116
v 0.267202 1.373021 -0.194134
v 0.230668 1.373021 -0.230668
v 0.297927 1.361321 0.000001
v 0.281930 1.357663 0.044654
v 0.275057 1.352133 0.043566
v 0.290636 1.361321 0.046033
v 0.274857 1.357663 0.089308
v 0.233808 1.357663 0.169872
v 0.268157 1.352133 0.087131
v 0.228108 1.352133 0.165731
v 0.264955 1.350892 0.086090
v 0.225385 1.350892 0.163753
v 0.261331 1.348578 0.084913
v 0.271773 1.350892 0.043046
v 0.268056 1.348578 0.042457
v 0.265560 1.345054 0.042062
v 0.258899 1.345054 0.084122
v 0.264683 1.340874 0.041923
v 0.272222 1.345054 0.000001
v 0.271323 1.340874 0.000001
v 0.271323 1.336086 0.000001
v 0.264683 1.340874 -0.041921
v 0.264683 1.336086 -0.041921
v 0.258044 1.340874 -0.083842
v 0.272433 1.331839 0.000001
v 0.264683 1.336086 0.041923
v 0.258043 1.336086 0.083844
v 0.265766 1.331839 0.042094
v 0.268769 1.328558 0.042570
v 0.259099 1.331839 0.084187
v 0.262026 1.328558 0.085139
v 0.220403 1.331839 0.160133
v 0.219504 1.336086 0.159480
v 0.222893 1.328558 0.161942
v 0.190267 1.331839 0.190269
v 0.192417 1.328558 0.192418
v 0.189492 1.336086 0.189493
v 0.160132 1.331839 0.220404
v 0.159480 1.336086 0.219506
v 0.161941 1.328558 0.222895
v 0.084187 1.331839 0.259101
v 0.083844 1.336086 0.258044
v 0.085138 1.328558 0.262028
v 0.000000 1.331839 0.272434
v 0.000000 1.336086 0.271324
v 0.000000 1.328558 0.275512
v -0.084187 1.331839 0.259100
v -0.160133 1.331839 0.220404
v -0.083844 1.336086 0.258044
v -0.085138 1.328558 0.262027
v -0.086480 1.326991 0.266158
v -0.161943 1.328558 0.222894
v -0.164495 1.326991 0.226407
v -0.192418 1.328558 0.192418
v -0.222894 1.328558 0.161942
v -0.190268 1.331839 0.190268
v -0.195451 1.326991 0.195451
v -0.226407 1.326991 0.164495
v -0.197279 1.326680 0.197279
v -0.228524 1.326680 0.166033
v -0.203847 1.324079 0.203847
v -0.166033 1.326680 0.228525
v -0.171561 1.324079 0.236133
v -0.087289 1.326680 0.268647
v -0.090195 1.324079 0.277591
v 0.000000 1.326680 0.282472
v 0.000000 1.324079 0.291876
v 0.000000 1.326991 0.279855
v 0.087289 1.326680 0.268647
v 0.166032 1.326680 0.228525
v 0.090195 1.324079 0.277591
v 0.086480 1.326991 0.266158
v 0.164494 1.326991 0.226407
v 0.195450 1.326991 0.195451
v 0.226406 1.326991 0.164495
v 0.197278 1.326680 0.197279
v 0.228523 1.326680 0.166034
v 0.203846 1.324079 0.203847
v 0.236131 1.324079 0.171561
v 0.171560 1.324079 0.236133
v 0.209466 1.318817 0.209467
v 0.242642 1.318817 0.176291
v 0.176290 1.318817 0.242643
v 0.214588 1.312153 0.214590
v 0.180601 1.312153 0.248577
v 0.220529 1.298826 0.220530
v 0.248576 1.312153 0.180602
v 0.255458 1.298826 0.185602
v 0.300308 1.298826 0.097577
v 0.185601 1.298826 0.255459
v 0.097576 1.298826 0.300310
v 0.094948 1.312153 0.292220
v 0.000000 1.312153 0.307258
v 0.092681 1.318817 0.285244
v 0.000000 1.318817 0.299923
v -0.092682 1.318817 0.285244
v -0.094948 1.312153 0.292220
v -0.176291 1.318817 0.242643
v -0.209467 1.318817 0.209467
v -0.242642 1.318817 0.176291
v -0.236132 1.324079 0.171560
v -0.285244 1.318817 0.092682
v -0.292219 1.312153 0.094949
v -0.277590 1.324079 0.090195
v -0.292583 1.318817 0.046342
v -0.299923 1.318817 0.000001
v -0.284733 1.324079 0.045098
v -0.291875 1.324079 0.000001
v -0.275559 1.326680 0.043645
v -0.268646 1.326680 0.087290
v -0.282471 1.326680 0.000001
v -0.273006 1.326991 0.043241
v -0.279854 1.326991 0.000001
v -0.266158 1.326991 0.086481
v -0.268770 1.328558 0.042570
v -0.275512 1.328558 0.000001
v -0.265767 1.331839 0.042094
v -0.262027 1.328558 0.085139
v -0.259100 1.331839 0.084187
v -0.258044 1.336086 0.083844
v -0.220403 1.331839 0.160133
v -0.219505 1.336086 0.159480
v -0.219505 1.340874 0.159480
v -0.189493 1.336086 0.189493
v -0.189493 1.340874 0.189493
v -0.159481 1.336086 0.219506
v -0.159481 1.340874 0.219506
v -0.083844 1.340874 0.258044
v -0.160009 1.345054 0.220233
v -0.161513 1.348578 0.222303
v -0.084122 1.345054 0.258900
v -0.190121 1.345054 0.190121
v -0.191908 1.348578 0.191908
v -0.220233 1.345054 0.160009
v -0.222303 1.348578 0.161513
v -0.225385 1.350892 0.163752
v -0.194569 1.350892 0.194569
v -0.163753 1.350892 0.225386
v -0.086089 1.350892 0.264957
v -0.084912 1.348578 0.261333
v -0.000000 1.350892 0.278592
v 0.000000 1.348578 0.274782
v 0.086090 1.350892 0.264957
v 0.163751 1.350892 0.225386
v 0.084912 1.348578 0.261333
v 0.087130 1.352133 0.268159
v 0.165730 1.352133 0.228109
v 0.169871 1.357663 0.233809
v 0.196919 1.352133 0.196920
v 0.201840 1.357663 0.201841
v 0.194568 1.350892 0.194570
v 0.191907 1.348578 0.191908
v 0.161512 1.348578 0.222304
v 0.222302 1.348578 0.161513
v 0.190120 1.345054 0.190122
v 0.189492 1.340874 0.189493
v 0.160008 1.345054 0.220234
v 0.220232 1.345054 0.160009
v 0.219504 1.340874 0.159480
v 0.258043 1.340874 0.083844
v 0.159480 1.340874 0.219506
v 0.084122 1.345054 0.258900
v 0.083844 1.340874 0.258044
v 0.000000 1.345054 0.272224
v 0.000000 1.340874 0.271324
v -0.258044 1.340874 0.083844
v -0.264684 1.336086 0.041922
v -0.271324 1.336086 0.000001
v -0.272434 1.331839 0.000001
v -0.264684 1.336086 -0.041921
v -0.265767 1.331839 -0.042092
v -0.258044 1.336086 -0.083842
v -0.259100 1.331839 -0.084186
v -0.219505 1.336086 -0.159479
v -0.220403 1.331839 -0.160131
v -0.189492 1.336086 -0.189491
v -0.262027 1.328558 -0.085137
v -0.266158 1.326991 -0.086479
v -0.268770 1.328558 -0.042568
v -0.273006 1.326991 -0.043239
v -0.275559 1.326680 -0.043644
v -0.268646 1.326680 -0.087288
v -0.284733 1.324079 -0.045097
v 0.268645 1.326680 0.087290
v 0.266157 1.326991 0.086481
v 0.273005 1.326991 0.043241
v 0.304928 1.291218 -0.099076
v 0.259386 1.291218 -0.188455
v -0.230670 1.657564 0.228051
v -0.230670 1.659326 0.221728
v -0.194901 1.659326 0.185960
v -0.220591 1.659326 0.160269
v 0.253233 1.653309 0.082281
v 0.255016 1.657564 0.082861
v 0.215412 1.653309 0.156508
v 0.259747 1.653309 0.041141
v 0.261287 1.657564 0.043259
v 0.320078 1.657564 0.052571
v 0.265003 1.659326 0.048374
v 0.314964 1.659326 0.056287
v 0.259320 1.659326 0.084259
v 0.220590 1.659326 0.160270
v 0.308027 1.659326 0.100085
v 0.312331 1.657564 0.101484
v 0.262025 1.659326 0.190373
v 0.265686 1.657564 0.193033
v 0.230667 1.659326 0.221729
v 0.230667 1.657564 0.228051
v 0.194900 1.659326 0.185960
v 0.188578 1.657564 0.185960
v 0.216928 1.657564 0.157610
v 0.185959 1.653309 0.185960
v 0.230667 1.653309 0.230669
v 0.267203 1.653309 0.194135
v -0.308696 1.278836 0.100302
v -0.316943 1.272172 0.050199
v -0.308992 1.272172 0.100398
v -0.316965 1.267049 0.050203
v -0.309014 1.267049 0.100406
v -0.308405 1.262082 0.100208
v -0.262345 1.262082 0.190605
v -0.306573 1.257419 0.099613
v -0.260786 1.257419 0.189474
v -0.303437 1.251681 0.098594
v -0.225130 1.257419 0.225130
v -0.189474 1.257419 0.260787
v 0.314461 1.257419 -0.049805
v 0.311244 1.251681 -0.049295
v 0.322349 1.257419 0.000001
v 0.314461 1.257419 0.049807
v 0.319052 1.251681 0.000001
v 0.308299 1.238020 0.000001
v 0.311244 1.251681 0.049298
v 0.300754 1.238020 0.047636
v 0.303436 1.251681 0.098594
v 0.306572 1.257419 0.099613
v 0.308404 1.262082 0.100208
v 0.300754 1.238020 -0.047634
v 0.294484 1.232164 -0.046641
v 0.293210 1.238020 -0.095269
v 0.287097 1.232164 -0.093283
v 0.164500 1.218476 -0.226415
v 0.253871 1.212815 -0.082487
v 0.253383 1.211194 -0.082329
v 0.260404 1.212815 -0.041243
v 0.215540 1.211194 -0.156599
v 0.261557 1.203042 -0.084984
v 0.268287 1.203042 -0.042492
v 0.261303 1.197460 -0.084902
v 0.222278 1.197460 -0.161494
v 0.260168 1.189169 -0.084533
v 0.268027 1.197460 -0.042451
v 0.274751 1.197460 0.000001
v 0.266862 1.189169 -0.042266
v 0.273556 1.189169 0.000001
v 0.264931 1.181020 -0.041960
v 0.258285 1.181020 -0.083921
v 0.219709 1.181020 -0.159628
v 0.255672 1.173083 -0.083072
v 0.217487 1.173083 -0.158014
v 0.252354 1.165432 -0.081994
v 0.214664 1.165432 -0.155963
v 0.185313 1.165432 -0.185314
v 0.187750 1.173083 -0.187751
v 0.155963 1.165432 -0.214665
v 0.158014 1.173083 -0.217487
v 0.189669 1.181020 -0.189669
v 0.191052 1.189169 -0.191052
v 0.221311 1.189169 -0.160792
v 0.266862 1.189169 0.042268
v 0.268027 1.197460 0.042452
v 0.268287 1.203042 0.042493
v 0.275018 1.203042 0.000001
v 0.261557 1.203042 0.084986
v -0.192073 1.203042 -0.192072
v -0.191887 1.197460 -0.191886
v -0.161651 1.203042 -0.222493
v -0.084986 1.203042 -0.261556
v -0.161495 1.197460 -0.222277
v -0.084904 1.197460 -0.261303
v -0.084535 1.189169 -0.260167
v -0.246380 1.151596 -0.039022
v -0.240200 1.151596 -0.078045
v -0.250938 1.145864 -0.039744
v -0.248893 1.043860 -0.039420
v -0.265906 0.941856 -0.042114
v -0.288588 0.805852 -0.045707
v -0.272576 0.941856 0.000001
v -0.295827 0.805852 0.000001
v -0.288588 0.805852 0.045709
v -0.320740 0.660133 0.000001
v -0.312892 0.660133 0.049558
v -0.312892 0.660133 -0.049556
v -0.369568 0.538700 0.000001
v -0.391117 0.518444 0.000001
v -0.360524 0.538700 0.057102
v -0.360524 0.538700 -0.057101
v -0.351480 0.538700 -0.114202
v -0.381546 0.518444 -0.060430
v -0.371975 0.518444 -0.120861
v -0.386458 0.511357 -0.061208
v -0.396153 0.511357 0.000001
v -0.376764 0.511357 -0.122418
v -0.388186 0.502999 -0.061482
v -0.388186 0.494441 -0.061482
v -0.378448 0.502999 -0.122965
v -0.397923 0.502999 0.000001
v -0.397923 0.494441 0.000001
v -0.388186 0.502999 0.061483
v -0.378448 0.502999 0.122966
v -0.386458 0.511357 0.061210
v -0.376764 0.511357 0.122419
v -0.381546 0.518444 0.060432
v -0.371975 0.518444 0.120863
v -0.351480 0.538700 0.114204
v -0.316420 0.518444 0.229894
v -0.298987 0.538700 0.217227
v -0.320495 0.511357 0.232854
v -0.273157 0.518444 0.273158
v -0.229893 0.518444 0.316421
v -0.276675 0.511357 0.276675
v -0.258107 0.538700 0.258108
v -0.224006 0.660133 0.224006
v -0.217227 0.538700 0.298988
v -0.188527 0.660133 0.259485
v -0.173884 0.805852 0.239330
v -0.091416 0.805852 0.281350
v -0.206607 0.805852 0.206606
v -0.239330 0.805852 0.173884
v -0.259485 0.660133 0.188527
v -0.281348 0.805852 0.091417
v -0.305042 0.660133 0.099115
v -0.277910 0.502999 0.277911
v -0.321927 0.502999 0.233894
v -0.378448 0.494441 -0.122965
v -0.321927 0.502999 -0.233893
v -0.320495 0.511357 -0.232852
v -0.277910 0.502999 -0.277909
v -0.276675 0.511357 -0.276673
v -0.273156 0.518444 -0.273156
v -0.232853 0.511357 -0.320494
v -0.122418 0.511357 -0.376763
v -0.229893 0.518444 -0.316420
v -0.217227 0.538700 -0.298986
v -0.120862 0.518444 -0.371974
v -0.000000 0.518444 -0.391116
v -0.114203 0.538700 -0.351479
v -0.000000 0.538700 -0.369567
v -0.000000 0.511357 -0.396152
v 0.120861 0.518444 -0.371974
v 0.122418 0.511357 -0.376763
v 0.232852 0.511357 -0.320494
v 0.122964 0.502999 -0.378446
v 0.233893 0.502999 -0.321926
v 0.277909 0.502999 -0.277909
v 0.276674 0.511357 -0.276673
v 0.321926 0.502999 -0.233893
v 0.378447 0.502999 -0.122965
v 0.378447 0.494441 -0.122965
v 0.388185 0.502999 -0.061482
v 0.388185 0.494441 -0.061482
v -0.258107 0.538700 -0.258106
v -0.224006 0.660133 -0.224005
v -0.298987 0.538700 -0.217225
v -0.316420 0.518444 -0.229892
v -0.259485 0.660133 -0.188525
v -0.305042 0.660133 -0.099114
v -0.281348 0.805852 -0.091415
v 0.084985 1.203042 0.261558
v 0.084902 1.204629 0.261301
v 0.000000 1.204629 0.274748
v 0.082488 1.212815 0.253873
v 0.217226 0.538700 0.298988
v -0.101060 0.443246 0.311029
v -0.192226 0.443246 0.264577
v -0.192226 0.447748 0.264577
v -0.228402 0.443246 0.228402
v -0.264577 0.443246 0.192227
v -0.228402 0.447748 0.228402
v -0.264577 0.447748 0.192227
v -0.228884 0.450598 0.228885
v -0.265136 0.450598 0.192633
v -0.230236 0.452886 0.230237
v -0.192633 0.450598 0.265136
v -0.193771 0.452886 0.266703
v -0.195416 0.454161 0.268966
v -0.102736 0.454161 0.316189
v -0.232190 0.454161 0.232191
v -0.207800 0.458739 0.286012
v -0.213691 0.459979 0.294121
v -0.109247 0.458739 0.336227
v -0.246906 0.458739 0.246906
v -0.286011 0.458739 0.207800
v -0.253906 0.459979 0.253906
v -0.294121 0.459979 0.213692
v -0.260426 0.463612 0.260426
v -0.266027 0.469400 0.266028
v -0.301673 0.463612 0.219179
v -0.219178 0.463612 0.301674
v -0.308162 0.469400 0.223894
v -0.354638 0.463612 0.115230
v -0.345759 0.459979 0.112345
v -0.362266 0.469400 0.117708
v -0.363763 0.463612 0.057615
v -0.372888 0.463612 0.000001
v -0.354656 0.459979 0.056173
v -0.363553 0.459979 0.000001
v -0.344878 0.458739 0.054624
v -0.353529 0.458739 0.000001
v -0.324324 0.454161 0.051369
v -0.336227 0.458739 0.109248
v -0.316189 0.454161 0.102737
v -0.268966 0.454161 0.195415
v -0.313528 0.452886 0.101872
v -0.311686 0.450598 0.101274
v -0.266702 0.452886 0.193771
v -0.321595 0.452886 0.050937
v -0.329663 0.452886 0.000001
v -0.319706 0.450598 0.050637
v -0.327726 0.450598 0.000001
v -0.319032 0.447748 0.050531
v -0.327035 0.447748 0.000001
v -0.311029 0.447748 0.101060
v -0.311029 0.443246 0.101060
v -0.319032 0.447748 -0.050529
v -0.319706 0.450598 -0.050635
v -0.311029 0.447748 -0.101058
v -0.264577 0.447748 -0.192225
v -0.311029 0.443246 -0.101058
v -0.311686 0.450598 -0.101271
v -0.313528 0.452886 -0.101870
v -0.316189 0.454161 -0.102735
v -0.321595 0.452886 -0.050935
v -0.324324 0.454161 -0.051367
v -0.332460 0.454161 0.000001
v -0.344878 0.458739 -0.054622
v -0.336227 0.458739 -0.109246
v -0.354656 0.459979 -0.056171
v -0.345759 0.459979 -0.112343
v -0.363763 0.463612 -0.057613
v -0.354638 0.463612 -0.115228
v -0.264577 0.443246 -0.192225
v -0.112344 0.459979 0.345760
v -0.265133 0.440398 0.192630
v 0.192226 0.443246 -0.264576
v 0.268946 0.436816 -0.195400
v -0.223383 0.351425 0.307461
v -0.225050 0.361912 0.309755
v -0.271968 0.370780 0.271968
v -0.434937 0.163028 0.068889
v -0.433089 0.160312 0.068596
v -0.424026 0.163028 0.137775
v -0.422225 0.160312 0.137190
v -0.337320 0.148109 -0.337319
v -0.341866 0.146891 -0.341866
v -0.396013 0.146891 -0.287720
v -0.287720 0.146891 -0.396012
v -0.345721 0.143425 -0.345720
v -0.290964 0.143425 -0.400476
v -0.348297 0.138237 -0.348295
v -0.400478 0.143425 -0.290963
v -0.403461 0.138237 -0.293131
v -0.404509 0.132118 -0.293892
v -0.404509 0.041494 -0.293892
v -0.349201 0.132118 -0.349200
v -0.293893 0.132118 -0.404508
v -0.349201 0.041494 -0.349200
v -0.293893 0.041494 -0.404508
v -0.154509 0.041494 -0.475528
v -0.000000 0.041494 -0.499999
v -0.154509 0.132118 -0.475528
v -0.154109 0.138237 -0.474296
v -0.000000 0.132118 -0.499999
v 0.154508 0.132118 -0.475528
v -0.000000 0.138237 -0.498704
v 0.154108 0.138237 -0.474296
v -0.000000 0.143425 -0.495017
v -0.152969 0.143425 -0.470789
v 0.152968 0.143425 -0.470789
v 0.290963 0.143425 -0.400476
v 0.293131 0.138237 -0.403460
v 0.287720 0.146891 -0.396012
v 0.345720 0.143425 -0.345720
v 0.400477 0.143425 -0.290963
v 0.348296 0.138237 -0.348295
v 0.341866 0.146891 -0.341866
v 0.396012 0.146891 -0.287720
v 0.337319 0.148109 -0.337319
v 0.390745 0.148109 -0.283892
v 0.459349 0.148109 -0.149251
v 0.465540 0.146891 -0.151263
v 0.470789 0.143425 -0.152968
v 0.477519 0.146891 -0.075631
v 0.482903 0.143425 -0.076484
v 0.486500 0.138237 -0.077053
v 0.495017 0.143425 0.000001
v 0.498704 0.138237 0.000001
v 0.500000 0.132118 0.000001
v 0.486500 0.138237 0.077055
v 0.474296 0.138237 0.154109
v 0.487764 0.132118 0.077255
v 0.475528 0.132118 0.154509
v 0.487764 0.041494 0.077255
v 0.500000 0.041494 0.000001
v 0.475528 0.041494 0.154509
v 0.404508 0.041494 0.293894
v 0.404508 0.132118 0.293894
v 0.349200 0.041494 0.349202
v 0.293892 0.041494 0.404509
v 0.487764 0.041494 -0.077253
v 0.475528 0.041494 -0.154508
v 0.487764 0.132118 -0.077253
v 0.475528 0.132118 -0.154508
v 0.404508 0.132118 -0.293892
v 0.474296 0.138237 -0.154107
v 0.403460 0.138237 -0.293131
v 0.404508 0.041494 -0.293892
v 0.349200 0.132118 -0.349200
v 0.349200 0.041494 -0.349200
v 0.293892 0.132118 -0.404508
v 0.293892 0.041494 -0.404508
v 0.154508 0.041494 -0.475528
v -0.293132 0.138237 -0.403460
v -0.475528 0.041494 -0.154508
v -0.000000 0.041494 0.500001
v -0.154509 0.041494 0.475529
v -0.293893 0.041494 0.404509
v -0.349201 0.041494 0.349202
v -0.404509 0.132118 0.293894
v -0.474297 0.138237 0.154109
v -0.470790 0.143425 0.152970
v -0.465541 0.146891 0.151264
v -0.482904 0.143425 0.076485
v -0.477520 0.146891 0.075633
vn -0.0000 -0.0000 1.0000
vn 0.3090 -0.0000 0.9511
vn 0.5443 -0.0000 0.8389
vn -0.0000 -1.0000 -0.0000
vn -0.9877 -0.0000 0.1564
vn -0.9335 -0.0000 0.3587
vn -0.9334 -0.0000 0.3587
vn -0.8389 -0.0000 0.5443
vn -0.8388 0.0131 0.5443
vn -0.9334 0.0132 0.3587
vn -0.9876 0.0132 0.1564
vn -1.0000 -0.0000 -0.0000
vn -0.9999 0.0131 -0.0000
vn -0.9056 0.3991 0.1434
vn -0.8575 0.3950 0.3296
vn -0.9183 0.3959 -0.0000
vn -0.9876 0.0132 -0.1564
vn -0.9877 -0.0000 -0.1564
vn -0.9056 0.3991 -0.1434
vn -0.8576 0.3950 -0.3296
vn -0.9334 0.0132 -0.3587
vn -0.9334 -0.0000 -0.3587
vn -0.6815 0.7238 -0.1079
vn -0.6958 0.7183 -0.0000
vn -0.6499 0.7178 -0.2497
vn -0.3633 0.9299 -0.0575
vn -0.3799 0.9250 -0.0000
vn -0.3552 0.9248 -0.1365
vn -0.0321 0.9995 -0.0051
vn -0.0377 0.9993 -0.0000
vn -0.0353 0.9993 -0.0136
vn -0.0234 0.9997 -0.0037
vn -0.0196 0.9998 -0.0000
vn -0.0183 0.9998 -0.0070
vn -0.0317 0.9993 -0.0206
vn -0.0164 0.9998 -0.0107
vn -0.3192 0.9248 -0.2071
vn -0.4273 0.8891 -0.1642
vn -0.4749 0.8768 -0.0752
vn -0.3840 0.8891 -0.2492
vn -0.5750 0.7281 -0.3731
vn -0.7890 0.5344 -0.3032
vn -0.8444 0.5187 -0.1337
vn -0.4573 0.8893 -0.0000
vn -0.8449 0.5349 -0.0000
vn -0.4749 0.8768 0.0752
vn -0.8442 0.5190 0.1337
vn -0.0234 0.9997 0.0037
vn -0.0321 0.9995 0.0051
vn -0.0353 0.9993 0.0136
vn -0.0183 0.9998 0.0070
vn -0.4273 0.8891 0.1642
vn -0.0317 0.9993 0.0206
vn -0.0164 0.9998 0.0107
vn -0.3840 0.8891 0.2492
vn -0.7890 0.5344 0.3032
vn -0.7090 0.5344 0.4601
vn -0.3400 0.8768 0.3400
vn -0.4875 0.7243 0.4875
vn -0.0168 0.9997 0.0168
vn -0.0115 0.9998 0.0158
vn -0.2492 0.8891 0.3840
vn -0.3731 0.7282 0.5750
vn -0.1413 0.8893 0.4349
vn -0.2611 0.5349 0.8036
vn -0.0060 0.9998 0.0186
vn -0.0206 0.9993 0.0317
vn -0.0117 0.9993 0.0359
vn -0.0230 0.9995 0.0230
vn -0.2601 0.9299 0.2601
vn -0.2071 0.9248 0.3192
vn -0.1174 0.9250 0.3614
vn -0.3192 0.9248 0.2071
vn -0.4879 0.7239 0.4879
vn -0.3790 0.7178 0.5840
vn -0.5840 0.7178 0.3790
vn -0.6485 0.3986 0.6485
vn -0.5001 0.3950 0.7707
vn -0.7707 0.3950 0.5001
vn -0.7070 0.0132 0.7071
vn -0.5443 0.0132 0.8388
vn -0.3090 0.0131 0.9510
vn -0.2838 0.3956 0.8735
vn -0.2150 0.7183 0.6616
vn -0.0000 0.0131 0.9999
vn -0.0000 0.3956 0.9184
vn -0.0000 0.7184 0.6957
vn 0.3090 0.0132 0.9510
vn 0.2838 0.3959 0.8733
vn 0.2150 0.7184 0.6616
vn 0.5443 0.0131 0.8388
vn 0.5001 0.3950 0.7707
vn 0.3790 0.7178 0.5840
vn 0.7070 0.0132 0.7070
vn 0.6485 0.3987 0.6485
vn 0.4879 0.7238 0.4879
vn 0.7707 0.3950 0.5001
vn 0.5840 0.7178 0.3790
vn 0.8388 0.0131 0.5443
vn 0.2071 0.9248 0.3192
vn 0.2600 0.9300 0.2600
vn 0.3192 0.9248 0.2071
vn 0.0230 0.9995 0.0230
vn 0.0317 0.9993 0.0206
vn 0.0206 0.9993 0.0317
vn 0.6499 0.7178 0.2497
vn 0.3552 0.9248 0.1365
vn 0.0353 0.9993 0.0136
vn 0.6816 0.7237 0.1080
vn 0.3632 0.9299 0.0575
vn 0.0321 0.9995 0.0051
vn 0.6957 0.7184 -0.0000
vn 0.3799 0.9250 -0.0000
vn 0.0377 0.9993 -0.0000
vn 0.0234 0.9997 0.0037
vn 0.0196 0.9998 -0.0000
vn 0.0183 0.9998 0.0070
vn 0.4273 0.8891 0.1642
vn 0.4749 0.8768 0.0752
vn 0.4574 0.8893 -0.0000
vn 0.0321 0.9995 -0.0051
vn 0.0234 0.9997 -0.0037
vn 0.4749 0.8768 -0.0752
vn 0.0353 0.9993 -0.0136
vn 0.0183 0.9998 -0.0070
vn 0.4273 0.8891 -0.1642
vn 0.6809 0.7244 -0.1078
vn 0.6398 0.7282 -0.2459
vn 0.8450 0.5348 -0.0000
vn 0.3840 0.8891 -0.2491
vn 0.5749 0.7282 -0.3731
vn 0.0158 0.9998 -0.0115
vn 0.3400 0.8768 -0.3400
vn 0.4875 0.7244 -0.4875
vn 0.0168 0.9997 -0.0168
vn 0.0115 0.9998 -0.0158
vn 0.2492 0.8891 -0.3840
vn 0.3731 0.7282 -0.5750
vn 0.1413 0.8893 -0.4350
vn 0.2116 0.7286 -0.6514
vn 0.0060 0.9998 -0.0186
vn 0.0230 0.9995 -0.0230
vn 0.0206 0.9993 -0.0317
vn 0.0117 0.9993 -0.0359
vn -0.0000 0.9998 -0.0196
vn -0.0000 0.8893 -0.4573
vn -0.0000 0.9993 -0.0377
vn 0.2071 0.9248 -0.3192
vn 0.1174 0.9250 -0.3614
vn -0.0000 0.9250 -0.3800
vn -0.1174 0.9250 -0.3613
vn -0.0117 0.9993 -0.0359
vn -0.0060 0.9998 -0.0186
vn -0.2071 0.9248 -0.3192
vn -0.0206 0.9993 -0.0317
vn -0.0107 0.9998 -0.0164
vn -0.1413 0.8893 -0.4349
vn -0.2491 0.8891 -0.3840
vn -0.0168 0.9997 -0.0168
vn -0.3400 0.8768 -0.3400
vn -0.0230 0.9995 -0.0230
vn -0.2611 0.5349 -0.8036
vn -0.3731 0.7282 -0.5750
vn -0.4875 0.7243 -0.4875
vn -0.6982 0.1585 -0.6982
vn -0.6806 0.2711 -0.6806
vn -0.8068 0.2738 -0.5235
vn -0.8278 0.1620 -0.5372
vn -0.5372 0.1619 -0.8278
vn -0.5236 0.2737 -0.8068
vn -0.7024 -0.1152 -0.7024
vn -0.8331 -0.1174 -0.5406
vn -0.5406 -0.1174 -0.8331
vn -0.3049 0.1622 -0.9385
vn -0.3069 -0.1175 -0.9445
vn -0.2826 -0.4044 -0.8698
vn -0.4979 -0.4042 -0.7673
vn -0.6501 -0.3934 -0.6501
vn -0.2113 -0.7296 -0.6504
vn -0.3725 -0.7291 -0.5741
vn -0.4938 -0.7158 -0.4938
vn -0.7673 -0.4042 -0.4979
vn -0.5741 -0.7291 -0.3726
vn -0.2853 -0.9150 -0.2853
vn -0.3330 -0.9178 -0.2161
vn -0.2160 -0.9179 -0.3329
vn -0.2380 -0.9416 -0.2380
vn -0.1776 -0.9453 -0.2736
vn -0.2736 -0.9453 -0.1776
vn -0.3705 -0.9179 -0.1424
vn -0.3045 -0.9453 -0.1170
vn -0.6389 -0.7291 -0.2455
vn -0.3985 -0.9150 -0.0631
vn -0.3325 -0.9416 -0.0527
vn -0.6893 -0.7162 -0.1092
vn -0.8538 -0.4043 -0.3281
vn -0.9080 -0.3934 -0.1438
vn -0.6840 -0.7295 -0.0000
vn -0.3965 -0.9180 -0.0000
vn -0.9146 -0.4044 -0.0000
vn -0.9811 -0.1152 -0.1554
vn -0.9931 -0.1176 -0.0000
vn -0.9270 -0.1174 -0.3563
vn -0.9752 0.1585 -0.1545
vn -0.9868 0.1622 -0.0000
vn -0.9211 0.1620 -0.3540
vn -0.9752 0.1585 0.1545
vn -0.9811 -0.1152 0.1554
vn -0.9211 0.1620 0.3540
vn -0.9270 -0.1174 0.3562
vn -0.8278 0.1620 0.5372
vn -0.8331 -0.1174 0.5406
vn -0.6982 0.1585 0.6982
vn -0.7024 -0.1152 0.7024
vn -0.6806 0.2711 0.6806
vn -0.5236 0.2738 0.8068
vn -0.5372 0.1619 0.8278
vn -0.5406 -0.1174 0.8331
vn -0.3049 0.1621 0.9385
vn -0.3069 -0.1175 0.9445
vn -0.0000 0.1621 0.9868
vn -0.0000 -0.1176 0.9931
vn -0.0000 0.5350 0.8449
vn -0.0000 0.8893 0.4573
vn 0.2611 0.5348 0.8036
vn 0.3049 0.1621 0.9385
vn 0.1413 0.8894 0.4348
vn -0.0000 0.9998 0.0196
vn 0.0061 0.9998 0.0186
vn -0.0000 0.9993 0.0377
vn 0.0117 0.9993 0.0359
vn 0.0115 0.9998 0.0158
vn 0.2492 0.8891 0.3840
vn 0.1174 0.9250 0.3614
vn -0.0000 0.9249 0.3801
vn 0.0168 0.9997 0.0168
vn 0.3400 0.8768 0.3400
vn 0.4601 0.5344 0.7090
vn 0.4875 0.7244 0.4875
vn 0.0158 0.9998 0.0115
vn 0.3840 0.8891 0.2492
vn 0.7090 0.5344 0.4601
vn 0.7890 0.5344 0.3032
vn 0.8441 0.5192 0.1337
vn 0.8278 0.1619 0.5372
vn 0.9211 0.1620 0.3540
vn 0.9752 0.1585 0.1545
vn 0.9868 0.1621 -0.0000
vn 0.9811 -0.1151 0.1554
vn 0.9931 -0.1175 -0.0000
vn 0.9270 -0.1174 0.3562
vn 0.9081 -0.3934 0.1438
vn 0.9146 -0.4044 -0.0000
vn 0.8538 -0.4042 0.3281
vn 0.6896 -0.7159 0.1092
vn 0.6840 -0.7295 -0.0000
vn 0.6388 -0.7291 0.2455
vn 0.7673 -0.4043 0.4979
vn 0.8331 -0.1174 0.5406
vn 0.5741 -0.7291 0.3726
vn 0.3330 -0.9179 0.2160
vn 0.3705 -0.9179 0.1424
vn 0.3985 -0.9150 0.0631
vn 0.3325 -0.9416 0.0527
vn 0.3045 -0.9453 0.1170
vn 0.2736 -0.9453 0.1776
vn 0.2380 -0.9416 0.2380
vn 0.2853 -0.9150 0.2853
vn 0.4938 -0.7158 0.4938
vn 0.2160 -0.9179 0.3330
vn 0.3726 -0.7291 0.5741
vn 0.1776 -0.9453 0.2736
vn 0.2484 -0.9363 0.2484
vn 0.3042 -0.9319 0.1974
vn 0.1974 -0.9319 0.3042
vn 0.1119 -0.9321 0.3445
vn 0.1007 -0.9454 0.3099
vn 0.1225 -0.9181 0.3771
vn -0.0000 -0.9181 0.3965
vn -0.0000 -0.9454 0.3258
vn -0.0000 -0.9321 0.3622
vn 0.2114 -0.7293 0.6507
vn -0.0000 -0.7296 0.6839
vn -0.1225 -0.9181 0.3771
vn -0.1007 -0.9454 0.3099
vn -0.2114 -0.7293 0.6507
vn 0.2826 -0.4043 0.8698
vn -0.0000 -0.4043 0.9146
vn -0.2826 -0.4043 0.8699
vn 0.3069 -0.1176 0.9445
vn 0.5371 0.1620 0.8278
vn 0.5405 -0.1174 0.8331
vn 0.4979 -0.4042 0.7673
vn 0.6982 0.1585 0.6982
vn 0.7024 -0.1152 0.7024
vn 0.6501 -0.3934 0.6501
vn 0.6806 0.2711 0.6806
vn -0.4979 -0.4042 0.7673
vn -0.3725 -0.7291 0.5741
vn -0.6501 -0.3934 0.6501
vn -0.4938 -0.7158 0.4938
vn -0.7673 -0.4042 0.4979
vn -0.5741 -0.7291 0.3725
vn -0.3330 -0.9179 0.2161
vn -0.2853 -0.9150 0.2853
vn -0.2161 -0.9179 0.3330
vn -0.2380 -0.9416 0.2380
vn -0.1776 -0.9453 0.2736
vn -0.2736 -0.9453 0.1776
vn -0.3705 -0.9179 0.1424
vn -0.6388 -0.7291 0.2455
vn -0.3045 -0.9453 0.1170
vn -0.3042 -0.9319 0.1974
vn -0.2484 -0.9363 0.2484
vn -0.3385 -0.9319 0.1301
vn -0.3469 -0.9363 0.0550
vn -0.3325 -0.9416 0.0527
vn -0.3985 -0.9150 0.0631
vn -0.3258 -0.9454 -0.0000
vn -0.3622 -0.9321 -0.0000
vn -0.3469 -0.9363 -0.0550
vn -0.3385 -0.9319 -0.1301
vn -0.6203 -0.7782 -0.0982
vn -0.6321 -0.7749 -0.0000
vn -0.5905 -0.7745 -0.2269
vn -0.8031 -0.5821 -0.1272
vn -0.8139 -0.5810 -0.0000
vn -0.7600 -0.5805 -0.2921
vn -0.9127 -0.3821 -0.1446
vn -0.9240 -0.3824 -0.0000
vn -0.8627 -0.3819 -0.3315
vn -0.9700 -0.1886 -0.1536
vn -0.9820 -0.1889 -0.0000
vn -0.9167 -0.1887 -0.3523
vn -0.9870 -0.0370 -0.1563
vn -0.9993 -0.0372 -0.0000
vn -0.9328 -0.0372 -0.3585
vn -0.9858 0.0617 -0.1561
vn -0.9981 0.0619 -0.0000
vn -0.9317 0.0618 -0.3580
vn -0.9085 0.2294 -0.3492
vn -0.9614 0.2290 -0.1523
vn -0.9732 0.2298 -0.0000
vn -0.9858 0.0616 0.1561
vn -0.9614 0.2290 0.1523
vn -0.9870 -0.0370 0.1563
vn -0.8642 0.4842 -0.1369
vn -0.8765 0.4814 -0.0000
vn -0.8642 0.4843 0.1369
vn -0.9317 0.0618 0.3580
vn -0.9085 0.2294 0.3492
vn -0.8185 0.4807 0.3145
vn -0.6934 0.7121 0.1098
vn -0.6556 0.7118 0.2519
vn -0.7018 0.7123 -0.0000
vn -0.7356 0.4807 0.4773
vn -0.5892 0.7118 0.3823
vn -0.8165 0.2294 0.5298
vn -0.6188 0.4840 0.6188
vn -0.4964 0.7121 0.4965
vn -0.6883 0.2292 0.6883
vn -0.5298 0.2294 0.8165
vn -0.4773 0.4807 0.7356
vn -0.3823 0.7118 0.5892
vn -0.2708 0.4815 0.8336
vn -0.2169 0.7123 0.6675
vn -0.3007 0.2298 0.9256
vn -0.7058 0.0617 0.7058
vn -0.5433 0.0618 0.8373
vn -0.3084 0.0619 0.9492
vn -0.0000 0.2297 0.9733
vn -0.0000 0.4813 0.8766
vn -0.0000 0.0619 0.9981
vn -0.5439 -0.0372 0.8383
vn -0.3088 -0.0373 0.9504
vn -0.0000 -0.0373 0.9993
vn 0.3088 -0.0373 0.9504
vn 0.3084 0.0619 0.9492
vn 0.3008 0.2297 0.9256
vn 0.5439 -0.0372 0.8383
vn 0.5433 0.0618 0.8373
vn 0.5298 0.2294 0.8165
vn 0.2709 0.4814 0.8336
vn 0.4773 0.4807 0.7356
vn 0.7058 0.0617 0.7058
vn 0.6883 0.2290 0.6883
vn 0.6186 0.4843 0.6186
vn 0.8373 0.0618 0.5433
vn 0.8165 0.2294 0.5298
vn 0.7356 0.4808 0.4773
vn 0.4964 0.7121 0.4965
vn 0.5892 0.7118 0.3823
vn 0.3823 0.7118 0.5892
vn 0.3313 0.7934 0.5106
vn 0.4312 0.7925 0.4312
vn 0.5106 0.7934 0.3313
vn 0.6556 0.7118 0.2519
vn 0.5682 0.7934 0.2184
vn 0.8185 0.4807 0.3145
vn 0.8642 0.4842 0.1369
vn 0.6934 0.7121 0.1098
vn 0.6024 0.7925 0.0954
vn 0.4784 0.8214 0.3104
vn 0.5323 0.8214 0.2046
vn 0.5674 0.8185 0.0899
vn 0.6082 0.7938 -0.0000
vn 0.5697 0.8219 -0.0000
vn 0.7018 0.7123 -0.0000
vn 0.5500 0.8306 0.0871
vn 0.5536 0.8328 -0.0000
vn 0.5176 0.8322 0.1989
vn 0.6173 0.7806 0.0977
vn 0.6122 0.7907 -0.0000
vn 0.5719 0.7903 0.2198
vn 0.4652 0.8322 0.3018
vn 0.5140 0.7903 0.3335
vn 0.8903 0.3007 0.3421
vn 0.9443 0.2930 0.1496
vn 0.7999 0.3012 0.5191
vn 0.4420 0.7806 0.4420
vn 0.3940 0.8304 0.3940
vn 0.6761 0.2929 0.6761
vn 0.5191 0.3012 0.7999
vn 0.3335 0.7903 0.5140
vn 0.3018 0.8322 0.4652
vn 0.4062 0.8185 0.4062
vn 0.3104 0.8214 0.4784
vn 0.1760 0.8219 0.5418
vn 0.1879 0.7938 0.5784
vn 0.1711 0.8328 0.5265
vn 0.2169 0.7123 0.6675
vn -0.0000 0.8219 0.5697
vn -0.0000 0.7938 0.6081
vn -0.0000 0.7123 0.7018
vn -0.1879 0.7938 0.5784
vn -0.3313 0.7934 0.5106
vn -0.1760 0.8219 0.5418
vn -0.3104 0.8215 0.4784
vn -0.4062 0.8185 0.4062
vn -0.4312 0.7925 0.4312
vn -0.5106 0.7934 0.3313
vn -0.4784 0.8215 0.3104
vn -0.4652 0.8322 0.3018
vn -0.3941 0.8303 0.3941
vn -0.3018 0.8322 0.4652
vn -0.4420 0.7806 0.4420
vn -0.5140 0.7903 0.3335
vn -0.3335 0.7903 0.5140
vn -0.6761 0.2929 0.6761
vn -0.5191 0.3012 0.7999
vn -0.8000 0.3007 0.5191
vn -0.7051 -0.0751 0.7051
vn -0.5427 -0.0772 0.8364
vn -0.8364 -0.0768 0.5427
vn -0.8901 0.3012 0.3420
vn -0.5719 0.7903 0.2198
vn -0.9307 -0.0773 0.3576
vn -0.8368 -0.4432 0.3215
vn -0.7520 -0.4432 0.4879
vn -0.6375 -0.4325 0.6375
vn -0.6576 -0.6209 0.4267
vn -0.5581 -0.6140 0.5581
vn -0.7317 -0.6209 0.2812
vn -0.8906 -0.4325 0.1410
vn -0.9849 -0.0745 0.1560
vn -0.7796 -0.6140 0.1235
vn -0.8962 -0.4436 -0.0000
vn -0.9970 -0.0771 -0.0000
vn -0.7835 -0.6214 -0.0000
vn -0.8906 -0.4323 -0.1411
vn -0.9849 -0.0745 -0.1560
vn -0.7796 -0.6140 -0.1235
vn -0.8368 -0.4432 -0.3216
vn -0.9307 -0.0768 -0.3576
vn -0.7317 -0.6209 -0.2812
vn -0.7842 -0.6080 -0.1242
vn -0.7404 -0.6089 -0.2845
vn -0.7928 -0.6095 -0.0000
vn -0.8577 -0.3947 -0.3296
vn -0.9059 -0.3985 -0.1435
vn -0.9186 -0.3951 -0.0000
vn -0.7842 -0.6079 0.1242
vn -0.9059 -0.3985 0.1435
vn -0.7404 -0.6090 0.2845
vn -0.8577 -0.3947 0.3296
vn -0.9947 -0.1033 -0.0000
vn -0.9824 -0.1030 0.1556
vn -0.9285 -0.1028 0.3568
vn -0.7708 -0.3946 0.5001
vn -0.8344 -0.1028 0.5415
vn -0.6654 -0.6089 0.4318
vn -0.6486 -0.3983 0.6486
vn -0.7034 -0.1025 0.7034
vn -0.5614 -0.6080 0.5614
vn -0.4318 -0.6089 0.6654
vn -0.5001 -0.3946 0.7708
vn -0.5415 -0.1028 0.8344
vn -0.2839 -0.3951 0.8737
vn -0.3074 -0.1032 0.9460
vn -0.2450 -0.6095 0.7540
vn -0.4267 -0.6209 0.6576
vn -0.2421 -0.6214 0.7451
vn -0.0000 -0.6095 0.7928
vn -0.0000 -0.3952 0.9186
vn -0.0000 -0.6214 0.7835
vn -0.2770 -0.4436 0.8524
vn -0.0000 -0.4437 0.8962
vn -0.4879 -0.4432 0.7520
vn 0.2421 -0.6214 0.7451
vn 0.2450 -0.6095 0.7540
vn 0.2769 -0.4437 0.8523
vn -0.3081 -0.0772 0.9482
vn -0.0000 -0.0767 0.9971
vn 0.3081 -0.0767 0.9483
vn -0.2947 0.3010 0.9070
vn -0.0000 0.3010 0.9536
vn 0.2947 0.3010 0.9070
vn -0.1892 0.7907 0.5822
vn -0.0000 0.7907 0.6122
vn 0.1892 0.7907 0.5822
vn -0.0000 0.8325 0.5540
vn -0.1711 0.8328 0.5265
vn 0.5427 -0.0772 0.8364
vn 0.7051 -0.0745 0.7051
vn 0.4879 -0.4432 0.7520
vn 0.6375 -0.4325 0.6375
vn 0.8364 -0.0773 0.5427
vn 0.7520 -0.4432 0.4879
vn 0.4267 -0.6209 0.6576
vn 0.5581 -0.6140 0.5581
vn 0.6576 -0.6209 0.4267
vn 0.5614 -0.6080 0.5614
vn 0.4318 -0.6090 0.6654
vn 0.6654 -0.6090 0.4318
vn 0.6486 -0.3982 0.6486
vn 0.7708 -0.3946 0.5001
vn 0.5001 -0.3946 0.7708
vn 0.7033 -0.1030 0.7033
vn 0.8344 -0.1028 0.5415
vn 0.5415 -0.1028 0.8344
vn 0.7033 0.1030 0.7033
vn 0.5415 0.1028 0.8344
vn 0.8344 0.1028 0.5415
vn 0.9285 -0.1028 0.3568
vn 0.9285 0.1028 0.3568
vn 0.8577 -0.3947 0.3296
vn 0.9824 -0.1030 0.1556
vn 0.9824 0.1030 0.1556
vn 0.9059 -0.3984 0.1435
vn 0.7404 -0.6090 0.2845
vn 0.7842 -0.6080 0.1242
vn 0.7928 -0.6095 -0.0000
vn 0.9185 -0.3954 -0.0000
vn 0.9947 -0.1032 -0.0000
vn 0.9060 -0.3982 -0.1435
vn 0.9825 -0.1026 -0.1556
vn 0.7842 -0.6080 -0.1242
vn 0.7796 -0.6140 0.1235
vn 0.7834 -0.6215 -0.0000
vn 0.7796 -0.6140 -0.1235
vn 0.7404 -0.6090 -0.2845
vn 0.8577 -0.3947 -0.3296
vn 0.7317 -0.6209 -0.2812
vn 0.8905 -0.4325 -0.1410
vn 0.8368 -0.4432 -0.3216
vn 0.8963 -0.4435 -0.0000
vn 0.7520 -0.4432 -0.4879
vn 0.6576 -0.6209 -0.4267
vn 0.6654 -0.6090 -0.4318
vn 0.6376 -0.4325 -0.6376
vn 0.5581 -0.6140 -0.5581
vn 0.5614 -0.6080 -0.5614
vn 0.7708 -0.3946 -0.5001
vn 0.6486 -0.3982 -0.6486
vn 0.4318 -0.6090 -0.6654
vn 0.5001 -0.3946 -0.7708
vn 0.4266 -0.6210 -0.6575
vn 0.8344 -0.1028 -0.5415
vn 0.7033 -0.1030 -0.7033
vn 0.5415 -0.1028 -0.8344
vn 0.2839 -0.3949 -0.8737
vn 0.3074 -0.1032 -0.9460
vn 0.2450 -0.6095 -0.7540
vn -0.0000 -0.3952 -0.9186
vn -0.0000 -0.1032 -0.9947
vn -0.0000 -0.6095 -0.7928
vn -0.2839 -0.3953 -0.8736
vn -0.3074 -0.1032 -0.9460
vn -0.2450 -0.6095 -0.7540
vn -0.4318 -0.6090 -0.6654
vn -0.5002 -0.3946 -0.7708
vn -0.5415 -0.1028 -0.8344
vn -0.3074 0.1032 -0.9460
vn -0.0000 0.1032 -0.9947
vn -0.5415 0.1028 -0.8344
vn -0.7033 -0.1030 -0.7033
vn -0.7033 0.1030 -0.7033
vn -0.6486 -0.3984 -0.6486
vn -0.7708 -0.3947 -0.5001
vn -0.8344 -0.1028 -0.5415
vn -0.8344 0.1028 -0.5415
vn -0.6486 0.3983 -0.6486
vn -0.7708 0.3947 -0.5001
vn -0.5002 0.3946 -0.7708
vn -0.5254 0.6693 -0.5254
vn -0.6236 0.6688 -0.4047
vn -0.4047 0.6688 -0.6236
vn -0.2839 0.3951 -0.8737
vn -0.2296 0.6693 -0.7066
vn -0.4597 0.7598 -0.4597
vn -0.3536 0.7603 -0.5449
vn -0.2006 0.7608 -0.6173
vn -0.1508 0.8729 -0.4641
vn -0.2659 0.8726 -0.4098
vn -0.3415 0.8757 -0.3415
vn -0.5449 0.7603 -0.3536
vn -0.4098 0.8725 -0.2659
vn -0.1757 0.9686 -0.1757
vn -0.2161 0.9662 -0.1403
vn -0.1403 0.9662 -0.2161
vn -0.1342 0.9818 -0.1342
vn -0.1539 0.9830 -0.0998
vn -0.0998 0.9830 -0.1539
vn -0.0795 0.9663 -0.2448
vn -0.0566 0.9831 -0.1742
vn -0.1743 0.9691 -0.1743
vn -0.1307 0.9707 -0.2015
vn -0.0741 0.9708 -0.2281
vn -0.0000 0.9831 -0.1832
vn -0.0000 0.9708 -0.2399
vn -0.0000 0.9663 -0.2573
vn -0.0000 0.8067 -0.5910
vn -0.1826 0.8067 -0.5620
vn -0.3220 0.8063 -0.4962
vn -0.2740 0.4622 -0.8434
vn -0.4828 0.4617 -0.7441
vn -0.0000 0.4617 -0.8870
vn 0.2740 0.4624 -0.8433
vn 0.1826 0.8067 -0.5620
vn 0.0741 0.9708 -0.2281
vn 0.3076 0.0944 -0.9468
vn -0.0000 0.0943 -0.9955
vn -0.3076 0.0944 -0.9468
vn -0.0000 -0.0948 -0.9955
vn 0.3076 -0.0949 -0.9468
vn -0.3076 -0.0949 -0.9468
vn -0.5419 0.0942 -0.8351
vn -0.5419 -0.0948 -0.8351
vn -0.7041 0.0920 -0.7041
vn -0.7041 -0.0925 -0.7041
vn -0.6318 0.4490 -0.6318
vn -0.4309 0.7929 -0.4309
vn -0.7441 0.4617 -0.4828
vn -0.8351 0.0943 -0.5419
vn -0.4962 0.8063 -0.3220
vn -0.2015 0.9707 -0.1307
vn -0.2242 0.9707 -0.0861
vn -0.5522 0.8063 -0.2122
vn -0.1712 0.9830 -0.0658
vn -0.1874 0.9818 -0.0297
vn -0.2434 0.9691 -0.0386
vn -0.6018 0.7930 -0.0953
vn -0.8280 0.4617 -0.3182
vn -0.8827 0.4487 -0.1398
vn -0.5910 0.8067 -0.0000
vn -0.8870 0.4618 -0.0000
vn -0.2398 0.9708 -0.0000
vn -0.9835 0.0920 -0.1558
vn -0.9955 0.0944 -0.0000
vn -0.9293 0.0942 -0.3571
vn -0.8825 0.4491 0.1398
vn -0.9835 0.0920 0.1558
vn -0.6016 0.7931 0.0953
vn -0.8280 0.4617 0.3182
vn -0.9293 0.0942 0.3571
vn -0.5522 0.8063 0.2122
vn -0.2434 0.9691 0.0386
vn -0.2242 0.9707 0.0861
vn -0.4962 0.8063 0.3220
vn -0.7441 0.4617 0.4828
vn -0.2015 0.9707 0.1307
vn -0.1874 0.9818 0.0297
vn -0.1712 0.9830 0.0658
vn -0.1539 0.9830 0.0998
vn -0.1743 0.9691 0.1743
vn -0.4308 0.7930 0.4308
vn -0.1342 0.9818 0.1342
vn -0.1307 0.9707 0.2015
vn -0.3220 0.8063 0.4962
vn -0.0998 0.9830 0.1539
vn -0.6318 0.4489 0.6318
vn -0.4828 0.4617 0.7441
vn -0.1826 0.8067 0.5621
vn -0.2741 0.4617 0.8436
vn -0.0741 0.9708 0.2281
vn -0.0000 0.8067 0.5909
vn -0.0000 0.4623 0.8867
vn -0.0000 0.9708 0.2399
vn 0.1827 0.8066 0.5622
vn 0.2741 0.4621 0.8434
vn 0.0741 0.9708 0.2281
vn 0.3220 0.8063 0.4962
vn 0.4828 0.4617 0.7441
vn 0.1307 0.9707 0.2015
vn -0.0000 0.9831 0.1832
vn 0.0566 0.9831 0.1742
vn 0.0998 0.9830 0.1539
vn 0.1743 0.9691 0.1743
vn 0.4308 0.7929 0.4309
vn 0.1342 0.9818 0.1342
vn 0.2014 0.9707 0.1307
vn 0.4962 0.8063 0.3220
vn 0.1539 0.9830 0.0998
vn 0.6318 0.4491 0.6318
vn 0.7441 0.4617 0.4828
vn 0.5522 0.8063 0.2122
vn 0.8280 0.4617 0.3182
vn 0.2242 0.9707 0.0861
vn 0.6015 0.7932 0.0953
vn 0.8826 0.4489 0.1398
vn 0.2434 0.9691 0.0386
vn 0.2398 0.9708 -0.0000
vn 0.5910 0.8067 -0.0000
vn 0.8868 0.4621 -0.0000
vn 0.6016 0.7931 -0.0953
vn 0.8827 0.4486 -0.1398
vn 0.2434 0.9691 -0.0386
vn 0.1874 0.9818 0.0297
vn 0.1832 0.9831 -0.0000
vn 0.1874 0.9818 -0.0297
vn 0.2242 0.9707 -0.0861
vn 0.5522 0.8063 -0.2122
vn 0.1712 0.9830 -0.0658
vn 0.2454 0.9686 -0.0389
vn 0.2405 0.9662 -0.0924
vn 0.2573 0.9663 -0.0000
vn 0.4880 0.8729 -0.0000
vn 0.4769 0.8757 -0.0755
vn 0.4560 0.8725 -0.1753
vn 0.4098 0.8725 -0.2659
vn 0.2161 0.9662 -0.1403
vn 0.1539 0.9830 -0.0998
vn 0.3415 0.8757 -0.3415
vn 0.1758 0.9686 -0.1758
vn 0.1342 0.9818 -0.1342
vn 0.2659 0.8725 -0.4098
vn 0.1403 0.9662 -0.2161
vn 0.0998 0.9830 -0.1539
vn 0.1508 0.8729 -0.4641
vn 0.0795 0.9663 -0.2447
vn 0.0566 0.9831 -0.1742
vn -0.0000 0.8729 -0.4879
vn 0.2006 0.7608 -0.6173
vn -0.0000 0.7608 -0.6490
vn 0.2296 0.6693 -0.7066
vn -0.0000 0.6693 -0.7430
vn -0.0000 0.3951 -0.9187
vn 0.2839 0.3952 -0.8736
vn 0.4046 0.6688 -0.6236
vn 0.3536 0.7603 -0.5449
vn 0.5002 0.3946 -0.7708
vn 0.5415 0.1028 -0.8344
vn 0.3074 0.1032 -0.9460
vn 0.6486 0.3984 -0.6486
vn 0.7033 0.1030 -0.7033
vn 0.8344 0.1028 -0.5415
vn 0.7708 0.3947 -0.5001
vn 0.6236 0.6689 -0.4046
vn 0.5254 0.6693 -0.5254
vn 0.4597 0.7598 -0.4597
vn 0.5449 0.7603 -0.3536
vn 0.6063 0.7603 -0.2330
vn 0.6939 0.6688 -0.2667
vn 0.6421 0.7598 -0.1017
vn 0.7338 0.6693 -0.1162
vn 0.7430 0.6693 -0.0000
vn 0.6490 0.7608 -0.0000
vn 0.9060 0.3982 -0.1435
vn 0.8577 0.3947 -0.3296
vn 0.9186 0.3951 -0.0000
vn 0.6421 0.7598 0.1017
vn 0.7338 0.6693 0.1162
vn 0.9060 0.3982 0.1435
vn 0.6939 0.6688 0.2667
vn 0.8577 0.3946 0.3296
vn 0.6063 0.7603 0.2330
vn 0.4770 0.8757 0.0755
vn 0.4560 0.8725 0.1753
vn 0.6236 0.6688 0.4046
vn 0.5449 0.7603 0.3536
vn 0.4098 0.8725 0.2659
vn 0.2161 0.9662 0.1403
vn 0.2405 0.9662 0.0924
vn 0.2456 0.9686 0.0389
vn 0.1712 0.9830 0.0658
vn 0.1757 0.9686 0.1757
vn 0.3414 0.8757 0.3414
vn 0.1403 0.9662 0.2161
vn 0.2659 0.8725 0.4098
vn 0.3536 0.7603 0.5449
vn 0.4597 0.7598 0.4597
vn 0.4046 0.6688 0.6236
vn 0.5254 0.6693 0.5254
vn 0.6486 0.3984 0.6486
vn 0.7708 0.3946 0.5001
vn 0.5001 0.3946 0.7708
vn 0.2296 0.6693 0.7066
vn 0.2006 0.7608 0.6173
vn 0.2839 0.3953 0.8736
vn -0.0000 0.6693 0.7429
vn -0.0000 0.3951 0.9186
vn -0.0000 0.7607 0.6490
vn 0.1508 0.8728 0.4641
vn -0.0000 0.8729 0.4879
vn -0.2296 0.6693 0.7066
vn -0.2006 0.7607 0.6173
vn -0.1508 0.8729 0.4641
vn -0.0795 0.9664 0.2446
vn -0.0000 0.9663 0.2573
vn 0.0795 0.9663 0.2447
vn -0.0566 0.9831 0.1742
vn -0.1403 0.9662 0.2161
vn -0.1758 0.9686 0.1758
vn -0.3414 0.8757 0.3414
vn -0.2659 0.8726 0.4098
vn -0.2161 0.9662 0.1403
vn -0.4098 0.8725 0.2659
vn -0.5449 0.7603 0.3536
vn -0.4597 0.7598 0.4597
vn -0.3536 0.7603 0.5449
vn -0.6236 0.6688 0.4047
vn -0.5254 0.6693 0.5254
vn -0.4047 0.6688 0.6236
vn -0.6486 0.3984 0.6486
vn -0.5001 0.3946 0.7708
vn -0.2839 0.3952 0.8736
vn -0.5415 0.1028 0.8344
vn -0.3074 0.1032 0.9460
vn -0.0000 0.1032 0.9947
vn 0.3074 0.1033 0.9460
vn -0.0000 -0.1032 0.9947
vn 0.3074 -0.1033 0.9460
vn 0.2838 -0.3955 0.8735
vn -0.7033 0.1030 0.7033
vn -0.7708 0.3947 0.5001
vn -0.8344 0.1028 0.5415
vn -0.8577 0.3947 0.3296
vn -0.9285 0.1028 0.3568
vn -0.6939 0.6688 0.2667
vn -0.6063 0.7603 0.2330
vn -0.7338 0.6693 0.1162
vn -0.9059 0.3984 0.1435
vn -0.6421 0.7598 0.1017
vn -0.4770 0.8757 0.0755
vn -0.4560 0.8725 0.1753
vn -0.7430 0.6693 -0.0000
vn -0.6491 0.7607 -0.0000
vn -0.4880 0.8728 -0.0000
vn -0.2573 0.9663 -0.0000
vn -0.2456 0.9686 0.0389
vn -0.2405 0.9662 0.0924
vn -0.1832 0.9831 -0.0000
vn -0.2455 0.9686 -0.0389
vn -0.2405 0.9662 -0.0924
vn -0.4770 0.8757 -0.0755
vn -0.4560 0.8725 -0.1753
vn -0.6063 0.7603 -0.2330
vn -0.6421 0.7598 -0.1017
vn -0.6939 0.6688 -0.2667
vn -0.7338 0.6693 -0.1162
vn -0.8577 0.3947 -0.3296
vn -0.9059 0.3984 -0.1435
vn -0.9186 0.3952 -0.0000
vn -0.9947 0.1033 -0.0000
vn -0.9824 0.1030 0.1556
vn -0.9824 0.1030 -0.1556
vn -0.9824 -0.1030 -0.1556
vn -0.9285 0.1028 -0.3568
vn -0.9285 -0.1028 -0.3568
vn -0.6654 -0.6090 -0.4318
vn -0.5614 -0.6080 -0.5614
vn -0.5581 -0.6140 -0.5581
vn -0.6576 -0.6209 -0.4267
vn -0.4267 -0.6209 -0.6576
vn -0.2421 -0.6214 -0.7451
vn -0.4879 -0.4432 -0.7520
vn -0.6375 -0.4325 -0.6375
vn -0.2769 -0.4437 -0.8523
vn -0.3081 -0.0767 -0.9483
vn -0.5427 -0.0768 -0.8364
vn -0.7051 -0.0745 -0.7051
vn -0.8364 -0.0773 -0.5427
vn -0.7520 -0.4432 -0.4879
vn -0.6761 0.2928 -0.6761
vn -0.7999 0.3012 -0.5191
vn -0.8902 0.3007 -0.3421
vn -0.9444 0.2929 -0.1496
vn -0.5140 0.7903 -0.3335
vn -0.5719 0.7903 -0.2198
vn -0.6174 0.7806 -0.0978
vn -0.9536 0.3010 -0.0000
vn -0.6122 0.7907 -0.0000
vn -0.5503 0.8304 -0.0872
vn -0.5536 0.8328 -0.0000
vn -0.5176 0.8322 -0.1989
vn -0.5674 0.8185 -0.0899
vn -0.5697 0.8219 -0.0000
vn -0.5323 0.8214 -0.2046
vn -0.6024 0.7925 -0.0954
vn -0.6081 0.7938 -0.0000
vn -0.5682 0.7934 -0.2184
vn -0.4784 0.8215 -0.3104
vn -0.5106 0.7934 -0.3313
vn -0.4652 0.8322 -0.3018
vn -0.5892 0.7118 -0.3823
vn -0.6556 0.7118 -0.2519
vn -0.6934 0.7121 -0.1098
vn -0.8185 0.4807 -0.3145
vn -0.7356 0.4808 -0.4773
vn -0.4312 0.7925 -0.4312
vn -0.4964 0.7121 -0.4964
vn -0.6187 0.4841 -0.6187
vn -0.3823 0.7118 -0.5892
vn -0.4773 0.4807 -0.7356
vn -0.3313 0.7934 -0.5106
vn -0.4062 0.8185 -0.4062
vn -0.3104 0.8214 -0.4784
vn -0.1879 0.7938 -0.5784
vn -0.2169 0.7123 -0.6675
vn -0.1760 0.8219 -0.5418
vn -0.1712 0.8326 -0.5268
vn -0.3018 0.8322 -0.4652
vn -0.3941 0.8303 -0.3941
vn -0.3335 0.7903 -0.5140
vn -0.1892 0.7907 -0.5822
vn -0.4420 0.7806 -0.4420
vn -0.5191 0.3007 -0.8001
vn -0.2947 0.3010 -0.9069
vn -0.0000 0.8328 -0.5536
vn -0.0000 0.7907 -0.6122
vn -0.0000 0.3011 -0.9536
vn -0.0000 -0.0767 -0.9971
vn 0.2947 0.3011 -0.9069
vn 0.1892 0.7907 -0.5822
vn 0.3081 -0.0767 -0.9483
vn 0.5191 0.3012 -0.7999
vn 0.3336 0.7903 -0.5140
vn 0.5427 -0.0772 -0.8364
vn 0.4879 -0.4432 -0.7520
vn 0.2770 -0.4436 -0.8524
vn -0.0000 -0.4435 -0.8963
vn 0.2421 -0.6214 -0.7451
vn -0.0000 -0.6214 -0.7835
vn 0.7051 -0.0745 -0.7051
vn 0.8364 -0.0768 -0.5427
vn 0.6761 0.2928 -0.6761
vn 0.8000 0.3007 -0.5191
vn 0.9307 -0.0772 -0.3576
vn 0.8901 0.3012 -0.3420
vn 0.5140 0.7903 -0.3335
vn 0.4420 0.7806 -0.4420
vn 0.5719 0.7903 -0.2198
vn 0.9444 0.2930 -0.1496
vn 0.6173 0.7806 -0.0978
vn 0.9849 -0.0745 -0.1560
vn 0.9971 -0.0767 -0.0000
vn 0.9536 0.3011 -0.0000
vn 0.5500 0.8306 -0.0871
vn 0.5176 0.8322 -0.1989
vn 0.5674 0.8185 -0.0899
vn 0.5323 0.8214 -0.2046
vn 0.4652 0.8322 -0.3018
vn 0.4784 0.8214 -0.3104
vn 0.5682 0.7934 -0.2184
vn 0.5106 0.7934 -0.3313
vn 0.6024 0.7925 -0.0954
vn 0.6556 0.7118 -0.2519
vn 0.5892 0.7118 -0.3823
vn 0.6934 0.7121 -0.1098
vn 0.8641 0.4844 -0.1369
vn 0.8185 0.4808 -0.3145
vn 0.8765 0.4814 -0.0000
vn 0.9732 0.2298 -0.0000
vn 0.9614 0.2290 -0.1523
vn 0.9614 0.2290 0.1523
vn 0.9085 0.2294 0.3492
vn 0.9858 0.0617 0.1561
vn 0.9981 0.0619 -0.0000
vn 0.9317 0.0618 0.3580
vn 0.9328 -0.0372 0.3585
vn 0.9870 -0.0370 0.1563
vn 0.8383 -0.0372 0.5439
vn 0.7066 -0.0370 0.7066
vn 0.6944 -0.1885 0.6944
vn 0.8238 -0.1887 0.5346
vn 0.9167 -0.1887 0.3523
vn 0.5346 -0.1887 0.8238
vn 0.6535 -0.3820 0.6535
vn 0.7753 -0.3819 0.5031
vn 0.5031 -0.3819 0.7753
vn 0.4432 -0.5805 0.6830
vn 0.5749 -0.5821 0.5749
vn 0.6830 -0.5805 0.4432
vn 0.7600 -0.5805 0.2921
vn 0.8627 -0.3819 0.3315
vn 0.8031 -0.5821 0.1272
vn 0.9127 -0.3821 0.1446
vn 0.9700 -0.1886 0.1536
vn 0.9240 -0.3824 -0.0000
vn 0.9820 -0.1889 -0.0000
vn 0.8138 -0.5811 -0.0000
vn 0.9993 -0.0373 -0.0000
vn 0.9127 -0.3821 -0.1446
vn 0.9700 -0.1885 -0.1536
vn 0.9870 -0.0371 -0.1563
vn 0.8627 -0.3819 -0.3315
vn 0.9167 -0.1887 -0.3523
vn 0.9328 -0.0372 -0.3585
vn 0.9858 0.0616 -0.1561
vn 0.9317 0.0618 -0.3580
vn 0.9085 0.2294 -0.3492
vn 0.8373 0.0618 -0.5433
vn 0.8165 0.2294 -0.5298
vn 0.8383 -0.0372 -0.5440
vn 0.7356 0.4808 -0.4773
vn 0.7058 0.0617 -0.7058
vn 0.6883 0.2292 -0.6883
vn 0.6187 0.4843 -0.6187
vn 0.5433 0.0618 -0.8373
vn 0.5298 0.2294 -0.8165
vn 0.4773 0.4807 -0.7356
vn 0.4965 0.7121 -0.4965
vn 0.3823 0.7118 -0.5892
vn 0.2709 0.4813 -0.8337
vn 0.2169 0.7123 -0.6675
vn 0.3007 0.2298 -0.9256
vn -0.0000 0.4814 -0.8765
vn -0.0000 0.7123 -0.7018
vn -0.0000 0.2298 -0.9732
vn -0.2709 0.4812 -0.8337
vn -0.3007 0.2298 -0.9256
vn -0.5298 0.2294 -0.8165
vn -0.0000 0.7938 -0.6082
vn -0.6883 0.2291 -0.6883
vn -0.5433 0.0618 -0.8373
vn -0.7058 0.0616 -0.7058
vn -0.3084 0.0619 -0.9492
vn -0.8373 0.0618 -0.5433
vn -0.8165 0.2294 -0.5298
vn -0.8383 -0.0372 -0.5440
vn -0.7066 -0.0370 -0.7066
vn -0.6944 -0.1885 -0.6944
vn -0.8238 -0.1887 -0.5346
vn -0.5440 -0.0372 -0.8383
vn -0.5346 -0.1887 -0.8238
vn -0.6534 -0.3822 -0.6534
vn -0.7753 -0.3820 -0.5031
vn -0.5031 -0.3819 -0.7753
vn -0.3035 -0.1889 -0.9339
vn -0.2855 -0.3824 -0.8788
vn -0.3088 -0.0373 -0.9504
vn -0.4432 -0.5805 -0.6830
vn -0.5750 -0.5821 -0.5750
vn -0.2515 -0.5811 -0.7740
vn -0.0000 -0.3824 -0.9240
vn -0.0000 -0.5811 -0.8138
vn -0.0000 -0.1891 -0.9820
vn -0.1953 -0.7749 -0.6011
vn -0.3443 -0.7745 -0.5307
vn -0.0000 -0.7749 -0.6321
vn 0.2515 -0.5811 -0.7740
vn 0.1953 -0.7749 -0.6011
vn 0.2855 -0.3824 -0.8788
vn -0.0000 -0.9321 -0.3622
vn -0.1119 -0.9321 -0.3445
vn 0.1119 -0.9321 -0.3445
vn 0.3443 -0.7745 -0.5307
vn 0.1974 -0.9319 -0.3042
vn 0.4432 -0.5805 -0.6830
vn 0.1007 -0.9454 -0.3099
vn -0.0000 -0.9454 -0.3258
vn 0.1776 -0.9453 -0.2736
vn 0.2484 -0.9363 -0.2484
vn 0.2380 -0.9416 -0.2380
vn 0.4441 -0.7782 -0.4441
vn 0.3042 -0.9319 -0.1974
vn 0.2736 -0.9453 -0.1776
vn 0.5307 -0.7745 -0.3444
vn 0.5749 -0.5822 -0.5749
vn 0.6830 -0.5805 -0.4432
vn 0.6535 -0.3821 -0.6535
vn 0.5031 -0.3819 -0.7753
vn 0.7753 -0.3819 -0.5031
vn 0.6944 -0.1885 -0.6944
vn 0.5346 -0.1887 -0.8238
vn 0.8238 -0.1887 -0.5346
vn 0.7066 -0.0370 -0.7066
vn 0.5440 -0.0372 -0.8383
vn 0.3035 -0.1889 -0.9339
vn 0.3088 -0.0373 -0.9504
vn 0.3084 0.0619 -0.9492
vn -0.0000 -0.0373 -0.9993
vn -0.0000 0.0619 -0.9981
vn 0.7600 -0.5805 -0.2921
vn 0.8031 -0.5821 -0.1272
vn 0.6203 -0.7782 -0.0982
vn 0.5905 -0.7745 -0.2269
vn 0.6321 -0.7749 -0.0000
vn 0.6203 -0.7782 0.0982
vn 0.3469 -0.9363 0.0550
vn 0.3622 -0.9321 -0.0000
vn 0.3470 -0.9363 -0.0550
vn 0.5905 -0.7744 0.2269
vn 0.3385 -0.9319 0.1301
vn 0.3258 -0.9454 -0.0000
vn 0.3964 -0.9181 -0.0000
vn 0.3325 -0.9416 -0.0527
vn 0.3985 -0.9150 -0.0631
vn 0.6897 -0.7159 -0.1092
vn 0.3705 -0.9179 -0.1424
vn 0.3045 -0.9453 -0.1170
vn 0.6389 -0.7291 -0.2455
vn 0.9081 -0.3934 -0.1438
vn 0.8538 -0.4043 -0.3281
vn 0.7673 -0.4043 -0.4979
vn 0.5742 -0.7291 -0.3726
vn 0.3330 -0.9179 -0.2161
vn 0.6501 -0.3934 -0.6501
vn 0.4938 -0.7158 -0.4938
vn 0.2853 -0.9150 -0.2853
vn 0.4979 -0.4042 -0.7673
vn 0.3726 -0.7291 -0.5741
vn 0.2160 -0.9179 -0.3330
vn 0.2826 -0.4048 -0.8697
vn 0.2114 -0.7293 -0.6507
vn 0.1225 -0.9181 -0.3770
vn -0.0000 -0.4044 -0.9146
vn -0.0000 -0.7296 -0.6839
vn -0.0000 -0.9181 -0.3964
vn -0.1225 -0.9181 -0.3770
vn -0.1007 -0.9454 -0.3099
vn -0.1974 -0.9319 -0.3042
vn -0.2484 -0.9363 -0.2484
vn -0.4441 -0.7782 -0.4441
vn -0.3042 -0.9319 -0.1974
vn -0.5307 -0.7745 -0.3444
vn -0.6831 -0.5805 -0.4432
vn 0.3069 -0.1175 -0.9445
vn -0.0000 -0.1175 -0.9931
vn 0.3049 0.1622 -0.9385
vn -0.0000 0.1622 -0.9868
vn 0.2972 0.2741 -0.9146
vn -0.0000 0.5349 -0.8449
vn 0.5372 0.1619 -0.8278
vn 0.5236 0.2737 -0.8068
vn 0.5405 -0.1174 -0.8331
vn 0.7024 -0.1152 -0.7024
vn 0.6982 0.1585 -0.6982
vn 0.6806 0.2711 -0.6806
vn 0.8278 0.1620 -0.5371
vn 0.8068 0.2738 -0.5235
vn 0.8331 -0.1174 -0.5406
vn 0.9211 0.1619 -0.3540
vn 0.9270 -0.1174 -0.3563
vn 0.9811 -0.1151 -0.1554
vn 0.9752 0.1585 -0.1545
vn 0.9507 0.2710 -0.1506
vn 0.8978 0.2738 -0.3450
vn 0.3385 -0.9319 -0.1301
vn 0.5307 -0.7745 0.3444
vn 0.4441 -0.7782 0.4441
vn 0.3444 -0.7745 0.5307
vn 0.1953 -0.7749 0.6012
vn 0.2515 -0.5811 0.7740
vn -0.0000 -0.7749 0.6321
vn -0.0000 -0.5811 0.8138
vn 0.2855 -0.3824 0.8788
vn -0.0000 -0.3824 0.9240
vn 0.3034 -0.1890 0.9339
vn -0.0000 -0.1889 0.9820
vn -0.3034 -0.1890 0.9339
vn -0.2855 -0.3824 0.8788
vn -0.5346 -0.1887 0.8238
vn -0.5031 -0.3819 0.7753
vn -0.4432 -0.5805 0.6830
vn -0.2515 -0.5810 0.7740
vn -0.1953 -0.7749 0.6012
vn -0.3444 -0.7745 0.5307
vn -0.5749 -0.5821 0.5749
vn -0.4440 -0.7782 0.4440
vn -0.6535 -0.3821 0.6534
vn -0.6831 -0.5805 0.4432
vn -0.5307 -0.7744 0.3444
vn -0.7753 -0.3819 0.5031
vn -0.6944 -0.1885 0.6944
vn -0.8238 -0.1887 0.5346
vn -0.7066 -0.0370 0.7066
vn -0.8383 -0.0372 0.5439
vn -0.8373 0.0618 0.5433
vn -0.9328 -0.0372 0.3585
vn -0.9700 -0.1884 0.1536
vn -0.9167 -0.1887 0.3523
vn -0.9127 -0.3821 0.1446
vn -0.8627 -0.3819 0.3315
vn -0.8031 -0.5821 0.1272
vn -0.7600 -0.5805 0.2921
vn -0.6202 -0.7782 0.0982
vn -0.5905 -0.7744 0.2269
vn -0.1974 -0.9319 0.3042
vn -0.1119 -0.9321 0.3445
vn 0.1879 0.7938 -0.5784
vn 0.1760 0.8219 -0.5418
vn -0.0000 0.8219 -0.5697
vn 0.1711 0.8328 -0.5265
vn 0.3018 0.8322 -0.4652
vn 0.3104 0.8215 -0.4784
vn 0.3938 0.8306 -0.3938
vn 0.4062 0.8185 -0.4062
vn 0.4312 0.7925 -0.4312
vn 0.3313 0.7934 -0.5106
vn 0.9849 -0.0745 0.1560
vn 0.9307 -0.0768 0.3576
vn 0.8905 -0.4326 0.1410
vn 0.8368 -0.4432 0.3216
vn 0.7317 -0.6209 0.2812
vn -0.6024 0.7925 0.0954
vn -0.5674 0.8185 0.0899
vn -0.5682 0.7934 0.2184
vn -0.5323 0.8214 0.2046
vn -0.5500 0.8306 0.0871
vn -0.5176 0.8322 0.1989
vn -0.6173 0.7806 0.0978
vn -0.9443 0.2930 0.1496
vn 0.9947 0.1032 -0.0000
vn 0.9824 0.1030 -0.1556
vn 0.9285 0.1028 -0.3568
vn 0.9285 -0.1028 -0.3568
vn 0.1307 0.9707 -0.2015
vn 0.3220 0.8063 -0.4962
vn 0.1743 0.9691 -0.1743
vn 0.4309 0.7929 -0.4309
vn 0.6318 0.4491 -0.6318
vn 0.4828 0.4617 -0.7441
vn 0.7441 0.4617 -0.4828
vn 0.4962 0.8063 -0.3220
vn 0.2015 0.9707 -0.1307
vn 0.7041 0.0919 -0.7041
vn 0.5419 0.0942 -0.8351
vn 0.8351 0.0942 -0.5419
vn 0.9293 0.0942 -0.3571
vn 0.8280 0.4617 -0.3182
vn 0.9835 0.0919 -0.1558
vn 0.9955 0.0943 -0.0000
vn 0.9835 -0.0925 -0.1558
vn 0.9955 -0.0949 -0.0000
vn 0.9292 -0.0948 -0.3571
vn 0.8857 -0.4643 -0.0000
vn 0.8814 -0.4512 -0.1396
vn 0.8269 -0.4639 -0.3178
vn 0.8351 -0.0948 -0.5419
vn 0.7432 -0.4639 -0.4822
vn 0.5980 -0.7959 -0.0947
vn 0.5486 -0.8091 -0.2108
vn 0.4930 -0.8091 -0.3199
vn 0.7041 -0.0925 -0.7041
vn 0.6310 -0.4512 -0.6310
vn 0.4283 -0.7957 -0.4283
vn 0.5419 -0.0947 -0.8351
vn 0.4822 -0.4639 -0.7431
vn 0.3199 -0.8091 -0.4930
vn 0.2737 -0.4640 -0.8425
vn 0.1814 -0.8095 -0.5584
vn -0.0000 -0.4640 -0.8858
vn -0.0000 -0.8094 -0.5872
vn -0.2737 -0.4640 -0.8425
vn -0.1815 -0.8093 -0.5586
vn -0.4822 -0.4640 -0.7431
vn -0.3199 -0.8091 -0.4930
vn -0.6310 -0.4512 -0.6310
vn -0.4283 -0.7957 -0.4283
vn -0.8351 -0.0948 -0.5419
vn -0.7431 -0.4639 -0.4822
vn -0.4930 -0.8091 -0.3199
vn -0.1699 -0.9707 -0.1699
vn -0.1962 -0.9723 -0.1273
vn -0.1273 -0.9723 -0.1962
vn -0.1310 -0.9827 -0.1310
vn -0.0976 -0.9838 -0.1504
vn -0.1504 -0.9838 -0.0976
vn -0.1758 -0.9686 -0.1758
vn -0.2161 -0.9662 -0.1403
vn -0.1403 -0.9662 -0.2161
vn -0.3415 -0.8756 -0.3415
vn -0.4098 -0.8725 -0.2659
vn -0.2659 -0.8725 -0.4098
vn -0.4597 -0.7598 -0.4597
vn -0.5449 -0.7603 -0.3536
vn -0.3536 -0.7603 -0.5449
vn -0.1508 -0.8728 -0.4642
vn -0.0795 -0.9663 -0.2447
vn -0.2006 -0.7607 -0.6173
vn -0.5254 -0.6693 -0.5254
vn -0.4047 -0.6688 -0.6236
vn -0.2296 -0.6693 -0.7066
vn -0.0000 -0.7607 -0.6491
vn -0.0000 -0.6693 -0.7430
vn -0.0000 -0.8729 -0.4879
vn 0.2006 -0.7607 -0.6173
vn 0.2296 -0.6693 -0.7066
vn 0.2839 -0.3951 -0.8737
vn -0.7034 0.1026 -0.7034
vn -0.6486 -0.3983 -0.6486
vn -0.6236 -0.6688 -0.4047
vn -0.6939 -0.6688 -0.2667
vn -0.6064 -0.7603 -0.2330
vn -0.6421 -0.7598 -0.1017
vn -0.7338 -0.6693 -0.1162
vn -0.9059 -0.3984 -0.1435
vn -0.6490 -0.7607 -0.0000
vn -0.7430 -0.6693 -0.0000
vn -0.6421 -0.7598 0.1017
vn -0.7338 -0.6693 0.1162
vn -0.9060 -0.3982 0.1435
vn -0.6940 -0.6688 0.2667
vn -0.6063 -0.7603 0.2330
vn -0.6236 -0.6688 0.4047
vn -0.6486 -0.3984 0.6486
vn -0.5254 -0.6693 0.5254
vn -0.4047 -0.6688 0.6236
vn -0.2296 -0.6693 0.7066
vn -0.4597 -0.7598 0.4597
vn -0.3536 -0.7603 0.5449
vn -0.2006 -0.7607 0.6173
vn -0.0000 -0.6694 0.7429
vn -0.0000 -0.3951 0.9186
vn -0.0000 -0.7607 0.6491
vn -0.2659 -0.8725 0.4098
vn -0.1508 -0.8729 0.4641
vn -0.0000 -0.8729 0.4880
vn 0.2006 -0.7607 0.6173
vn 0.2296 -0.6694 0.7066
vn 0.1508 -0.8729 0.4640
vn -0.0795 -0.9663 0.2447
vn -0.0000 -0.9663 0.2573
vn 0.0795 -0.9663 0.2447
vn 0.1403 -0.9662 0.2161
vn 0.2659 -0.8725 0.4098
vn 0.3536 -0.7603 0.5449
vn 0.0976 -0.9838 0.1504
vn 0.0553 -0.9838 0.1703
vn -0.0000 -0.9838 0.1790
vn 0.0722 -0.9723 0.2221
vn 0.1273 -0.9723 0.1962
vn -0.0000 -0.9723 0.2336
vn 0.1815 -0.8093 0.5586
vn -0.0000 -0.8094 0.5872
vn 0.3199 -0.8091 0.4930
vn 0.4822 -0.4640 0.7431
vn 0.2737 -0.4640 0.8425
vn -0.0000 -0.4644 0.8856
vn -0.1814 -0.8095 0.5584
vn -0.2737 -0.4645 0.8422
vn -0.0722 -0.9723 0.2221
vn -0.3076 -0.0949 0.9468
vn -0.0000 -0.0949 0.9955
vn 0.3076 -0.0949 0.9468
vn -0.3076 0.0943 0.9468
vn -0.0000 0.0944 0.9955
vn 0.3076 0.0944 0.9468
vn 0.5419 -0.0948 0.8351
vn 0.5419 0.0942 0.8351
vn 0.7041 0.0920 0.7041
vn 0.7041 -0.0925 0.7041
vn 0.8351 0.0943 0.5419
vn 0.8351 -0.0948 0.5419
vn 0.6311 -0.4511 0.6311
vn 0.7431 -0.4639 0.4822
vn 0.4282 -0.7958 0.4282
vn 0.4930 -0.8091 0.3199
vn 0.1699 -0.9707 0.1699
vn 0.1962 -0.9723 0.1273
vn 0.1310 -0.9827 0.1310
vn 0.1504 -0.9838 0.0976
vn 0.1758 -0.9686 0.1758
vn 0.2161 -0.9662 0.1403
vn 0.3415 -0.8756 0.3415
vn 0.4098 -0.8725 0.2659
vn 0.1674 -0.9838 0.0643
vn 0.2405 -0.9662 0.0924
vn 0.4560 -0.8725 0.1753
vn 0.1830 -0.9827 0.0290
vn 0.2455 -0.9686 0.0389
vn 0.4768 -0.8757 0.0755
vn 0.1790 -0.9838 -0.0000
vn 0.2573 -0.9663 -0.0000
vn 0.4880 -0.8729 -0.0000
vn 0.1830 -0.9827 -0.0290
vn 0.2455 -0.9686 -0.0389
vn 0.4768 -0.8758 -0.0755
vn 0.1673 -0.9838 -0.0643
vn 0.2405 -0.9662 -0.0924
vn 0.4560 -0.8725 -0.1753
vn 0.6421 -0.7598 -0.1017
vn 0.6063 -0.7603 -0.2330
vn 0.6491 -0.7607 -0.0000
vn 0.2161 -0.9662 -0.1403
vn 0.4098 -0.8725 -0.2659
vn 0.5449 -0.7603 -0.3536
vn 0.1757 -0.9686 -0.1757
vn 0.3415 -0.8756 -0.3415
vn 0.4597 -0.7598 -0.4597
vn 0.2659 -0.8725 -0.4098
vn 0.3536 -0.7603 -0.5449
vn 0.1403 -0.9662 -0.2161
vn 0.0795 -0.9663 -0.2447
vn 0.1508 -0.8729 -0.4641
vn -0.0000 -0.9663 -0.2572
vn 0.0553 -0.9838 -0.1703
vn -0.0000 -0.9838 -0.1790
vn -0.0553 -0.9838 -0.1703
vn -0.0722 -0.9723 -0.2221
vn -0.0000 -0.9723 -0.2336
vn 0.0722 -0.9723 -0.2221
vn 0.1273 -0.9723 -0.1962
vn 0.0976 -0.9838 -0.1504
vn 0.1310 -0.9827 -0.1310
vn 0.1699 -0.9707 -0.1699
vn 0.1962 -0.9723 -0.1273
vn 0.1504 -0.9838 -0.0976
vn 0.2183 -0.9723 -0.0839
vn 0.2373 -0.9707 -0.0376
vn 0.2336 -0.9723 -0.0000
vn 0.5872 -0.8094 -0.0000
vn 0.5982 -0.7957 0.0947
vn 0.8817 -0.4507 0.1396
vn 0.2373 -0.9707 0.0376
vn 0.5485 -0.8091 0.2108
vn 0.8269 -0.4639 0.3178
vn 0.2183 -0.9723 0.0839
vn 0.9292 -0.0948 0.3571
vn 0.9835 -0.0925 0.1558
vn 0.9293 0.0942 0.3571
vn 0.9835 0.0919 0.1558
vn 0.4047 -0.6688 -0.6236
vn 0.5254 -0.6693 -0.5254
vn 0.6486 -0.3984 -0.6486
vn 0.6236 -0.6688 -0.4047
vn 0.6939 -0.6688 -0.2667
vn 0.7338 -0.6693 -0.1162
vn 0.9060 -0.3983 -0.1435
vn 0.7429 -0.6694 -0.0000
vn 0.9186 -0.3953 -0.0000
vn 0.7338 -0.6693 0.1162
vn 0.6421 -0.7598 0.1017
vn 0.9058 -0.3986 0.1435
vn 0.6063 -0.7603 0.2330
vn 0.6939 -0.6688 0.2667
vn 0.9825 0.1025 0.1556
vn 0.9060 0.3983 0.1435
vn 0.9186 0.3952 -0.0000
vn 0.8577 0.3947 0.3296
vn 0.7132 0.6918 0.1130
vn 0.7211 0.6929 -0.0000
vn 0.6736 0.6923 0.2588
vn 0.6053 0.6924 0.3928
vn 0.6809 0.7244 0.1078
vn 0.6398 0.7282 0.2459
vn 0.5750 0.7282 0.3731
vn 0.5106 0.6918 0.5106
vn 0.6486 0.3982 0.6486
vn 0.3927 0.6924 0.6053
vn 0.3731 0.7282 0.5750
vn 0.5002 0.3946 0.7708
vn 0.3074 -0.1032 0.9460
vn 0.2838 0.3953 0.8736
vn 0.5002 -0.3946 0.7708
vn 0.2838 -0.3953 0.8736
vn 0.4047 -0.6688 0.6236
vn 0.5254 -0.6693 0.5253
vn 0.4597 -0.7598 0.4597
vn 0.5449 -0.7603 0.3536
vn 0.6236 -0.6688 0.4047
vn -0.2839 0.3950 0.8737
vn -0.3928 0.6924 0.6053
vn -0.2228 0.6929 0.6858
vn -0.0000 0.6929 0.7211
vn 0.2228 0.6929 0.6858
vn 0.2116 0.7286 0.6514
vn -0.0000 0.7286 0.6849
vn -0.2116 0.7286 0.6514
vn -0.0000 0.3731 0.9278
vn 0.2867 0.3731 0.8824
vn 0.2971 0.2746 0.9145
vn -0.0000 0.2748 0.9615
vn -0.2867 0.3731 0.8824
vn -0.2971 0.2745 0.9145
vn -0.0000 0.1685 0.9857
vn -0.3046 0.1685 0.9375
vn 0.3046 0.1685 0.9375
vn 0.5051 0.3726 0.7785
vn 0.5235 0.2742 0.8067
vn 0.5366 0.1683 0.8269
vn 0.5365 0.1683 0.8269
vn 0.3081 0.0771 0.9482
vn -0.0000 0.0770 0.9970
vn 0.5427 0.0769 0.8364
vn 0.3089 0.0213 0.9508
vn -0.0000 0.0213 0.9998
vn 0.5442 0.0213 0.8387
vn 0.5260 0.2575 0.8106
vn 0.2985 0.2579 0.9189
vn -0.0000 0.2579 0.9662
vn -0.2986 0.2579 0.9189
vn -0.3091 0.0213 0.9508
vn -0.3081 0.0771 0.9482
vn -0.5427 0.0769 0.8364
vn -0.5443 0.0212 0.8386
vn -0.5260 0.2575 0.8106
vn -0.5366 0.1683 0.8269
vn -0.7051 0.0755 0.7051
vn -0.6972 0.1665 0.6972
vn -0.7069 0.0235 0.7069
vn -0.8269 0.1683 0.5365
vn -0.8364 0.0769 0.5427
vn -0.8387 0.0212 0.5443
vn -0.9307 0.0769 0.3577
vn -0.9333 0.0212 0.3586
vn -0.9201 0.1683 0.3536
vn -0.9849 0.0754 0.1560
vn -0.9739 0.1665 0.1543
vn -0.9874 0.0235 0.1564
vn -0.9970 0.0769 -0.0000
vn -0.9998 0.0213 -0.0000
vn -0.9857 0.1685 -0.0000
vn -0.9662 0.2578 -0.0000
vn -0.9570 0.2472 0.1516
vn -0.9020 0.2575 0.3466
vn -0.7237 -0.6902 -0.0000
vn -0.7276 -0.6762 0.1153
vn -0.6760 -0.6897 0.2597
vn -0.8106 0.2575 0.5260
vn -0.6075 -0.6896 0.3942
vn -0.6852 0.2472 0.6851
vn -0.5209 -0.6762 0.5209
vn -0.3942 -0.6897 0.6074
vn -0.5291 -0.6634 0.5291
vn -0.6327 -0.6567 0.4105
vn -0.4105 -0.6567 0.6327
vn -0.6577 -0.3672 0.6577
vn -0.5059 -0.3692 0.7796
vn -0.7796 -0.3692 0.5059
vn -0.2329 -0.6572 0.7168
vn -0.2871 -0.3696 0.8837
vn -0.2236 -0.6901 0.6883
vn -0.0000 -0.6901 0.7237
vn -0.0000 -0.6572 0.7537
vn -0.0000 -0.3700 0.9290
vn 0.2236 -0.6901 0.6883
vn 0.2329 -0.6572 0.7169
vn 0.2871 -0.3696 0.8837
vn -0.2966 -0.2804 0.9129
vn -0.0000 -0.2807 0.9598
vn 0.2966 -0.2807 0.9128
vn -0.3035 -0.1888 0.9340
vn -0.0000 -0.1888 0.9820
vn 0.3035 -0.1888 0.9340
vn -0.3073 -0.1043 0.9459
vn -0.0000 -0.1042 0.9946
vn 0.3073 -0.1043 0.9459
vn 0.3090 0.0001 0.9511
vn -0.0000 0.0002 1.0000
vn -0.3090 0.0001 0.9511
vn -0.5443 0.0001 0.8389
vn -0.5414 -0.1041 0.8343
vn -0.5346 -0.1884 0.8238
vn -0.0000 0.3665 0.9304
vn -0.2875 0.3661 0.8851
vn -0.5066 0.3659 0.7807
vn -0.7071 0.0006 0.7071
vn -0.7033 -0.1034 0.7033
vn -0.6570 0.3698 0.6570
vn -0.7807 0.3660 0.5066
vn -0.8389 0.0001 0.5443
vn -0.8343 -0.1041 0.5414
vn -0.5941 0.7060 0.3855
vn -0.4961 0.7126 0.4961
vn -0.3855 0.7060 0.5941
vn -0.3546 0.9063 0.2301
vn -0.2969 0.9076 0.2969
vn -0.2301 0.9063 0.3546
vn -0.2187 0.7065 0.6731
vn -0.1305 0.9065 0.4016
vn -0.0000 0.7063 0.7079
vn -0.0000 0.9065 0.4223
vn -0.1331 0.9025 0.4096
vn -0.2347 0.9023 0.3617
vn -0.0000 0.9025 0.4307
vn -0.3346 0.7887 0.5157
vn -0.1897 0.7892 0.5841
vn -0.0000 0.7892 0.6141
vn 0.1305 0.9065 0.4016
vn 0.1331 0.9025 0.4096
vn 0.1898 0.7892 0.5841
vn 0.2942 0.3062 0.9054
vn 0.2942 0.3060 0.9054
vn -0.0000 0.3054 0.9522
vn -0.2943 0.3054 0.9056
vn 0.2946 -0.3018 0.9067
vn -0.0000 -0.3017 0.9534
vn -0.0000 -0.3014 0.9535
vn -0.2946 -0.3017 0.9067
vn -0.5190 -0.3013 0.7999
vn -0.5184 0.3051 0.7989
vn -0.1224 -0.9182 0.3767
vn -0.1907 -0.7868 0.5870
vn -0.0000 -0.7868 0.6172
vn -0.0000 -0.9182 0.3961
vn -0.2159 -0.9180 0.3327
vn -0.3363 -0.7864 0.5182
vn -0.2861 -0.9145 0.2862
vn -0.4399 -0.7830 0.4399
vn -0.6749 -0.2983 0.6749
vn -0.7999 -0.3013 0.5191
vn -0.7999 -0.3013 0.5190
vn -0.3327 -0.9180 0.2159
vn -0.5183 -0.7863 0.3363
vn -0.2940 -0.9094 0.2940
vn -0.3488 -0.9095 0.2263
vn -0.2263 -0.9095 0.3488
vn -0.4501 -0.8439 0.2920
vn -0.3778 -0.8453 0.3778
vn -0.2920 -0.8439 0.4501
vn -0.1283 -0.9097 0.3949
vn -0.1656 -0.8442 0.5098
vn -0.0000 -0.9097 0.4153
vn -0.0000 -0.8442 0.5360
vn 0.1224 -0.9182 0.3767
vn 0.1283 -0.9097 0.3949
vn 0.1656 -0.8442 0.5097
vn 0.2159 -0.9180 0.3327
vn 0.2263 -0.9095 0.3488
vn 0.2920 -0.8439 0.4501
vn -0.0000 -0.7725 0.6350
vn 0.1962 -0.7725 0.6039
vn 0.3459 -0.7721 0.5331
vn 0.3778 -0.8453 0.3778
vn 0.4505 -0.7708 0.4505
vn 0.2940 -0.9094 0.2940
vn 0.4501 -0.8439 0.2920
vn 0.5331 -0.7721 0.3459
vn 0.3488 -0.9095 0.2263
vn 0.2862 -0.9144 0.2862
vn 0.3327 -0.9180 0.2159
vn 0.3363 -0.7863 0.5183
vn 0.4398 -0.7830 0.4399
vn 0.5183 -0.7863 0.3363
vn 0.5191 -0.3013 0.7999
vn 0.5190 -0.3013 0.7999
vn 0.6749 -0.2983 0.6749
vn 0.7999 -0.3012 0.5190
vn 0.7999 -0.3012 0.5191
vn 0.5767 -0.7863 0.2216
vn 0.3702 -0.9180 0.1423
vn 0.8901 -0.3013 0.3421
vn 0.8901 -0.3013 0.3420
vn 0.7989 0.3050 0.5184
vn 0.8890 0.3049 0.3416
vn 0.6741 0.3021 0.6741
vn 0.5157 0.7887 0.3346
vn 0.3617 0.9023 0.2347
vn 0.4025 0.9023 0.1546
vn 0.5738 0.7887 0.2205
vn 0.4376 0.7855 0.4376
vn 0.3137 0.8962 0.3136
vn 0.3347 0.7886 0.5158
vn 0.2347 0.9023 0.3617
vn 0.5183 0.3053 0.7988
vn 0.5184 0.3053 0.7988
vn 0.2301 0.9063 0.3546
vn 0.2970 0.9075 0.2969
vn 0.3855 0.7060 0.5941
vn 0.2187 0.7065 0.6731
vn 0.4961 0.7126 0.4961
vn 0.5066 0.3659 0.7807
vn 0.6570 0.3697 0.6570
vn 0.2875 0.3665 0.8849
vn 0.5940 0.7061 0.3855
vn 0.3546 0.9063 0.2301
vn 0.7807 0.3659 0.5066
vn 0.7071 0.0005 0.7071
vn 0.8389 0.0001 0.5443
vn 0.5443 0.0001 0.8389
vn 0.7033 -0.1034 0.7033
vn 0.8343 -0.1041 0.5413
vn 0.5414 -0.1041 0.8343
vn 0.6946 -0.1874 0.6946
vn 0.8239 -0.1884 0.5346
vn 0.5346 -0.1884 0.8238
vn 0.9284 -0.1041 0.3568
vn 0.9334 -0.0000 0.3587
vn 0.9168 -0.1883 0.3523
vn 0.8053 -0.2801 0.5226
vn 0.8961 -0.2801 0.3443
vn 0.6791 -0.2788 0.6791
vn 0.7796 -0.3692 0.5059
vn 0.8675 -0.3692 0.3334
vn 0.6576 -0.3675 0.6576
vn 0.5225 -0.2801 0.8053
vn 0.5059 -0.3692 0.7796
vn 0.4105 -0.6567 0.6327
vn 0.5291 -0.6634 0.5291
vn 0.3942 -0.6896 0.6075
vn 0.5209 -0.6762 0.5209
vn 0.6852 0.2472 0.6852
vn 0.6074 -0.6897 0.3942
vn 0.6327 -0.6567 0.4105
vn 0.8106 0.2575 0.5260
vn 0.7069 0.0235 0.7069
vn 0.8387 0.0212 0.5442
vn 0.7051 0.0755 0.7051
vn 0.8364 0.0769 0.5427
vn 0.9332 0.0212 0.3586
vn 0.9020 0.2575 0.3466
vn 0.9307 0.0769 0.3576
vn 0.6972 0.1665 0.6972
vn 0.8269 0.1683 0.5365
vn 0.9201 0.1683 0.3536
vn 0.9849 0.0753 0.1560
vn 0.9874 0.0235 0.1564
vn 0.9739 0.1665 0.1543
vn 0.9857 0.1685 -0.0000
vn 0.9970 0.0771 -0.0000
vn 0.9739 0.1665 -0.1543
vn 0.9739 0.1665 -0.1542
vn 0.9849 0.0755 -0.1560
vn 0.9874 0.0235 -0.1565
vn 0.9998 0.0213 -0.0000
vn 0.9570 0.2472 0.1516
vn 0.9662 0.2578 -0.0000
vn 0.9570 0.2472 -0.1516
vn 0.7276 -0.6762 0.1152
vn 0.7237 -0.6901 -0.0000
vn 0.6759 -0.6897 0.2598
vn 0.7040 -0.6567 0.2705
vn 0.7391 -0.6634 0.1171
vn 0.9185 -0.3676 0.1455
vn 0.9485 -0.2788 0.1502
vn 0.7537 -0.6572 -0.0000
vn 0.9291 -0.3700 -0.0000
vn 0.9598 -0.2807 -0.0000
vn 0.9186 -0.3676 -0.1455
vn 0.9485 -0.2788 -0.1502
vn 0.7391 -0.6634 -0.1171
vn 0.7276 -0.6762 -0.1152
vn 0.6760 -0.6896 -0.2597
vn 0.7040 -0.6567 -0.2705
vn 0.9020 0.2575 -0.3466
vn 0.9332 0.0212 -0.3586
vn 0.8387 0.0212 -0.5442
vn 0.8106 0.2575 -0.5260
vn 0.6075 -0.6896 -0.3942
vn 0.7069 0.0235 -0.7070
vn 0.6852 0.2472 -0.6852
vn 0.5209 -0.6762 -0.5209
vn 0.5442 0.0212 -0.8387
vn 0.5260 0.2575 -0.8106
vn 0.3942 -0.6897 -0.6074
vn 0.3088 0.0213 -0.9509
vn 0.2986 0.2579 -0.9189
vn 0.2236 -0.6901 -0.6883
vn -0.0000 0.0213 -0.9998
vn -0.0000 0.2579 -0.9662
vn -0.0000 -0.6902 -0.7237
vn -0.3088 0.0213 -0.9509
vn -0.2986 0.2579 -0.9189
vn -0.2236 -0.6901 -0.6883
vn -0.5260 0.2575 -0.8106
vn -0.3942 -0.6897 -0.6074
vn -0.5442 0.0212 -0.8387
vn -0.0000 0.0770 -0.9970
vn -0.3081 0.0771 -0.9482
vn -0.5427 0.0769 -0.8364
vn -0.0000 0.1685 -0.9857
vn -0.3046 0.1685 -0.9375
vn -0.5366 0.1683 -0.8269
vn 0.3046 0.1685 -0.9375
vn 0.3081 0.0771 -0.9482
vn 0.5427 0.0769 -0.8364
vn 0.5366 0.1683 -0.8269
vn 0.7051 0.0755 -0.7051
vn 0.6972 0.1665 -0.6972
vn 0.8364 0.0769 -0.5427
vn 0.8269 0.1683 -0.5366
vn 0.9201 0.1683 -0.3536
vn 0.9307 0.0769 -0.3576
vn 0.8977 0.2742 -0.3450
vn 0.8067 0.2742 -0.5235
vn 0.9513 0.2688 -0.1507
vn 0.8662 0.3726 -0.3329
vn 0.7785 0.3726 -0.5051
vn 0.9179 0.3691 -0.1454
vn 0.9278 0.3731 -0.0000
vn 0.9615 0.2748 -0.0000
vn 0.9513 0.2690 0.1507
vn 0.9179 0.3691 0.1454
vn 0.8977 0.2742 0.3450
vn 0.8662 0.3726 0.3329
vn 0.6849 0.7286 -0.0000
vn 0.8067 0.2742 0.5235
vn 0.7785 0.3726 0.5051
vn 0.6811 0.2687 0.6811
vn 0.6572 0.3691 0.6572
vn 0.7132 0.6918 -0.1130
vn 0.9059 0.3984 -0.1435
vn 0.6736 0.6923 -0.2588
vn 0.6053 0.6923 -0.3928
vn 0.5750 0.7282 -0.3731
vn 0.5106 0.6918 -0.5106
vn 0.6572 0.3691 -0.6572
vn 0.6811 0.2689 -0.6811
vn 0.5051 0.3726 -0.7785
vn 0.5235 0.2742 -0.8067
vn 0.3928 0.6924 -0.6053
vn 0.2228 0.6928 -0.6858
vn 0.2867 0.3731 -0.8824
vn 0.2971 0.2746 -0.9145
vn -0.0000 0.2746 -0.9616
vn -0.2971 0.2745 -0.9145
vn -0.5235 0.2742 -0.8067
vn -0.5365 0.1683 -0.8269
vn -0.6811 0.2687 -0.6811
vn -0.6972 0.1665 -0.6972
vn -0.7051 0.0755 -0.7051
vn -0.8269 0.1683 -0.5365
vn -0.8269 0.1683 -0.5366
vn -0.8364 0.0769 -0.5427
vn -0.9201 0.1683 -0.3536
vn -0.9307 0.0769 -0.3577
vn -0.9332 0.0213 -0.3586
vn -0.8386 0.0212 -0.5443
vn -0.7069 0.0235 -0.7069
vn -0.6852 0.2472 -0.6852
vn -0.8106 0.2575 -0.5260
vn -0.9020 0.2575 -0.3466
vn -0.5209 -0.6763 -0.5209
vn -0.6075 -0.6896 -0.3942
vn -0.5291 -0.6634 -0.5291
vn -0.4105 -0.6567 -0.6327
vn -0.6327 -0.6567 -0.4105
vn -0.6760 -0.6897 -0.2597
vn -0.7040 -0.6567 -0.2706
vn -0.6576 -0.3676 -0.6576
vn -0.7796 -0.3692 -0.5059
vn -0.8675 -0.3692 -0.3334
vn -0.7391 -0.6634 -0.1171
vn -0.9185 -0.3676 -0.1455
vn -0.7276 -0.6762 -0.1152
vn -0.7537 -0.6572 -0.0000
vn -0.9292 -0.3696 -0.0000
vn -0.7391 -0.6634 0.1171
vn -0.9185 -0.3676 0.1455
vn -0.7040 -0.6567 0.2705
vn -0.8675 -0.3692 0.3333
vn -0.9485 -0.2788 0.1502
vn -0.8961 -0.2801 0.3443
vn -0.8053 -0.2801 0.5225
vn -0.6791 -0.2788 0.6791
vn -0.9167 -0.1884 0.3523
vn -0.8238 -0.1883 0.5346
vn -0.6946 -0.1874 0.6946
vn -0.5226 -0.2801 0.8053
vn -0.9284 -0.1041 0.3568
vn -0.9335 0.0001 0.3587
vn -0.9824 -0.1034 0.1556
vn -0.9702 -0.1874 0.1537
vn -0.9877 0.0005 0.1564
vn -1.0000 0.0001 -0.0000
vn -0.9945 -0.1043 -0.0000
vn -0.9820 -0.1888 -0.0000
vn -0.9304 0.3666 -0.0000
vn -0.9177 0.3697 0.1454
vn -0.8687 0.3660 0.3339
vn -0.7073 0.7069 -0.0000
vn -0.6933 0.7122 0.1098
vn -0.6610 0.7060 0.2540
vn -0.4148 0.9075 0.0657
vn -0.3946 0.9063 0.1516
vn -0.4381 0.8962 0.0694
vn -0.4024 0.9023 0.1547
vn -0.3617 0.9023 0.2347
vn -0.4223 0.9065 -0.0000
vn -0.4307 0.9025 -0.0000
vn -0.4381 0.8962 -0.0694
vn -0.4148 0.9075 -0.0657
vn -0.6932 0.7123 -0.1098
vn -0.3946 0.9063 -0.1516
vn -0.6611 0.7060 -0.2540
vn -0.4025 0.9023 -0.1546
vn -0.9177 0.3697 -0.1454
vn -0.8687 0.3660 -0.3338
vn -0.5941 0.7060 -0.3855
vn -0.7807 0.3660 -0.5065
vn -0.3546 0.9062 -0.2301
vn -0.8389 0.0001 -0.5443
vn -0.9335 0.0001 -0.3587
vn -0.9877 0.0005 -0.1564
vn -0.8343 -0.1041 -0.5414
vn -0.9284 -0.1041 -0.3568
vn -0.9824 -0.1034 -0.1556
vn -0.8238 -0.1883 -0.5346
vn -0.9167 -0.1884 -0.3523
vn -0.9702 -0.1874 -0.1537
vn -0.9485 -0.2788 -0.1502
vn -0.9598 -0.2807 -0.0000
vn -0.8961 -0.2801 -0.3443
vn -0.8053 -0.2801 -0.5225
vn -0.6946 -0.1873 -0.6946
vn -0.6791 -0.2788 -0.6791
vn -0.5225 -0.2802 -0.8053
vn -0.5059 -0.3692 -0.7796
vn -0.5346 -0.1884 -0.8239
vn -0.3035 -0.1888 -0.9340
vn -0.2966 -0.2808 -0.9128
vn -0.2871 -0.3700 -0.8836
vn -0.2329 -0.6572 -0.7168
vn -0.0000 -0.6572 -0.7537
vn -0.0000 -0.3700 -0.9290
vn 0.2871 -0.3700 -0.8836
vn 0.2329 -0.6572 -0.7168
vn 0.2966 -0.2808 -0.9128
vn -0.0000 -0.2807 -0.9598
vn -0.0000 -0.1888 -0.9820
vn 0.3035 -0.1888 -0.9340
vn 0.5346 -0.1883 -0.8238
vn 0.5225 -0.2801 -0.8053
vn 0.5059 -0.3692 -0.7796
vn 0.5414 -0.1041 -0.8343
vn 0.3073 -0.1043 -0.9459
vn -0.0000 -0.1043 -0.9945
vn 0.5443 0.0001 -0.8389
vn 0.3090 0.0001 -0.9511
vn -0.0000 0.0001 -1.0000
vn 0.2875 0.3661 -0.8850
vn -0.0000 0.3665 -0.9304
vn 0.5066 0.3659 -0.7807
vn 0.7071 0.0005 -0.7071
vn 0.7033 -0.1034 -0.7033
vn 0.6570 0.3697 -0.6570
vn 0.7807 0.3660 -0.5066
vn 0.8389 0.0001 -0.5443
vn 0.8343 -0.1041 -0.5413
vn 0.5941 0.7060 -0.3855
vn 0.4961 0.7126 -0.4961
vn 0.3855 0.7060 -0.5941
vn 0.3546 0.9062 -0.2301
vn 0.2969 0.9076 -0.2969
vn 0.2301 0.9063 -0.3546
vn 0.2187 0.7066 -0.6730
vn 0.1305 0.9065 -0.4016
vn -0.0000 0.7069 -0.7073
vn -0.0000 0.9064 -0.4223
vn -0.2875 0.3666 -0.8848
vn -0.2187 0.7066 -0.6729
vn -0.1305 0.9065 -0.4016
vn -0.5066 0.3660 -0.7807
vn -0.3855 0.7060 -0.5941
vn -0.2301 0.9063 -0.3546
vn -0.6570 0.3697 -0.6570
vn -0.2969 0.9075 -0.2970
vn -0.3137 0.8962 -0.3136
vn -0.2347 0.9023 -0.3617
vn -0.3616 0.9023 -0.2347
vn -0.4376 0.7855 -0.4376
vn -0.5157 0.7887 -0.3347
vn -0.5739 0.7887 -0.2205
vn -0.6114 0.7854 -0.0968
vn -0.7989 0.3050 -0.5184
vn -0.8890 0.3051 -0.3416
vn -0.8889 0.3051 -0.3416
vn -0.9415 0.3022 -0.1491
vn -0.6142 0.7891 -0.0000
vn -0.9522 0.3055 -0.0000
vn -0.9415 0.3022 0.1491
vn -0.6113 0.7854 0.0968
vn -0.5739 0.7887 0.2206
vn -0.8889 0.3052 0.3416
vn -0.7989 0.3051 0.5184
vn -0.5157 0.7887 0.3347
vn -0.6741 0.3020 0.6741
vn -0.3137 0.8962 0.3137
vn -0.4376 0.7855 0.4376
vn -0.8901 -0.3013 0.3420
vn -0.8901 -0.3013 0.3421
vn -0.9427 -0.2984 0.1493
vn -0.3997 -0.9145 0.0633
vn -0.6143 -0.7831 0.0973
vn -0.5767 -0.7863 0.2216
vn -0.3702 -0.9180 0.1423
vn -0.9534 -0.3017 -0.0000
vn -0.3961 -0.9182 -0.0000
vn -0.6172 -0.7868 -0.0000
vn -0.4107 -0.9094 0.0650
vn -0.3881 -0.9095 0.1491
vn -0.4153 -0.9097 -0.0000
vn -0.3997 -0.9145 -0.0633
vn -0.6143 -0.7831 -0.0973
vn -0.4107 -0.9094 -0.0650
vn -0.3702 -0.9180 -0.1422
vn -0.3880 -0.9095 -0.1491
vn -0.5766 -0.7864 -0.2216
vn -0.5008 -0.8439 -0.1925
vn -0.5278 -0.8453 -0.0836
vn -0.5359 -0.8443 -0.0000
vn -0.5932 -0.7721 -0.2280
vn -0.6292 -0.7708 -0.0997
vn -0.6350 -0.7725 -0.0000
vn -0.7460 -0.6554 -0.1182
vn -0.7544 -0.6564 -0.0000
vn -0.7046 -0.6559 -0.2708
vn -0.6292 -0.7708 0.0997
vn -0.7460 -0.6554 0.1182
vn -0.5278 -0.8453 0.0836
vn -0.5932 -0.7721 0.2280
vn -0.7046 -0.6559 0.2708
vn -0.5008 -0.8439 0.1925
vn -0.5331 -0.7721 0.3459
vn -0.6332 -0.6559 0.4109
vn -0.4505 -0.7708 0.4505
vn -0.5341 -0.6554 0.5341
vn -0.6816 -0.5829 0.4423
vn -0.7585 -0.5829 0.2915
vn -0.5754 -0.5813 0.5754
vn -0.3459 -0.7721 0.5331
vn -0.4109 -0.6559 0.6332
vn -0.4423 -0.5829 0.6816
vn -0.1962 -0.7725 0.6039
vn -0.2331 -0.6564 0.7175
vn -0.2510 -0.5834 0.7724
vn -0.0000 -0.6564 0.7544
vn 0.2331 -0.6564 0.7175
vn 0.2510 -0.5834 0.7724
vn -0.0000 -0.5834 0.8122
vn 0.2766 -0.4461 0.8512
vn -0.0000 -0.4461 0.8950
vn -0.2766 -0.4461 0.8512
vn 0.2989 -0.2539 0.9199
vn -0.0000 -0.2544 0.9671
vn -0.2988 -0.2544 0.9198
vn -0.0000 -0.0606 0.9982
vn -0.3084 -0.0607 0.9493
vn 0.3084 -0.0610 0.9493
vn 0.5265 -0.2538 0.8114
vn 0.5433 -0.0606 0.8373
vn 0.4873 -0.4456 0.7510
vn 0.5441 0.0283 0.8385
vn 0.3089 0.0283 0.9507
vn -0.0000 0.0283 0.9996
vn 0.5410 0.1108 0.8337
vn 0.3071 0.1112 0.9452
vn -0.0000 0.1112 0.9938
vn -0.3089 0.0283 0.9507
vn -0.3071 0.1111 0.9452
vn -0.5433 -0.0605 0.8373
vn -0.5441 0.0283 0.8385
vn -0.5410 0.1107 0.8337
vn -0.5265 -0.2538 0.8114
vn -0.7068 0.0281 0.7068
vn -0.7058 -0.0602 0.7058
vn -0.6838 -0.2546 0.6838
vn -0.8373 -0.0605 0.5433
vn -0.8114 -0.2538 0.5265
vn -0.8385 0.0283 0.5441
vn -0.7028 0.1102 0.7028
vn -0.8337 0.1108 0.5410
vn -0.6743 0.3010 0.6743
vn -0.5192 0.3003 0.8002
vn -0.8002 0.3003 0.5192
vn -0.6177 0.4867 0.6177
vn -0.4751 0.4882 0.7321
vn -0.7321 0.4882 0.4751
vn -0.8903 0.3003 0.3422
vn -0.9277 0.1108 0.3565
vn -0.8147 0.4882 0.3131
vn -0.7074 0.5375 0.4590
vn -0.7871 0.5375 0.3025
vn -0.5982 0.5333 0.5981
vn -0.6627 0.6132 0.4300
vn -0.7374 0.6132 0.2834
vn -0.5575 0.6151 0.5575
vn -0.4590 0.5375 0.7074
vn -0.4300 0.6132 0.6627
vn -0.2605 0.5380 0.8017
vn -0.2440 0.6137 0.7509
vn -0.2696 0.4887 0.8297
vn -0.2947 0.3011 0.9069
vn -0.0000 0.3006 0.9537
vn -0.0000 0.4887 0.8724
vn -0.0000 0.5380 0.8429
vn 0.2696 0.4887 0.8298
vn 0.2605 0.5380 0.8017
vn 0.2947 0.3011 0.9069
vn 0.5192 0.3003 0.8002
vn 0.4751 0.4882 0.7321
vn 0.7028 0.1102 0.7028
vn 0.6743 0.3009 0.6743
vn 0.6177 0.4867 0.6177
vn 0.8337 0.1107 0.5410
vn 0.8002 0.3004 0.5192
vn 0.7321 0.4882 0.4751
vn 0.9277 0.1107 0.3565
vn 0.8903 0.3003 0.3422
vn 0.8147 0.4882 0.3131
vn 0.9817 0.1103 0.1555
vn 0.9418 0.3013 0.1492
vn 0.8628 0.4866 0.1367
vn 0.9938 0.1111 -0.0000
vn 0.8724 0.4887 -0.0000
vn 0.9817 0.1104 -0.1555
vn 0.9419 0.3008 -0.1492
vn 0.8629 0.4866 -0.1367
vn 0.8903 0.3003 -0.3422
vn 0.8147 0.4882 -0.3130
vn 0.9277 0.1108 -0.3565
vn 0.9996 0.0283 -0.0000
vn 0.9873 0.0280 -0.1564
vn 0.9331 0.0283 -0.3586
vn 0.9981 -0.0608 -0.0000
vn 0.9859 -0.0604 -0.1561
vn 0.9317 -0.0605 -0.3580
vn 0.9029 -0.2538 -0.3470
vn 0.9551 -0.2546 -0.1513
vn 0.9671 -0.2544 -0.0000
vn 0.9873 0.0280 0.1564
vn 0.9859 -0.0602 0.1562
vn 0.9552 -0.2542 0.1513
vn 0.9317 -0.0605 0.3580
vn 0.9029 -0.2538 0.3470
vn 0.9331 0.0283 0.3586
vn 0.8385 0.0283 0.5441
vn 0.8373 -0.0606 0.5433
vn 0.7068 0.0280 0.7068
vn 0.7058 -0.0604 0.7058
vn 0.6838 -0.2546 0.6838
vn 0.8114 -0.2538 0.5265
vn 0.6336 -0.4441 0.6336
vn 0.7510 -0.4456 0.4873
vn 0.5754 -0.5813 0.5754
vn 0.6816 -0.5829 0.4423
vn 0.4423 -0.5829 0.6816
vn 0.4109 -0.6559 0.6332
vn 0.5341 -0.6554 0.5341
vn 0.6332 -0.6559 0.4109
vn 0.5932 -0.7721 0.2280
vn 0.7046 -0.6559 0.2708
vn 0.7585 -0.5829 0.2915
vn 0.5008 -0.8439 0.1925
vn 0.6292 -0.7708 0.0997
vn 0.7460 -0.6554 0.1182
vn 0.5278 -0.8453 0.0836
vn 0.3880 -0.9095 0.1491
vn 0.4107 -0.9094 0.0650
vn 0.4152 -0.9097 -0.0000
vn 0.5360 -0.8442 -0.0000
vn 0.6350 -0.7725 -0.0000
vn 0.5277 -0.8453 -0.0836
vn 0.6292 -0.7708 -0.0997
vn 0.4107 -0.9095 -0.0650
vn 0.3961 -0.9182 -0.0000
vn 0.3997 -0.9145 -0.0633
vn 0.3997 -0.9144 0.0633
vn 0.6172 -0.7868 -0.0000
vn 0.6143 -0.7830 -0.0973
vn 0.6143 -0.7830 0.0973
vn 0.9427 -0.2984 0.1493
vn 0.9534 -0.3018 -0.0000
vn 0.9416 0.3020 0.1491
vn 0.9522 0.3055 -0.0000
vn 0.9427 -0.2984 -0.1493
vn 0.9415 0.3022 -0.1491
vn 0.6142 0.7892 -0.0000
vn 0.4306 0.9025 -0.0000
vn 0.4381 0.8962 -0.0694
vn 0.6113 0.7854 -0.0968
vn 0.6112 0.7855 0.0968
vn 0.4381 0.8962 0.0694
vn 0.4223 0.9065 -0.0000
vn 0.4148 0.9075 -0.0657
vn 0.4147 0.9076 0.0657
vn 0.3946 0.9062 0.1516
vn 0.6610 0.7061 0.2540
vn 0.6931 0.7124 0.1098
vn 0.8687 0.3659 0.3338
vn 0.9177 0.3697 0.1454
vn 0.9304 0.3666 -0.0000
vn 0.7075 0.7067 -0.0000
vn 0.9179 0.3692 -0.1454
vn 0.6933 0.7122 -0.1098
vn 0.8687 0.3660 -0.3338
vn 0.6611 0.7060 -0.2541
vn 0.3946 0.9062 -0.1517
vn 0.3617 0.9023 -0.2347
vn 0.4024 0.9023 -0.1547
vn 0.5739 0.7887 -0.2205
vn 0.5157 0.7887 -0.3346
vn 0.3137 0.8962 -0.3136
vn 0.4376 0.7855 -0.4376
vn 0.2346 0.9023 -0.3616
vn 0.3346 0.7888 -0.5156
vn 0.7989 0.3050 -0.5184
vn 0.6741 0.3020 -0.6741
vn 0.5184 0.3049 -0.7989
vn 0.2942 0.3055 -0.9056
vn 0.2943 0.3055 -0.9056
vn 0.1331 0.9025 -0.4095
vn 0.1898 0.7892 -0.5841
vn -0.0000 0.3052 -0.9523
vn -0.0000 0.3055 -0.9522
vn -0.0000 0.9025 -0.4306
vn -0.0000 0.7892 -0.6141
vn -0.2942 0.3055 -0.9056
vn -0.2943 0.3055 -0.9056
vn -0.1331 0.9025 -0.4096
vn -0.1898 0.7892 -0.5841
vn -0.5184 0.3049 -0.7989
vn -0.3346 0.7887 -0.5157
vn -0.6741 0.3018 -0.6741
vn -0.5190 -0.3013 -0.7999
vn -0.6748 -0.2987 -0.6748
vn -0.6749 -0.2982 -0.6749
vn -0.7999 -0.3013 -0.5190
vn -0.8901 -0.3013 -0.3421
vn -0.8901 -0.3013 -0.3420
vn -0.2862 -0.9144 -0.2862
vn -0.4398 -0.7830 -0.4398
vn -0.5182 -0.7864 -0.3363
vn -0.3327 -0.9180 -0.2159
vn -0.9427 -0.2984 -0.1493
vn -0.3488 -0.9095 -0.2263
vn -0.2940 -0.9095 -0.2940
vn -0.2159 -0.9180 -0.3327
vn -0.2263 -0.9095 -0.3487
vn -0.3363 -0.7863 -0.5182
vn -0.3778 -0.8453 -0.3778
vn -0.4501 -0.8439 -0.2921
vn -0.2921 -0.8439 -0.4501
vn -0.3459 -0.7721 -0.5331
vn -0.4505 -0.7708 -0.4505
vn -0.5331 -0.7721 -0.3459
vn -0.5341 -0.6554 -0.5341
vn -0.6332 -0.6559 -0.4109
vn -0.7585 -0.5829 -0.2915
vn -0.6816 -0.5829 -0.4423
vn -0.5754 -0.5813 -0.5754
vn -0.4109 -0.6559 -0.6332
vn -0.4423 -0.5829 -0.6816
vn -0.2331 -0.6564 -0.7175
vn -0.2510 -0.5834 -0.7724
vn -0.1962 -0.7725 -0.6039
vn -0.1656 -0.8442 -0.5097
vn -0.0000 -0.7725 -0.6350
vn -0.0000 -0.8443 -0.5359
vn -0.0000 -0.6564 -0.7544
vn 0.1962 -0.7725 -0.6039
vn 0.1656 -0.8442 -0.5097
vn 0.2331 -0.6564 -0.7175
vn 0.1283 -0.9097 -0.3949
vn -0.0000 -0.9097 -0.4153
vn -0.1283 -0.9097 -0.3949
vn 0.1224 -0.9182 -0.3767
vn -0.0000 -0.9182 -0.3962
vn -0.1224 -0.9182 -0.3767
vn -0.1908 -0.7867 -0.5872
vn -0.0000 -0.7867 -0.6174
vn -0.2946 -0.3019 -0.9067
vn -0.0000 -0.3014 -0.9535
vn -0.0000 -0.3019 -0.9533
vn 0.2946 -0.3019 -0.9067
vn 0.1907 -0.7869 -0.5869
vn 0.2159 -0.9180 -0.3327
vn 0.3363 -0.7864 -0.5182
vn 0.5191 -0.3013 -0.7999
vn 0.5190 -0.3013 -0.7999
vn 0.2862 -0.9145 -0.2861
vn 0.4398 -0.7830 -0.4398
vn 0.6749 -0.2982 -0.6749
vn 0.7998 -0.3014 -0.5191
vn 0.7999 -0.3014 -0.5190
vn 0.3327 -0.9180 -0.2159
vn 0.5182 -0.7864 -0.3363
vn 0.2940 -0.9094 -0.2940
vn 0.2263 -0.9095 -0.3488
vn 0.3487 -0.9095 -0.2263
vn 0.3702 -0.9180 -0.1422
vn 0.3880 -0.9095 -0.1491
vn 0.5766 -0.7864 -0.2216
vn 0.5008 -0.8439 -0.1925
vn 0.4501 -0.8439 -0.2920
vn 0.3778 -0.8453 -0.3778
vn 0.5932 -0.7721 -0.2280
vn 0.5331 -0.7721 -0.3459
vn 0.4505 -0.7708 -0.4505
vn 0.2921 -0.8439 -0.4501
vn 0.3459 -0.7721 -0.5331
vn 0.5341 -0.6554 -0.5341
vn 0.4109 -0.6559 -0.6332
vn 0.6332 -0.6559 -0.4109
vn 0.2510 -0.5834 -0.7724
vn 0.4423 -0.5829 -0.6816
vn 0.5754 -0.5813 -0.5754
vn 0.2766 -0.4461 -0.8512
vn 0.4873 -0.4456 -0.7510
vn 0.6335 -0.4441 -0.6335
vn 0.6816 -0.5829 -0.4423
vn 0.7510 -0.4456 -0.4873
vn 0.7046 -0.6559 -0.2708
vn 0.7585 -0.5829 -0.2915
vn 0.8357 -0.4456 -0.3211
vn 0.6838 -0.2546 -0.6838
vn 0.8114 -0.2538 -0.5265
vn 0.7058 -0.0603 -0.7058
vn 0.8373 -0.0606 -0.5433
vn 0.8849 -0.4441 -0.1402
vn 0.7068 0.0280 -0.7068
vn 0.8385 0.0283 -0.5441
vn 0.8337 0.1108 -0.5410
vn 0.7028 0.1103 -0.7028
vn 0.5441 0.0283 -0.8385
vn 0.5410 0.1108 -0.8337
vn 0.5433 -0.0605 -0.8373
vn 0.6742 0.3013 -0.6742
vn 0.5192 0.3003 -0.8002
vn 0.8002 0.3003 -0.5192
vn 0.7321 0.4882 -0.4751
vn 0.6177 0.4866 -0.6177
vn 0.4751 0.4882 -0.7321
vn 0.3071 0.1109 -0.9452
vn 0.2947 0.3007 -0.9070
vn 0.2696 0.4887 -0.8298
vn -0.0000 0.1110 -0.9938
vn -0.0000 0.4887 -0.8725
vn -0.3071 0.1111 -0.9452
vn -0.2947 0.3011 -0.9069
vn -0.2696 0.4887 -0.8298
vn -0.5410 0.1108 -0.8337
vn -0.5192 0.3003 -0.8002
vn -0.4751 0.4882 -0.7321
vn -0.7028 0.1104 -0.7028
vn -0.6742 0.3014 -0.6742
vn -0.6177 0.4867 -0.6177
vn -0.8002 0.3003 -0.5192
vn -0.7321 0.4882 -0.4751
vn -0.8337 0.1108 -0.5410
vn -0.7068 0.0280 -0.7068
vn -0.8385 0.0283 -0.5441
vn -0.5441 0.0283 -0.8385
vn -0.5433 -0.0605 -0.8373
vn -0.7058 -0.0604 -0.7058
vn -0.8373 -0.0606 -0.5433
vn -0.6838 -0.2546 -0.6838
vn -0.5265 -0.2537 -0.8114
vn -0.8114 -0.2538 -0.5265
vn -0.9317 -0.0605 -0.3580
vn -0.9331 0.0283 -0.3586
vn -0.9029 -0.2538 -0.3470
vn -0.8357 -0.4456 -0.3211
vn -0.7510 -0.4456 -0.4873
vn -0.6336 -0.4441 -0.6336
vn -0.4873 -0.4456 -0.7510
vn -0.2766 -0.4461 -0.8512
vn -0.2989 -0.2544 -0.9198
vn -0.3085 -0.0608 -0.9493
vn -0.0000 -0.2544 -0.9671
vn -0.0000 -0.4461 -0.8950
vn -0.0000 -0.0608 -0.9981
vn 0.2989 -0.2544 -0.9198
vn 0.3084 -0.0608 -0.9493
vn 0.5265 -0.2538 -0.8114
vn 0.3089 0.0283 -0.9507
vn -0.0000 0.0283 -0.9996
vn -0.3089 0.0283 -0.9507
vn -0.0000 -0.5834 -0.8122
vn -0.8849 -0.4441 -0.1402
vn -0.9552 -0.2545 -0.1513
vn -0.8037 -0.5813 -0.1273
vn -0.8122 -0.5834 -0.0000
vn -0.8950 -0.4461 -0.0000
vn -0.8037 -0.5813 0.1273
vn -0.8850 -0.4441 0.1402
vn -0.9552 -0.2545 0.1513
vn -0.9671 -0.2544 -0.0000
vn -0.9859 -0.0605 0.1562
vn -0.9982 -0.0607 -0.0000
vn -0.9859 -0.0606 -0.1561
vn -0.9873 0.0280 -0.1564
vn -0.9996 0.0283 -0.0000
vn -0.9816 0.1105 -0.1555
vn -0.9277 0.1108 -0.3565
vn -0.9938 0.1112 -0.0000
vn -0.8903 0.3003 -0.3422
vn -0.9419 0.3008 -0.1492
vn -0.9536 0.3011 -0.0000
vn -0.9873 0.0280 0.1564
vn -0.9817 0.1103 0.1555
vn -0.9418 0.3013 0.1492
vn -0.8629 0.4866 -0.1367
vn -0.8724 0.4887 -0.0000
vn -0.8629 0.4866 0.1367
vn -0.8355 0.5333 0.1323
vn -0.8429 0.5380 -0.0000
vn -0.7788 0.6151 0.1233
vn -0.7895 0.6137 -0.0000
vn -0.7788 0.6151 -0.1233
vn -0.8355 0.5333 -0.1323
vn -0.8147 0.4882 -0.3131
vn -0.7871 0.5375 -0.3025
vn -0.7374 0.6132 -0.2834
vn -0.6106 0.7860 -0.0967
vn -0.6184 0.7859 -0.0000
vn -0.5777 0.7855 -0.2220
vn -0.7074 0.5375 -0.4590
vn -0.6627 0.6132 -0.4300
vn -0.5192 0.7855 -0.3369
vn -0.3978 0.9047 -0.1529
vn -0.4120 0.9088 -0.0653
vn -0.3575 0.9047 -0.2319
vn -0.4372 0.7860 -0.4372
vn -0.5575 0.6150 -0.5576
vn -0.2949 0.9089 -0.2949
vn -0.4300 0.6132 -0.6627
vn -0.3369 0.7855 -0.5192
vn -0.2319 0.9047 -0.3575
vn -0.1311 0.9706 -0.2020
vn -0.1688 0.9711 -0.1688
vn -0.2020 0.9706 -0.1311
vn -0.1859 0.9648 -0.1859
vn -0.2098 0.9682 -0.1361
vn -0.1361 0.9682 -0.2098
vn -0.3892 0.8349 -0.3892
vn -0.4448 0.8479 -0.2886
vn -0.2886 0.8479 -0.4448
vn -0.6194 0.4825 -0.6194
vn -0.7283 0.4964 -0.4725
vn -0.4725 0.4963 -0.7283
vn -0.2682 0.4968 -0.8254
vn -0.1637 0.8482 -0.5037
vn -0.0772 0.9683 -0.2375
vn -0.5402 0.1234 -0.8325
vn -0.7019 0.1207 -0.7019
vn -0.3067 0.1236 -0.9438
vn -0.0000 0.4968 -0.8679
vn -0.0000 0.8482 -0.5296
vn -0.0000 0.1236 -0.9923
vn -0.3074 -0.1010 -0.9462
vn -0.0000 -0.1010 -0.9949
vn -0.5415 -0.1008 -0.8346
vn -0.0000 -0.4173 -0.9088
vn -0.2808 -0.4173 -0.8643
vn -0.4948 -0.4168 -0.7625
vn -0.0000 -0.7472 -0.6646
vn -0.2054 -0.7472 -0.6321
vn -0.3620 -0.7468 -0.5579
vn -0.7037 -0.0987 -0.7037
vn -0.6462 -0.4059 -0.6463
vn -0.4805 -0.7337 -0.4805
vn -0.8346 -0.1009 -0.5416
vn -0.7625 -0.4169 -0.4948
vn -0.5579 -0.7468 -0.3620
vn -0.9287 -0.1008 -0.3569
vn -0.8485 -0.4169 -0.3261
vn -0.6208 -0.7468 -0.2385
vn -0.9829 -0.0987 -0.1557
vn -0.9027 -0.4059 -0.1430
vn -0.6712 -0.7337 -0.1063
vn -0.9949 -0.1010 -0.0000
vn -0.9087 -0.4174 -0.0000
vn -0.6646 -0.7472 -0.0000
vn -0.9829 -0.0987 0.1557
vn -0.9028 -0.4057 0.1430
vn -0.6712 -0.7337 0.1063
vn -0.9287 -0.1008 0.3569
vn -0.8485 -0.4168 0.3261
vn -0.6208 -0.7468 0.2385
vn -0.4357 -0.9001 -0.0000
vn -0.4422 -0.8942 0.0700
vn -0.4071 -0.8999 0.1565
vn -0.5441 -0.8346 0.0862
vn -0.5549 -0.8319 -0.0000
vn -0.5185 -0.8316 0.1992
vn -0.6175 -0.7866 -0.0000
vn -0.6145 -0.7829 0.0973
vn -0.5768 -0.7862 0.2217
vn -0.3477 -0.9360 0.0551
vn -0.3786 -0.9236 0.0600
vn -0.3545 -0.9251 0.1362
vn -0.3244 -0.9377 0.1247
vn -0.3471 -0.9378 -0.0000
vn -0.3793 -0.9253 -0.0000
vn -0.4660 -0.8315 0.3023
vn -0.5184 -0.7862 0.3364
vn -0.3186 -0.9251 0.2067
vn -0.2915 -0.9377 0.1892
vn -0.3895 -0.8346 0.3895
vn -0.4399 -0.7829 0.4399
vn -0.2710 -0.9236 0.2710
vn -0.2489 -0.9360 0.2489
vn -0.2067 -0.9251 0.3185
vn -0.1892 -0.9377 0.2915
vn -0.3023 -0.8316 0.4659
vn -0.3364 -0.7862 0.5184
vn -0.1715 -0.8319 0.5278
vn -0.1908 -0.7866 0.5872
vn -0.1172 -0.9253 0.3607
vn -0.1073 -0.9378 0.3301
vn -0.0000 -0.8319 0.5549
vn -0.0000 -0.7866 0.6175
vn -0.0000 -0.9253 0.3793
vn -0.0000 -0.9378 0.3471
vn 0.1715 -0.8319 0.5277
vn 0.1908 -0.7866 0.5872
vn 0.1172 -0.9253 0.3607
vn 0.1073 -0.9378 0.3301
vn 0.2986 -0.2574 0.9190
vn -0.0000 -0.2574 0.9663
vn -0.2986 -0.2574 0.9190
vn 0.2338 -0.0000 0.9723
vn -0.2338 -0.0000 0.9723
vn -0.5261 -0.2570 0.8107
vn -0.5443 -0.0000 0.8389
vn -0.0000 1.0000 -0.0000
vn -0.9511 -0.0000 -0.3090
vn -0.9510 0.0070 -0.3090
vn -0.9510 0.0077 -0.3090
vn -0.0000 0.0095 1.0000
vn -0.1564 0.0072 0.9877
vn -0.0000 0.4032 0.9151
vn -0.1434 0.3990 0.9056
vn -0.8720 0.3991 -0.2833
vn -0.0000 -0.0000 -1.0000
vn 0.1564 -0.0000 -0.9877
vn 0.1564 0.0079 -0.9877
vn -0.0000 0.0103 -0.9999
vn -0.0000 0.4033 -0.9151
vn 0.1434 0.3991 -0.9056
vn -0.1564 -0.0000 -0.9877
vn -0.1564 0.0078 -0.9877
vn -0.1434 0.3991 -0.9056
vn 0.8721 0.3990 -0.2833
vn 0.9510 0.0071 -0.3090
vn 0.9510 0.0077 -0.3090
vn 0.9511 -0.0000 -0.3090
vn 0.1564 0.0072 0.9877
vn 0.1434 0.3990 0.9057
vn -0.0000 0.9991 0.0420
vn -0.0000 0.9319 0.3628
vn 0.0574 0.9303 0.3622
vn 0.0367 0.9984 0.0426
vn 0.3488 0.9303 -0.1133
vn 0.1120 0.9569 -0.2678
vn 0.0178 0.9989 -0.0426
vn -0.0000 0.9997 -0.0247
vn -0.0000 0.9319 -0.3628
vn -0.0367 0.9984 0.0426
vn -0.0178 0.9989 -0.0426
vn -0.1120 0.9569 -0.2678
vn -0.3488 0.9303 -0.1133
vn -0.0574 0.9303 0.3622
vn 0.5261 -0.2570 0.8107
vn 0.6796 -0.2762 0.6796
vn 0.7071 -0.0000 0.7071
vn 0.1892 -0.9377 0.2915
vn 0.2489 -0.9360 0.2489
vn 0.8107 -0.2570 0.5261
vn 0.8389 -0.0000 0.5443
vn 0.2915 -0.9377 0.1892
vn 0.9021 -0.2570 0.3466
vn 0.3244 -0.9377 0.1247
vn 0.3477 -0.9360 0.0551
vn 0.9493 -0.2762 0.1503
vn 0.9877 -0.0000 0.1564
vn 0.9334 0.0095 0.3587
vn 0.8388 0.0095 0.5443
vn 0.9877 0.0075 0.1564
vn 0.1564 0.0074 -0.9877
vn 0.9663 -0.2574 -0.0000
vn 1.0000 -0.0000 -0.0000
vn 0.9493 -0.2762 -0.1503
vn 0.9877 -0.0000 -0.1564
vn 0.1564 -0.0000 0.9877
vn 0.1564 0.0074 0.9877
vn 0.9021 -0.2570 -0.3466
vn 0.9334 -0.0000 -0.3587
vn 0.9334 0.0095 -0.3587
vn 0.9877 0.0075 -0.1564
vn 0.8107 -0.2570 -0.5261
vn 0.8389 -0.0000 -0.5443
vn 0.8388 0.0095 -0.5443
vn 0.9056 0.3990 -0.1434
vn 0.8540 0.4028 -0.3294
vn 0.7685 0.4028 -0.4972
vn 0.7071 0.0075 -0.7071
vn 0.6483 0.3991 -0.6484
vn 0.7071 -0.0000 -0.7071
vn -0.7071 -0.0000 -0.7071
vn -0.7071 0.0074 -0.7071
vn -0.6483 0.3991 -0.6484
vn -0.7071 -0.0000 0.7071
vn -0.8388 0.0103 0.5443
vn -0.7071 0.0075 0.7071
vn -0.7686 0.4028 0.4970
vn -0.6483 0.3991 0.6483
vn -0.9334 0.0103 0.3587
vn -0.8539 0.4027 0.3297
vn -0.9877 0.0075 0.1564
vn -0.9056 0.3990 0.1434
vn -0.3383 0.9316 0.1327
vn -0.0229 0.9997 0.0090
vn -0.0207 0.9997 0.0132
vn -0.3063 0.9316 0.1957
vn -0.3622 0.9303 0.0574
vn -0.0285 0.9978 0.0590
vn 0.1434 0.3991 0.9056
vn 0.0574 0.9303 0.3623
vn 0.0526 0.9976 0.0450
vn 0.3622 0.9303 -0.0574
vn 0.3384 0.9316 -0.1323
vn 0.0388 0.9991 -0.0152
vn 0.0351 0.9991 -0.0225
vn 0.3060 0.9316 -0.1961
vn -0.0055 0.9976 -0.0690
vn -0.0645 0.9979 -0.0116
vn 0.2593 0.9303 -0.2593
vn -0.2593 0.9303 -0.2593
vn -0.2593 0.9303 0.2593
vn 0.8389 0.0103 -0.5443
vn 0.7071 0.0074 0.7071
vn 0.7686 0.4027 -0.4970
vn 0.6484 0.3990 -0.6484
vn 0.6484 0.3990 0.6484
vn 0.9334 0.0103 -0.3587
vn 0.8539 0.4027 -0.3297
vn 0.9056 0.3991 -0.1434
vn -0.1564 0.0074 -0.9877
vn -0.1434 0.3990 -0.9056
vn 0.0229 0.9997 -0.0090
vn 0.3383 0.9316 -0.1327
vn 0.0285 0.9978 -0.0590
vn -0.0574 0.9303 -0.3622
vn -0.0526 0.9976 -0.0450
vn -0.0388 0.9991 0.0152
vn -0.3384 0.9316 0.1323
vn -0.0351 0.9991 0.0225
vn 0.0207 0.9997 -0.0132
vn -0.3060 0.9316 0.1960
vn -0.8388 0.0095 0.5443
vn -0.7685 0.4027 0.4973
vn -0.8540 0.4027 0.3294
vn -0.9334 0.0095 0.3587
vn -0.6484 0.3990 0.6484
vn -0.9021 -0.2570 0.3466
vn -0.8107 -0.2570 0.5261
vn -0.6796 -0.2762 0.6796
vn -0.9493 -0.2762 0.1503
vn -0.9663 -0.2574 -0.0000
vn -0.9493 -0.2762 -0.1504
vn -0.3477 -0.9360 -0.0551
vn -0.9021 -0.2570 -0.3466
vn -0.1564 -0.0000 0.9877
vn -0.1564 0.0074 0.9877
vn -0.9877 0.0074 -0.1564
vn -0.9334 0.0095 -0.3587
vn -0.1434 0.3991 0.9056
vn -0.8540 0.4027 -0.3294
vn -0.9057 0.3990 -0.1434
vn -0.7684 0.4028 -0.4973
vn -0.8388 0.0095 -0.5443
vn -0.8389 -0.0000 -0.5443
vn -0.0389 0.9991 -0.0152
vn -0.3384 0.9316 -0.1323
vn -0.3622 0.9303 -0.0574
vn -0.0526 0.9976 0.0450
vn -0.0351 0.9991 -0.0225
vn -0.3060 0.9316 -0.1960
vn -0.6484 0.3991 -0.6483
vn -0.7071 0.0075 -0.7071
vn 0.0055 0.9976 -0.0690
vn 0.0645 0.9978 -0.0116
vn 0.0207 0.9997 0.0132
vn 0.0229 0.9997 0.0090
vn 0.2593 0.9303 0.2594
vn 0.3062 0.9316 0.1956
vn 0.3383 0.9316 0.1327
vn 0.0285 0.9978 0.0590
vn 0.3622 0.9303 0.0574
vn 0.9334 0.0103 0.3587
vn 0.8539 0.4027 0.3297
vn 0.9056 0.3991 0.1434
vn 0.8388 0.0103 0.5443
vn 0.7686 0.4027 0.4970
vn 0.7071 0.0075 0.7071
vn 0.6484 0.3991 0.6484
vn 0.6484 0.3991 -0.6484
vn 0.7071 0.0074 -0.7071
vn -0.5261 -0.2571 -0.8107
vn -0.6796 -0.2762 -0.6796
vn -0.5443 -0.0000 -0.8389
vn -0.8107 -0.2570 -0.5261
vn -0.1892 -0.9377 -0.2915
vn -0.2489 -0.9360 -0.2489
vn -0.2915 -0.9377 -0.1892
vn -0.2067 -0.9251 -0.3185
vn -0.2710 -0.9236 -0.2711
vn -0.3185 -0.9251 -0.2067
vn -0.3545 -0.9251 -0.1362
vn -0.3244 -0.9377 -0.1247
vn -0.3786 -0.9236 -0.0600
vn -0.5184 -0.7862 -0.3364
vn -0.4660 -0.8315 -0.3024
vn -0.5185 -0.8315 -0.1993
vn -0.5768 -0.7862 -0.2217
vn -0.5441 -0.8346 -0.0862
vn -0.6145 -0.7829 -0.0973
vn -0.4422 -0.8942 -0.0700
vn -0.4071 -0.8999 -0.1565
vn -0.3659 -0.8999 -0.2374
vn -0.3166 -0.8942 -0.3166
vn -0.3895 -0.8346 -0.3896
vn -0.4400 -0.7829 -0.4400
vn -0.2374 -0.8999 -0.3659
vn -0.3024 -0.8316 -0.4659
vn -0.3364 -0.7862 -0.5184
vn -0.1346 -0.9001 -0.4143
vn -0.1715 -0.8319 -0.5278
vn -0.1908 -0.7866 -0.5872
vn -0.0000 -0.9001 -0.4356
vn -0.0000 -0.8319 -0.5550
vn 0.1346 -0.9001 -0.4143
vn 0.2054 -0.7472 -0.6321
vn 0.1715 -0.8319 -0.5278
vn 0.1908 -0.7866 -0.5872
vn -0.0000 -0.7866 -0.6175
vn 0.1073 -0.9378 -0.3301
vn 0.1172 -0.9253 -0.3607
vn -0.0000 -0.9253 -0.3793
vn -0.0000 -0.9378 -0.3471
vn -0.1172 -0.9253 -0.3607
vn -0.1073 -0.9378 -0.3301
vn -0.0000 -0.2574 -0.9663
vn -0.2986 -0.2574 -0.9190
vn -0.2338 -0.0000 -0.9723
vn -0.1564 0.0072 -0.9877
vn -0.0000 0.0095 -1.0000
vn -0.9511 -0.0000 0.3090
vn -0.9510 0.0077 0.3090
vn -0.9510 0.0070 0.3090
vn -0.0000 0.4032 -0.9151
vn -0.1434 0.3990 -0.9057
vn -0.8720 0.3991 0.2833
vn -0.0000 0.0102 0.9999
vn 0.1564 0.0079 0.9877
vn -0.0367 0.9984 -0.0426
vn -0.3488 0.9303 0.1133
vn -0.1120 0.9569 0.2678
vn -0.0178 0.9989 0.0426
vn -0.0000 0.9997 0.0247
vn -0.1564 0.0078 0.9877
vn 0.1120 0.9569 0.2678
vn 0.0178 0.9989 0.0426
vn 0.9510 0.0071 0.3090
vn 0.8721 0.3990 0.2834
vn 0.9510 0.0077 0.3090
vn 0.3488 0.9303 0.1133
vn 0.0367 0.9984 -0.0426
vn -0.0000 0.9991 -0.0420
vn 0.0574 0.9303 -0.3622
vn 0.1434 0.3990 -0.9057
vn 0.1564 0.0072 -0.9877
vn 0.2338 -0.0000 -0.9723
vn 0.9511 -0.0000 0.3090
vn 0.5261 -0.2570 -0.8107
vn 0.2986 -0.2574 -0.9190
vn 0.5443 -0.0000 -0.8389
vn 0.1892 -0.9377 -0.2915
vn 0.2067 -0.9251 -0.3185
vn 0.2489 -0.9360 -0.2489
vn 0.2710 -0.9236 -0.2710
vn 0.6796 -0.2762 -0.6796
vn 0.4400 -0.7829 -0.4400
vn 0.3896 -0.8345 -0.3896
vn 0.3023 -0.8316 -0.4659
vn 0.3364 -0.7862 -0.5184
vn 0.2915 -0.9377 -0.1892
vn 0.3185 -0.9251 -0.2067
vn 0.5184 -0.7862 -0.3364
vn 0.4659 -0.8316 -0.3023
vn 0.3659 -0.8999 -0.2374
vn 0.3166 -0.8942 -0.3166
vn 0.2374 -0.8999 -0.3659
vn 0.5579 -0.7468 -0.3620
vn 0.4805 -0.7337 -0.4805
vn 0.3620 -0.7468 -0.5579
vn 0.6462 -0.4059 -0.6463
vn 0.4948 -0.4168 -0.7625
vn 0.2808 -0.4171 -0.8644
vn 0.5416 -0.1009 -0.8346
vn 0.3074 -0.1010 -0.9462
vn 0.5402 0.1234 -0.8325
vn 0.3067 0.1236 -0.9438
vn 0.4725 0.4963 -0.7283
vn 0.2682 0.4969 -0.8253
vn 0.2886 0.8479 -0.4448
vn 0.1637 0.8482 -0.5038
vn 0.0772 0.9683 -0.2375
vn -0.0000 0.9683 -0.2497
vn 0.1361 0.9682 -0.2098
vn 0.6194 0.4824 -0.6194
vn 0.3891 0.8350 -0.3891
vn 0.1859 0.9648 -0.1859
vn 0.7283 0.4963 -0.4725
vn 0.4448 0.8479 -0.2886
vn 0.2098 0.9682 -0.1361
vn 0.2020 0.9706 -0.1311
vn 0.1688 0.9711 -0.1688
vn 0.1311 0.9706 -0.2020
vn 0.2950 0.9088 -0.2950
vn 0.2319 0.9047 -0.3575
vn 0.3575 0.9047 -0.2319
vn 0.2248 0.9706 -0.0864
vn 0.2334 0.9682 -0.0897
vn 0.3978 0.9047 -0.1529
vn 0.5777 0.7855 -0.2220
vn 0.5192 0.7855 -0.3369
vn 0.4372 0.7860 -0.4372
vn 0.7374 0.6132 -0.2834
vn 0.6627 0.6132 -0.4300
vn 0.5575 0.6151 -0.5576
vn 0.7074 0.5375 -0.4590
vn 0.5982 0.5333 -0.5982
vn 0.7871 0.5375 -0.3025
vn 0.4300 0.6132 -0.6627
vn 0.3369 0.7855 -0.5192
vn 0.4590 0.5375 -0.7074
vn 0.2605 0.5381 -0.8017
vn 0.2440 0.6137 -0.7509
vn -0.0000 0.5380 -0.8429
vn -0.0000 0.6137 -0.7895
vn -0.2605 0.5380 -0.8017
vn -0.2440 0.6137 -0.7509
vn -0.4590 0.5375 -0.7074
vn -0.5982 0.5333 -0.5982
vn -0.1911 0.7859 -0.5881
vn -0.0000 0.7859 -0.6183
vn -0.1315 0.9049 -0.4048
vn -0.0000 0.9050 -0.4255
vn 0.1911 0.7859 -0.5881
vn 0.1315 0.9049 -0.4048
vn 0.0743 0.9707 -0.2287
vn -0.0000 0.9707 -0.2405
vn -0.0743 0.9707 -0.2287
vn 0.7788 0.6151 -0.1233
vn 0.8355 0.5333 -0.1323
vn 0.6106 0.7860 -0.0967
vn 0.8429 0.5380 -0.0000
vn 0.7895 0.6137 -0.0000
vn 0.6184 0.7859 -0.0000
vn 0.7788 0.6151 0.1233
vn 0.8355 0.5333 0.1323
vn 0.6106 0.7860 0.0967
vn 0.7871 0.5375 0.3025
vn 0.7374 0.6132 0.2834
vn 0.5777 0.7855 0.2220
vn 0.3978 0.9047 0.1529
vn 0.4120 0.9088 0.0653
vn 0.4257 0.9049 -0.0000
vn 0.2248 0.9706 0.0864
vn 0.2358 0.9711 0.0374
vn 0.2405 0.9707 -0.0000
vn 0.4120 0.9088 -0.0653
vn 0.2358 0.9711 -0.0373
vn 0.2597 0.9648 -0.0411
vn 0.2497 0.9683 -0.0000
vn 0.5297 0.8482 -0.0000
vn 0.5437 0.8348 -0.0861
vn 0.4949 0.8479 -0.1902
vn 0.8679 0.4968 -0.0000
vn 0.8652 0.4824 -0.1370
vn 0.8103 0.4963 -0.3114
vn 0.9805 0.1206 -0.1553
vn 0.9263 0.1234 -0.3560
vn 0.8325 0.1234 -0.5401
vn 0.7019 0.1206 -0.7019
vn 0.8346 -0.1008 -0.5416
vn 0.9287 -0.1008 -0.3569
vn 0.7037 -0.0987 -0.7037
vn 0.7625 -0.4168 -0.4948
vn 0.8485 -0.4168 -0.3261
vn 0.6208 -0.7468 -0.2386
vn 0.4071 -0.8999 -0.1565
vn 0.6711 -0.7337 -0.1063
vn 0.9028 -0.4056 -0.1430
vn 0.4422 -0.8942 -0.0700
vn 0.6646 -0.7472 -0.0000
vn 0.9088 -0.4173 -0.0000
vn 0.4357 -0.9001 -0.0000
vn 0.5441 -0.8346 -0.0862
vn 0.5549 -0.8319 -0.0000
vn 0.5185 -0.8316 -0.1992
vn 0.6175 -0.7866 -0.0000
vn 0.6145 -0.7829 -0.0973
vn 0.5768 -0.7862 -0.2217
vn 0.3477 -0.9360 -0.0551
vn 0.3786 -0.9236 -0.0600
vn 0.3545 -0.9251 -0.1362
vn 0.3244 -0.9377 -0.1247
vn 0.3471 -0.9378 -0.0000
vn 0.3793 -0.9253 -0.0000
vn 0.6145 -0.7829 0.0973
vn 0.5441 -0.8346 0.0862
vn 0.3786 -0.9236 0.0600
vn 0.5768 -0.7862 0.2217
vn 0.5185 -0.8315 0.1993
vn 0.3545 -0.9251 0.1362
vn 0.5184 -0.7862 0.3363
vn 0.4660 -0.8315 0.3023
vn 0.3186 -0.9251 0.2067
vn 0.3659 -0.8999 0.2374
vn 0.4071 -0.8999 0.1564
vn 0.4422 -0.8942 0.0700
vn 0.5579 -0.7468 0.3620
vn 0.6208 -0.7468 0.2385
vn 0.6712 -0.7336 0.1063
vn 0.9028 -0.4057 0.1430
vn 0.8485 -0.4168 0.3261
vn 0.9287 -0.1008 0.3569
vn 0.9829 -0.0987 0.1557
vn 0.9949 -0.1010 -0.0000
vn 0.9829 -0.0987 -0.1557
vn 0.9805 0.1205 0.1553
vn 0.9923 0.1236 -0.0000
vn 0.8652 0.4823 0.1370
vn 0.9263 0.1234 0.3560
vn 0.8104 0.4963 0.3114
vn 0.5436 0.8349 0.0861
vn 0.4949 0.8479 0.1902
vn 0.8325 0.1234 0.5401
vn 0.7283 0.4963 0.4725
vn 0.4448 0.8479 0.2886
vn 0.7019 0.1207 0.7019
vn 0.6194 0.4824 0.6194
vn 0.3891 0.8350 0.3891
vn 0.4725 0.4963 0.7283
vn 0.2886 0.8479 0.4448
vn 0.5402 0.1234 0.8325
vn 0.3066 0.1237 0.9438
vn 0.2682 0.4968 0.8254
vn 0.1637 0.8482 0.5038
vn -0.0000 0.1236 0.9923
vn -0.0000 0.4967 0.8679
vn -0.0000 0.8481 0.5298
vn -0.3066 0.1236 0.9438
vn -0.2681 0.4970 0.8253
vn -0.1637 0.8481 0.5038
vn -0.4725 0.4963 0.7283
vn -0.2886 0.8479 0.4448
vn -0.5402 0.1235 0.8324
vn -0.0772 0.9683 0.2375
vn -0.0000 0.9683 0.2497
vn -0.1361 0.9682 0.2098
vn -0.6193 0.4826 0.6193
vn -0.3892 0.8349 0.3891
vn -0.1859 0.9648 0.1859
vn -0.7283 0.4963 0.4726
vn -0.4448 0.8479 0.2886
vn -0.2098 0.9682 0.1361
vn -0.2020 0.9706 0.1311
vn -0.1688 0.9711 0.1688
vn -0.1311 0.9706 0.2020
vn -0.3575 0.9047 0.2319
vn -0.2949 0.9089 0.2949
vn -0.2319 0.9047 0.3575
vn -0.1315 0.9049 0.4048
vn -0.0743 0.9707 0.2287
vn -0.0000 0.9049 0.4256
vn -0.0000 0.9707 0.2405
vn 0.1315 0.9049 0.4048
vn 0.0743 0.9707 0.2287
vn 0.0772 0.9683 0.2375
vn 0.1311 0.9706 0.2020
vn 0.1361 0.9682 0.2098
vn 0.2319 0.9047 0.3575
vn 0.1859 0.9648 0.1859
vn 0.1688 0.9711 0.1688
vn 0.2098 0.9682 0.1361
vn 0.2020 0.9706 0.1311
vn 0.2950 0.9088 0.2950
vn 0.3575 0.9047 0.2319
vn 0.4371 0.7860 0.4371
vn 0.5192 0.7855 0.3369
vn 0.3369 0.7855 0.5192
vn 0.5575 0.6150 0.5576
vn 0.6627 0.6132 0.4300
vn 0.4300 0.6132 0.6627
vn 0.4590 0.5375 0.7074
vn 0.5982 0.5333 0.5982
vn 0.7074 0.5375 0.4590
vn 0.2440 0.6137 0.7509
vn -0.0000 0.6137 0.7895
vn 0.1911 0.7859 0.5881
vn -0.0000 0.7859 0.6183
vn -0.1911 0.7859 0.5881
vn -0.3369 0.7855 0.5192
vn -0.4372 0.7859 0.4372
vn -0.5192 0.7855 0.3369
vn -0.5777 0.7855 0.2220
vn -0.3978 0.9047 0.1529
vn -0.6106 0.7860 0.0967
vn -0.4121 0.9088 0.0653
vn -0.4256 0.9049 -0.0000
vn -0.2358 0.9711 0.0373
vn -0.2248 0.9706 0.0864
vn -0.2405 0.9707 -0.0000
vn -0.2597 0.9648 0.0411
vn -0.2334 0.9682 0.0897
vn -0.2497 0.9683 -0.0000
vn -0.5297 0.8482 -0.0000
vn -0.5436 0.8349 0.0861
vn -0.4949 0.8479 0.1902
vn -0.8678 0.4968 -0.0000
vn -0.8652 0.4823 0.1370
vn -0.8104 0.4963 0.3114
vn -0.9805 0.1206 0.1553
vn -0.9263 0.1234 0.3560
vn -0.8324 0.1234 0.5402
vn -0.7019 0.1206 0.7019
vn -0.8346 -0.1008 0.5416
vn -0.7037 -0.0987 0.7037
vn -0.5415 -0.1008 0.8346
vn -0.3074 -0.1010 0.9462
vn -0.4948 -0.4168 0.7625
vn -0.2808 -0.4174 0.8642
vn -0.6463 -0.4059 0.6462
vn -0.4805 -0.7337 0.4805
vn -0.3620 -0.7468 0.5579
vn -0.2053 -0.7473 0.6319
vn -0.7625 -0.4169 0.4948
vn -0.5579 -0.7468 0.3620
vn -0.3659 -0.8999 0.2374
vn -0.3166 -0.8942 0.3166
vn -0.2374 -0.8999 0.3659
vn -0.1346 -0.9001 0.4143
vn -0.0000 -0.7471 0.6647
vn -0.0000 -0.9001 0.4356
vn 0.2054 -0.7472 0.6321
vn 0.1346 -0.9001 0.4143
vn 0.3620 -0.7468 0.5579
vn 0.2374 -0.8999 0.3659
vn 0.3023 -0.8316 0.4659
vn 0.3364 -0.7862 0.5184
vn 0.3895 -0.8346 0.3895
vn 0.4399 -0.7829 0.4399
vn 0.3166 -0.8942 0.3166
vn 0.4805 -0.7337 0.4805
vn 0.4948 -0.4169 0.7625
vn 0.6462 -0.4059 0.6462
vn 0.7625 -0.4169 0.4948
vn 0.7037 -0.0987 0.7036
vn 0.8346 -0.1009 0.5416
vn 0.5416 -0.1009 0.8346
vn 0.2809 -0.4167 0.8646
vn 0.3074 -0.1010 0.9462
vn -0.0000 -0.4173 0.9088
vn -0.0000 -0.1010 0.9949
vn 0.2710 -0.9236 0.2710
vn 0.2067 -0.9251 0.3185
vn -0.9923 0.1236 -0.0000
vn -0.9805 0.1206 -0.1553
vn -0.8652 0.4824 -0.1370
vn -0.9263 0.1235 -0.3560
vn -0.8103 0.4963 -0.3114
vn -0.8324 0.1235 -0.5402
vn -0.4949 0.8479 -0.1902
vn -0.5437 0.8349 -0.0861
vn -0.2334 0.9682 -0.0897
vn -0.2597 0.9648 -0.0411
vn -0.2358 0.9711 -0.0373
vn -0.2248 0.9706 -0.0864
vn 0.2334 0.9682 0.0897
vn 0.2597 0.9648 0.0411
vn 0.2593 0.9303 -0.2594
vn 0.0055 0.9976 0.0690
vn 0.2593 0.9303 0.2593
vn 0.0645 0.9978 0.0116
vn 0.3062 0.9316 -0.1957
vn -0.8388 0.0103 -0.5443
vn -0.9334 0.0103 -0.3587
vn -0.9877 0.0075 -0.1564
vn -0.8539 0.4028 -0.3297
vn -0.7686 0.4028 -0.4970
vn 0.0526 0.9976 -0.0450
vn -0.0285 0.9978 -0.0590
vn -0.3383 0.9316 -0.1328
vn -0.0229 0.9997 -0.0090
vn 0.0388 0.9991 0.0152
vn -0.3062 0.9316 -0.1957
vn -0.0207 0.9997 -0.0132
vn 0.0351 0.9991 0.0225
vn 0.3384 0.9316 0.1323
vn 0.3060 0.9316 0.1960
vn -0.0055 0.9976 0.0690
vn -0.0645 0.9979 0.0116
vn -0.6484 0.3991 -0.6484
vn -0.7071 0.0074 0.7071
vn -0.6484 0.3991 0.6484
vn 0.7684 0.4028 0.4972
vn 0.6483 0.3991 0.6484
vn 0.8540 0.4028 0.3294
vn -0.9331 0.0283 0.3586
vn -0.9317 -0.0606 0.3580
vn -0.9029 -0.2538 0.3470
vn -0.7510 -0.4456 0.4873
vn -0.8357 -0.4456 0.3211
vn -0.6336 -0.4441 0.6335
vn -0.4873 -0.4456 0.7510
vn 0.8037 -0.5813 -0.1273
vn 0.8122 -0.5834 -0.0000
vn 0.8950 -0.4461 -0.0000
vn 0.8849 -0.4441 0.1402
vn 0.8037 -0.5813 0.1273
vn 0.7544 -0.6564 -0.0000
vn 0.7460 -0.6554 -0.1181
vn 0.8356 -0.4456 0.3211
vn 0.8901 -0.3014 -0.3420
vn 0.8900 -0.3014 -0.3421
vn 0.8889 0.3051 -0.3416
vn 0.9877 0.0005 -0.1564
vn 0.9334 0.0001 -0.3587
vn 0.9284 -0.1041 -0.3568
vn 0.9824 -0.1034 -0.1556
vn 0.9167 -0.1884 -0.3523
vn 0.8238 -0.1883 -0.5346
vn 0.9702 -0.1873 -0.1537
vn 1.0000 0.0001 -0.0000
vn 0.9945 -0.1043 -0.0000
vn 0.9820 -0.1888 -0.0000
vn 0.8961 -0.2801 -0.3444
vn 0.8675 -0.3692 -0.3334
vn 0.8053 -0.2801 -0.5225
vn 0.7796 -0.3692 -0.5059
vn 0.6327 -0.6567 -0.4105
vn 0.5291 -0.6634 -0.5291
vn 0.6577 -0.3671 -0.6577
vn 0.4105 -0.6567 -0.6327
vn 0.6791 -0.2788 -0.6791
vn 0.6946 -0.1873 -0.6946
vn 0.9824 -0.1034 0.1556
vn 0.9702 -0.1874 0.1537
vn 0.9877 0.0005 0.1564
vn -0.7071 0.0006 -0.7071
vn -0.5443 0.0002 -0.8389
vn -0.7033 -0.1034 -0.7033
vn -0.5414 -0.1041 -0.8343
vn -0.3090 0.0001 -0.9511
vn -0.3073 -0.1042 -0.9459
vn -0.9570 0.2472 -0.1516
vn -0.9874 0.0235 -0.1564
vn -0.9849 0.0754 -0.1560
vn -0.9739 0.1665 -0.1543
vn -0.9616 0.2745 -0.0000
vn -0.9513 0.2688 0.1507
vn -0.9513 0.2689 -0.1507
vn -0.9278 0.3731 -0.0000
vn -0.9179 0.3691 0.1454
vn -0.9179 0.3691 -0.1454
vn -0.6809 0.7244 -0.1078
vn -0.7132 0.6918 -0.1130
vn -0.7211 0.6928 -0.0000
vn -0.6849 0.7286 -0.0000
vn -0.7132 0.6918 0.1130
vn -0.6809 0.7244 0.1078
vn -0.8662 0.3726 -0.3329
vn -0.8977 0.2742 -0.3450
vn -0.6735 0.6924 -0.2588
vn -0.6398 0.7282 -0.2459
vn -0.9060 0.3983 -0.1435
vn -0.9186 0.3951 -0.0000
vn -0.6735 0.6924 0.2588
vn -0.6398 0.7282 0.2459
vn -0.6053 0.6923 0.3928
vn -0.5750 0.7282 0.3731
vn -0.7708 0.3946 0.5001
vn -0.5106 0.6918 0.5106
vn -0.4875 0.7244 0.4875
vn -0.6486 0.3983 0.6486
vn -0.6811 0.2689 0.6811
vn -0.6572 0.3691 0.6572
vn -0.5051 0.3726 0.7785
vn -0.5235 0.2742 0.8067
vn -0.7785 0.3726 0.5051
vn -0.8067 0.2742 0.5235
vn -0.8269 0.1683 0.5366
vn -0.8977 0.2742 0.3450
vn -0.8662 0.3726 0.3329
vn -0.7034 0.1024 0.7034
vn -0.6486 0.3982 -0.6486
vn -0.5106 0.6918 -0.5106
vn -0.6053 0.6924 -0.3928
vn -0.3928 0.6924 -0.6053
vn -0.2228 0.6928 -0.6858
vn -0.4875 0.7244 -0.4875
vn -0.2116 0.7286 -0.6514
vn -0.0000 0.6928 -0.7211
vn -0.0000 0.3952 -0.9186
vn -0.0000 0.7286 -0.6849
vn -0.0000 0.3731 -0.9278
vn -0.2867 0.3731 -0.8824
vn -0.5051 0.3726 -0.7785
vn 0.2839 0.3951 -0.8737
vn 0.5001 0.3946 -0.7708
vn 0.9825 0.1023 -0.1556
vn 0.9824 -0.1030 -0.1556
vn -0.6572 0.3691 -0.6572
vn -0.7785 0.3726 -0.5051
vn -0.8067 0.2742 -0.5235
vn -0.5750 0.7282 -0.3731
vn 0.1907 -0.7867 0.5871
vn -0.5419 0.0942 0.8351
vn -0.5419 -0.0947 0.8351
vn -0.7041 -0.0924 0.7041
vn -0.7041 0.0920 0.7041
vn -0.8351 0.0942 0.5419
vn -0.8351 -0.0947 0.5419
vn -0.7431 -0.4639 0.4822
vn -0.6310 -0.4514 0.6310
vn -0.4822 -0.4639 0.7431
vn -0.4930 -0.8091 0.3199
vn -0.4281 -0.7959 0.4281
vn -0.3199 -0.8091 0.4930
vn -0.1698 -0.9707 0.1699
vn -0.1273 -0.9723 0.1962
vn -0.0553 -0.9838 0.1703
vn -0.0976 -0.9838 0.1504
vn -0.1310 -0.9827 0.1310
vn -0.1758 -0.9686 0.1758
vn -0.1403 -0.9662 0.2161
vn -0.1962 -0.9723 0.1273
vn -0.1504 -0.9838 0.0976
vn -0.2161 -0.9662 0.1403
vn -0.4098 -0.8725 0.2659
vn -0.3415 -0.8757 0.3415
vn -0.5449 -0.7603 0.3536
vn -0.4560 -0.8725 0.1753
vn -0.2405 -0.9662 0.0924
vn -0.4768 -0.8757 0.0755
vn -0.2456 -0.9686 0.0389
vn -0.4880 -0.8728 -0.0000
vn -0.2573 -0.9663 -0.0000
vn -0.1790 -0.9838 -0.0000
vn -0.1830 -0.9827 0.0290
vn -0.1673 -0.9838 0.0643
vn -0.2336 -0.9723 -0.0000
vn -0.2373 -0.9707 0.0376
vn -0.2183 -0.9723 0.0839
vn -0.5485 -0.8091 0.2108
vn -0.5979 -0.7960 0.0947
vn -0.8816 -0.4508 0.1396
vn -0.8269 -0.4640 0.3178
vn -0.5872 -0.8095 -0.0000
vn -0.8856 -0.4644 -0.0000
vn -0.9955 -0.0948 -0.0000
vn -0.9835 -0.0924 0.1558
vn -0.9292 -0.0947 0.3571
vn -0.9835 -0.0924 -0.1558
vn -0.8815 -0.4511 -0.1396
vn -0.9292 -0.0948 -0.3571
vn -0.8269 -0.4640 -0.3178
vn -0.5485 -0.8091 -0.2108
vn -0.5981 -0.7958 -0.0947
vn -0.2183 -0.9723 -0.0839
vn -0.2373 -0.9707 -0.0376
vn -0.1830 -0.9827 -0.0290
vn -0.1673 -0.9838 -0.0643
vn -0.2455 -0.9686 -0.0389
vn -0.2405 -0.9662 -0.0924
vn -0.4770 -0.8757 -0.0755
vn -0.4560 -0.8725 -0.1753
vn -0.6894 -0.7161 0.1092
vn -0.9080 -0.3934 0.1438
vn -0.8538 -0.4042 0.3281
vn -0.2600 0.9299 -0.2600
vn -0.4880 0.7237 -0.4880
vn -0.5840 0.7178 -0.3790
vn -0.3790 0.7178 -0.5840
vn -0.5001 0.3949 -0.7707
vn -0.7707 0.3950 -0.5001
vn -0.7071 0.0132 -0.7070
vn -0.8388 0.0131 -0.5443
vn -0.5443 0.0131 -0.8388
vn -0.3090 -0.0000 -0.9511
vn -0.3090 0.0131 -0.9510
vn -0.0000 0.0131 -0.9999
vn -0.2838 0.3959 -0.8733
vn -0.0000 0.3959 -0.9183
vn 0.2838 0.3959 -0.8733
vn 0.3090 0.0131 -0.9510
vn 0.3090 -0.0000 -0.9511
vn 0.2150 0.7184 -0.6616
vn -0.0000 0.7184 -0.6957
vn -0.2150 0.7184 -0.6616
vn 0.3790 0.7178 -0.5840
vn 0.5001 0.3950 -0.7707
vn 0.4880 0.7237 -0.4880
vn 0.2600 0.9300 -0.2600
vn 0.5840 0.7178 -0.3790
vn 0.7707 0.3949 -0.5001
vn 0.3192 0.9248 -0.2071
vn 0.0317 0.9993 -0.0206
vn 0.3552 0.9248 -0.1365
vn 0.3631 0.9300 -0.0575
vn 0.6816 0.7238 -0.1079
vn 0.6499 0.7178 -0.2497
vn 0.8575 0.3950 -0.3296
vn 0.9185 0.3955 -0.0000
vn 0.9876 0.0132 0.1564
vn 0.9999 0.0132 -0.0000
vn 0.9876 0.0132 -0.1564
vn 0.8575 0.3950 0.3296
vn 0.9334 0.0131 0.3587
vn 0.9335 -0.0000 0.3587
vn 0.9334 0.0131 -0.3587
vn 0.9335 -0.0000 -0.3587
vn 0.8388 0.0131 -0.5443
vn 0.7071 0.0132 -0.7070
vn 0.5443 0.0131 -0.8388
vn -0.9335 -0.0000 -0.3587
vn -0.3090 -0.0000 0.9511
vn -0.6499 0.7178 0.2497
vn -0.6817 0.7236 0.1080
vn -0.3632 0.9299 0.0575
vn -0.3552 0.9248 0.1365
vt 0.227944 0.971927
vt 0.270754 0.948517
vt 0.280382 0.961031
vt 0.233368 0.986766
vt 0.304460 0.913146
vt 0.316967 0.922492
vt 0.175578 0.824692
vt 0.315774 0.891535
vt 0.325417 0.869126
vt 0.328362 0.796308
vt 0.331912 0.820527
vt 0.323070 0.772362
vt 0.312144 0.750398
vt 0.299605 0.729358
vt 0.242277 0.684146
vt 0.263991 0.695482
vt 0.219796 0.674524
vt 0.123213 0.677458
vt 0.171205 0.668343
vt 0.035383 0.757850
vt 0.046697 0.736238
vt 0.025740 0.780259
vt 0.022795 0.853077
vt 0.019244 0.828858
vt 0.028087 0.877023
vt 0.039013 0.898987
vt 0.051551 0.920026
vt 0.108880 0.965238
vt 0.087166 0.953903
vt 0.131361 0.974861
vt 0.080403 0.700868
vt 0.179951 0.981042
vt 0.025164 0.906601
vt 0.039179 0.930274
vt 0.077934 0.966514
vt 0.420991 0.025307
vt 0.456653 0.025307
vt 0.456653 0.065410
vt 0.420991 0.065410
vt 0.403160 0.065410
vt 0.403160 0.025307
vt 0.013088 0.882276
vt 0.385328 0.025307
vt 0.385328 0.065410
vt 0.403159 0.068118
vt 0.420991 0.068118
vt 0.385328 0.068118
vt 0.367497 0.065410
vt 0.367497 0.025307
vt 0.367497 0.068118
vt 0.349666 0.068118
vt 0.349666 0.065410
vt 0.349666 0.025307
vt 0.367497 0.070413
vt 0.385328 0.070413
vt 0.349666 0.070413
vt 0.367497 0.071947
vt 0.385328 0.071947
vt 0.349666 0.071947
vt 0.367497 0.072486
vt 0.385328 0.072486
vt 0.349666 0.072486
vt 0.314003 0.072486
vt 0.314003 0.071947
vt 0.349666 0.072874
vt 0.367497 0.072874
vt 0.314003 0.072874
vt 0.314003 0.073935
vt 0.349666 0.073935
vt 0.367497 0.073935
vt 0.385328 0.072874
vt 0.385328 0.073935
vt 0.403159 0.072874
vt 0.403160 0.073935
vt 0.403159 0.072486
vt 0.420991 0.072486
vt 0.420991 0.072874
vt 0.456653 0.072486
vt 0.456653 0.072874
vt 0.420991 0.073935
vt 0.456653 0.073935
vt 0.474485 0.072874
vt 0.474484 0.073935
vt 0.474485 0.072486
vt 0.492316 0.072486
vt 0.492316 0.072874
vt 0.492316 0.073935
vt 0.527978 0.072874
vt 0.527978 0.073935
vt 0.527978 0.072486
vt 0.474484 0.072486
vt 0.474485 0.071947
vt 0.492316 0.071947
vt 0.527978 0.071947
vt 0.456653 0.071947
vt 0.474484 0.070413
vt 0.492316 0.070413
vt 0.456653 0.070413
vt 0.474484 0.068118
vt 0.492316 0.068118
vt 0.456653 0.068118
vt 0.474485 0.065410
vt 0.492316 0.065410
vt 0.527978 0.065410
vt 0.527978 0.068118
vt 0.527978 0.070413
vt 0.563641 0.065410
vt 0.563641 0.068118
vt 0.563641 0.070413
vt 0.599303 0.065410
vt 0.599303 0.068118
vt 0.599303 0.070413
vt 0.634966 0.065410
vt 0.634966 0.068118
vt 0.634966 0.070413
vt 0.652797 0.065410
vt 0.652797 0.068118
vt 0.652797 0.070413
vt 0.670629 0.068118
vt 0.670629 0.070413
vt 0.670629 0.065410
vt 0.634966 0.071947
vt 0.652797 0.071947
vt 0.670629 0.071947
vt 0.652797 0.072486
vt 0.670629 0.072486
vt 0.634966 0.072486
vt 0.706291 0.070413
vt 0.706291 0.071947
vt 0.706291 0.072486
vt 0.724122 0.070413
vt 0.724122 0.071947
vt 0.724122 0.072486
vt 0.741953 0.070413
vt 0.741953 0.071947
vt 0.741953 0.072486
vt 0.706291 0.072874
vt 0.724122 0.072874
vt 0.741953 0.072874
vt 0.028703 0.072486
vt 0.046534 0.072486
vt 0.028703 0.072874
vt 0.046534 0.072874
vt 0.064365 0.072486
vt 0.064366 0.072486
vt 0.064365 0.072874
vt 0.046534 0.073935
vt 0.064366 0.073935
vt 0.028703 0.073935
vt 0.100028 0.072874
vt 0.100028 0.073935
vt 0.100028 0.072486
vt 0.117859 0.072874
vt 0.117859 0.073935
vt 0.117859 0.072486
vt 0.135691 0.072486
vt 0.135690 0.072874
vt 0.135691 0.073935
vt 0.171353 0.072874
vt 0.171353 0.073935
vt 0.171353 0.072486
vt 0.207016 0.072486
vt 0.207016 0.072874
vt 0.135691 0.071947
vt 0.171353 0.071947
vt 0.207016 0.071947
vt 0.242678 0.071947
vt 0.242678 0.072486
vt 0.278341 0.071947
vt 0.278341 0.072486
vt 0.242678 0.072874
vt 0.278341 0.072874
vt 0.296172 0.072486
vt 0.296172 0.072874
vt 0.242678 0.073935
vt 0.278341 0.073935
vt 0.296172 0.073935
vt 0.296172 0.075383
vt 0.314003 0.075383
vt 0.278341 0.075383
vt 0.296172 0.076476
vt 0.314003 0.076476
vt 0.278341 0.076476
vt 0.242678 0.075383
vt 0.242678 0.076476
vt 0.242678 0.077886
vt 0.278341 0.077886
vt 0.296172 0.077886
vt 0.242678 0.079088
vt 0.278341 0.079088
vt 0.296172 0.079088
vt 0.314003 0.077886
vt 0.314003 0.079088
vt 0.296172 0.079904
vt 0.314003 0.079904
vt 0.278341 0.079904
vt 0.296172 0.084068
vt 0.278341 0.084068
vt 0.314003 0.084068
vt 0.349666 0.079904
vt 0.349666 0.084068
vt 0.349666 0.079088
vt 0.367497 0.079904
vt 0.367497 0.084068
vt 0.367497 0.079088
vt 0.349666 0.077886
vt 0.367497 0.077886
vt 0.385328 0.079088
vt 0.385328 0.079904
vt 0.385328 0.077886
vt 0.367497 0.076476
vt 0.385328 0.076476
vt 0.349666 0.076476
vt 0.367497 0.075383
vt 0.385328 0.075383
vt 0.349666 0.075383
vt 0.403160 0.075383
vt 0.403160 0.076476
vt 0.420991 0.075383
vt 0.420991 0.076476
vt 0.456653 0.075383
vt 0.456653 0.076476
vt 0.474484 0.075383
vt 0.474484 0.076476
vt 0.492316 0.075383
vt 0.492316 0.076476
vt 0.527978 0.075383
vt 0.527978 0.076476
vt 0.563641 0.075383
vt 0.563641 0.076476
vt 0.563641 0.073935
vt 0.563641 0.072874
vt 0.599304 0.073935
vt 0.599304 0.075383
vt 0.599304 0.072874
vt 0.563641 0.072486
vt 0.599303 0.072486
vt 0.634966 0.072874
vt 0.599303 0.071947
vt 0.563641 0.071947
vt 0.652797 0.072874
vt 0.634966 0.073935
vt 0.652797 0.073935
vt 0.670629 0.072874
vt 0.670629 0.073935
vt 0.706291 0.073935
vt 0.724122 0.073935
vt 0.670628 0.075383
vt 0.706291 0.075383
vt 0.724122 0.075383
vt 0.741953 0.073935
vt 0.741953 0.075383
vt 0.724122 0.076476
vt 0.741953 0.076476
vt 0.706291 0.076476
vt 0.724122 0.077886
vt 0.741953 0.077886
vt 0.706291 0.077886
vt 0.724122 0.079088
vt 0.741953 0.079088
vt 0.706291 0.079088
vt 0.670628 0.077886
vt 0.670628 0.076476
vt 0.670629 0.079088
vt 0.670629 0.079904
vt 0.706291 0.079904
vt 0.724122 0.079904
vt 0.724122 0.084068
vt 0.706291 0.084068
vt 0.670628 0.084068
vt 0.652797 0.084068
vt 0.652797 0.079904
vt 0.652797 0.079088
vt 0.634966 0.079904
vt 0.634966 0.079088
vt 0.634966 0.084068
vt 0.652797 0.084657
vt 0.670629 0.084657
vt 0.634966 0.084657
vt 0.599304 0.084657
vt 0.599303 0.084068
vt 0.599303 0.079904
vt 0.563641 0.079904
vt 0.563641 0.084068
vt 0.563641 0.084657
vt 0.599303 0.079088
vt 0.563641 0.079088
vt 0.527978 0.079904
vt 0.527978 0.084068
vt 0.527978 0.079088
vt 0.599304 0.077886
vt 0.563641 0.077886
vt 0.527978 0.077886
vt 0.599304 0.076476
vt 0.634966 0.075383
vt 0.634966 0.076476
vt 0.634966 0.077886
vt 0.652797 0.075383
vt 0.652797 0.076476
vt 0.652797 0.077886
vt 0.492316 0.077886
vt 0.492316 0.079088
vt 0.474485 0.077886
vt 0.474484 0.079088
vt 0.456653 0.077886
vt 0.456653 0.079088
vt 0.456653 0.079904
vt 0.474484 0.079904
vt 0.492316 0.079904
vt 0.474484 0.084068
vt 0.492316 0.084068
vt 0.456653 0.084068
vt 0.420991 0.079904
vt 0.420991 0.079088
vt 0.420991 0.084068
vt 0.456653 0.084657
vt 0.474484 0.084657
vt 0.420991 0.084657
vt 0.403160 0.084657
vt 0.403160 0.084068
vt 0.403160 0.079904
vt 0.385328 0.084068
vt 0.385328 0.084657
vt 0.367497 0.084657
vt 0.349666 0.084657
vt 0.367497 0.086384
vt 0.385328 0.086384
vt 0.349666 0.086384
vt 0.367497 0.089131
vt 0.385328 0.089131
vt 0.349666 0.089131
vt 0.367497 0.092711
vt 0.385328 0.092711
vt 0.349666 0.092711
vt 0.367497 0.096880
vt 0.385328 0.096880
vt 0.349666 0.096880
vt 0.367497 0.101353
vt 0.385328 0.101353
vt 0.349666 0.101353
vt 0.367497 0.108271
vt 0.385328 0.108271
vt 0.349666 0.108271
vt 0.349666 0.113564
vt 0.367497 0.113564
vt 0.385328 0.113564
vt 0.403160 0.108271
vt 0.403160 0.113564
vt 0.403160 0.101353
vt 0.367497 0.118414
vt 0.385328 0.118414
vt 0.403160 0.118414
vt 0.420991 0.108271
vt 0.420991 0.113564
vt 0.420991 0.118414
vt 0.403160 0.122434
vt 0.420991 0.122434
vt 0.385328 0.122434
vt 0.456653 0.118414
vt 0.456653 0.122434
vt 0.456653 0.113564
vt 0.474484 0.118414
vt 0.474484 0.122434
vt 0.474484 0.113564
vt 0.492316 0.113564
vt 0.492316 0.118414
vt 0.492316 0.122434
vt 0.527978 0.118414
vt 0.527978 0.122434
vt 0.527978 0.113564
vt 0.474485 0.108271
vt 0.492316 0.108271
vt 0.527978 0.108271
vt 0.563641 0.113564
vt 0.563641 0.118414
vt 0.563641 0.108271
vt 0.492316 0.101353
vt 0.527978 0.101353
vt 0.563641 0.101353
vt 0.599303 0.101353
vt 0.599303 0.108271
vt 0.599303 0.113564
vt 0.634966 0.101353
vt 0.634966 0.108271
vt 0.634966 0.113564
vt 0.599303 0.118414
vt 0.634966 0.118414
vt 0.652797 0.108271
vt 0.652797 0.113564
vt 0.652797 0.118414
vt 0.670629 0.108271
vt 0.670629 0.113564
vt 0.670629 0.118414
vt 0.652797 0.122434
vt 0.670629 0.122434
vt 0.634966 0.122434
vt 0.634966 0.127829
vt 0.652797 0.127829
vt 0.670628 0.127829
vt 0.706291 0.122434
vt 0.706291 0.127829
vt 0.706291 0.118414
vt 0.724122 0.118414
vt 0.724122 0.122434
vt 0.724122 0.127829
vt 0.670628 0.133824
vt 0.706291 0.133824
vt 0.724122 0.133824
vt 0.741953 0.127829
vt 0.741953 0.133824
vt 0.741953 0.122434
vt 0.724122 0.143705
vt 0.741953 0.143705
vt 0.706291 0.143705
vt 0.724122 0.153347
vt 0.741953 0.153347
vt 0.706291 0.153347
vt 0.670629 0.143705
vt 0.670629 0.153347
vt 0.706291 0.157695
vt 0.724122 0.157695
vt 0.670629 0.157695
vt 0.652797 0.153347
vt 0.652797 0.143705
vt 0.652797 0.157695
vt 0.634966 0.157695
vt 0.634966 0.153347
vt 0.634966 0.143705
vt 0.652797 0.133824
vt 0.634966 0.133824
vt 0.599303 0.133824
vt 0.599303 0.127829
vt 0.599304 0.143705
vt 0.599303 0.122434
vt 0.563641 0.133824
vt 0.563641 0.127829
vt 0.563641 0.122434
vt 0.527978 0.127829
vt 0.492316 0.127829
vt 0.527978 0.133824
vt 0.492316 0.133824
vt 0.474485 0.133824
vt 0.474484 0.127829
vt 0.456653 0.127829
vt 0.456653 0.133824
vt 0.456653 0.143705
vt 0.474484 0.143705
vt 0.492316 0.143705
vt 0.474485 0.153347
vt 0.456653 0.153347
vt 0.492316 0.153347
vt 0.474484 0.157695
vt 0.492316 0.157695
vt 0.456653 0.157695
vt 0.474484 0.162456
vt 0.492316 0.162456
vt 0.456653 0.162456
vt 0.420991 0.157695
vt 0.420991 0.153347
vt 0.420991 0.162456
vt 0.420991 0.167097
vt 0.456653 0.167097
vt 0.474484 0.167097
vt 0.456653 0.171021
vt 0.474484 0.171021
vt 0.420991 0.171021
vt 0.403160 0.167097
vt 0.403160 0.162456
vt 0.403159 0.171021
vt 0.385328 0.167097
vt 0.385328 0.162456
vt 0.385328 0.171021
vt 0.367497 0.167097
vt 0.367497 0.162456
vt 0.367497 0.171021
vt 0.349666 0.167097
vt 0.349666 0.162456
vt 0.349666 0.171021
vt 0.367497 0.171729
vt 0.349666 0.171729
vt 0.385328 0.171729
vt 0.349666 0.174865
vt 0.367497 0.174865
vt 0.385328 0.174865
vt 0.403160 0.171729
vt 0.403160 0.174865
vt 0.420991 0.171729
vt 0.420991 0.174865
vt 0.385328 0.178564
vt 0.403160 0.178564
vt 0.420991 0.178564
vt 0.456653 0.174865
vt 0.456653 0.178564
vt 0.456653 0.171729
vt 0.474484 0.174865
vt 0.474484 0.178564
vt 0.474485 0.171729
vt 0.492316 0.171729
vt 0.492316 0.174865
vt 0.492316 0.178564
vt 0.527978 0.174865
vt 0.527978 0.178564
vt 0.527978 0.171729
vt 0.492316 0.171021
vt 0.527978 0.171021
vt 0.563641 0.171729
vt 0.563641 0.174865
vt 0.563641 0.171021
vt 0.527978 0.167097
vt 0.563641 0.167097
vt 0.492316 0.167097
vt 0.599304 0.171021
vt 0.599303 0.171729
vt 0.599304 0.167097
vt 0.527978 0.162456
vt 0.563641 0.162456
vt 0.599303 0.162456
vt 0.527978 0.157695
vt 0.563641 0.157695
vt 0.599303 0.157695
vt 0.527978 0.153347
vt 0.563641 0.153347
vt 0.599304 0.153347
vt 0.563641 0.143705
vt 0.527978 0.143705
vt 0.634966 0.162456
vt 0.652797 0.162456
vt 0.634966 0.167097
vt 0.652797 0.167097
vt 0.670628 0.162456
vt 0.670629 0.167097
vt 0.634966 0.171021
vt 0.652797 0.171021
vt 0.670628 0.171021
vt 0.652797 0.171729
vt 0.634966 0.171729
vt 0.670629 0.171729
vt 0.652797 0.174865
vt 0.670629 0.174865
vt 0.634966 0.174865
vt 0.652797 0.178564
vt 0.670629 0.178564
vt 0.634966 0.178564
vt 0.652797 0.182351
vt 0.634966 0.182351
vt 0.670629 0.182351
vt 0.706291 0.178564
vt 0.706291 0.182351
vt 0.706291 0.174865
vt 0.724122 0.178564
vt 0.724122 0.182351
vt 0.724122 0.174865
vt 0.706291 0.171729
vt 0.724122 0.171729
vt 0.741953 0.171729
vt 0.741953 0.174865
vt 0.741953 0.178564
vt 0.028703 0.178564
vt 0.028703 0.174865
vt 0.046534 0.174865
vt 0.046534 0.178564
vt 0.028703 0.171729
vt 0.046534 0.171729
vt 0.724122 0.171021
vt 0.741953 0.171021
vt 0.028703 0.171021
vt 0.046534 0.171021
vt 0.064366 0.171729
vt 0.064366 0.174865
vt 0.064366 0.171021
vt 0.046534 0.167097
vt 0.064366 0.167097
vt 0.028703 0.167097
vt 0.100028 0.167097
vt 0.100028 0.171021
vt 0.100028 0.171729
vt 0.117859 0.167097
vt 0.117859 0.171021
vt 0.117859 0.171729
vt 0.100028 0.174865
vt 0.117859 0.174865
vt 0.135691 0.171729
vt 0.135691 0.174865
vt 0.135691 0.171021
vt 0.100028 0.178564
vt 0.117859 0.178564
vt 0.135691 0.178564
vt 0.171353 0.174865
vt 0.171353 0.178564
vt 0.171353 0.171729
vt 0.207016 0.174865
vt 0.207016 0.178564
vt 0.207016 0.171729
vt 0.242678 0.174865
vt 0.242678 0.178564
vt 0.242678 0.171729
vt 0.278341 0.171729
vt 0.278341 0.174865
vt 0.278341 0.178564
vt 0.242678 0.182351
vt 0.207016 0.182351
vt 0.278341 0.182351
vt 0.296172 0.178564
vt 0.296172 0.182351
vt 0.296172 0.174865
vt 0.314003 0.174865
vt 0.314003 0.178564
vt 0.314003 0.182351
vt 0.296172 0.186050
vt 0.314003 0.186050
vt 0.278341 0.186050
vt 0.296172 0.189186
vt 0.314003 0.189186
vt 0.278341 0.189186
vt 0.242678 0.186050
vt 0.242678 0.189186
vt 0.296172 0.193432
vt 0.278341 0.193432
vt 0.242678 0.193432
vt 0.242678 0.195993
vt 0.278341 0.195993
vt 0.296172 0.195993
vt 0.314003 0.193432
vt 0.314003 0.195993
vt 0.296172 0.197601
vt 0.314003 0.197601
vt 0.278341 0.197601
vt 0.296172 0.198149
vt 0.314003 0.198149
vt 0.278341 0.198149
vt 0.242678 0.197601
vt 0.242678 0.198149
vt 0.296172 0.200243
vt 0.278341 0.200243
vt 0.242678 0.200243
vt 0.207016 0.198149
vt 0.207016 0.200243
vt 0.207016 0.197601
vt 0.207016 0.200813
vt 0.242678 0.200813
vt 0.278341 0.200813
vt 0.242678 0.201828
vt 0.278341 0.201828
vt 0.207016 0.201828
vt 0.171353 0.201828
vt 0.171353 0.200813
vt 0.171353 0.200243
vt 0.171353 0.203088
vt 0.207016 0.203088
vt 0.242678 0.203088
vt 0.207016 0.205080
vt 0.171353 0.205080
vt 0.242678 0.205080
vt 0.278341 0.203088
vt 0.278341 0.205080
vt 0.296172 0.203088
vt 0.296172 0.205080
vt 0.296172 0.201828
vt 0.296172 0.200813
vt 0.314003 0.201828
vt 0.314003 0.203088
vt 0.314003 0.200813
vt 0.314003 0.200243
vt 0.349666 0.200243
vt 0.349666 0.200813
vt 0.349666 0.198149
vt 0.367497 0.198149
vt 0.367497 0.200243
vt 0.367497 0.200813
vt 0.349666 0.201828
vt 0.367497 0.201828
vt 0.385328 0.200813
vt 0.385328 0.201828
vt 0.385328 0.200243
vt 0.367497 0.203088
vt 0.385328 0.203088
vt 0.349666 0.203088
vt 0.403159 0.201828
vt 0.403160 0.203088
vt 0.403160 0.200813
vt 0.420991 0.201828
vt 0.420991 0.203088
vt 0.420991 0.200813
vt 0.403160 0.200243
vt 0.420991 0.200243
vt 0.456653 0.200813
vt 0.456653 0.201828
vt 0.456653 0.200243
vt 0.403160 0.198149
vt 0.420991 0.198149
vt 0.456653 0.198149
vt 0.474484 0.200243
vt 0.474484 0.200813
vt 0.474484 0.198149
vt 0.492316 0.200243
vt 0.492316 0.200813
vt 0.492316 0.198149
vt 0.474484 0.201828
vt 0.492316 0.201828
vt 0.527978 0.200813
vt 0.527978 0.201828
vt 0.527978 0.200243
vt 0.563641 0.200813
vt 0.563641 0.201828
vt 0.563641 0.200243
vt 0.599303 0.200813
vt 0.599304 0.201828
vt 0.599304 0.200243
vt 0.634966 0.200813
vt 0.634966 0.201828
vt 0.634966 0.200243
vt 0.563641 0.198149
vt 0.599303 0.198149
vt 0.634966 0.198149
vt 0.652797 0.200243
vt 0.652797 0.200813
vt 0.652797 0.198149
vt 0.670629 0.200243
vt 0.670628 0.200813
vt 0.670629 0.198149
vt 0.652797 0.201828
vt 0.670628 0.201828
vt 0.706291 0.200813
vt 0.706291 0.201828
vt 0.706291 0.200243
vt 0.724122 0.200813
vt 0.724122 0.201828
vt 0.724122 0.200243
vt 0.741953 0.200243
vt 0.741953 0.200813
vt 0.741953 0.201828
vt 0.028703 0.201828
vt 0.028703 0.200813
vt 0.046534 0.200813
vt 0.046534 0.201828
vt 0.028703 0.200243
vt 0.046534 0.200243
vt 0.724122 0.198149
vt 0.741953 0.198149
vt 0.028703 0.198149
vt 0.046534 0.198149
vt 0.064366 0.200243
vt 0.064366 0.200813
vt 0.064366 0.198149
vt 0.046534 0.197601
vt 0.064365 0.197601
vt 0.028703 0.197601
vt 0.028703 0.195993
vt 0.046534 0.195993
vt 0.064366 0.195993
vt 0.100028 0.195993
vt 0.100028 0.197601
vt 0.100028 0.198149
vt 0.117859 0.195993
vt 0.117859 0.197601
vt 0.117859 0.198149
vt 0.135691 0.195993
vt 0.135691 0.197601
vt 0.135690 0.198149
vt 0.171353 0.195993
vt 0.171353 0.197601
vt 0.171353 0.198149
vt 0.207016 0.195993
vt 0.171353 0.193432
vt 0.207016 0.193432
vt 0.171353 0.189186
vt 0.207016 0.189186
vt 0.207016 0.186050
vt 0.171353 0.186050
vt 0.135691 0.189186
vt 0.135691 0.193432
vt 0.135691 0.186050
vt 0.135691 0.182351
vt 0.171353 0.182351
vt 0.117859 0.186050
vt 0.117859 0.182351
vt 0.100028 0.182351
vt 0.100028 0.186050
vt 0.100028 0.189186
vt 0.117859 0.189186
vt 0.117859 0.193432
vt 0.100028 0.193432
vt 0.064366 0.193432
vt 0.064366 0.189186
vt 0.046534 0.193432
vt 0.046534 0.189186
vt 0.028703 0.189186
vt 0.028703 0.193432
vt 0.046534 0.186050
vt 0.064366 0.186050
vt 0.028703 0.186050
vt 0.724122 0.193432
vt 0.724122 0.189186
vt 0.741953 0.189186
vt 0.741953 0.193432
vt 0.724122 0.186050
vt 0.741953 0.186050
vt 0.706291 0.189186
vt 0.706291 0.186050
vt 0.706291 0.193432
vt 0.724122 0.195993
vt 0.741953 0.195993
vt 0.706291 0.195993
vt 0.670629 0.189186
vt 0.670629 0.193432
vt 0.670629 0.195993
vt 0.670629 0.197601
vt 0.706291 0.197601
vt 0.724122 0.197601
vt 0.706291 0.198149
vt 0.741953 0.197601
vt 0.652797 0.197601
vt 0.652797 0.195993
vt 0.634966 0.197601
vt 0.634966 0.195993
vt 0.634966 0.193432
vt 0.652797 0.193432
vt 0.634966 0.189186
vt 0.652797 0.189186
vt 0.652797 0.186050
vt 0.670629 0.186050
vt 0.634966 0.186050
vt 0.599303 0.189186
vt 0.599303 0.193432
vt 0.599304 0.186050
vt 0.563641 0.189186
vt 0.563641 0.186050
vt 0.563641 0.193432
vt 0.599303 0.195993
vt 0.563641 0.195993
vt 0.527978 0.189186
vt 0.527978 0.193432
vt 0.527978 0.195993
vt 0.527978 0.197601
vt 0.563641 0.197601
vt 0.599304 0.197601
vt 0.527978 0.198149
vt 0.492316 0.197601
vt 0.474484 0.197601
vt 0.474484 0.195993
vt 0.492316 0.195993
vt 0.456653 0.197601
vt 0.456653 0.195993
vt 0.456653 0.193432
vt 0.474484 0.193432
vt 0.492316 0.193432
vt 0.456653 0.189186
vt 0.474485 0.189186
vt 0.492316 0.189186
vt 0.474484 0.186050
vt 0.492316 0.186050
vt 0.527978 0.186050
vt 0.492316 0.182351
vt 0.527978 0.182351
vt 0.563641 0.182351
vt 0.599304 0.182351
vt 0.563641 0.178564
vt 0.599304 0.178564
vt 0.599304 0.174865
vt 0.474484 0.182351
vt 0.456653 0.186050
vt 0.456653 0.182351
vt 0.420991 0.186050
vt 0.420991 0.182351
vt 0.420991 0.189186
vt 0.420991 0.193432
vt 0.403160 0.189186
vt 0.403160 0.186050
vt 0.403159 0.193432
vt 0.403159 0.195993
vt 0.420991 0.195993
vt 0.385328 0.189186
vt 0.385328 0.193432
vt 0.385328 0.195993
vt 0.385328 0.197601
vt 0.403160 0.197601
vt 0.420991 0.197601
vt 0.385328 0.198149
vt 0.367497 0.197601
vt 0.349666 0.197601
vt 0.367497 0.195993
vt 0.349666 0.195993
vt 0.349666 0.193432
vt 0.367497 0.193432
vt 0.349666 0.189186
vt 0.367497 0.189186
vt 0.349666 0.186050
vt 0.367497 0.186050
vt 0.385328 0.186050
vt 0.385328 0.182351
vt 0.403160 0.182351
vt 0.367497 0.182351
vt 0.367497 0.178564
vt 0.349666 0.182351
vt 0.349666 0.178564
vt 0.314003 0.171729
vt 0.296172 0.171729
vt 0.296172 0.171021
vt 0.314003 0.171021
vt 0.278341 0.171021
vt 0.242678 0.171021
vt 0.278341 0.167097
vt 0.296172 0.167097
vt 0.242678 0.167097
vt 0.242678 0.162456
vt 0.278341 0.162456
vt 0.296172 0.162456
vt 0.314003 0.162456
vt 0.314003 0.167097
vt 0.296172 0.157695
vt 0.314003 0.157695
vt 0.349666 0.157695
vt 0.367497 0.157695
vt 0.314003 0.153347
vt 0.349666 0.153347
vt 0.367497 0.153347
vt 0.385328 0.157695
vt 0.385328 0.153347
vt 0.367497 0.143705
vt 0.385328 0.143705
vt 0.349666 0.143705
vt 0.367497 0.133824
vt 0.385328 0.133824
vt 0.349666 0.133824
vt 0.367497 0.127829
vt 0.385328 0.127829
vt 0.349666 0.127829
vt 0.314003 0.133824
vt 0.314003 0.127829
vt 0.314003 0.143705
vt 0.314003 0.122434
vt 0.349666 0.122434
vt 0.367497 0.122434
vt 0.349666 0.118414
vt 0.314003 0.118414
vt 0.296172 0.127829
vt 0.296172 0.122434
vt 0.296172 0.118414
vt 0.278341 0.122434
vt 0.278341 0.118414
vt 0.278341 0.127829
vt 0.296172 0.133824
vt 0.278341 0.133824
vt 0.242678 0.127829
vt 0.242678 0.122434
vt 0.242678 0.133824
vt 0.242678 0.143705
vt 0.278341 0.143705
vt 0.296172 0.143705
vt 0.278341 0.153347
vt 0.242678 0.153347
vt 0.296172 0.153347
vt 0.278341 0.157695
vt 0.242678 0.157695
vt 0.207016 0.143705
vt 0.207016 0.153347
vt 0.207016 0.157695
vt 0.207016 0.162456
vt 0.171353 0.157695
vt 0.171353 0.153347
vt 0.171353 0.162456
vt 0.135691 0.157695
vt 0.135691 0.153347
vt 0.135691 0.162456
vt 0.135691 0.167097
vt 0.171353 0.167097
vt 0.207016 0.167097
vt 0.171353 0.171021
vt 0.207016 0.171021
vt 0.117859 0.162456
vt 0.100028 0.162456
vt 0.117859 0.157695
vt 0.100028 0.157695
vt 0.064366 0.162456
vt 0.064365 0.157695
vt 0.100028 0.153347
vt 0.117859 0.153347
vt 0.064365 0.153347
vt 0.046534 0.157695
vt 0.046534 0.153347
vt 0.046534 0.162456
vt 0.028703 0.162456
vt 0.028703 0.157695
vt 0.028703 0.153347
vt 0.028703 0.143705
vt 0.046534 0.143705
vt 0.064365 0.143705
vt 0.028703 0.133824
vt 0.046534 0.133824
vt 0.064366 0.133824
vt 0.100028 0.143705
vt 0.100028 0.133824
vt 0.064366 0.127829
vt 0.100028 0.127829
vt 0.046534 0.127829
vt 0.064366 0.122434
vt 0.100028 0.122434
vt 0.046534 0.122434
vt 0.028703 0.127829
vt 0.028703 0.122434
vt 0.046534 0.118414
vt 0.064366 0.118414
vt 0.028703 0.118414
vt 0.741953 0.118414
vt 0.028703 0.113564
vt 0.046534 0.113564
vt 0.724122 0.113564
vt 0.741953 0.113564
vt 0.706291 0.113564
vt 0.724122 0.108271
vt 0.741953 0.108271
vt 0.706291 0.108271
vt 0.706291 0.101353
vt 0.724122 0.101353
vt 0.670629 0.101353
vt 0.652797 0.101353
vt 0.652797 0.096880
vt 0.670629 0.096880
vt 0.706291 0.096880
vt 0.634966 0.096880
vt 0.652797 0.092711
vt 0.670628 0.092711
vt 0.634966 0.092711
vt 0.634966 0.089131
vt 0.652797 0.089131
vt 0.670628 0.089131
vt 0.706291 0.089131
vt 0.706291 0.092711
vt 0.724122 0.089131
vt 0.724122 0.092711
vt 0.724122 0.096880
vt 0.741953 0.092711
vt 0.741953 0.096880
vt 0.741953 0.089131
vt 0.741953 0.101353
vt 0.028703 0.096880
vt 0.028703 0.092711
vt 0.046534 0.092711
vt 0.046534 0.096880
vt 0.028703 0.101353
vt 0.046534 0.101353
vt 0.064366 0.092711
vt 0.064366 0.096880
vt 0.064366 0.101353
vt 0.046534 0.108271
vt 0.064366 0.108271
vt 0.028703 0.108271
vt 0.064366 0.113564
vt 0.100028 0.108271
vt 0.100028 0.113564
vt 0.100028 0.101353
vt 0.100028 0.118414
vt 0.117859 0.108271
vt 0.117859 0.113564
vt 0.117859 0.118414
vt 0.135691 0.108271
vt 0.135691 0.113564
vt 0.135691 0.118414
vt 0.117859 0.122434
vt 0.135691 0.122434
vt 0.171353 0.118414
vt 0.171353 0.122434
vt 0.171353 0.113564
vt 0.207016 0.118414
vt 0.207016 0.122434
vt 0.207016 0.113564
vt 0.242678 0.118414
vt 0.242678 0.113564
vt 0.278341 0.113564
vt 0.207016 0.127829
vt 0.296172 0.113564
vt 0.278341 0.108271
vt 0.296172 0.108271
vt 0.242678 0.108271
vt 0.314003 0.108271
vt 0.314003 0.113564
vt 0.314003 0.101353
vt 0.296172 0.101353
vt 0.296172 0.096880
vt 0.314003 0.096880
vt 0.278341 0.101353
vt 0.278341 0.096880
vt 0.296172 0.092711
vt 0.314003 0.092711
vt 0.278341 0.092711
vt 0.242678 0.096880
vt 0.242678 0.092711
vt 0.242678 0.101353
vt 0.278341 0.089131
vt 0.296172 0.089131
vt 0.242678 0.089131
vt 0.207016 0.092711
vt 0.207016 0.089131
vt 0.207016 0.096880
vt 0.242678 0.086384
vt 0.278341 0.086384
vt 0.207016 0.086384
vt 0.171353 0.089131
vt 0.171353 0.086384
vt 0.171353 0.092711
vt 0.207016 0.084657
vt 0.242678 0.084657
vt 0.171353 0.084657
vt 0.135691 0.086384
vt 0.135691 0.084657
vt 0.135691 0.089131
vt 0.171353 0.084068
vt 0.207016 0.084068
vt 0.135691 0.084068
vt 0.117859 0.084657
vt 0.117859 0.084068
vt 0.117859 0.086384
vt 0.100028 0.084657
vt 0.100028 0.084068
vt 0.100028 0.086384
vt 0.117859 0.089131
vt 0.100028 0.089131
vt 0.117859 0.092711
vt 0.135691 0.092711
vt 0.100028 0.092711
vt 0.117859 0.096880
vt 0.135691 0.096880
vt 0.100028 0.096880
vt 0.117859 0.101353
vt 0.135691 0.101353
vt 0.171353 0.096880
vt 0.171353 0.101353
vt 0.171353 0.108271
vt 0.207016 0.101353
vt 0.207016 0.108271
vt 0.064366 0.089131
vt 0.046534 0.089131
vt 0.046534 0.086384
vt 0.064366 0.086384
vt 0.028703 0.089131
vt 0.028703 0.086384
vt 0.724122 0.086384
vt 0.741953 0.086384
vt 0.724122 0.084657
vt 0.741953 0.084657
vt 0.028703 0.084657
vt 0.046534 0.084657
vt 0.706291 0.086384
vt 0.706291 0.084657
vt 0.741953 0.084068
vt 0.741953 0.079904
vt 0.028703 0.084068
vt 0.046534 0.084068
vt 0.028703 0.079904
vt 0.046534 0.079904
vt 0.028703 0.079088
vt 0.046534 0.079088
vt 0.064366 0.079904
vt 0.064365 0.084068
vt 0.064366 0.079088
vt 0.028703 0.077886
vt 0.046534 0.077886
vt 0.064366 0.077886
vt 0.100028 0.077886
vt 0.100028 0.079088
vt 0.100028 0.079904
vt 0.117859 0.077886
vt 0.117859 0.079088
vt 0.117859 0.079904
vt 0.135691 0.077886
vt 0.135691 0.079088
vt 0.135691 0.079904
vt 0.171353 0.077886
vt 0.171353 0.079088
vt 0.171353 0.079904
vt 0.207016 0.077886
vt 0.207016 0.079088
vt 0.207016 0.079904
vt 0.242678 0.079904
vt 0.242678 0.084068
vt 0.278341 0.084657
vt 0.296172 0.084657
vt 0.296172 0.086384
vt 0.314003 0.084657
vt 0.314003 0.086384
vt 0.314003 0.089131
vt 0.171353 0.076476
vt 0.207016 0.076476
vt 0.171353 0.075383
vt 0.207016 0.075383
vt 0.207016 0.073935
vt 0.135691 0.075383
vt 0.135691 0.076476
vt 0.117859 0.076476
vt 0.117859 0.075383
vt 0.100028 0.075383
vt 0.100028 0.076476
vt 0.064366 0.075383
vt 0.064366 0.076476
vt 0.046534 0.076476
vt 0.046534 0.075383
vt 0.028703 0.076476
vt 0.028703 0.075383
vt 0.064366 0.084657
vt 0.670629 0.086384
vt 0.652797 0.086384
vt 0.634966 0.086384
vt 0.599303 0.086384
vt 0.599303 0.089131
vt 0.563641 0.086384
vt 0.563641 0.089131
vt 0.599303 0.092711
vt 0.563641 0.092711
vt 0.599303 0.096880
vt 0.563641 0.096880
vt 0.527978 0.096880
vt 0.527978 0.092711
vt 0.492316 0.096880
vt 0.492316 0.092711
vt 0.492316 0.089131
vt 0.527978 0.089131
vt 0.527978 0.086384
vt 0.492316 0.086384
vt 0.474484 0.089131
vt 0.474484 0.086384
vt 0.474484 0.092711
vt 0.456653 0.089131
vt 0.456653 0.086384
vt 0.456653 0.092711
vt 0.474484 0.096880
vt 0.456653 0.096880
vt 0.474485 0.101353
vt 0.456653 0.101353
vt 0.456653 0.108271
vt 0.420991 0.101353
vt 0.403160 0.096880
vt 0.420991 0.096880
vt 0.403159 0.092711
vt 0.420991 0.092711
vt 0.403160 0.089131
vt 0.420991 0.089131
vt 0.403159 0.086384
vt 0.420991 0.086384
vt 0.492316 0.084657
vt 0.527978 0.084657
vt 0.171353 0.127829
vt 0.171353 0.133824
vt 0.207016 0.133824
vt 0.171353 0.143705
vt 0.135691 0.143705
vt 0.135691 0.133824
vt 0.117859 0.143705
vt 0.117859 0.133824
vt 0.117859 0.127829
vt 0.135691 0.127829
vt 0.741953 0.157695
vt 0.724122 0.162456
vt 0.741953 0.162456
vt 0.706291 0.162456
vt 0.724122 0.167097
vt 0.741953 0.167097
vt 0.706291 0.167097
vt 0.706291 0.171021
vt 0.403159 0.127829
vt 0.403160 0.133824
vt 0.420991 0.127829
vt 0.420991 0.133824
vt 0.403160 0.143705
vt 0.420991 0.143705
vt 0.403160 0.153347
vt 0.403160 0.157695
vt 0.741953 0.182351
vt 0.028703 0.182351
vt 0.046534 0.182351
vt 0.064366 0.182351
vt 0.064366 0.178564
vt 0.135691 0.200243
vt 0.135691 0.200813
vt 0.117859 0.200243
vt 0.117859 0.200813
vt 0.117859 0.201828
vt 0.135691 0.201828
vt 0.100028 0.201828
vt 0.100028 0.200813
vt 0.100028 0.200243
vt 0.117859 0.203088
vt 0.135691 0.203088
vt 0.100028 0.203088
vt 0.064366 0.203088
vt 0.064365 0.201828
vt 0.046534 0.203088
vt 0.028703 0.203088
vt 0.046534 0.205080
vt 0.028703 0.205080
vt 0.064366 0.205080
vt 0.028703 0.206341
vt 0.046534 0.206341
vt 0.064365 0.206341
vt 0.100028 0.205080
vt 0.100028 0.206341
vt 0.046534 0.207354
vt 0.064366 0.207354
vt 0.100028 0.207354
vt 0.117859 0.205080
vt 0.117859 0.206341
vt 0.117859 0.207354
vt 0.135691 0.205080
vt 0.135691 0.206341
vt 0.135691 0.207354
vt 0.171353 0.206341
vt 0.171353 0.207354
vt 0.207016 0.206341
vt 0.207016 0.207354
vt 0.242678 0.206341
vt 0.242678 0.207354
vt 0.278341 0.206341
vt 0.278341 0.207354
vt 0.296172 0.206341
vt 0.296172 0.207354
vt 0.314003 0.205080
vt 0.314003 0.206341
vt 0.314003 0.207354
vt 0.296172 0.207918
vt 0.314003 0.207918
vt 0.278341 0.207918
vt 0.296172 0.209944
vt 0.278341 0.209944
vt 0.314003 0.209944
vt 0.296172 0.210493
vt 0.314003 0.210493
vt 0.278341 0.210493
vt 0.296172 0.212101
vt 0.314003 0.212101
vt 0.278341 0.212101
vt 0.296172 0.214661
vt 0.314003 0.214661
vt 0.278341 0.214661
vt 0.242678 0.212101
vt 0.242678 0.210493
vt 0.242678 0.214661
vt 0.296172 0.218908
vt 0.278341 0.218908
vt 0.242678 0.218908
vt 0.207016 0.214661
vt 0.207016 0.218908
vt 0.207016 0.212101
vt 0.242678 0.222044
vt 0.278341 0.222044
vt 0.207016 0.222044
vt 0.171353 0.214661
vt 0.171353 0.218908
vt 0.171353 0.222044
vt 0.171353 0.225742
vt 0.207016 0.225742
vt 0.242678 0.225742
vt 0.207016 0.229530
vt 0.171353 0.229530
vt 0.242678 0.229530
vt 0.278341 0.225742
vt 0.278341 0.229530
vt 0.296172 0.225742
vt 0.296172 0.229530
vt 0.296172 0.222044
vt 0.314003 0.218908
vt 0.314003 0.222044
vt 0.314003 0.225742
vt 0.349666 0.222044
vt 0.349666 0.225742
vt 0.349666 0.218908
vt 0.349666 0.214661
vt 0.367497 0.214661
vt 0.367497 0.218908
vt 0.367497 0.222044
vt 0.385328 0.214661
vt 0.385328 0.218908
vt 0.385328 0.222044
vt 0.403159 0.214661
vt 0.403160 0.218908
vt 0.403160 0.222044
vt 0.420991 0.218908
vt 0.420991 0.222044
vt 0.420991 0.214661
vt 0.403160 0.225742
vt 0.420991 0.225742
vt 0.385328 0.225742
vt 0.456653 0.222044
vt 0.456653 0.225742
vt 0.456653 0.218908
vt 0.474484 0.222044
vt 0.474484 0.225742
vt 0.474484 0.218908
vt 0.492316 0.218908
vt 0.492316 0.222044
vt 0.492316 0.225742
vt 0.527978 0.222044
vt 0.527978 0.225742
vt 0.527978 0.218908
vt 0.474484 0.214661
vt 0.492316 0.214661
vt 0.527978 0.214661
vt 0.563641 0.218908
vt 0.563641 0.222044
vt 0.563641 0.214661
vt 0.492316 0.212101
vt 0.527978 0.212101
vt 0.563641 0.212101
vt 0.599303 0.214661
vt 0.599303 0.218908
vt 0.599303 0.212101
vt 0.527978 0.210493
vt 0.563641 0.210493
vt 0.599304 0.210493
vt 0.634966 0.210493
vt 0.634966 0.212101
vt 0.634966 0.214661
vt 0.634966 0.209944
vt 0.599303 0.209944
vt 0.563641 0.209944
vt 0.599304 0.207918
vt 0.634966 0.207918
vt 0.563641 0.207918
vt 0.599303 0.207354
vt 0.563641 0.207354
vt 0.634966 0.207354
vt 0.634966 0.206341
vt 0.599304 0.206341
vt 0.563641 0.206341
vt 0.527978 0.207354
vt 0.527978 0.206341
vt 0.527978 0.207918
vt 0.527978 0.205080
vt 0.563641 0.205080
vt 0.599304 0.205080
vt 0.527978 0.203088
vt 0.563641 0.203088
vt 0.599304 0.203088
vt 0.634966 0.205080
vt 0.634966 0.203088
vt 0.652797 0.203088
vt 0.652797 0.205080
vt 0.670628 0.203088
vt 0.670628 0.205080
vt 0.652797 0.206341
vt 0.670628 0.206341
vt 0.652797 0.207354
vt 0.670629 0.207354
vt 0.652797 0.207918
vt 0.670629 0.207918
vt 0.652797 0.209944
vt 0.670629 0.209944
vt 0.652797 0.210493
vt 0.670629 0.210493
vt 0.652797 0.212101
vt 0.670629 0.212101
vt 0.706291 0.209944
vt 0.706291 0.210493
vt 0.706291 0.212101
vt 0.724122 0.209944
vt 0.724122 0.210493
vt 0.724122 0.212101
vt 0.741953 0.209944
vt 0.741953 0.210493
vt 0.741953 0.212101
vt 0.028703 0.210493
vt 0.028703 0.209944
vt 0.046534 0.209944
vt 0.046534 0.210493
vt 0.028703 0.212101
vt 0.046534 0.212101
vt 0.064366 0.209944
vt 0.064365 0.210493
vt 0.064366 0.212101
vt 0.046534 0.214661
vt 0.064366 0.214661
vt 0.028703 0.214661
vt 0.100028 0.210493
vt 0.100028 0.212101
vt 0.100028 0.214661
vt 0.117859 0.210493
vt 0.117859 0.212101
vt 0.117859 0.214661
vt 0.135691 0.212101
vt 0.135691 0.214661
vt 0.135691 0.210493
vt 0.171353 0.210493
vt 0.171353 0.212101
vt 0.207016 0.210493
vt 0.171353 0.209944
vt 0.207016 0.209944
vt 0.242678 0.209944
vt 0.242678 0.207918
vt 0.207016 0.207918
vt 0.171353 0.207918
vt 0.135690 0.207918
vt 0.135690 0.209944
vt 0.117859 0.209944
vt 0.117859 0.207918
vt 0.100028 0.207918
vt 0.100028 0.209944
vt 0.064366 0.207918
vt 0.046534 0.207918
vt 0.028703 0.207918
vt 0.028703 0.207354
vt 0.724122 0.207354
vt 0.724122 0.206341
vt 0.741953 0.206341
vt 0.741953 0.207354
vt 0.724122 0.207918
vt 0.741953 0.207918
vt 0.706291 0.207354
vt 0.706291 0.206341
vt 0.706291 0.207918
vt 0.706291 0.205080
vt 0.724122 0.205080
vt 0.706291 0.203088
vt 0.724122 0.203088
vt 0.741953 0.205080
vt 0.741953 0.203088
vt 0.135691 0.218908
vt 0.117859 0.218908
vt 0.135691 0.222044
vt 0.117859 0.222044
vt 0.117859 0.225742
vt 0.135691 0.225742
vt 0.100028 0.222044
vt 0.100028 0.218908
vt 0.100028 0.225742
vt 0.064366 0.222044
vt 0.064366 0.218908
vt 0.064366 0.225742
vt 0.046534 0.218908
vt 0.046534 0.222044
vt 0.028703 0.218908
vt 0.028703 0.222044
vt 0.724122 0.218908
vt 0.724122 0.214661
vt 0.741953 0.214661
vt 0.741953 0.218908
vt 0.724122 0.222044
vt 0.741953 0.222044
vt 0.706291 0.214661
vt 0.706291 0.218908
vt 0.706291 0.222044
vt 0.706291 0.225742
vt 0.724122 0.225742
vt 0.741953 0.225742
vt 0.724122 0.229530
vt 0.706291 0.229530
vt 0.741953 0.229530
vt 0.724122 0.233228
vt 0.741953 0.233228
vt 0.706291 0.233228
vt 0.724122 0.236364
vt 0.741953 0.236364
vt 0.706291 0.236364
vt 0.670629 0.233228
vt 0.670629 0.229530
vt 0.670629 0.236364
vt 0.724122 0.245328
vt 0.706291 0.245328
vt 0.670628 0.245328
vt 0.652797 0.245328
vt 0.652797 0.236364
vt 0.652797 0.233228
vt 0.634966 0.236364
vt 0.634966 0.245328
vt 0.634966 0.233228
vt 0.652797 0.229530
vt 0.634966 0.229530
vt 0.652797 0.225742
vt 0.670629 0.225742
vt 0.634966 0.225742
vt 0.599304 0.225742
vt 0.599304 0.229530
vt 0.599304 0.233228
vt 0.563641 0.233228
vt 0.563641 0.229530
vt 0.563641 0.225742
vt 0.634966 0.222044
vt 0.599304 0.222044
vt 0.634966 0.218908
vt 0.652797 0.218908
vt 0.652797 0.222044
vt 0.652797 0.214661
vt 0.670629 0.214661
vt 0.670629 0.218908
vt 0.670629 0.222044
vt 0.527978 0.229530
vt 0.492316 0.229530
vt 0.492316 0.233228
vt 0.527978 0.233228
vt 0.492316 0.236364
vt 0.527978 0.236364
vt 0.563641 0.236364
vt 0.599303 0.236364
vt 0.599303 0.245328
vt 0.563641 0.245328
vt 0.527978 0.245328
vt 0.599304 0.299063
vt 0.563641 0.299063
vt 0.527978 0.299063
vt 0.563641 0.363546
vt 0.527978 0.363546
vt 0.599304 0.363546
vt 0.634966 0.299063
vt 0.634966 0.363546
vt 0.634966 0.423730
vt 0.599304 0.423730
vt 0.563641 0.423730
vt 0.599304 0.468868
vt 0.563641 0.468868
vt 0.634966 0.468868
vt 0.599304 0.514006
vt 0.563641 0.514006
vt 0.634966 0.514006
vt 0.634966 0.516543
vt 0.599304 0.516543
vt 0.563641 0.516543
vt 0.527978 0.516543
vt 0.527978 0.514006
vt 0.527978 0.468868
vt 0.492315 0.468868
vt 0.492316 0.514006
vt 0.492316 0.516543
vt 0.492316 0.423730
vt 0.527978 0.423730
vt 0.474484 0.468868
vt 0.474484 0.423730
vt 0.474484 0.514006
vt 0.456653 0.423730
vt 0.456653 0.468868
vt 0.456653 0.514006
vt 0.420991 0.468868
vt 0.420991 0.514006
vt 0.420991 0.423730
vt 0.403159 0.468868
vt 0.403159 0.423730
vt 0.403160 0.514006
vt 0.385328 0.468868
vt 0.385328 0.514006
vt 0.385328 0.423730
vt 0.385328 0.516543
vt 0.403160 0.516543
vt 0.420991 0.516543
vt 0.385328 0.518963
vt 0.403160 0.518963
vt 0.420991 0.518963
vt 0.456653 0.516543
vt 0.456653 0.518963
vt 0.474484 0.516543
vt 0.474484 0.518963
vt 0.492316 0.518963
vt 0.474484 0.522665
vt 0.456653 0.522665
vt 0.492316 0.522665
vt 0.474484 0.526051
vt 0.492316 0.526051
vt 0.456653 0.526051
vt 0.527978 0.522665
vt 0.527978 0.526051
vt 0.527978 0.518963
vt 0.563641 0.518963
vt 0.563641 0.522665
vt 0.563641 0.526051
vt 0.599304 0.518963
vt 0.599304 0.522665
vt 0.599304 0.526051
vt 0.527978 0.529563
vt 0.563641 0.529563
vt 0.599304 0.529563
vt 0.527978 0.533169
vt 0.563641 0.533169
vt 0.599304 0.533169
vt 0.527978 0.536838
vt 0.563641 0.536838
vt 0.599304 0.536838
vt 0.599304 0.539308
vt 0.563641 0.539308
vt 0.527978 0.539308
vt 0.492316 0.539308
vt 0.492316 0.536838
vt 0.492316 0.533169
vt 0.563641 0.540011
vt 0.527978 0.540011
vt 0.492315 0.540011
vt 0.474484 0.539308
vt 0.474484 0.536838
vt 0.474484 0.540011
vt 0.456653 0.540011
vt 0.456653 0.539308
vt 0.456653 0.536838
vt 0.456653 0.540612
vt 0.474484 0.540612
vt 0.492316 0.540612
vt 0.456653 0.541013
vt 0.474484 0.541013
vt 0.492315 0.541013
vt 0.527978 0.540612
vt 0.527978 0.541013
vt 0.563641 0.540612
vt 0.563641 0.541013
vt 0.527978 0.541725
vt 0.492316 0.541725
vt 0.563641 0.541725
vt 0.492316 0.542199
vt 0.527978 0.542199
vt 0.563641 0.542199
vt 0.599304 0.541013
vt 0.599304 0.541725
vt 0.599304 0.542199
vt 0.599304 0.542916
vt 0.563641 0.542916
vt 0.527978 0.542916
vt 0.599304 0.543633
vt 0.563641 0.543633
vt 0.527978 0.543633
vt 0.492316 0.543633
vt 0.492316 0.542916
vt 0.527978 0.544109
vt 0.563641 0.544109
vt 0.492316 0.544109
vt 0.474484 0.544109
vt 0.474485 0.543633
vt 0.474484 0.542916
vt 0.456653 0.543633
vt 0.456653 0.542916
vt 0.456653 0.544109
vt 0.474484 0.546138
vt 0.456653 0.546138
vt 0.492316 0.546138
vt 0.456653 0.548742
vt 0.474484 0.548742
vt 0.492316 0.548742
vt 0.527978 0.546138
vt 0.527978 0.548742
vt 0.563641 0.546138
vt 0.563641 0.548742
vt 0.599304 0.544109
vt 0.599304 0.546138
vt 0.599304 0.548742
vt 0.634966 0.544109
vt 0.634966 0.546138
vt 0.634966 0.548742
vt 0.563641 0.552195
vt 0.599304 0.552195
vt 0.634966 0.552195
vt 0.652797 0.548742
vt 0.652797 0.552195
vt 0.652797 0.546138
vt 0.670629 0.548742
vt 0.670629 0.552195
vt 0.670628 0.546138
vt 0.652797 0.544109
vt 0.670629 0.544109
vt 0.634966 0.543633
vt 0.652797 0.543633
vt 0.670628 0.543633
vt 0.634966 0.542916
vt 0.652797 0.542916
vt 0.670629 0.542916
vt 0.706291 0.543633
vt 0.706291 0.544109
vt 0.706291 0.542916
vt 0.670629 0.542199
vt 0.706291 0.542199
vt 0.652797 0.542199
vt 0.670629 0.541725
vt 0.706291 0.541725
vt 0.652797 0.541725
vt 0.634966 0.542199
vt 0.634966 0.541725
vt 0.634966 0.541013
vt 0.652797 0.541013
vt 0.634966 0.540612
vt 0.599304 0.540612
vt 0.652797 0.540612
vt 0.634966 0.540011
vt 0.652797 0.540011
vt 0.599304 0.540011
vt 0.670628 0.540612
vt 0.670628 0.541013
vt 0.670629 0.540011
vt 0.652797 0.539308
vt 0.670629 0.539308
vt 0.634966 0.539308
vt 0.652797 0.536838
vt 0.670629 0.536838
vt 0.634966 0.536838
vt 0.652797 0.533169
vt 0.670629 0.533169
vt 0.634966 0.533169
vt 0.706291 0.536838
vt 0.706291 0.539308
vt 0.706291 0.533169
vt 0.670629 0.529563
vt 0.706291 0.529563
vt 0.652797 0.529563
vt 0.670628 0.526051
vt 0.706291 0.526051
vt 0.652797 0.526051
vt 0.634966 0.529563
vt 0.634966 0.526051
vt 0.634966 0.522665
vt 0.652797 0.522665
vt 0.634966 0.518963
vt 0.652797 0.518963
vt 0.652797 0.516543
vt 0.670628 0.518963
vt 0.670628 0.522665
vt 0.670628 0.516543
vt 0.652797 0.514006
vt 0.670629 0.514006
vt 0.652797 0.468868
vt 0.670629 0.468868
vt 0.706291 0.514006
vt 0.706291 0.516543
vt 0.706291 0.468868
vt 0.652797 0.423730
vt 0.670629 0.423730
vt 0.706291 0.423730
vt 0.724122 0.468868
vt 0.724122 0.514006
vt 0.724122 0.423730
vt 0.670628 0.363546
vt 0.706291 0.363546
vt 0.724122 0.363546
vt 0.741953 0.363546
vt 0.741953 0.423730
vt 0.741953 0.468868
vt 0.028703 0.363546
vt 0.046534 0.363546
vt 0.046534 0.423730
vt 0.028703 0.423730
vt 0.046534 0.468868
vt 0.028703 0.468868
vt 0.046534 0.514006
vt 0.028703 0.514006
vt 0.741953 0.514006
vt 0.724122 0.516543
vt 0.741953 0.516543
vt 0.028703 0.516543
vt 0.046534 0.516543
vt 0.724122 0.518963
vt 0.741953 0.518963
vt 0.706291 0.518963
vt 0.706291 0.522665
vt 0.724122 0.522665
vt 0.724122 0.526051
vt 0.724122 0.529563
vt 0.741953 0.522665
vt 0.741953 0.526051
vt 0.741953 0.529563
vt 0.028703 0.529563
vt 0.028703 0.526051
vt 0.046534 0.526051
vt 0.046534 0.529563
vt 0.028703 0.522665
vt 0.046534 0.522665
vt 0.028703 0.518963
vt 0.046534 0.518963
vt 0.064365 0.518963
vt 0.064366 0.522665
vt 0.064365 0.516543
vt 0.064365 0.514006
vt 0.100028 0.514006
vt 0.100028 0.516543
vt 0.100028 0.518963
vt 0.117859 0.514006
vt 0.117859 0.516543
vt 0.117859 0.518963
vt 0.135691 0.514006
vt 0.135691 0.516543
vt 0.135691 0.518963
vt 0.171353 0.514006
vt 0.171353 0.516543
vt 0.171353 0.518963
vt 0.207016 0.514006
vt 0.207016 0.516543
vt 0.207016 0.518963
vt 0.242678 0.514006
vt 0.242678 0.516543
vt 0.242678 0.518963
vt 0.278340 0.516543
vt 0.278340 0.518963
vt 0.278340 0.514006
vt 0.207016 0.468868
vt 0.242678 0.468868
vt 0.278340 0.468868
vt 0.207016 0.423730
vt 0.242678 0.423730
vt 0.278340 0.423730
vt 0.171353 0.423730
vt 0.171353 0.468868
vt 0.135691 0.468868
vt 0.135691 0.423730
vt 0.117859 0.468868
vt 0.117859 0.423730
vt 0.100028 0.468868
vt 0.100028 0.423730
vt 0.117859 0.363546
vt 0.135691 0.363546
vt 0.100028 0.363546
vt 0.064366 0.363546
vt 0.064365 0.423730
vt 0.064365 0.468868
vt 0.064366 0.299063
vt 0.100028 0.299063
vt 0.046534 0.299063
vt 0.064365 0.245328
vt 0.100028 0.245328
vt 0.046534 0.245328
vt 0.028703 0.245328
vt 0.028703 0.299063
vt 0.724122 0.299063
vt 0.741953 0.245328
vt 0.741953 0.299063
vt 0.706291 0.299063
vt 0.670629 0.299063
vt 0.652797 0.363546
vt 0.652797 0.299063
vt 0.028703 0.236364
vt 0.046534 0.236364
vt 0.028703 0.233228
vt 0.046534 0.233228
vt 0.064366 0.233228
vt 0.064366 0.236364
vt 0.100028 0.233228
vt 0.100028 0.236364
vt 0.117859 0.233228
vt 0.117859 0.236364
vt 0.117859 0.245328
vt 0.117859 0.299063
vt 0.135691 0.245328
vt 0.135691 0.299063
vt 0.135691 0.236364
vt 0.171353 0.236364
vt 0.171353 0.245328
vt 0.171353 0.299063
vt 0.171353 0.363546
vt 0.207016 0.299063
vt 0.207016 0.363546
vt 0.242678 0.299063
vt 0.242678 0.363546
vt 0.278340 0.299063
vt 0.278341 0.363546
vt 0.296172 0.299063
vt 0.296172 0.363546
vt 0.296172 0.423730
vt 0.296172 0.468868
vt 0.314003 0.363546
vt 0.314003 0.423730
vt 0.314003 0.468868
vt 0.349666 0.363546
vt 0.349666 0.423730
vt 0.349666 0.468868
vt 0.349666 0.514006
vt 0.314003 0.514006
vt 0.296172 0.514006
vt 0.296172 0.516543
vt 0.314003 0.516543
vt 0.349666 0.516543
vt 0.296172 0.518963
vt 0.314003 0.518963
vt 0.296172 0.522665
vt 0.278340 0.522665
vt 0.314003 0.522665
vt 0.349666 0.518963
vt 0.349666 0.522665
vt 0.296172 0.526051
vt 0.314003 0.526051
vt 0.349666 0.526051
vt 0.367497 0.522665
vt 0.367497 0.526051
vt 0.367497 0.518963
vt 0.385328 0.522665
vt 0.385328 0.526051
vt 0.403160 0.522665
vt 0.403160 0.526051
vt 0.420991 0.522665
vt 0.420991 0.526051
vt 0.403160 0.529563
vt 0.420991 0.529563
vt 0.456653 0.529563
vt 0.474484 0.529563
vt 0.420991 0.533169
vt 0.456653 0.533169
vt 0.474485 0.533169
vt 0.492315 0.529563
vt 0.420991 0.536838
vt 0.420991 0.539308
vt 0.403160 0.536838
vt 0.403159 0.533169
vt 0.403160 0.539308
vt 0.385328 0.539308
vt 0.385328 0.536838
vt 0.385328 0.533169
vt 0.385328 0.540011
vt 0.403160 0.540011
vt 0.420991 0.540011
vt 0.385328 0.540612
vt 0.403159 0.540612
vt 0.420991 0.540612
vt 0.403160 0.541013
vt 0.420991 0.541013
vt 0.403160 0.541725
vt 0.420991 0.541725
vt 0.456653 0.541725
vt 0.385328 0.541013
vt 0.385328 0.541725
vt 0.367497 0.541725
vt 0.367497 0.541013
vt 0.367497 0.540612
vt 0.349666 0.541013
vt 0.349666 0.540612
vt 0.349666 0.541725
vt 0.367497 0.540011
vt 0.349666 0.540011
vt 0.314003 0.540612
vt 0.314003 0.540011
vt 0.314003 0.541013
vt 0.314003 0.539308
vt 0.349666 0.539308
vt 0.367497 0.539308
vt 0.314003 0.536838
vt 0.349666 0.536838
vt 0.367497 0.536838
vt 0.314003 0.533169
vt 0.349666 0.533169
vt 0.367497 0.533169
vt 0.367497 0.529563
vt 0.385328 0.529563
vt 0.349665 0.529563
vt 0.314003 0.529563
vt 0.296172 0.533169
vt 0.296172 0.529563
vt 0.278340 0.529563
vt 0.278340 0.526051
vt 0.278340 0.533169
vt 0.242679 0.533169
vt 0.242678 0.529563
vt 0.242678 0.526051
vt 0.242679 0.522665
vt 0.207016 0.522665
vt 0.207016 0.526051
vt 0.171353 0.526051
vt 0.171353 0.522665
vt 0.171353 0.529563
vt 0.207016 0.529563
vt 0.207016 0.533169
vt 0.171353 0.533169
vt 0.135690 0.533169
vt 0.135691 0.529563
vt 0.135691 0.526051
vt 0.135690 0.536838
vt 0.171353 0.536838
vt 0.207016 0.536838
vt 0.135691 0.539308
vt 0.171353 0.539308
vt 0.207016 0.539308
vt 0.171353 0.540011
vt 0.207016 0.540011
vt 0.135691 0.540011
vt 0.117859 0.539308
vt 0.117859 0.536838
vt 0.117859 0.540011
vt 0.100028 0.540011
vt 0.100028 0.539308
vt 0.100028 0.536838
vt 0.100028 0.540612
vt 0.117859 0.540612
vt 0.135691 0.540612
vt 0.100028 0.541013
vt 0.117859 0.541013
vt 0.135691 0.541013
vt 0.171353 0.540612
vt 0.171353 0.541013
vt 0.207016 0.540612
vt 0.207016 0.541013
vt 0.242679 0.540011
vt 0.242678 0.540612
vt 0.242678 0.541013
vt 0.278340 0.540011
vt 0.278340 0.540612
vt 0.278340 0.541013
vt 0.296172 0.540011
vt 0.296172 0.540612
vt 0.296172 0.541013
vt 0.296172 0.541725
vt 0.278341 0.541725
vt 0.314003 0.541725
vt 0.296172 0.542199
vt 0.314003 0.542199
vt 0.349666 0.542199
vt 0.367497 0.542199
vt 0.314003 0.542916
vt 0.349666 0.542916
vt 0.367497 0.542916
vt 0.385328 0.542199
vt 0.385328 0.542916
vt 0.403160 0.542199
vt 0.403160 0.542916
vt 0.420991 0.542199
vt 0.420991 0.542916
vt 0.456653 0.542199
vt 0.474484 0.542199
vt 0.474484 0.541725
vt 0.420991 0.543633
vt 0.403159 0.543633
vt 0.403160 0.544109
vt 0.420991 0.544109
vt 0.385328 0.543633
vt 0.385328 0.544109
vt 0.403160 0.546138
vt 0.420991 0.546138
vt 0.385328 0.546138
vt 0.367497 0.544109
vt 0.367497 0.543633
vt 0.367497 0.546138
vt 0.349666 0.544109
vt 0.349666 0.546138
vt 0.349666 0.543633
vt 0.349666 0.548742
vt 0.367497 0.548742
vt 0.385328 0.548742
vt 0.349666 0.552195
vt 0.367497 0.552195
vt 0.385328 0.552195
vt 0.367497 0.554786
vt 0.385328 0.554786
vt 0.349666 0.554786
vt 0.403159 0.552195
vt 0.403159 0.554786
vt 0.403160 0.548742
vt 0.420991 0.552195
vt 0.420991 0.554786
vt 0.420991 0.548742
vt 0.456653 0.552195
vt 0.456653 0.554786
vt 0.474484 0.552195
vt 0.474484 0.554786
vt 0.456653 0.560832
vt 0.420991 0.560832
vt 0.474484 0.560832
vt 0.492316 0.552195
vt 0.492316 0.554786
vt 0.492316 0.560832
vt 0.527978 0.552195
vt 0.527978 0.554786
vt 0.527978 0.560832
vt 0.563641 0.554786
vt 0.599304 0.554786
vt 0.599304 0.560832
vt 0.563641 0.560832
vt 0.599304 0.563371
vt 0.563641 0.563371
vt 0.527978 0.563371
vt 0.599304 0.565435
vt 0.563641 0.565435
vt 0.527978 0.565435
vt 0.563641 0.567632
vt 0.527978 0.567632
vt 0.599304 0.567632
vt 0.634966 0.565435
vt 0.634966 0.567632
vt 0.634966 0.563371
vt 0.634966 0.569899
vt 0.599304 0.569899
vt 0.563641 0.569899
vt 0.634966 0.572848
vt 0.599304 0.572848
vt 0.563641 0.572848
vt 0.527978 0.569899
vt 0.527978 0.572848
vt 0.492316 0.567632
vt 0.492316 0.569899
vt 0.492316 0.572848
vt 0.492316 0.565435
vt 0.474484 0.569899
vt 0.474484 0.567632
vt 0.474484 0.565435
vt 0.456653 0.567632
vt 0.456653 0.565435
vt 0.456653 0.569899
vt 0.474484 0.572848
vt 0.456653 0.572848
vt 0.474484 0.575691
vt 0.492316 0.575691
vt 0.456653 0.575691
vt 0.474484 0.578327
vt 0.492315 0.578327
vt 0.456653 0.578327
vt 0.420991 0.575691
vt 0.420991 0.572848
vt 0.420991 0.578327
vt 0.456653 0.581694
vt 0.420991 0.581694
vt 0.474484 0.581694
vt 0.456653 0.587591
vt 0.420991 0.587591
vt 0.474484 0.587591
vt 0.492316 0.581694
vt 0.492316 0.587591
vt 0.527978 0.581694
vt 0.527978 0.587591
vt 0.527978 0.578327
vt 0.527978 0.575691
vt 0.563641 0.575691
vt 0.563641 0.578327
vt 0.563641 0.581694
vt 0.599304 0.578327
vt 0.599304 0.581694
vt 0.599304 0.575691
vt 0.634966 0.575691
vt 0.634966 0.578327
vt 0.652797 0.572848
vt 0.652797 0.575691
vt 0.652797 0.578327
vt 0.670629 0.572848
vt 0.670629 0.575691
vt 0.670629 0.578327
vt 0.706291 0.572848
vt 0.706291 0.575691
vt 0.706291 0.578327
vt 0.724122 0.572848
vt 0.724122 0.575691
vt 0.724122 0.578327
vt 0.741953 0.572848
vt 0.741953 0.575691
vt 0.741953 0.578327
vt 0.028703 0.575691
vt 0.028703 0.572848
vt 0.046534 0.572848
vt 0.046534 0.575691
vt 0.028703 0.578327
vt 0.046534 0.578327
vt 0.064366 0.575691
vt 0.064365 0.578327
vt 0.064365 0.572848
vt 0.028703 0.569899
vt 0.046534 0.569899
vt 0.064365 0.569899
vt 0.028703 0.567632
vt 0.046534 0.567632
vt 0.064366 0.567632
vt 0.064366 0.565435
vt 0.046534 0.565435
vt 0.028703 0.565435
vt 0.724122 0.569899
vt 0.724122 0.567632
vt 0.741953 0.567632
vt 0.741953 0.569899
vt 0.741953 0.565435
vt 0.724122 0.565435
vt 0.706291 0.567632
vt 0.706291 0.565435
vt 0.706291 0.569899
vt 0.670629 0.569899
vt 0.670629 0.567632
vt 0.652797 0.569899
vt 0.652797 0.567632
vt 0.652797 0.565435
vt 0.670628 0.565435
vt 0.652797 0.563371
vt 0.670629 0.563371
vt 0.652797 0.560832
vt 0.670629 0.560832
vt 0.634966 0.560832
vt 0.634966 0.554786
vt 0.652797 0.554786
vt 0.670629 0.554786
vt 0.706291 0.552195
vt 0.706291 0.554786
vt 0.706291 0.560832
vt 0.706291 0.548742
vt 0.724122 0.552195
vt 0.724122 0.554786
vt 0.724122 0.548742
vt 0.706291 0.546138
vt 0.724122 0.546138
vt 0.741953 0.546138
vt 0.741953 0.548742
vt 0.741953 0.552195
vt 0.028703 0.552195
vt 0.028703 0.548742
vt 0.046534 0.548742
vt 0.046534 0.552195
vt 0.028703 0.546138
vt 0.046534 0.546138
vt 0.028703 0.544109
vt 0.046534 0.544109
vt 0.724122 0.544109
vt 0.741953 0.544109
vt 0.028703 0.543633
vt 0.046534 0.543633
vt 0.724122 0.543633
vt 0.741953 0.543633
vt 0.724122 0.542916
vt 0.741953 0.542916
vt 0.724122 0.542199
vt 0.741953 0.542199
vt 0.028703 0.542916
vt 0.046534 0.542916
vt 0.028703 0.542199
vt 0.046534 0.542199
vt 0.028703 0.541725
vt 0.046534 0.541725
vt 0.724122 0.541725
vt 0.741953 0.541725
vt 0.028703 0.541013
vt 0.046534 0.541013
vt 0.724122 0.541013
vt 0.741953 0.541013
vt 0.706291 0.541013
vt 0.706291 0.540612
vt 0.724122 0.540612
vt 0.706291 0.540011
vt 0.724122 0.540011
vt 0.741953 0.540011
vt 0.741953 0.540612
vt 0.028703 0.540612
vt 0.028703 0.540011
vt 0.046534 0.540011
vt 0.046534 0.540612
vt 0.064366 0.540011
vt 0.064366 0.540612
vt 0.064365 0.541013
vt 0.100028 0.541725
vt 0.064365 0.541725
vt 0.064365 0.542199
vt 0.100028 0.542199
vt 0.117859 0.541725
vt 0.117859 0.542199
vt 0.135690 0.541725
vt 0.135690 0.542199
vt 0.100028 0.542916
vt 0.117859 0.542916
vt 0.135691 0.542916
vt 0.171353 0.542199
vt 0.171353 0.542916
vt 0.171353 0.541725
vt 0.207016 0.542199
vt 0.207016 0.542916
vt 0.207016 0.541725
vt 0.242678 0.542199
vt 0.242678 0.542916
vt 0.242679 0.541725
vt 0.278340 0.542199
vt 0.278340 0.542916
vt 0.296172 0.542916
vt 0.278340 0.543633
vt 0.296172 0.543633
vt 0.314003 0.543633
vt 0.296172 0.544109
vt 0.314003 0.544109
vt 0.314003 0.546138
vt 0.296172 0.546138
vt 0.278340 0.544109
vt 0.278340 0.546138
vt 0.296172 0.548742
vt 0.314003 0.548742
vt 0.278340 0.548742
vt 0.278340 0.552195
vt 0.296172 0.552195
vt 0.314003 0.552195
vt 0.296172 0.554786
vt 0.314003 0.554786
vt 0.349665 0.560832
vt 0.314003 0.560832
vt 0.296172 0.560832
vt 0.278341 0.554786
vt 0.278340 0.560832
vt 0.242678 0.554786
vt 0.242678 0.560832
vt 0.242679 0.552195
vt 0.242678 0.548742
vt 0.207016 0.552195
vt 0.207016 0.548742
vt 0.207016 0.554786
vt 0.171353 0.552195
vt 0.171353 0.548742
vt 0.171353 0.554786
vt 0.171353 0.546138
vt 0.207016 0.546138
vt 0.242678 0.546138
vt 0.171353 0.544109
vt 0.207016 0.544109
vt 0.242678 0.544109
vt 0.242678 0.543633
vt 0.207016 0.543633
vt 0.171353 0.543633
vt 0.135691 0.544109
vt 0.135691 0.543633
vt 0.117859 0.544109
vt 0.117859 0.543633
vt 0.100028 0.543633
vt 0.100028 0.544109
vt 0.117859 0.546138
vt 0.135690 0.546138
vt 0.100028 0.546138
vt 0.064365 0.544109
vt 0.064366 0.546138
vt 0.064365 0.543633
vt 0.064365 0.548742
vt 0.100028 0.548742
vt 0.117859 0.548742
vt 0.064365 0.552195
vt 0.100028 0.552195
vt 0.117859 0.552195
vt 0.135691 0.548742
vt 0.135690 0.552195
vt 0.117859 0.554786
vt 0.135691 0.554786
vt 0.100028 0.554786
vt 0.171353 0.560832
vt 0.135690 0.560832
vt 0.117859 0.560832
vt 0.171353 0.563371
vt 0.135691 0.563371
vt 0.117859 0.563371
vt 0.100028 0.560832
vt 0.100028 0.563371
vt 0.064366 0.554786
vt 0.064366 0.560832
vt 0.064365 0.563371
vt 0.117859 0.565435
vt 0.100028 0.565435
vt 0.117859 0.567632
vt 0.100028 0.567632
vt 0.046534 0.563371
vt 0.117859 0.569899
vt 0.100028 0.569899
vt 0.100028 0.572848
vt 0.117859 0.572848
vt 0.135691 0.569899
vt 0.135691 0.572848
vt 0.135690 0.567632
vt 0.117859 0.575691
vt 0.135691 0.575691
vt 0.100028 0.575691
vt 0.100028 0.578327
vt 0.117859 0.578327
vt 0.135691 0.578327
vt 0.171353 0.572848
vt 0.171353 0.575691
vt 0.171353 0.578327
vt 0.207016 0.572848
vt 0.207016 0.575691
vt 0.207016 0.578327
vt 0.242678 0.572848
vt 0.242679 0.575691
vt 0.242678 0.578327
vt 0.278340 0.572848
vt 0.278340 0.575691
vt 0.278341 0.578327
vt 0.296172 0.572848
vt 0.296172 0.575691
vt 0.296172 0.578327
vt 0.314003 0.575691
vt 0.314003 0.578327
vt 0.314003 0.572848
vt 0.296172 0.569899
vt 0.314003 0.569899
vt 0.278341 0.569899
vt 0.278340 0.567632
vt 0.296172 0.567632
vt 0.314003 0.567632
vt 0.296172 0.565435
vt 0.278340 0.565435
vt 0.314003 0.565435
vt 0.349666 0.567632
vt 0.349666 0.569899
vt 0.349666 0.565435
vt 0.349665 0.563371
vt 0.314003 0.563371
vt 0.296172 0.563371
vt 0.278341 0.563371
vt 0.242678 0.563371
vt 0.242678 0.565435
vt 0.242678 0.567632
vt 0.207016 0.565435
vt 0.207016 0.563371
vt 0.207016 0.567632
vt 0.171353 0.565435
vt 0.171353 0.567632
vt 0.135691 0.565435
vt 0.171353 0.569899
vt 0.207016 0.569899
vt 0.242678 0.569899
vt 0.207016 0.560832
vt 0.367497 0.563371
vt 0.367497 0.565435
vt 0.367497 0.560832
vt 0.385328 0.560832
vt 0.385328 0.563371
vt 0.403160 0.560832
vt 0.403159 0.563371
vt 0.403160 0.565435
vt 0.385328 0.565435
vt 0.403160 0.567632
vt 0.385328 0.567632
vt 0.367497 0.567632
vt 0.367497 0.569899
vt 0.385328 0.569899
vt 0.367497 0.572848
vt 0.349666 0.572848
vt 0.385328 0.572848
vt 0.349666 0.575691
vt 0.367497 0.575691
vt 0.385328 0.575691
vt 0.403160 0.569899
vt 0.403160 0.572848
vt 0.403160 0.575691
vt 0.367497 0.578327
vt 0.385328 0.578327
vt 0.403160 0.578327
vt 0.403160 0.581694
vt 0.385328 0.581694
vt 0.403160 0.587591
vt 0.385328 0.587591
vt 0.367497 0.587591
vt 0.367497 0.581694
vt 0.349666 0.578327
vt 0.349666 0.581694
vt 0.349666 0.587591
vt 0.367497 0.590540
vt 0.385328 0.590540
vt 0.349665 0.590540
vt 0.314003 0.581694
vt 0.314003 0.587591
vt 0.314003 0.590540
vt 0.349666 0.592869
vt 0.367497 0.592869
vt 0.314003 0.592869
vt 0.296172 0.590540
vt 0.296172 0.587591
vt 0.296172 0.592869
vt 0.278341 0.587591
vt 0.278341 0.590540
vt 0.278341 0.592869
vt 0.278340 0.594020
vt 0.296172 0.594020
vt 0.314003 0.594020
vt 0.296172 0.594158
vt 0.314003 0.594158
vt 0.278341 0.594158
vt 0.296172 0.594851
vt 0.314003 0.594851
vt 0.278340 0.594851
vt 0.296172 0.596303
vt 0.314003 0.596303
vt 0.278340 0.596303
vt 0.242678 0.596303
vt 0.242678 0.594851
vt 0.242678 0.594158
vt 0.278340 0.598182
vt 0.296172 0.598182
vt 0.242678 0.598182
vt 0.207016 0.596303
vt 0.207016 0.594851
vt 0.207016 0.598182
vt 0.242678 0.600301
vt 0.207016 0.600301
vt 0.278340 0.600301
vt 0.207016 0.602150
vt 0.242678 0.602150
vt 0.278340 0.602150
vt 0.207016 0.603710
vt 0.242679 0.603710
vt 0.278340 0.603710
vt 0.296172 0.600301
vt 0.296172 0.602150
vt 0.296172 0.603710
vt 0.314003 0.600301
vt 0.314003 0.602150
vt 0.314003 0.603710
vt 0.349666 0.600301
vt 0.349666 0.602150
vt 0.349666 0.603710
vt 0.367497 0.600301
vt 0.367497 0.602150
vt 0.367497 0.603710
vt 0.385328 0.600301
vt 0.385328 0.602150
vt 0.385328 0.603710
vt 0.403159 0.600301
vt 0.403160 0.602150
vt 0.403160 0.603710
vt 0.420991 0.600301
vt 0.420991 0.602150
vt 0.420991 0.603710
vt 0.385328 0.604734
vt 0.403160 0.604734
vt 0.420991 0.604734
vt 0.403160 0.605283
vt 0.385328 0.605283
vt 0.420991 0.605283
vt 0.385328 0.607730
vt 0.403160 0.607730
vt 0.420991 0.607730
vt 0.403159 0.609349
vt 0.420991 0.609349
vt 0.385328 0.609349
vt 0.456653 0.605283
vt 0.456653 0.607730
vt 0.456653 0.609349
vt 0.474484 0.605283
vt 0.474484 0.607730
vt 0.474484 0.609349
vt 0.492316 0.607730
vt 0.492316 0.609349
vt 0.492316 0.605283
vt 0.527978 0.605283
vt 0.527978 0.607730
vt 0.527978 0.609349
vt 0.563641 0.605283
vt 0.563641 0.607730
vt 0.563641 0.609349
vt 0.599304 0.605283
vt 0.599304 0.607730
vt 0.599304 0.609349
vt 0.599304 0.614526
vt 0.563641 0.614526
vt 0.527978 0.614526
vt 0.385531 0.615734
vt 0.421213 0.615734
vt 0.421213 0.640217
vt 0.385531 0.640217
vt 0.349692 0.615734
vt 0.349692 0.640217
vt 0.492316 0.614526
vt 0.789839 0.993444
vt 0.737979 0.991818
vt 0.739712 0.941848
vt 0.789724 0.945432
vt 0.747898 0.910573
vt 0.788701 0.914818
vt 0.328110 0.640217
vt 0.349692 0.704071
vt 0.328110 0.704071
vt 0.385531 0.704071
vt 0.385531 0.705961
vt 0.352540 0.705630
vt 0.352540 0.731201
vt 0.349692 0.732491
vt 0.385531 0.793180
vt 0.349692 0.793180
vt 0.385531 0.732491
vt 0.385531 0.731201
vt 0.421213 0.793180
vt 0.421213 0.732491
vt 0.418608 0.731201
vt 0.418608 0.705630
vt 0.421213 0.704071
vt 0.443115 0.640217
vt 0.443115 0.704071
vt 0.385531 0.707197
vt 0.416644 0.707197
vt 0.416644 0.729560
vt 0.385531 0.729560
vt 0.354517 0.707197
vt 0.354517 0.729560
vt 0.608869 0.904355
vt 0.587801 0.857738
vt 0.632523 0.839381
vt 0.654164 0.884611
vt 0.661083 0.828950
vt 0.680501 0.865328
vt 0.625366 0.815478
vt 0.656847 0.808903
vt 0.578651 0.833397
vt 0.634966 0.614526
vt 0.634966 0.609349
vt 0.652797 0.609349
vt 0.652797 0.614526
vt 0.367637 0.615734
vt 0.367637 0.640217
vt 0.670629 0.609349
vt 0.670629 0.614526
vt 0.403094 0.615734
vt 0.403094 0.640217
vt 0.706291 0.609349
vt 0.706291 0.614526
vt 0.724122 0.609349
vt 0.724122 0.614526
vt 0.403094 0.704071
vt 0.367637 0.704071
vt 0.666444 0.729499
vt 0.637556 0.715767
vt 0.649836 0.693907
vt 0.675260 0.711000
vt 0.595763 0.688750
vt 0.609848 0.667023
vt 0.665445 0.674285
vt 0.689068 0.695858
vt 0.624651 0.645780
vt 0.367637 0.705630
vt 0.403094 0.705630
vt 0.418609 0.705630
vt 0.403094 0.793180
vt 0.403094 0.732491
vt 0.403094 0.731201
vt 0.367637 0.793180
vt 0.367637 0.732491
vt 0.367637 0.731201
vt 0.367637 0.729560
vt 0.403094 0.729560
vt 0.367637 0.707197
vt 0.403094 0.707197
vt 0.783934 0.784107
vt 0.703033 0.680851
vt 0.738876 0.660942
vt 0.710639 0.893253
vt 0.652891 0.788789
vt 0.657811 0.748090
vt 0.759000 0.657017
vt 0.779168 0.653397
vt 0.819970 0.657642
vt 0.857229 0.674962
vt 0.887367 0.702886
vt 0.906784 0.739265
vt 0.911022 0.759311
vt 0.914978 0.779426
vt 0.910057 0.820125
vt 0.901424 0.838716
vt 0.892609 0.857215
vt 0.878801 0.872357
vt 0.864836 0.887364
vt 0.828992 0.907272
vt 0.808868 0.911197
vt 0.814559 0.942886
vt 0.418609 0.731201
vt 0.420991 0.614526
vt 0.456653 0.614526
vt 0.474484 0.614526
vt 0.815843 0.992668
vt 0.403160 0.614526
vt 0.385328 0.614526
vt 0.958020 0.901191
vt 0.943217 0.922435
vt 0.902423 0.893929
vt 0.918032 0.874308
vt 0.367497 0.614526
vt 0.367497 0.609349
vt 0.930312 0.852448
vt 0.972106 0.879466
vt 0.403070 0.615854
vt 0.421165 0.615854
vt 0.421165 0.640304
vt 0.403070 0.640304
vt 0.443037 0.640304
vt 0.443037 0.704071
vt 0.421165 0.704071
vt 0.403070 0.704071
vt 0.418564 0.705628
vt 0.421165 0.732453
vt 0.418564 0.731165
vt 0.403070 0.705628
vt 0.367661 0.705628
vt 0.367661 0.704071
vt 0.367661 0.640304
vt 0.403070 0.707193
vt 0.416602 0.707193
vt 0.367661 0.707193
vt 0.352585 0.705628
vt 0.349740 0.704071
vt 0.354559 0.707193
vt 0.354559 0.729526
vt 0.367661 0.729526
vt 0.403070 0.729526
vt 0.352585 0.731165
vt 0.367661 0.731165
vt 0.403070 0.731165
vt 0.416602 0.729526
vt 0.403070 0.732453
vt 0.367661 0.732453
vt 0.403070 0.793060
vt 0.367661 0.793060
vt 0.421165 0.793060
vt 0.349740 0.732453
vt 0.349740 0.793060
vt 0.328187 0.640304
vt 0.349740 0.640304
vt 0.328187 0.704071
vt 0.980067 0.710476
vt 0.989217 0.734818
vt 0.942502 0.752737
vt 0.935345 0.728833
vt 0.349740 0.615854
vt 0.367661 0.615854
vt 0.278341 0.614526
vt 0.278340 0.609349
vt 0.296172 0.609349
vt 0.296172 0.614526
vt 0.314003 0.609349
vt 0.314003 0.614526
vt 0.278340 0.607730
vt 0.296172 0.607730
vt 0.314003 0.607730
vt 0.349666 0.607730
vt 0.349666 0.609349
vt 0.349665 0.614526
vt 0.367497 0.607730
vt 0.314003 0.605283
vt 0.349666 0.605283
vt 0.367497 0.605283
vt 0.367497 0.604734
vt 0.349666 0.604734
vt 0.314003 0.604734
vt 0.296172 0.604734
vt 0.296172 0.605283
vt 0.278340 0.604734
vt 0.278340 0.605283
vt 0.242678 0.604734
vt 0.242678 0.605283
vt 0.242678 0.607730
vt 0.207016 0.604734
vt 0.207016 0.605283
vt 0.171353 0.604734
vt 0.171353 0.603710
vt 0.171353 0.605283
vt 0.171353 0.607730
vt 0.207016 0.607730
vt 0.171353 0.609349
vt 0.207016 0.609349
vt 0.242679 0.609349
vt 0.207016 0.614526
vt 0.242678 0.614526
vt 0.958999 0.663859
vt 0.913704 0.683604
vt 0.385531 0.705630
vt 0.778030 0.574771
vt 0.829889 0.576397
vt 0.828156 0.626366
vt 0.778145 0.622783
vt 0.135691 0.614526
vt 0.135691 0.609349
vt 0.171353 0.614526
vt 0.135691 0.607730
vt 0.117859 0.609349
vt 0.117859 0.607730
vt 0.117859 0.614526
vt 0.117859 0.605283
vt 0.135691 0.605283
vt 0.100028 0.609349
vt 0.100028 0.607730
vt 0.100028 0.605283
vt 0.100028 0.604734
vt 0.117859 0.604734
vt 0.135691 0.604734
vt 0.100028 0.603710
vt 0.117859 0.603710
vt 0.135691 0.603710
vt 0.117859 0.602150
vt 0.135691 0.602150
vt 0.171353 0.602150
vt 0.135691 0.600301
vt 0.171353 0.600301
vt 0.135691 0.598182
vt 0.171353 0.598182
vt 0.135691 0.596303
vt 0.171353 0.596303
vt 0.135691 0.594851
vt 0.171353 0.594851
vt 0.171353 0.594158
vt 0.207016 0.594158
vt 0.135690 0.594158
vt 0.117859 0.596303
vt 0.117859 0.594851
vt 0.117859 0.594158
vt 0.100028 0.596303
vt 0.100028 0.594851
vt 0.100028 0.594158
vt 0.100028 0.594020
vt 0.117859 0.594020
vt 0.135691 0.594020
vt 0.117859 0.592869
vt 0.135691 0.592869
vt 0.100028 0.592869
vt 0.064366 0.594020
vt 0.064366 0.594158
vt 0.064366 0.592869
vt 0.064365 0.590540
vt 0.100028 0.590540
vt 0.117859 0.590540
vt 0.064366 0.587591
vt 0.100028 0.587591
vt 0.117859 0.587591
vt 0.100028 0.581694
vt 0.117859 0.581694
vt 0.064366 0.581694
vt 0.135690 0.587591
vt 0.135691 0.590540
vt 0.135691 0.581694
vt 0.171353 0.581694
vt 0.171353 0.587591
vt 0.207016 0.581694
vt 0.207016 0.587591
vt 0.242678 0.581694
vt 0.242678 0.587591
vt 0.278340 0.581694
vt 0.296172 0.581694
vt 0.242678 0.590540
vt 0.207016 0.590540
vt 0.242679 0.592869
vt 0.207016 0.592869
vt 0.171353 0.590540
vt 0.171353 0.592869
vt 0.171353 0.594020
vt 0.207016 0.594020
vt 0.242678 0.594020
vt 0.046534 0.587591
vt 0.046534 0.581694
vt 0.046534 0.590540
vt 0.028703 0.581694
vt 0.028703 0.587591
vt 0.028703 0.590540
vt 0.724122 0.587591
vt 0.724122 0.581694
vt 0.741953 0.581694
vt 0.741953 0.587591
vt 0.724122 0.590540
vt 0.741953 0.590540
vt 0.706291 0.581694
vt 0.706291 0.587591
vt 0.706291 0.590540
vt 0.706291 0.592869
vt 0.724122 0.592869
vt 0.741953 0.592869
vt 0.706291 0.594020
vt 0.724122 0.594020
vt 0.741953 0.594020
vt 0.028703 0.592869
vt 0.046534 0.592869
vt 0.028703 0.594020
vt 0.046534 0.594020
vt 0.046534 0.594158
vt 0.028703 0.594158
vt 0.028703 0.594851
vt 0.046534 0.594851
vt 0.064366 0.594851
vt 0.028703 0.596303
vt 0.046534 0.596303
vt 0.064365 0.596303
vt 0.046534 0.598182
vt 0.064365 0.598182
vt 0.100028 0.598182
vt 0.117859 0.598182
vt 0.100028 0.600301
vt 0.064365 0.600301
vt 0.117859 0.600301
vt 0.100028 0.602150
vt 0.064365 0.602150
vt 0.064366 0.603710
vt 0.064366 0.604734
vt 0.046534 0.603710
vt 0.046534 0.602150
vt 0.046534 0.604734
vt 0.028703 0.603710
vt 0.028703 0.602150
vt 0.028703 0.604734
vt 0.046534 0.605283
vt 0.028703 0.605283
vt 0.064365 0.605283
vt 0.028703 0.607730
vt 0.046534 0.607730
vt 0.064365 0.607730
vt 0.046534 0.609349
vt 0.064365 0.609349
vt 0.028703 0.609349
vt 0.046534 0.614526
vt 0.064366 0.614526
vt 0.100028 0.614526
vt 0.753310 0.625329
vt 0.752026 0.575547
vt 0.724122 0.607730
vt 0.724122 0.605283
vt 0.741953 0.605283
vt 0.741953 0.607730
vt 0.741953 0.609349
vt 0.706291 0.607730
vt 0.706291 0.605283
vt 0.670629 0.607730
vt 0.670629 0.605283
vt 0.670629 0.604734
vt 0.706291 0.604734
vt 0.724122 0.604734
vt 0.670629 0.603710
vt 0.706291 0.603710
vt 0.724122 0.603710
vt 0.741953 0.604734
vt 0.741953 0.603710
vt 0.724122 0.602150
vt 0.741953 0.602150
vt 0.706291 0.602150
vt 0.706291 0.600301
vt 0.724122 0.600301
vt 0.741953 0.600301
vt 0.028703 0.600301
vt 0.046534 0.600301
vt 0.724122 0.598182
vt 0.741953 0.598182
vt 0.028703 0.598182
vt 0.724122 0.596303
vt 0.741953 0.596303
vt 0.706291 0.598182
vt 0.706291 0.596303
vt 0.724122 0.594851
vt 0.741953 0.594851
vt 0.706291 0.594851
vt 0.670629 0.598182
vt 0.670629 0.596303
vt 0.670629 0.594851
vt 0.652797 0.598182
vt 0.652797 0.596303
vt 0.652797 0.594851
vt 0.634966 0.596303
vt 0.634966 0.594851
vt 0.634966 0.598182
vt 0.599304 0.598182
vt 0.599304 0.596303
vt 0.599304 0.594851
vt 0.563641 0.598182
vt 0.563641 0.596303
vt 0.563641 0.594851
vt 0.527978 0.598182
vt 0.527978 0.596303
vt 0.527978 0.594851
vt 0.492316 0.596303
vt 0.492316 0.594851
vt 0.492316 0.598182
vt 0.527978 0.594158
vt 0.563641 0.594158
vt 0.492315 0.594158
vt 0.474484 0.596303
vt 0.474484 0.594851
vt 0.474484 0.594158
vt 0.456653 0.596303
vt 0.456653 0.594851
vt 0.456653 0.594158
vt 0.456653 0.594020
vt 0.474484 0.594020
vt 0.492316 0.594020
vt 0.456653 0.592869
vt 0.474484 0.592869
vt 0.492316 0.592869
vt 0.527978 0.592869
vt 0.527978 0.594020
vt 0.563641 0.592869
vt 0.563641 0.594020
vt 0.599304 0.592869
vt 0.599304 0.594020
vt 0.599304 0.594158
vt 0.634966 0.594020
vt 0.634966 0.594158
vt 0.634966 0.592869
vt 0.652797 0.594158
vt 0.652797 0.594020
vt 0.670629 0.594158
vt 0.670628 0.594020
vt 0.652797 0.592869
vt 0.670629 0.592869
vt 0.652797 0.590540
vt 0.670629 0.590540
vt 0.634966 0.590540
vt 0.652797 0.587591
vt 0.670629 0.587591
vt 0.634966 0.587591
vt 0.634966 0.581694
vt 0.652797 0.581694
vt 0.670629 0.581694
vt 0.599304 0.587591
vt 0.563641 0.587591
vt 0.599304 0.590540
vt 0.563641 0.590540
vt 0.527978 0.590540
vt 0.492316 0.590540
vt 0.474484 0.590540
vt 0.456653 0.590540
vt 0.420991 0.590540
vt 0.420991 0.592869
vt 0.403160 0.590540
vt 0.403160 0.592869
vt 0.385328 0.592869
vt 0.403160 0.594020
vt 0.420991 0.594020
vt 0.385328 0.594020
vt 0.403160 0.594158
vt 0.420991 0.594158
vt 0.385328 0.594158
vt 0.385328 0.594851
vt 0.403160 0.594851
vt 0.420991 0.594851
vt 0.385328 0.596303
vt 0.403159 0.596303
vt 0.420991 0.596303
vt 0.403159 0.598182
vt 0.420991 0.598182
vt 0.456653 0.598182
vt 0.474484 0.598182
vt 0.456653 0.600301
vt 0.474484 0.600301
vt 0.492316 0.600301
vt 0.527978 0.600301
vt 0.492316 0.602150
vt 0.527978 0.602150
vt 0.474484 0.602150
vt 0.474484 0.603710
vt 0.492315 0.603710
vt 0.527978 0.603710
vt 0.456653 0.602150
vt 0.456653 0.603710
vt 0.456653 0.604734
vt 0.474484 0.604734
vt 0.492316 0.604734
vt 0.527978 0.604734
vt 0.563641 0.603710
vt 0.563641 0.604734
vt 0.599304 0.603710
vt 0.599304 0.604734
vt 0.634966 0.603710
vt 0.634966 0.604734
vt 0.634966 0.605283
vt 0.634966 0.607730
vt 0.652797 0.605283
vt 0.652797 0.607730
vt 0.652797 0.604734
vt 0.652797 0.603710
vt 0.634966 0.602150
vt 0.652797 0.602150
vt 0.670629 0.602150
vt 0.652797 0.600301
vt 0.670629 0.600301
vt 0.634966 0.600301
vt 0.599304 0.602150
vt 0.599304 0.600301
vt 0.563641 0.602150
vt 0.563641 0.600301
vt 0.385328 0.598182
vt 0.367497 0.598182
vt 0.367497 0.596303
vt 0.349666 0.598182
vt 0.349666 0.596303
vt 0.314003 0.598182
vt 0.349666 0.594851
vt 0.367497 0.594851
vt 0.349666 0.594158
vt 0.367497 0.594158
vt 0.367497 0.594020
vt 0.349666 0.594020
vt 0.706291 0.594158
vt 0.724122 0.594158
vt 0.741953 0.594158
vt 0.741953 0.614526
vt 0.028703 0.614526
vt 0.420991 0.569899
vt 0.420991 0.567632
vt 0.420991 0.565435
vt 0.456653 0.563371
vt 0.420991 0.563371
vt 0.474484 0.563371
vt 0.492315 0.563371
vt 0.046534 0.560832
vt 0.028703 0.560832
vt 0.028703 0.563371
vt 0.741953 0.563371
vt 0.724122 0.563371
vt 0.724122 0.560832
vt 0.741953 0.560832
vt 0.741953 0.554786
vt 0.028703 0.554786
vt 0.046534 0.554786
vt 0.706291 0.563371
vt 0.064366 0.542916
vt 0.046534 0.539308
vt 0.064366 0.539308
vt 0.064366 0.536838
vt 0.046534 0.536838
vt 0.064365 0.533169
vt 0.100028 0.533169
vt 0.046534 0.533169
vt 0.028703 0.539308
vt 0.028703 0.536838
vt 0.028703 0.533169
vt 0.064365 0.529563
vt 0.064365 0.526051
vt 0.100028 0.529563
vt 0.100028 0.526051
vt 0.100028 0.522665
vt 0.117859 0.522665
vt 0.117859 0.526051
vt 0.135691 0.522665
vt 0.117859 0.529563
vt 0.117859 0.533169
vt 0.724122 0.536838
vt 0.724122 0.533169
vt 0.741953 0.533169
vt 0.741953 0.536838
vt 0.724122 0.539308
vt 0.741953 0.539308
vt 0.296172 0.539308
vt 0.278340 0.539308
vt 0.296172 0.536838
vt 0.278341 0.536838
vt 0.242678 0.539308
vt 0.242679 0.536838
vt 0.367497 0.516543
vt 0.367497 0.514006
vt 0.367497 0.468868
vt 0.367497 0.423730
vt 0.367497 0.363546
vt 0.385328 0.363546
vt 0.403160 0.363546
vt 0.385328 0.299063
vt 0.403160 0.299063
vt 0.367497 0.299063
vt 0.385328 0.245328
vt 0.403160 0.245328
vt 0.367497 0.245328
vt 0.367497 0.236364
vt 0.385328 0.236364
vt 0.403160 0.236364
vt 0.349666 0.245328
vt 0.349666 0.299063
vt 0.349666 0.236364
vt 0.367497 0.233228
vt 0.385328 0.233228
vt 0.349666 0.233228
vt 0.367497 0.229530
vt 0.385328 0.229530
vt 0.349666 0.229530
vt 0.367497 0.225742
vt 0.403160 0.229530
vt 0.403160 0.233228
vt 0.420991 0.229530
vt 0.420991 0.233228
vt 0.420991 0.236364
vt 0.420991 0.245328
vt 0.456653 0.236364
vt 0.456653 0.245328
vt 0.456653 0.233228
vt 0.474484 0.236364
vt 0.474484 0.245328
vt 0.474484 0.233228
vt 0.492316 0.245328
vt 0.474484 0.299063
vt 0.492316 0.299063
vt 0.456653 0.299063
vt 0.492316 0.363546
vt 0.474484 0.363546
vt 0.456653 0.363546
vt 0.420991 0.299063
vt 0.420991 0.363546
vt 0.474484 0.229530
vt 0.456653 0.229530
vt 0.314003 0.229530
vt 0.314003 0.233228
vt 0.296172 0.233228
vt 0.278341 0.233228
vt 0.296172 0.236364
vt 0.314003 0.236364
vt 0.278341 0.236364
vt 0.242678 0.233228
vt 0.242678 0.236364
vt 0.296172 0.245328
vt 0.278341 0.245328
vt 0.242678 0.245328
vt 0.207016 0.236364
vt 0.207016 0.233228
vt 0.207016 0.245328
vt 0.171353 0.233228
vt 0.135691 0.233228
vt 0.135691 0.229530
vt 0.117859 0.229530
vt 0.100028 0.229530
vt 0.064366 0.229530
vt 0.046534 0.229530
vt 0.046534 0.225742
vt 0.028703 0.229530
vt 0.028703 0.225742
vt 0.314003 0.245328
vt 0.314003 0.299063
vt 0.492316 0.203088
vt 0.492316 0.205080
vt 0.474484 0.205080
vt 0.474484 0.203088
vt 0.456653 0.203088
vt 0.456653 0.205080
vt 0.456653 0.206341
vt 0.474485 0.206341
vt 0.492316 0.206341
vt 0.456653 0.207354
vt 0.474485 0.207354
vt 0.492316 0.207354
vt 0.474484 0.207918
vt 0.492316 0.207918
vt 0.527978 0.209944
vt 0.492316 0.209944
vt 0.474484 0.209944
vt 0.474484 0.210493
vt 0.492316 0.210493
vt 0.456653 0.207918
vt 0.456653 0.209944
vt 0.456653 0.210493
vt 0.456653 0.212101
vt 0.474484 0.212101
vt 0.456653 0.214661
vt 0.420991 0.212101
vt 0.420991 0.210493
vt 0.403159 0.212101
vt 0.403160 0.210493
vt 0.385328 0.212101
vt 0.385328 0.210493
vt 0.385328 0.209944
vt 0.403160 0.209944
vt 0.420991 0.209944
vt 0.385328 0.207918
vt 0.403160 0.207918
vt 0.420991 0.207918
vt 0.420991 0.207354
vt 0.403160 0.207354
vt 0.403159 0.206341
vt 0.420991 0.206341
vt 0.385328 0.207354
vt 0.385328 0.206341
vt 0.385328 0.205080
vt 0.403160 0.205080
vt 0.420991 0.205080
vt 0.367497 0.205080
vt 0.367497 0.206341
vt 0.349666 0.205080
vt 0.349666 0.206341
vt 0.349666 0.207354
vt 0.367497 0.207354
vt 0.349666 0.207918
vt 0.367497 0.207918
vt 0.367497 0.209944
vt 0.349666 0.209944
vt 0.367497 0.210493
vt 0.349666 0.210493
vt 0.367497 0.212101
vt 0.349666 0.212101
vt 0.403160 0.079088
vt 0.403160 0.077886
vt 0.420991 0.077886
vt 0.296172 0.071947
vt 0.296172 0.070413
vt 0.314003 0.070413
vt 0.278341 0.070413
vt 0.278341 0.068118
vt 0.296172 0.068118
vt 0.314003 0.068118
vt 0.296172 0.065410
vt 0.314003 0.065410
vt 0.296172 0.025307
vt 0.314003 0.025307
vt 0.278341 0.065410
vt 0.278341 0.025307
vt 0.021209 0.750954
vt 0.010200 0.776170
vt 0.034190 0.726893
vt 0.070775 0.688354
vt 0.242678 0.025307
vt 0.242678 0.065410
vt 0.117789 0.662619
vt 0.207016 0.025307
vt 0.207016 0.065410
vt 0.242678 0.068118
vt 0.207016 0.068118
vt 0.171353 0.068118
vt 0.171353 0.065410
vt 0.171353 0.025307
vt 0.171353 0.070413
vt 0.207016 0.070413
vt 0.242678 0.070413
vt 0.135691 0.070413
vt 0.135691 0.068118
vt 0.117859 0.070413
vt 0.117859 0.068118
vt 0.117859 0.071947
vt 0.100028 0.070413
vt 0.100028 0.068118
vt 0.100028 0.071947
vt 0.064366 0.071947
vt 0.046534 0.071947
vt 0.046534 0.070413
vt 0.064366 0.070413
vt 0.028703 0.071947
vt 0.028703 0.070413
vt 0.046534 0.068118
vt 0.064366 0.068118
vt 0.028703 0.068118
vt 0.724122 0.068118
vt 0.741953 0.068118
vt 0.724122 0.065410
vt 0.741953 0.065410
vt 0.028703 0.065410
vt 0.046534 0.065410
vt 0.706291 0.068118
vt 0.706291 0.065410
vt 0.706291 0.025307
vt 0.724122 0.025307
vt 0.741953 0.025307
vt 0.343893 0.793635
vt 0.338069 0.767109
vt 0.347540 0.820692
vt 0.340956 0.873214
vt 0.670629 0.025307
vt 0.329948 0.898431
vt 0.652797 0.025307
vt 0.634966 0.025307
vt 0.599303 0.025307
vt 0.028703 0.025307
vt 0.046534 0.025307
vt 0.325993 0.742784
vt 0.064366 0.025307
vt 0.064366 0.065410
vt 0.311978 0.719111
vt 0.100028 0.025307
vt 0.100028 0.065410
vt 0.117859 0.065410
vt 0.117859 0.025307
vt 0.135691 0.025307
vt 0.135691 0.065410
vt 0.170541 0.652543
vt 0.223663 0.658903
vt 0.249040 0.669910
vt 0.273223 0.682871
vt 0.003617 0.828693
vt 0.007265 0.855750
vt 0.563641 0.025307
vt 0.527978 0.025307
vt 0.180616 0.996842
vt 0.127494 0.990481
vt 0.492316 0.025307
vt 0.102117 0.979475
vt 0.474485 0.025307
vt 0.420991 0.070413
vt 0.403160 0.070413
vt 0.403160 0.071947
vt 0.420991 0.071947
s 1
usemtl initialShadingGroup.001
f 4/1/1 1/2/2 2/3/2 3345/4/1
f 1/2/2 3/5/3 3329/6/3 2/3/2
f 3/5/4 1/2/4 5/7/4
f 1/2/4 4/1/4 5/7/4
f 5/7/4 6/8/4 3/5/4
f 18/9/4 6/8/4 5/7/4
f 5/7/4 7/10/4 21/11/4
f 23/12/4 7/10/4 5/7/4
f 5/7/4 8/13/4 23/12/4
f 25/14/4 8/13/4 5/7/4
f 5/7/4 9/15/4 27/16/4
f 29/17/4 9/15/4 5/7/4
f 16/18/4 10/19/4 5/7/4
f 10/19/4 29/17/4 5/7/4
f 5/7/4 11/20/4 22/21/4
f 24/22/4 11/20/4 5/7/4
f 5/7/4 12/23/4 26/24/4
f 28/25/4 12/23/4 5/7/4
f 5/7/4 13/26/4 28/25/4
f 30/27/4 13/26/4 5/7/4
f 5/7/4 15/28/4 14/29/4
f 14/29/4 30/27/4 5/7/4
f 17/30/4 15/28/4 5/7/4
f 19/31/4 16/18/4 5/7/4
f 20/32/4 17/30/4 5/7/4
f 21/11/4 18/9/4 5/7/4
f 22/21/4 19/31/4 5/7/4
f 4/1/4 20/32/4 5/7/4
f 26/24/4 24/22/4 5/7/4
f 27/16/4 25/14/4 5/7/4
f 34/33/5 13/26/5 30/27/6 31/34/7
f 30/27/6 14/29/8 32/35/8 31/34/7
f 31/36/7 32/37/8 3349/38/9 33/39/10
f 36/40/11 34/41/5 31/36/7 33/39/10
f 28/25/12 13/26/5 34/33/5 35/42/12
f 35/43/12 34/41/5 36/40/11 38/44/13
f 37/45/14 36/40/11 33/39/10 3350/46/15
f 39/47/16 38/44/13 36/40/11 37/45/14
f 40/48/17 42/49/18 35/43/12 38/44/13
f 43/50/19 40/48/17 38/44/13 39/47/16
f 44/51/20 41/52/21 40/48/17 43/50/19
f 3344/53/22 42/49/18 40/48/17 41/52/21
f 45/54/23 43/50/19 39/47/16 46/55/24
f 47/56/25 44/51/20 43/50/19 45/54/23
f 48/57/26 45/54/23 46/55/24 49/58/27
f 50/59/28 47/56/25 45/54/23 48/57/26
f 51/60/29 48/57/26 49/58/27 53/61/30
f 54/62/31 50/59/28 48/57/26 51/60/29
f 52/60/32 51/60/29 53/61/30 66/61/33
f 54/62/31 51/60/29 52/60/32 56/62/34
f 55/63/35 54/62/31 56/62/34 57/63/36
f 55/63/35 3276/64/37 50/59/28 54/62/31
f 58/65/38 56/62/34 52/60/32 61/66/39
f 59/67/40 57/63/36 56/62/34 58/65/38
f 169/68/41 59/67/40 58/65/38 60/69/42
f 60/69/42 58/65/38 61/66/39 62/70/43
f 61/66/39 52/60/32 66/61/33 63/71/44
f 62/70/43 61/66/39 63/71/44 64/72/45
f 64/72/45 63/71/44 65/73/46 206/74/47
f 63/71/44 66/61/33 67/75/48 65/73/46
f 53/61/30 68/75/49 67/75/48 66/61/33
f 67/75/48 68/75/49 70/76/50 69/76/51
f 65/73/46 67/75/48 69/76/51 72/77/52
f 70/76/50 88/78/53 71/78/54 69/76/51
f 72/77/52 69/76/51 71/78/54 74/79/55
f 206/74/47 65/73/46 72/77/52 73/80/56
f 73/80/56 72/77/52 74/79/55 75/81/57
f 75/81/57 74/79/55 76/82/58 78/83/59
f 74/79/55 71/78/54 77/84/60 76/82/58
f 76/82/58 77/84/60 82/85/61 79/86/62
f 78/83/59 76/82/58 79/86/62 80/87/63
f 80/87/63 79/86/62 81/88/64 219/89/65
f 79/86/62 82/85/61 83/90/66 81/88/64
f 84/85/67 86/90/68 83/90/66 82/85/61
f 77/84/60 87/91/69 84/85/67 82/85/61
f 87/91/69 89/92/70 85/93/71 84/85/67
f 84/85/67 85/93/71 232/94/72 86/90/68
f 88/78/53 87/91/69 77/84/60 71/78/54
f 88/78/53 90/95/73 89/92/70 87/91/69
f 89/92/70 91/96/74 92/97/75 85/93/71
f 90/95/73 93/98/76 91/96/74 89/92/70
f 91/96/74 94/99/77 97/100/78 92/97/75
f 93/98/76 95/101/79 94/99/77 91/96/74
f 95/101/79 3349/38/9 96/102/80 94/99/77
f 94/99/77 96/102/80 98/103/81 97/100/78
f 97/100/78 98/103/81 100/104/82 99/105/83
f 92/97/75 97/100/78 99/105/83 101/106/84
f 99/105/83 100/104/82 103/107/85 102/108/86
f 101/106/84 99/105/83 102/108/86 104/109/87
f 106/110/88 105/111/89 102/108/86 103/107/85
f 105/111/89 107/112/90 104/109/87 102/108/86
f 105/111/89 106/110/88 109/113/91 108/114/92
f 107/112/90 105/111/89 108/114/92 110/115/93
f 108/114/92 109/113/91 113/116/94 111/117/95
f 110/115/93 108/114/92 111/117/95 114/118/96
f 114/118/96 111/117/95 112/119/97 115/120/98
f 111/117/95 113/116/94 3327/121/99 112/119/97
f 118/122/100 110/115/93 114/118/96 116/123/101
f 116/123/101 114/118/96 115/120/98 119/124/102
f 117/125/103 116/123/101 119/124/102 120/126/104
f 230/127/105 118/122/100 116/123/101 117/125/103
f 119/124/102 115/120/98 122/128/106 121/129/107
f 120/126/104 119/124/102 121/129/107 123/130/108
f 121/129/107 122/128/106 125/131/109 124/132/110
f 123/130/108 121/129/107 124/132/110 127/133/111
f 124/132/110 125/131/109 3316/134/112 126/135/113
f 127/133/111 124/132/110 126/135/113 128/136/114
f 129/133/115 127/133/111 128/136/114 132/136/116
f 123/130/108 127/133/111 129/133/115 130/130/117
f 240/137/118 130/130/117 129/133/115 131/138/119
f 131/138/119 129/133/115 132/136/116 133/139/120
f 128/140/114 135/141/121 134/141/122 132/140/116
f 133/142/120 132/140/116 134/141/122 137/143/123
f 134/141/122 135/141/121 3310/144/124 136/145/125
f 137/143/123 134/141/122 136/145/125 139/146/126
f 138/147/127 137/143/123 139/146/126 140/148/128
f 245/149/129 133/142/120 137/143/123 138/147/127
f 140/148/128 139/146/126 141/150/130 142/151/131
f 139/146/126 136/145/125 143/152/132 141/150/130
f 142/151/131 141/150/130 144/153/133 146/154/134
f 141/150/130 143/152/132 145/155/135 144/153/133
f 144/153/133 145/155/135 150/156/136 147/157/137
f 146/154/134 144/153/133 147/157/137 148/158/138
f 148/158/138 147/157/137 149/159/139 1105/160/140
f 147/157/137 150/156/136 152/161/141 149/159/139
f 145/155/135 3308/155/142 151/156/143 150/156/136
f 151/156/143 154/161/144 152/161/141 150/156/136
f 149/159/139 152/161/141 153/162/145 1106/163/146
f 154/161/144 156/162/147 153/162/145 152/161/141
f 151/156/143 3302/164/148 155/165/149 154/161/144
f 154/161/144 155/165/149 157/166/150 156/162/147
f 156/162/147 157/166/150 159/167/151 158/168/152
f 156/162/147 158/168/152 161/168/153 153/162/145
f 158/168/152 159/167/151 3277/169/154 160/170/155
f 158/168/152 160/170/155 163/170/156 161/168/153
f 1106/163/146 153/162/145 161/168/153 162/171/157
f 162/171/157 161/168/153 163/170/156 165/172/158
f 165/172/158 163/170/156 164/173/159 167/174/160
f 160/170/155 3274/173/161 164/173/159 163/170/156
f 1107/175/162 162/171/157 165/172/158 166/176/163
f 166/176/163 165/172/158 167/174/160 168/177/164
f 167/174/160 164/173/159 57/63/36 59/67/40
f 168/177/164 167/174/160 59/67/40 169/68/41
f 170/178/165 168/177/166 169/68/167 171/179/168
f 173/180/169 166/176/170 168/177/166 170/178/165
f 172/181/171 170/178/165 171/179/168 202/182/172
f 173/180/169 170/178/165 172/181/171 175/183/173
f 174/184/174 1107/175/162 166/176/170 173/180/169
f 174/184/174 173/180/169 175/183/173 176/185/175
f 178/186/176 176/185/175 175/183/173 177/187/177
f 177/187/177 175/183/173 172/181/171 180/188/178
f 1085/189/179 178/186/176 177/187/177 179/190/180
f 179/190/180 177/187/177 180/188/178 182/191/181
f 182/191/181 180/188/178 181/192/182 183/193/183
f 180/188/178 172/181/171 202/182/172 181/192/182
f 184/194/184 182/191/181 183/193/183 187/195/185
f 185/196/186 179/190/180 182/191/181 184/194/184
f 185/196/186 184/194/184 186/197/187 1089/198/188
f 186/197/187 184/194/184 187/195/185 188/199/189
f 187/195/185 189/200/190 190/201/191 188/199/189
f 187/195/185 183/193/183 192/202/192 189/200/190
f 189/200/190 191/203/193 315/204/194 190/201/191
f 189/200/190 192/202/192 194/205/195 191/203/193
f 183/193/183 181/192/182 193/206/196 192/202/192
f 192/202/192 193/206/196 196/207/197 194/205/195
f 191/203/193 194/205/195 195/208/198 314/209/199
f 194/205/195 196/207/197 197/210/200 195/208/198
f 196/207/197 198/211/201 199/212/202 197/210/200
f 193/206/196 201/213/203 198/211/201 196/207/197
f 198/211/201 200/214/204 204/215/205 199/212/202
f 203/216/206 200/214/204 198/211/201 201/213/203
f 181/192/182 202/182/172 201/213/203 193/206/196
f 171/179/168 203/216/206 201/213/203 202/182/172
f 171/179/168 169/68/167 60/69/42 203/216/206
f 203/216/206 60/69/42 62/70/43 200/214/204
f 200/214/204 62/70/43 64/72/45 204/215/205
f 204/215/205 205/217/207 207/218/208 199/212/202
f 204/215/205 64/72/45 206/74/47 205/217/207
f 205/217/207 206/74/47 73/80/56 208/219/209
f 207/218/208 205/217/207 208/219/209 209/220/210
f 208/219/209 210/221/211 211/222/212 209/220/210
f 208/219/209 73/80/56 75/81/57 210/221/211
f 210/221/211 212/223/213 213/224/214 211/222/212
f 210/221/211 75/81/57 78/83/215 212/223/213
f 212/223/213 78/83/215 80/87/216 214/225/217
f 213/224/214 212/223/213 214/225/217 215/226/218
f 214/225/217 216/227/219 217/228/220 215/226/218
f 214/225/217 80/87/216 219/89/65 216/227/219
f 216/227/219 218/229/221 282/230/222 217/228/220
f 216/227/219 219/89/65 220/231/223 218/229/221
f 219/89/65 81/88/64 222/232/224 220/231/223
f 221/233/225 284/234/226 218/229/221 220/231/223
f 223/235/227 221/233/225 220/231/223 222/232/224
f 81/88/64 83/90/66 224/236/228 222/232/224
f 226/237/229 223/235/227 222/232/224 224/236/228
f 225/236/230 228/237/231 226/237/229 224/236/228
f 86/90/68 225/236/230 224/236/228 83/90/66
f 223/235/227 226/237/229 227/127/232 234/238/233
f 228/237/231 230/127/105 227/127/232 226/237/229
f 228/237/231 229/239/234 118/122/100 230/127/105
f 229/239/234 228/237/231 225/236/230 231/240/235
f 230/127/105 117/125/103 233/125/236 227/127/232
f 229/239/234 107/112/90 110/115/93 118/122/100
f 107/112/90 229/239/234 231/240/235 104/109/87
f 232/94/72 101/106/84 104/109/87 231/240/235
f 86/90/68 232/94/72 231/240/235 225/236/230
f 85/93/71 92/97/75 101/106/84 232/94/72
f 234/238/233 227/127/232 233/125/236 236/241/237
f 221/233/225 223/235/227 234/238/233 235/242/238
f 235/242/238 234/238/233 236/241/237 237/243/239
f 236/241/237 233/125/236 241/126/240 238/244/241
f 237/243/239 236/241/237 238/244/241 239/245/242
f 239/245/242 238/244/241 240/137/118 242/246/243
f 238/244/241 241/126/240 130/130/117 240/137/118
f 120/126/104 123/130/108 130/130/117 241/126/240
f 233/125/236 117/125/103 120/126/104 241/126/240
f 242/246/243 240/137/118 131/138/119 244/247/244
f 293/248/245 239/245/242 242/246/243 243/249/246
f 243/249/246 242/246/243 244/247/244 246/250/247
f 246/250/247 244/247/244 245/251/129 247/252/248
f 244/247/244 131/138/119 133/139/120 245/251/129
f 248/253/249 246/250/247 247/252/248 249/254/250
f 243/249/246 246/250/247 248/253/249 250/255/251
f 251/256/252 248/253/249 249/254/250 253/257/253
f 254/258/254 250/255/251 248/253/249 251/256/252
f 252/259/255 251/256/252 253/257/253 1063/260/256
f 256/261/257 254/258/254 251/256/252 252/259/255
f 255/262/258 291/263/259 250/255/251 254/258/254
f 257/264/260 255/262/258 254/258/254 256/261/257
f 261/265/261 257/264/260 256/261/257 258/266/262
f 258/266/262 256/261/257 252/259/255 259/267/263
f 258/266/262 259/267/263 1059/268/264 260/269/265
f 261/265/261 258/266/262 260/269/265 262/270/266
f 266/271/267 263/272/268 261/265/261 262/270/266
f 263/272/268 265/273/269 257/264/260 261/265/261
f 264/274/270 289/275/271 265/273/269 263/272/268
f 264/274/270 263/272/268 266/271/267 268/276/272
f 267/277/273 266/271/267 262/270/266 1122/278/274
f 269/279/275 268/276/272 266/271/267 267/277/273
f 272/280/276 270/281/277 268/276/272 269/279/275
f 273/282/278 264/274/270 268/276/272 270/281/277
f 275/283/279 273/282/278 270/281/277 271/284/280
f 270/281/277 272/280/276 1172/285/281 271/284/280
f 273/282/278 274/286/282 289/275/271 264/274/270
f 274/286/282 273/282/278 275/283/279 277/287/283
f 276/288/284 275/283/279 271/284/280 1171/289/285
f 276/288/284 278/290/286 277/287/283 275/283/279
f 280/291/287 274/286/282 277/287/283 279/292/288
f 278/290/286 281/293/289 279/292/288 277/287/283
f 283/294/290 280/291/287 279/292/288 282/230/222
f 281/293/289 217/228/220 282/230/222 279/292/288
f 218/229/221 284/234/226 283/294/290 282/230/222
f 284/234/226 286/295/291 285/296/292 283/294/290
f 280/291/287 283/294/290 285/296/292 288/297/293
f 286/295/291 292/298/294 287/299/295 285/296/292
f 288/297/293 285/296/292 287/299/295 290/300/296
f 274/286/282 280/291/287 288/297/293 289/275/271
f 289/275/271 288/297/293 290/300/296 265/273/269
f 265/273/269 290/300/296 255/262/258 257/264/260
f 290/300/296 287/299/295 291/263/259 255/262/258
f 287/299/295 292/298/294 293/248/245 291/263/259
f 292/298/294 237/243/297 239/245/242 293/248/245
f 286/295/291 235/242/238 237/243/297 292/298/294
f 293/248/245 243/249/246 250/255/251 291/263/259
f 284/234/226 221/233/225 235/242/238 286/295/291
f 294/301/298 215/226/218 217/228/220 281/293/289
f 295/302/299 294/301/298 281/293/289 278/290/286
f 296/303/300 213/224/214 215/226/218 294/301/298
f 298/304/301 296/303/300 294/301/298 295/302/299
f 297/305/302 211/222/212 213/224/214 296/303/300
f 299/306/303 297/305/302 296/303/300 298/304/301
f 303/307/304 299/306/303 298/304/301 300/308/305
f 300/308/305 298/304/301 295/302/299 302/309/306
f 301/310/307 300/308/305 302/309/306 1169/311/308
f 303/307/304 300/308/305 301/310/307 305/312/309
f 304/313/310 3272/314/311 299/306/303 303/307/304
f 304/313/310 303/307/304 305/312/309 307/315/312
f 306/316/313 305/312/309 301/310/307 1167/317/314
f 308/318/315 307/315/312 305/312/309 306/316/313
f 311/319/316 309/320/317 307/315/312 308/318/315
f 309/320/317 310/321/318 304/313/310 307/315/312
f 314/209/199 310/321/318 309/320/317 312/322/319
f 313/323/320 312/322/319 309/320/317 311/319/316
f 316/324/321 315/204/194 312/322/319 313/323/320
f 315/204/194 191/203/193 314/209/199 312/322/319
f 317/325/322 190/201/191 315/204/194 316/324/321
f 318/326/323 316/324/321 313/323/320 319/327/324
f 320/328/325 317/325/322 316/324/321 318/326/323
f 321/329/326 318/326/323 319/327/324 322/330/327
f 323/331/328 320/328/325 318/326/323 321/329/326
f 324/332/329 321/329/326 322/330/327 325/333/330
f 326/334/331 323/331/328 321/329/326 324/332/329
f 327/335/332 324/332/329 325/333/330 328/336/333
f 329/337/334 326/334/331 324/332/329 327/335/332
f 330/338/335 327/335/332 328/336/333 331/339/336
f 332/340/337 329/337/334 327/335/332 330/338/335
f 333/341/338 330/338/335 331/339/336 336/342/339
f 332/340/337 330/338/335 333/341/338 334/343/340
f 995/344/341 334/343/340 333/341/338 335/345/342
f 335/345/342 333/341/338 336/342/339 338/346/343
f 338/346/343 336/342/339 337/347/344 340/348/345
f 331/339/336 1158/349/346 337/347/344 336/342/339
f 1201/350/347 335/345/342 338/346/343 339/351/348
f 339/351/348 338/346/343 340/348/345 342/352/349
f 340/348/345 337/347/344 1155/353/350 341/354/351
f 342/352/349 340/348/345 341/354/351 344/355/352
f 343/356/353 342/352/349 344/355/352 345/357/354
f 1202/358/355 339/351/348 342/352/349 343/356/353
f 345/357/354 344/355/352 346/359/356 347/360/357
f 344/355/352 341/354/351 348/361/358 346/359/356
f 347/360/357 346/359/356 349/362/359 351/363/360
f 346/359/356 348/361/358 350/364/361 349/362/359
f 349/362/359 350/364/361 355/365/362 352/366/363
f 351/363/360 349/362/359 352/366/363 353/367/364
f 353/367/364 352/366/363 354/368/365 413/369/366
f 352/366/363 355/365/362 357/370/367 354/368/365
f 350/364/361 1153/371/368 356/372/369 355/365/362
f 355/365/362 356/372/369 359/373/370 357/370/367
f 354/368/365 357/370/367 358/374/371 412/375/372
f 357/370/367 359/373/370 361/376/373 358/374/371
f 1151/377/374 360/378/375 359/373/370 356/372/369
f 360/378/375 362/379/376 361/376/373 359/373/370
f 362/379/376 364/380/377 363/381/378 361/376/373
f 363/381/378 366/382/379 358/374/371 361/376/373
f 364/380/377 940/383/380 365/384/381 363/381/378
f 366/382/379 363/381/378 365/384/381 368/385/382
f 366/382/379 367/386/383 412/375/372 358/374/371
f 367/386/383 366/382/379 368/385/382 369/387/384
f 368/385/382 365/384/381 371/388/385 370/389/386
f 369/387/384 368/385/382 370/389/386 373/390/387
f 370/389/386 371/388/385 936/391/388 372/392/389
f 373/390/387 370/389/386 372/392/389 374/393/390
f 375/394/391 373/390/387 374/393/390 378/395/392
f 376/396/393 369/387/384 373/390/387 375/394/391
f 407/397/394 376/396/393 375/394/391 377/398/395
f 377/398/395 375/394/391 378/395/392 379/399/396
f 379/399/396 378/395/392 380/400/397 383/401/398
f 378/395/392 374/393/390 382/402/399 380/400/397
f 380/400/397 382/402/399 930/403/400 381/404/401
f 383/401/398 380/400/397 381/404/401 385/405/402
f 404/406/403 379/399/396 383/401/398 384/407/404
f 384/407/404 383/401/398 385/405/402 387/408/405
f 387/408/405 385/405/402 386/409/406 388/410/407
f 385/405/402 381/404/401 927/411/408 386/409/406
f 389/412/409 387/408/405 388/410/407 391/413/410
f 392/414/411 384/407/404 387/408/405 389/412/409
f 390/415/412 389/412/409 391/413/410 914/416/413
f 392/414/411 389/412/409 390/415/412 394/417/414
f 393/418/415 392/414/411 394/417/414 396/419/416
f 393/418/415 404/406/403 384/407/404 392/414/411
f 395/420/417 394/417/414 390/415/412 1189/421/418
f 397/422/419 396/419/416 394/417/414 395/420/417
f 398/423/420 401/424/421 393/418/415 396/419/416
f 399/425/422 398/423/420 396/419/416 397/422/419
f 494/426/423 400/427/424 398/423/420 399/425/422
f 402/428/425 401/424/421 398/423/420 400/427/424
f 401/424/421 403/429/426 404/406/403 393/418/415
f 402/428/425 405/430/427 403/429/426 401/424/421
f 403/429/426 377/398/395 379/399/396 404/406/403
f 405/430/427 407/397/394 377/398/395 403/429/426
f 406/431/428 408/432/429 407/397/394 405/430/427
f 492/433/430 406/431/428 405/430/427 402/428/425
f 408/432/429 410/434/431 376/396/393 407/397/394
f 408/432/429 406/431/428 493/435/432 409/436/433
f 410/434/431 408/432/429 409/436/433 411/437/434
f 367/386/383 410/434/431 411/437/434 412/375/372
f 410/434/431 367/386/383 369/387/384 376/396/393
f 413/369/366 354/368/365 412/375/372 411/437/434
f 414/438/435 413/369/366 411/437/434 409/436/433
f 416/439/436 353/367/364 413/369/366 414/438/435
f 415/440/437 414/438/435 409/436/433 493/435/432
f 417/441/438 416/439/436 414/438/435 415/440/437
f 420/442/439 418/443/440 416/439/436 417/441/438
f 418/443/440 351/363/360 353/367/364 416/439/436
f 419/444/441 347/360/357 351/363/360 418/443/440
f 421/445/442 419/444/441 418/443/440 420/442/439
f 423/446/443 421/445/442 420/442/439 422/447/444
f 422/447/444 420/442/439 417/441/438 424/448/445
f 423/446/443 422/447/444 425/449/446 427/450/447
f 425/449/446 422/447/444 424/448/445 426/451/448
f 428/452/449 425/449/446 426/451/448 430/453/450
f 431/454/451 427/450/447 425/449/446 428/452/449
f 429/455/452 428/452/449 430/453/450 3267/456/453
f 433/457/454 431/454/451 428/452/449 429/455/452
f 432/458/455 1209/459/456 427/450/447 431/454/451
f 434/460/457 432/458/455 431/454/451 433/457/454
f 438/461/458 434/460/457 433/457/454 435/462/459
f 435/462/459 433/457/454 429/455/452 437/463/460
f 436/464/461 435/462/459 437/463/460 3269/465/462
f 439/466/463 438/461/458 435/462/459 436/464/461
f 440/467/464 441/468/465 434/460/457 438/461/458
f 442/469/466 440/467/464 438/461/458 439/466/463
f 443/470/467 444/471/468 441/468/465 440/467/464
f 445/472/469 443/470/467 440/467/464 442/469/466
f 446/473/470 448/474/471 444/471/468 443/470/467
f 449/475/472 446/473/470 443/470/467 445/472/469
f 447/476/473 848/477/474 448/474/471 446/473/470
f 450/478/475 447/476/473 446/473/470 449/475/472
f 450/478/475 449/475/472 451/479/476 452/480/477
f 451/479/476 449/475/472 445/472/469 454/481/478
f 831/482/479 452/480/477 451/479/476 453/483/480
f 453/483/480 451/479/476 454/481/478 455/484/481
f 455/484/481 454/481/478 456/485/482 458/486/483
f 445/472/469 442/469/466 456/485/482 454/481/478
f 458/486/483 456/485/482 457/487/484 460/488/485
f 456/485/482 442/469/466 439/466/463 457/487/484
f 825/489/486 455/484/481 458/486/483 459/490/487
f 459/490/487 458/486/483 460/488/485 461/491/488
f 461/491/488 460/488/485 462/492/489 463/493/490
f 460/488/485 457/487/484 464/494/491 462/492/489
f 463/493/490 462/492/489 465/495/492 467/496/493
f 462/492/489 464/494/491 466/497/494 465/495/492
f 465/495/492 466/497/494 471/498/495 468/499/496
f 467/496/493 465/495/492 468/499/496 469/500/497
f 469/500/497 468/499/496 470/501/498 784/502/499
f 468/499/496 471/498/495 473/503/500 470/501/498
f 466/497/494 3269/465/462 472/504/501 471/498/495
f 472/504/501 475/505/502 473/503/500 471/498/495
f 470/501/498 473/503/500 474/506/503 782/507/504
f 475/505/502 477/508/505 474/506/503 473/503/500
f 475/505/502 476/509/506 479/510/507 477/508/505
f 472/504/501 3268/511/508 476/509/506 475/505/502
f 477/508/505 478/512/509 786/513/510 474/506/503
f 480/514/511 478/512/509 477/508/505 479/510/507
f 476/509/506 482/515/512 481/516/513 479/510/507
f 483/517/514 480/514/511 479/510/507 481/516/513
f 482/515/512 485/518/515 484/519/516 481/516/513
f 486/520/517 483/517/514 481/516/513 484/519/516
f 485/518/515 490/521/518 487/522/519 484/519/516
f 488/523/520 486/520/517 484/519/516 487/522/519
f 489/524/521 492/433/430 488/523/520 487/522/519
f 491/525/522 489/524/521 487/522/519 490/521/518
f 424/448/445 491/525/522 490/521/518 426/451/448
f 430/453/450 426/451/448 490/521/518 485/518/515
f 491/525/522 415/440/437 493/435/432 489/524/521
f 424/448/445 417/441/438 415/440/437 491/525/522
f 406/431/428 492/433/430 489/524/521 493/435/432
f 492/433/430 402/428/425 400/427/424 488/523/520
f 400/427/424 494/426/423 486/520/517 488/523/520
f 494/426/423 495/526/523 483/517/514 486/520/517
f 495/526/523 494/426/423 399/425/422 497/527/524
f 495/526/523 496/528/525 480/514/511 483/517/514
f 496/528/525 495/526/523 497/527/524 499/529/526
f 497/527/524 399/425/422 397/422/419 498/530/527
f 499/529/526 497/527/524 498/530/527 500/531/528
f 502/532/529 496/528/525 499/529/526 501/533/530
f 501/533/530 499/529/526 500/531/528 503/534/531
f 502/532/529 501/533/530 504/535/532 506/536/533
f 504/535/532 501/533/530 503/534/531 505/537/534
f 507/538/535 504/535/532 505/537/534 508/539/536
f 509/540/537 506/536/533 504/535/532 507/538/535
f 510/541/538 507/538/535 508/539/536 513/542/539
f 511/543/540 509/540/537 507/538/535 510/541/538
f 511/543/540 510/541/538 512/544/541 787/545/542
f 512/544/541 510/541/538 513/542/539 514/546/543
f 513/542/539 515/547/544 516/548/545 514/546/543
f 513/542/539 508/539/536 518/549/546 515/547/544
f 515/547/544 517/550/547 1217/551/548 516/548/545
f 515/547/544 518/549/546 520/552/549 517/550/547
f 508/539/536 505/537/534 519/553/550 518/549/546
f 518/549/546 519/553/550 521/554/551 520/552/549
f 520/552/549 521/554/551 525/555/552 522/556/553
f 517/550/547 520/552/549 522/556/553 523/557/554
f 523/558/554 522/559/553 524/560/555 1221/561/556
f 522/559/553 525/562/552 527/563/557 524/560/555
f 521/554/551 1195/564/558 526/565/559 525/555/552
f 526/566/559 529/567/560 527/563/557 525/562/552
f 524/560/555 527/563/557 528/568/561 1224/569/562
f 527/563/557 529/567/560 531/570/563 528/568/561
f 529/567/560 530/571/564 532/572/565 531/570/563
f 526/566/559 1196/573/566 530/571/564 529/567/560
f 531/570/563 532/572/565 534/574/567 533/575/568
f 531/570/563 533/575/568 536/576/569 528/568/561
f 533/575/568 534/574/567 901/577/570 535/578/571
f 533/575/568 535/578/571 538/579/572 536/576/569
f 1224/569/562 528/568/561 536/576/569 537/580/573
f 537/580/573 536/576/569 538/579/572 540/581/574
f 540/581/574 538/579/572 539/582/575 542/583/576
f 538/579/572 535/578/571 900/584/577 539/582/575
f 1223/585/578 537/580/573 540/581/574 541/586/579
f 541/586/579 540/581/574 542/583/576 543/587/580
f 543/587/580 542/583/576 544/588/581 545/589/582
f 542/583/576 539/582/575 546/590/583 544/588/581
f 545/589/582 544/588/581 547/591/584 548/592/585
f 544/588/581 546/590/583 549/593/586 547/591/584
f 548/592/585 547/591/584 550/594/587 553/595/588
f 547/591/584 549/593/586 551/596/589 550/594/587
f 550/594/587 551/596/589 837/597/590 552/598/591
f 553/595/588 550/594/587 552/598/591 555/599/592
f 548/592/585 553/595/588 554/600/593 704/601/594
f 553/595/588 555/599/592 556/602/595 554/600/593
f 555/599/592 557/603/596 560/604/597 556/602/595
f 555/599/592 552/598/591 558/605/598 557/603/596
f 557/603/596 558/605/598 832/606/599 559/607/600
f 560/604/597 557/603/596 559/607/600 561/608/601
f 562/609/602 560/604/597 561/608/601 564/610/603
f 565/611/604 556/602/595 560/604/597 562/609/602
f 563/612/605 562/609/602 564/610/603 817/613/606
f 567/614/607 565/611/604 562/609/602 563/612/605
f 566/615/608 554/600/593 556/602/595 565/611/604
f 568/616/609 566/615/608 565/611/604 567/614/607
f 567/614/607 563/612/605 572/617/610 569/618/611
f 568/616/609 567/614/607 569/618/611 570/619/612
f 694/620/613 570/619/612 569/618/611 571/621/614
f 571/621/614 569/618/611 572/617/610 574/622/615
f 572/617/610 563/612/605 817/613/606 573/623/616
f 574/622/615 572/617/610 573/623/616 575/624/617
f 576/625/618 574/622/615 575/624/617 577/626/619
f 579/627/620 571/621/614 574/622/615 576/625/618
f 578/628/621 576/625/618 577/626/619 609/629/622
f 581/630/623 579/627/620 576/625/618 578/628/621
f 580/631/624 694/620/613 571/621/614 579/627/620
f 583/632/625 580/631/624 579/627/620 581/630/623
f 581/630/623 578/628/621 607/633/626 582/634/627
f 583/632/625 581/630/623 582/634/627 585/635/628
f 584/636/629 583/632/625 585/635/628 586/637/630
f 584/636/629 691/638/631 580/631/624 583/632/625
f 590/639/632 586/637/630 585/635/628 587/640/633
f 587/640/633 585/635/628 582/634/627 589/641/634
f 588/642/635 587/640/633 589/641/634 602/643/636
f 592/644/637 590/639/632 587/640/633 588/642/635
f 593/645/638 591/646/639 590/639/632 592/644/637
f 591/646/639 1226/647/640 586/637/630 590/639/632
f 595/648/641 593/645/638 592/644/637 594/649/642
f 594/649/642 592/644/637 588/642/635 597/650/643
f 595/648/641 594/649/642 596/651/644 1259/652/645
f 594/649/642 597/650/643 598/653/646 596/651/644
f 597/650/643 599/654/647 600/655/648 598/653/646
f 597/650/643 588/642/635 602/643/636 599/654/647
f 599/654/647 601/656/649 1268/657/650 600/655/648
f 599/654/647 602/643/636 603/658/651 601/656/649
f 602/643/636 589/641/634 605/659/652 603/658/651
f 601/656/649 603/658/651 604/660/653 3262/661/654
f 603/658/651 605/659/652 606/662/655 604/660/653
f 605/659/652 607/633/626 608/663/656 606/662/655
f 589/641/634 582/634/627 607/633/626 605/659/652
f 607/633/626 578/628/621 609/629/622 608/663/656
f 606/662/655 608/663/656 610/664/657 613/665/658
f 609/629/622 611/666/659 610/664/657 608/663/656
f 611/666/659 809/667/660 612/668/661 610/664/657
f 613/665/658 610/664/657 612/668/661 615/669/662
f 604/660/653 606/662/655 613/665/658 614/670/663
f 614/670/663 613/665/658 615/669/662 617/671/664
f 617/671/664 615/669/662 616/672/665 619/673/666
f 615/669/662 612/668/661 808/674/667 616/672/665
f 618/675/668 617/671/664 619/673/666 620/676/669
f 3249/677/670 614/670/663 617/671/664 618/675/668
f 620/676/669 619/673/666 621/678/671 622/679/672
f 619/673/666 616/672/665 624/680/673 621/678/671
f 622/679/672 621/678/671 623/681/674 3244/682/675
f 621/678/671 624/680/673 626/683/676 623/681/674
f 616/672/665 808/674/667 625/684/677 624/680/673
f 624/680/673 625/684/677 628/685/678 626/683/676
f 623/681/674 626/683/676 627/686/679 3264/687/680
f 626/683/676 628/685/678 630/688/681 627/686/679
f 625/684/677 805/689/682 629/690/683 628/685/678
f 629/690/683 631/691/684 630/688/681 628/685/678
f 627/686/679 630/688/681 632/692/685 635/693/686
f 631/691/684 634/694/687 632/692/685 630/688/681
f 635/693/686 632/692/685 633/695/688 637/696/689
f 632/692/685 634/694/687 762/697/690 633/695/688
f 3264/687/680 627/686/679 635/693/686 636/698/691
f 636/698/691 635/693/686 637/696/689 638/699/692
f 638/699/692 637/696/689 639/700/693 640/701/694
f 637/696/689 633/695/688 641/702/695 639/700/693
f 640/701/694 639/700/693 642/703/696 643/704/697
f 639/700/693 641/702/695 644/705/698 642/703/696
f 645/706/699 647/707/700 643/704/697 642/703/696
f 648/708/701 645/706/699 642/703/696 644/705/698
f 646/709/702 1371/710/703 647/707/700 645/706/699
f 650/711/704 646/709/702 645/706/699 648/708/701
f 760/712/705 649/713/706 648/708/701 644/705/698
f 649/713/706 651/714/707 650/711/704 648/708/701
f 646/709/702 650/711/704 652/715/708 655/716/709
f 651/714/707 654/717/710 652/715/708 650/711/704
f 655/716/709 652/715/708 653/718/711 657/719/712
f 652/715/708 654/717/710 736/720/713 653/718/711
f 656/721/714 655/716/709 657/719/712 658/722/715
f 1371/710/703 646/709/702 655/716/709 656/721/714
f 658/722/715 657/719/712 659/723/716 660/724/717
f 657/719/712 653/718/711 661/725/718 659/723/716
f 660/724/717 659/723/716 662/726/719 664/727/720
f 659/723/716 661/725/718 663/728/721 662/726/719
f 662/726/719 663/728/721 668/729/722 665/730/723
f 664/727/720 662/726/719 665/730/723 666/731/724
f 666/732/724 665/733/723 667/734/725 1240/735/726
f 665/733/723 668/736/722 670/737/727 667/734/725
f 663/728/721 735/738/728 669/739/729 668/729/722
f 669/740/729 672/741/730 670/737/727 668/736/722
f 667/734/725 670/737/727 671/742/731 1239/743/732
f 670/737/727 672/741/730 673/744/733 671/742/731
f 672/741/730 674/745/734 677/746/735 673/744/733
f 669/740/729 675/747/736 674/745/734 672/741/730
f 675/747/736 1216/748/737 676/749/738 674/745/734
f 674/745/734 676/749/738 678/750/739 677/746/735
f 677/746/735 678/750/739 680/751/740 679/752/741
f 673/744/733 677/746/735 679/752/741 681/753/742
f 679/752/741 680/751/740 683/754/743 682/755/744
f 681/753/742 679/752/741 682/755/744 684/756/745
f 682/755/744 683/754/743 686/757/746 685/758/747
f 684/756/745 682/755/744 685/758/747 687/759/748
f 685/758/747 686/757/746 689/760/749 688/761/750
f 687/759/748 685/758/747 688/761/750 690/762/751
f 688/761/750 689/760/749 692/763/752 691/638/631
f 690/762/751 688/761/750 691/638/631 584/636/629
f 691/638/631 692/763/752 694/620/613 580/631/624
f 689/760/749 695/764/753 693/765/754 692/763/752
f 692/763/752 693/765/754 570/619/612 694/620/613
f 698/766/755 696/767/756 693/765/754 695/764/753
f 696/767/756 568/616/609 570/619/612 693/765/754
f 696/767/756 697/768/757 566/615/608 568/616/609
f 698/766/755 700/769/758 697/768/757 696/767/756
f 699/770/759 698/766/755 695/764/753 713/771/760
f 699/770/759 701/772/761 700/769/758 698/766/755
f 701/772/761 703/773/762 702/774/763 700/769/758
f 700/769/758 702/774/763 704/601/594 697/768/757
f 545/589/582 548/592/585 704/601/594 702/774/763
f 543/587/580 545/589/582 702/774/763 703/773/762
f 697/768/757 704/601/594 554/600/593 566/615/608
f 707/775/764 705/776/765 703/773/762 701/772/761
f 705/776/765 541/586/579 543/587/580 703/773/762
f 1223/585/578 541/586/579 705/776/765 706/777/766
f 708/778/767 706/777/766 705/776/765 707/775/764
f 710/779/768 708/778/767 707/775/764 709/780/769
f 709/780/769 707/775/764 701/772/761 699/770/759
f 710/779/768 709/780/769 711/781/770 712/782/771
f 711/781/770 709/780/769 699/770/759 713/771/760
f 680/751/740 712/782/771 711/781/770 683/754/743
f 683/754/743 711/781/770 713/771/760 686/757/746
f 686/757/746 713/771/760 695/764/753 689/760/749
f 678/750/739 714/783/772 712/782/771 680/751/740
f 715/784/773 710/779/768 712/782/771 714/783/772
f 676/749/738 716/785/774 714/783/772 678/750/739
f 716/785/774 718/786/775 715/784/773 714/783/772
f 720/787/776 718/786/775 716/785/774 717/788/777
f 1216/748/737 717/788/777 716/785/774 676/749/738
f 718/786/775 719/789/778 1225/790/779 715/784/773
f 720/787/776 721/791/780 719/789/778 718/786/775
f 725/792/781 722/793/782 720/794/776 717/795/777
f 722/793/782 724/796/783 721/797/780 720/794/776
f 723/798/784 1215/799/785 724/796/783 722/793/782
f 723/798/784 722/793/782 725/792/781 727/800/786
f 726/801/787 725/792/781 717/795/777 1216/802/737
f 729/803/788 727/800/786 725/792/781 726/801/787
f 745/804/789 723/798/784 727/800/786 728/805/790
f 730/806/791 728/805/790 727/800/786 729/803/788
f 732/807/792 730/806/791 729/803/788 731/808/793
f 731/808/793 729/803/788 726/801/787 734/809/794
f 736/720/713 732/807/792 731/808/793 733/810/795
f 733/810/795 731/808/793 734/809/794 735/738/728
f 735/738/728 734/809/794 675/811/736 669/739/729
f 734/809/794 726/801/787 1216/802/737 675/811/736
f 733/810/795 735/738/728 663/728/721 661/725/718
f 736/720/713 733/810/795 661/725/718 653/718/711
f 654/717/710 737/812/796 732/807/792 736/720/713
f 737/812/796 739/813/797 730/806/791 732/807/792
f 738/814/798 740/815/799 739/813/797 737/812/796
f 651/714/707 738/814/798 737/812/796 654/717/710
f 740/815/799 742/816/800 741/817/801 739/813/797
f 739/813/797 741/817/801 728/805/790 730/806/791
f 746/818/802 743/819/803 741/817/801 742/816/800
f 741/817/801 743/819/803 745/804/789 728/805/790
f 743/819/803 744/820/804 1214/821/805 745/804/789
f 746/818/802 747/822/806 744/820/804 743/819/803
f 748/823/807 746/818/802 742/816/800 751/824/808
f 747/822/806 746/818/802 748/823/807 749/825/809
f 749/825/809 748/823/807 750/826/810 778/827/811
f 750/826/810 748/823/807 751/824/808 753/828/812
f 742/816/800 740/815/799 752/829/813 751/824/808
f 751/824/808 752/829/813 755/830/814 753/828/812
f 775/831/815 750/826/810 753/828/812 754/832/816
f 756/833/817 754/832/816 753/828/812 755/830/814
f 758/834/818 756/833/817 755/830/814 757/835/819
f 752/829/813 759/836/820 757/835/819 755/830/814
f 761/837/821 758/834/818 757/835/819 760/712/705
f 759/836/820 649/713/706 760/712/705 757/835/819
f 761/837/821 760/712/705 644/705/698 641/702/695
f 762/697/690 761/837/821 641/702/695 633/695/688
f 762/697/690 763/838/822 758/834/818 761/837/821
f 634/694/687 765/839/823 763/838/822 762/697/690
f 765/839/823 767/840/824 764/841/825 763/838/822
f 763/838/822 764/841/825 756/833/817 758/834/818
f 766/842/826 768/843/827 767/840/824 765/839/823
f 631/691/684 766/842/826 765/839/823 634/694/687
f 768/843/827 770/844/828 769/845/829 767/840/824
f 767/840/824 769/845/829 772/846/830 764/841/825
f 794/847/831 771/848/832 769/845/829 770/844/828
f 769/845/829 771/848/832 773/849/833 772/846/830
f 764/841/825 772/846/830 754/832/816 756/833/817
f 773/849/833 775/831/815 754/832/816 772/846/830
f 771/848/832 791/850/834 774/851/835 773/849/833
f 773/849/833 774/851/835 776/852/836 775/831/815
f 775/831/815 776/852/836 778/827/811 750/826/810
f 774/851/835 788/853/837 777/854/838 776/852/836
f 776/852/836 777/854/838 779/855/839 778/827/811
f 780/856/840 749/825/809 778/827/811 779/855/839
f 781/857/841 783/858/842 780/856/840 779/855/839
f 784/502/499 781/857/841 779/855/839 777/854/838
f 785/859/843 783/858/842 781/857/841 782/507/504
f 784/502/499 470/501/498 782/507/504 781/857/841
f 469/500/497 784/502/499 777/854/838 788/853/837
f 509/540/537 511/543/540 783/858/842 785/859/843
f 783/858/842 511/543/540 787/545/542 780/856/840
f 506/536/533 509/540/537 785/859/843 786/513/510
f 786/513/510 785/859/843 782/507/504 474/506/503
f 478/512/509 502/532/529 506/536/533 786/513/510
f 787/545/542 747/822/806 749/825/809 780/856/840
f 747/822/806 787/545/542 512/544/541 744/820/804
f 791/850/834 789/860/844 788/853/837 774/851/835
f 789/860/844 467/496/493 469/500/497 788/853/837
f 792/861/845 790/862/846 789/860/844 791/850/834
f 463/493/490 467/496/493 789/860/844 790/862/846
f 794/847/831 792/861/845 791/850/834 771/848/832
f 793/863/847 1213/864/848 790/862/846 792/861/845
f 795/865/849 793/863/847 792/861/845 794/847/831
f 795/865/849 794/847/831 770/844/828 797/866/850
f 796/867/851 823/868/852 793/863/847 795/865/849
f 799/869/853 796/867/851 795/865/849 797/866/850
f 801/870/854 799/869/853 797/866/850 798/871/855
f 798/871/855 797/866/850 770/844/828 768/843/827
f 821/872/856 796/867/851 799/869/853 800/873/857
f 802/874/858 800/873/857 799/869/853 801/870/854
f 804/875/859 802/874/858 801/870/854 803/876/860
f 803/876/860 801/870/854 798/871/855 806/877/861
f 807/878/862 804/875/859 803/876/860 805/689/682
f 805/689/682 803/876/860 806/877/861 629/690/683
f 806/877/861 798/871/855 768/843/827 766/842/826
f 629/690/683 806/877/861 766/842/826 631/691/684
f 807/878/862 805/689/682 625/684/677 808/674/667
f 809/667/660 810/879/863 804/875/859 807/878/862
f 612/668/661 809/667/660 807/878/862 808/674/667
f 611/666/659 812/880/864 810/879/863 809/667/660
f 810/879/863 811/881/865 802/874/858 804/875/859
f 812/880/864 813/882/866 811/881/865 810/879/863
f 577/626/619 575/624/617 813/882/866 812/880/864
f 609/629/622 577/626/619 812/880/864 611/666/659
f 575/624/617 573/623/616 814/883/867 813/882/866
f 813/882/866 814/883/867 815/884/868 811/881/865
f 817/613/606 816/885/869 814/883/867 573/623/616
f 816/885/869 819/886/870 815/884/868 814/883/867
f 817/613/606 564/610/603 818/887/871 816/885/869
f 816/885/869 818/887/871 820/888/872 819/886/870
f 819/886/870 820/888/872 822/889/873 821/872/856
f 815/884/868 819/886/870 821/872/856 800/873/857
f 821/872/856 822/889/873 823/868/852 796/867/851
f 822/889/873 824/890/874 826/891/875 823/868/852
f 820/888/872 827/892/876 824/890/874 822/889/873
f 827/892/876 829/893/877 825/489/486 824/890/874
f 825/489/486 459/490/487 826/891/875 824/890/874
f 818/887/871 828/894/878 827/892/876 820/888/872
f 830/895/879 829/893/877 827/892/876 828/894/878
f 830/895/879 831/482/479 453/483/480 829/893/877
f 829/893/877 453/483/480 455/484/481 825/489/486
f 559/607/600 830/895/879 828/894/878 561/608/601
f 559/607/600 832/606/599 831/482/479 830/895/879
f 832/606/599 833/896/880 452/480/477 831/482/479
f 558/605/598 835/897/881 833/896/880 832/606/599
f 835/897/881 836/898/882 834/899/883 833/896/880
f 834/899/883 450/478/475 452/480/477 833/896/880
f 838/900/884 836/898/882 835/897/881 837/597/590
f 552/598/591 837/597/590 835/897/881 558/605/598
f 839/901/885 838/900/884 837/597/590 551/596/589
f 838/900/884 840/902/886 843/903/887 836/898/882
f 839/901/885 841/904/888 840/902/886 838/900/884
f 841/904/888 888/905/889 842/906/890 840/902/886
f 840/902/886 842/906/890 844/907/891 843/903/887
f 843/903/887 844/907/891 846/908/892 845/909/893
f 836/898/882 843/903/887 845/909/893 834/899/883
f 845/909/893 846/908/892 848/477/474 447/476/473
f 834/899/883 845/909/893 447/476/473 450/478/475
f 844/907/891 1198/910/894 847/911/895 846/908/892
f 846/908/892 847/911/895 849/912/896 848/477/474
f 848/477/474 849/912/896 851/913/897 448/474/471
f 847/911/895 1199/914/898 850/915/899 849/912/896
f 849/912/896 850/915/899 853/916/900 851/913/897
f 448/474/471 851/913/897 852/917/901 444/471/468
f 851/913/897 853/916/900 854/918/902 852/917/901
f 853/916/900 855/919/903 856/920/904 854/918/902
f 857/921/905 855/919/903 853/916/900 850/915/899
f 855/919/903 858/922/906 859/923/907 856/920/904
f 857/921/905 861/924/908 858/922/906 855/919/903
f 858/922/906 860/925/909 1203/926/910 859/923/907
f 861/924/908 863/927/911 860/925/909 858/922/906
f 862/928/912 864/929/913 863/927/911 861/924/908
f 1200/930/914 862/928/912 861/924/908 857/921/905
f 864/929/913 868/931/915 865/932/916 863/927/911
f 863/927/911 865/932/916 866/933/917 860/925/909
f 865/932/916 867/934/918 1201/350/347 866/933/917
f 868/931/915 869/935/919 867/934/918 865/932/916
f 873/936/920 870/937/921 868/931/915 864/929/913
f 870/937/921 872/938/922 869/935/919 868/931/915
f 871/939/923 987/940/924 872/938/922 870/937/921
f 875/941/925 871/939/923 870/937/921 873/936/920
f 874/942/926 873/936/920 864/929/913 862/928/912
f 877/943/927 875/941/925 873/936/920 874/942/926
f 876/944/928 988/945/929 871/939/923 875/941/925
f 878/946/930 876/944/928 875/941/925 877/943/927
f 880/947/931 878/946/930 877/943/927 879/948/932
f 879/948/932 877/943/927 874/942/926 881/949/933
f 880/947/931 879/948/932 882/950/934 885/951/935
f 879/948/932 881/949/933 883/952/936 882/950/934
f 884/953/937 882/950/934 883/952/936 1198/910/894
f 887/954/938 885/951/935 882/950/934 884/953/937
f 1177/955/939 880/947/931 885/951/935 886/956/940
f 889/957/941 886/956/940 885/951/935 887/954/938
f 888/905/889 887/954/938 884/953/937 842/906/890
f 890/958/942 889/957/941 887/954/938 888/905/889
f 891/959/943 893/960/944 886/956/940 889/957/941
f 894/961/945 891/959/943 889/957/941 890/958/942
f 892/962/946 1181/963/947 893/960/944 891/959/943
f 895/964/948 892/962/946 891/959/943 894/961/945
f 899/965/949 895/964/948 894/961/945 896/966/950
f 896/966/950 894/961/945 890/958/942 898/967/951
f 897/968/952 896/966/950 898/967/951 1197/969/953
f 900/584/577 899/965/949 896/966/950 897/968/952
f 901/577/570 902/970/954 895/964/948 899/965/949
f 535/578/571 901/577/570 899/965/949 900/584/577
f 534/574/567 904/971/955 902/970/954 901/577/570
f 902/970/954 903/972/956 892/962/946 895/964/948
f 904/971/955 906/973/957 903/972/956 902/970/954
f 905/974/958 908/975/959 906/973/957 904/971/955
f 532/572/565 905/974/958 904/971/955 534/574/567
f 906/973/957 907/976/960 1184/977/961 903/972/956
f 908/975/959 909/978/962 907/976/960 906/973/957
f 910/979/963 913/980/964 909/978/962 908/975/959
f 911/981/965 910/979/963 908/975/959 905/974/958
f 1188/982/966 912/983/967 910/979/963 911/981/965
f 912/983/967 914/984/413 913/980/964 910/979/963
f 391/985/410 915/986/968 913/980/964 914/984/413
f 913/980/964 915/986/968 917/987/969 909/978/962
f 391/985/410 388/988/407 916/989/970 915/986/968
f 915/986/968 916/989/970 919/990/971 917/987/969
f 917/987/969 918/991/972 907/976/960 909/978/962
f 917/987/969 919/990/971 920/992/973 918/991/972
f 919/990/971 921/993/974 922/994/975 920/992/973
f 916/989/970 924/995/976 921/993/974 919/990/971
f 921/993/974 923/996/977 1187/997/978 922/994/975
f 924/995/976 925/998/979 923/996/977 921/993/974
f 386/999/406 927/1000/408 925/998/979 924/995/976
f 388/988/407 386/999/406 924/995/976 916/989/970
f 925/998/979 926/1001/980 969/1002/981 923/996/977
f 927/1000/408 928/1003/982 926/1001/980 925/998/979
f 381/404/401 930/403/400 928/1004/982 927/411/408
f 928/1003/982 929/1005/983 964/1006/984 926/1001/980
f 930/403/400 931/1007/985 929/1008/983 928/1004/982
f 382/402/399 933/1009/986 931/1007/985 930/403/400
f 931/1007/985 932/1010/987 966/1011/988 929/1008/983
f 933/1009/986 934/1012/989 932/1010/987 931/1007/985
f 372/392/389 936/391/388 934/1012/989 933/1009/986
f 374/393/390 372/392/389 933/1009/986 382/402/399
f 935/1013/990 955/1014/991 932/1010/987 934/1012/989
f 937/1015/992 935/1013/990 934/1012/989 936/391/388
f 371/388/385 939/1016/993 937/1015/992 936/391/388
f 939/1016/993 941/1017/994 938/1018/995 937/1015/992
f 937/1015/992 938/1018/995 950/1019/996 935/1013/990
f 940/383/380 939/1016/993 371/388/385 365/384/381
f 940/383/380 942/1020/997 941/1017/994 939/1016/993
f 941/1017/994 943/1021/998 946/1022/999 938/1018/995
f 942/1020/997 944/1023/1000 943/1021/998 941/1017/994
f 944/1023/1000 1126/1024/1001 945/1025/1002 943/1021/998
f 943/1021/998 945/1025/1002 947/1026/1003 946/1022/999
f 946/1022/999 947/1026/1003 949/1027/1004 948/1028/1005
f 938/1018/995 946/1022/999 948/1028/1005 950/1019/996
f 948/1028/1005 949/1027/1004 953/1029/1006 951/1030/1007
f 950/1019/996 948/1028/1005 951/1030/1007 954/1031/1008
f 954/1031/1008 951/1030/1007 952/1032/1009 956/1033/1010
f 951/1030/1007 953/1029/1006 1052/1034/1011 952/1032/1009
f 955/1014/991 954/1031/1008 956/1033/1010 957/1035/1012
f 935/1013/990 950/1019/996 954/1031/1008 955/1014/991
f 956/1036/1010 952/1037/1009 959/1038/1013 958/1039/1014
f 957/1040/1012 956/1036/1010 958/1039/1014 961/1041/1015
f 958/1039/1014 959/1038/1013 1047/1042/1016 960/1043/1017
f 961/1041/1015 958/1039/1014 960/1043/1017 962/1044/1018
f 963/1045/1019 961/1041/1015 962/1044/1018 965/1046/1020
f 957/1040/1012 961/1041/1015 963/1045/1019 966/1047/988
f 964/1006/984 963/1045/1019 965/1046/1020 968/1048/1021
f 929/1005/983 966/1047/988 963/1045/1019 964/1006/984
f 932/1010/987 955/1014/991 957/1035/1012 966/1011/988
f 968/1048/1021 965/1046/1020 967/1049/1022 970/1050/1023
f 962/1044/1018 1036/1051/1024 967/1049/1022 965/1046/1020
f 926/1001/980 964/1006/984 968/1048/1021 969/1002/981
f 969/1002/981 968/1048/1021 970/1050/1023 971/1052/1025
f 970/1050/1023 967/1049/1022 973/1053/1026 972/1054/1027
f 971/1052/1025 970/1050/1023 972/1054/1027 975/1055/1028
f 972/1054/1027 973/1053/1026 1038/1056/1029 974/1057/1030
f 975/1055/1028 972/1054/1027 974/1057/1030 977/1058/1031
f 976/1059/1032 975/1055/1028 977/1058/1031 978/1060/1033
f 1187/997/978 971/1052/1025 975/1055/1028 976/1059/1032
f 978/1060/1033 977/1058/1031 979/1061/1034 980/1062/1035
f 977/1058/1031 974/1057/1030 981/1063/1036 979/1061/1034
f 980/1062/1035 979/1061/1034 982/1064/1037 983/1065/1038
f 979/1061/1034 981/1063/1036 984/1066/1039 982/1064/1037
f 983/1065/1038 982/1064/1037 985/1067/1040 988/945/929
f 982/1064/1037 984/1066/1039 986/1068/1041 985/1067/1040
f 985/1067/1040 986/1068/1041 989/1069/1042 987/940/924
f 988/945/929 985/1067/1040 987/940/924 871/939/923
f 1173/1070/1043 983/1065/1038 988/945/929 876/944/928
f 987/940/924 989/1069/1042 991/1071/1044 872/938/922
f 989/1069/1042 990/1072/1045 992/1073/1046 991/1071/1044
f 986/1068/1041 1041/1074/1047 990/1072/1045 989/1069/1042
f 991/1071/1044 992/1073/1046 994/1075/1048 993/1076/1049
f 872/938/922 991/1071/1044 993/1076/1049 869/935/919
f 993/1076/1049 994/1075/1048 334/343/340 995/344/341
f 869/935/919 993/1076/1049 995/344/341 867/934/918
f 867/934/918 995/344/341 335/345/342 1201/350/347
f 996/1077/1050 332/340/337 334/343/340 994/1075/1048
f 992/1073/1046 998/1078/1051 996/1077/1050 994/1075/1048
f 998/1078/1051 1000/1079/1052 997/1080/1053 996/1077/1050
f 996/1077/1050 997/1080/1053 329/337/334 332/340/337
f 999/1081/1054 998/1078/1051 992/1073/1046 990/1072/1045
f 999/1081/1054 1002/1082/1055 1000/1079/1052 998/1078/1051
f 1000/1079/1052 1001/1083/1056 1098/1084/1057 997/1080/1053
f 1002/1082/1055 1004/1085/1058 1001/1083/1056 1000/1079/1052
f 1003/1086/1059 1006/1087/1060 1004/1085/1058 1002/1082/1055
f 1044/1088/1061 1003/1086/1059 1002/1082/1055 999/1081/1054
f 1004/1085/1058 1005/1089/1062 1099/1090/1063 1001/1083/1056
f 1006/1087/1060 1008/1091/1064 1005/1089/1062 1004/1085/1058
f 1007/1092/1065 1010/1093/1066 1008/1091/1064 1006/1087/1060
f 1043/1094/1067 1007/1092/1065 1006/1087/1060 1003/1086/1059
f 1008/1091/1064 1009/1095/1068 1092/1096/1069 1005/1089/1062
f 1010/1093/1066 1012/1097/1070 1009/1095/1068 1008/1091/1064
f 1011/1098/1071 1014/1099/1072 1012/1097/1070 1010/1093/1066
f 1046/1100/1073 1011/1098/1071 1010/1093/1066 1007/1092/1065
f 1012/1097/1070 1013/1101/1074 1088/1102/1075 1009/1095/1068
f 1014/1099/1072 1016/1103/1076 1013/1101/1074 1012/1097/1070
f 1015/1104/1077 1018/1105/1078 1016/1103/1076 1014/1099/1072
f 1026/1106/1079 1015/1104/1077 1014/1099/1072 1011/1098/1071
f 1016/1103/1076 1017/1107/1080 1090/1108/1081 1013/1101/1074
f 1018/1105/1078 1019/1109/1082 1017/1107/1080 1016/1103/1076
f 1020/1110/1083 1022/1111/1084 1019/1109/1082 1018/1105/1078
f 1023/1112/1085 1020/1110/1083 1018/1105/1078 1015/1104/1077
f 1021/1113/1086 1118/1114/1087 1022/1111/1084 1020/1110/1083
f 1024/1115/1088 1021/1113/1086 1020/1110/1083 1023/1112/1085
f 1025/1116/1089 1023/1112/1085 1015/1104/1077 1026/1106/1079
f 1027/1117/1090 1024/1115/1088 1023/1112/1085 1025/1116/1089
f 1028/1118/1091 1025/1116/1089 1026/1106/1079 1029/1119/1092
f 1030/1120/1093 1027/1117/1090 1025/1116/1089 1028/1118/1091
f 1031/1121/1094 1028/1118/1091 1029/1119/1092 1032/1122/1095
f 1033/1123/1096 1030/1120/1093 1028/1118/1091 1031/1121/1094
f 1034/1124/1097 1031/1121/1094 1032/1122/1095 1035/1125/1098
f 1036/1051/1024 1033/1123/1096 1031/1121/1094 1034/1124/1097
f 973/1053/1026 1034/1124/1097 1035/1125/1098 1038/1056/1029
f 1036/1051/1024 1034/1124/1097 973/1053/1026 967/1049/1022
f 962/1044/1018 960/1043/1017 1033/1123/1096 1036/1051/1024
f 1035/1125/1098 1032/1122/1095 1045/1126/1099 1037/1127/1100
f 1035/1125/1098 1037/1127/1100 1039/1128/1101 1038/1056/1029
f 974/1057/1030 1038/1056/1029 1039/1128/1101 981/1063/1036
f 1037/1127/1100 1042/1129/1102 1040/1130/1103 1039/1128/1101
f 981/1063/1036 1039/1128/1101 1040/1130/1103 984/1066/1039
f 984/1066/1039 1040/1130/1103 1041/1074/1047 986/1068/1041
f 1042/1129/1102 1044/1088/1061 1041/1074/1047 1040/1130/1103
f 1042/1129/1102 1043/1094/1067 1003/1086/1059 1044/1088/1061
f 1037/1127/1100 1045/1126/1099 1043/1094/1067 1042/1129/1102
f 1044/1088/1061 999/1081/1054 990/1072/1045 1041/1074/1047
f 1045/1126/1099 1046/1100/1073 1007/1092/1065 1043/1094/1067
f 1032/1122/1095 1029/1119/1092 1046/1100/1073 1045/1126/1099
f 1029/1119/1092 1026/1106/1079 1011/1098/1071 1046/1100/1073
f 960/1043/1017 1047/1042/1016 1030/1120/1093 1033/1123/1096
f 1047/1042/1016 1048/1131/1104 1027/1117/1090 1030/1120/1093
f 959/1038/1013 1050/1132/1105 1048/1131/1104 1047/1042/1016
f 1050/1132/1105 1051/1133/1106 1049/1134/1107 1048/1131/1104
f 1048/1131/1104 1049/1134/1107 1024/1115/1088 1027/1117/1090
f 1052/1135/1011 1053/1136/1108 1051/1133/1106 1050/1132/1105
f 952/1037/1009 1052/1135/1011 1050/1132/1105 959/1038/1013
f 953/1029/1006 1055/1137/1109 1053/1138/1108 1052/1034/1011
f 1055/1137/1109 1057/1139/1110 1054/1140/1111 1053/1138/1108
f 1053/1136/1108 1054/1141/1111 1121/1142/1112 1051/1133/1106
f 1056/1143/1113 1058/1144/1114 1057/1139/1110 1055/1137/1109
f 949/1027/1004 1056/1143/1113 1055/1137/1109 953/1029/1006
f 1057/1139/1110 1059/268/264 1060/1145/1115 1054/1140/1111
f 1058/1144/1114 260/269/265 1059/268/264 1057/1139/1110
f 1059/268/264 259/267/263 1062/1146/1116 1060/1145/1115
f 1054/1141/1111 1060/1147/1115 1061/1148/1117 1121/1142/1112
f 1062/1149/1116 1064/1150/1118 1061/1148/1117 1060/1147/1115
f 259/267/263 252/259/255 1063/260/256 1062/1146/1116
f 1062/1149/1116 1063/1151/256 1066/1152/1119 1064/1150/1118
f 1061/1148/1117 1064/1150/1118 1065/1153/1120 1119/1154/1121
f 1064/1150/1118 1066/1152/1119 1068/1155/1122 1065/1153/1120
f 1063/1151/256 253/1156/253 1067/1157/1123 1066/1152/1119
f 1066/1152/1119 1067/1157/1123 1069/1158/1124 1068/1155/1122
f 1068/1155/1122 1069/1158/1124 1071/1159/1125 1070/1160/1126
f 1065/1153/1120 1068/1155/1122 1070/1160/1126 1072/1161/1127
f 1070/1160/1126 1071/1159/1125 1074/1162/1128 1073/1163/1129
f 1072/1161/1127 1070/1160/1126 1073/1163/1129 1075/1164/1130
f 1073/1163/1129 1074/1162/1128 1077/1165/1131 1076/1166/1132
f 1075/1164/1130 1073/1163/1129 1076/1166/1132 1078/1167/1133
f 1076/1166/1132 1077/1165/1131 1080/1168/1134 1079/1169/1135
f 1078/1167/1133 1076/1166/1132 1079/1169/1135 1081/1170/1136
f 1079/1169/1135 1080/1168/1134 1083/1171/1137 1082/1172/1138
f 1081/1170/1136 1079/1169/1135 1082/1172/1138 1084/1173/1139
f 1082/1172/1138 1083/1171/1137 178/186/176 1085/189/179
f 1084/1173/1139 1082/1172/1138 1085/189/179 1086/1174/1140
f 1086/1174/1140 1085/189/179 179/190/180 185/196/186
f 1084/1173/1139 1086/1174/1140 1087/1175/1141 1090/1108/1081
f 1086/1174/1140 185/196/186 1089/198/188 1087/1175/1141
f 1088/1102/1075 1087/1175/1141 1089/198/188 1091/1176/1142
f 1013/1101/1074 1090/1108/1081 1087/1175/1141 1088/1102/1075
f 1081/1170/1136 1084/1173/1139 1090/1108/1081 1017/1107/1080
f 1091/1176/1142 1089/198/188 186/197/187 1093/1177/1143
f 1092/1096/1069 1091/1176/1142 1093/1177/1143 1094/1178/1144
f 1009/1095/1068 1088/1102/1075 1091/1176/1142 1092/1096/1069
f 1093/1177/1143 186/197/187 188/199/189 1095/1179/1145
f 1094/1178/1144 1093/1177/1143 1095/1179/1145 1096/1180/1146
f 1095/1179/1145 188/199/189 190/201/191 317/325/322
f 1096/1180/1146 1095/1179/1145 317/325/322 320/328/325
f 1099/1090/1063 1094/1178/1144 1096/1180/1146 1097/1181/1147
f 1097/1181/1147 1096/1180/1146 320/328/325 323/331/328
f 1001/1083/1056 1099/1090/1063 1097/1181/1147 1098/1084/1057
f 1098/1084/1057 1097/1181/1147 323/331/328 326/334/331
f 1005/1089/1062 1092/1096/1069 1094/1178/1144 1099/1090/1063
f 997/1080/1053 1098/1084/1057 326/334/331 329/337/334
f 1080/1168/1134 1101/1182/1148 1100/1183/1149 1083/1171/1137
f 1083/1171/1137 1100/1183/1149 176/185/175 178/186/176
f 1103/1184/1150 1102/1185/1151 1100/1183/1149 1101/1182/1148
f 1102/1185/1151 174/184/174 176/185/175 1100/1183/1149
f 1103/1184/1150 1105/160/1152 1104/1186/1153 1102/1185/1151
f 1102/1185/1151 1104/1186/1153 1107/175/162 174/184/174
f 1105/160/140 149/159/139 1106/163/146 1104/1186/1153
f 1104/1186/1153 1106/163/146 162/171/157 1107/175/162
f 1108/1187/1154 148/158/1155 1105/160/1152 1103/1184/1150
f 1108/1187/1154 1103/1184/1150 1101/1182/1148 1109/1188/1156
f 1112/1189/1157 1110/1190/1158 1108/1187/1154 1109/1188/1156
f 1110/1190/1158 146/154/1159 148/158/1155 1108/1187/1154
f 1111/1191/1160 142/151/1161 146/154/1159 1110/1190/1158
f 1111/1191/1160 1110/1190/1158 1112/1189/1157 1113/1192/1162
f 1071/1159/1125 1113/1192/1162 1112/1189/1157 1074/1162/1128
f 1074/1162/1128 1112/1189/1157 1109/1188/1156 1077/1165/1131
f 1115/1193/1163 1111/1191/1160 1113/1192/1162 1114/1194/1164
f 1069/1158/1124 1114/1194/1164 1113/1192/1162 1071/1159/1125
f 1116/1195/1165 1117/1196/1166 1115/1193/1163 1114/1194/1164
f 1067/1157/1123 1116/1195/1165 1114/1194/1164 1069/1158/1124
f 253/1156/253 249/1197/250 1116/1195/1165 1067/1157/1123
f 247/1198/248 1117/1196/1166 1116/1195/1165 249/1197/250
f 247/1198/248 245/149/129 138/147/1167 1117/1196/1166
f 1117/1196/1166 138/147/1167 140/148/1168 1115/1193/1163
f 1115/1193/1163 140/148/1168 142/151/1161 1111/1191/1160
f 1077/1165/1131 1109/1188/1156 1101/1182/1148 1080/1168/1134
f 1078/1167/1133 1081/1170/1136 1017/1107/1080 1019/1109/1082
f 1022/1111/1084 1075/1164/1130 1078/1167/1133 1019/1109/1082
f 1072/1161/1127 1075/1164/1130 1022/1111/1084 1118/1114/1087
f 1065/1153/1120 1072/1161/1127 1118/1114/1087 1119/1154/1121
f 1120/1199/1169 1119/1154/1121 1118/1114/1087 1021/1113/1086
f 1121/1142/1112 1061/1148/1117 1119/1154/1121 1120/1199/1169
f 1051/1133/1106 1121/1142/1112 1120/1199/1169 1049/1134/1107
f 1049/1134/1107 1120/1199/1169 1021/1113/1086 1024/1115/1088
f 1122/278/274 262/270/266 260/269/265 1058/1144/1114
f 1123/1200/1170 1122/278/274 1058/1144/1114 1056/1143/1113
f 1124/1201/1171 267/277/273 1122/278/274 1123/1200/1170
f 945/1025/1002 1124/1201/1171 1123/1200/1170 947/1026/1003
f 947/1026/1003 1123/1200/1170 1056/1143/1113 949/1027/1004
f 1125/1202/1172 269/279/275 267/277/273 1124/1201/1171
f 1126/1024/1001 1125/1202/1172 1124/1201/1171 945/1025/1002
f 1127/1203/1173 272/280/276 269/279/275 1125/1202/1172
f 1129/1204/1174 1127/1203/1173 1125/1202/1172 1126/1024/1001
f 272/280/276 1127/1203/1173 1128/1205/1175 1172/285/281
f 1127/1203/1173 1129/1204/1174 1130/1206/1176 1128/1205/1175
f 1129/1204/1174 1131/1207/1177 1132/1208/1178 1130/1206/1176
f 1131/1207/1177 1129/1204/1174 1126/1024/1001 944/1023/1000
f 1131/1207/1177 1133/1209/1179 1134/1210/1180 1132/1208/1178
f 1133/1209/1179 1131/1207/1177 944/1023/1000 942/1020/997
f 1133/1209/1179 364/380/377 362/379/376 1134/1210/1180
f 364/380/377 1133/1209/1179 942/1020/997 940/383/380
f 1135/1211/1181 1137/1212/1182 1132/1208/1178 1134/1210/1180
f 360/378/375 1135/1211/1181 1134/1210/1180 362/379/376
f 1151/377/374 1136/1213/1183 1135/1211/1181 360/378/375
f 1136/1213/1183 1138/1214/1184 1137/1212/1182 1135/1211/1181
f 1138/1214/1184 1141/1215/1185 1139/1216/1186 1137/1212/1182
f 1137/1212/1182 1139/1216/1186 1130/1206/1176 1132/1208/1178
f 1139/1216/1186 1140/1217/1187 1128/1205/1175 1130/1206/1176
f 1141/1215/1185 1142/1218/1188 1140/1217/1187 1139/1216/1186
f 1143/1219/1189 1145/1220/1190 1142/1218/1188 1141/1215/1185
f 1146/1221/1191 1143/1219/1189 1141/1215/1185 1138/1214/1184
f 1144/1222/1192 1166/1223/1193 1145/1220/1190 1143/1219/1189
f 1147/1224/1194 1144/1222/1192 1143/1219/1189 1146/1221/1191
f 1148/1225/1195 1146/1221/1191 1138/1214/1184 1136/1213/1183
f 1149/1226/1196 1147/1224/1194 1146/1221/1191 1148/1225/1195
f 1150/1227/1197 1148/1225/1195 1136/1213/1183 1151/377/374
f 1152/1228/1198 1149/1226/1196 1148/1225/1195 1150/1227/1197
f 1153/371/368 1150/1227/1197 1151/377/374 356/372/369
f 1152/1228/1198 1150/1227/1197 1153/371/368 1154/1229/1199
f 348/361/358 1154/1229/1199 1153/371/368 350/364/361
f 341/354/351 1155/353/350 1154/1229/1199 348/361/358
f 1156/1230/1200 1152/1228/1198 1154/1229/1199 1155/353/350
f 337/347/344 1158/349/346 1156/1230/1200 1155/353/350
f 1158/349/346 1159/1231/1201 1157/1232/1202 1156/1230/1200
f 1156/1230/1200 1157/1232/1202 1149/1226/1196 1152/1228/1198
f 331/339/336 328/336/333 1159/1231/1201 1158/349/346
f 1159/1231/1201 1160/1233/1203 1161/1234/1204 1157/1232/1202
f 328/336/333 325/333/330 1160/1233/1203 1159/1231/1201
f 1160/1233/1203 1162/1235/1205 1163/1236/1206 1161/1234/1204
f 325/333/330 322/330/327 1162/1235/1205 1160/1233/1203
f 1162/1235/1205 1164/1237/1207 1165/1238/1208 1163/1236/1206
f 322/330/327 319/327/324 1164/1237/1207 1162/1235/1205
f 1164/1237/1207 311/319/316 308/318/315 1165/1238/1208
f 319/327/324 313/323/320 311/319/316 1164/1237/1207
f 1163/1236/1206 1165/1238/1208 1166/1223/1193 1144/1222/1192
f 1165/1238/1208 308/318/315 306/316/313 1166/1223/1193
f 1166/1223/1193 306/316/313 1167/317/314 1145/1220/1190
f 1161/1234/1204 1163/1236/1206 1144/1222/1192 1147/1224/1194
f 1157/1232/1202 1161/1234/1204 1147/1224/1194 1149/1226/1196
f 1145/1220/1190 1167/317/314 1168/1239/1209 1142/1218/1188
f 1167/317/314 301/310/307 1169/311/308 1168/1239/1209
f 1168/1239/1209 1169/311/308 1171/289/285 1170/1240/1210
f 1142/1218/1188 1168/1239/1209 1170/1240/1210 1140/1217/1187
f 1170/1240/1210 1171/289/285 271/284/280 1172/285/281
f 1140/1217/1187 1170/1240/1210 1172/285/281 1128/1205/1175
f 302/309/306 276/288/284 1171/289/285 1169/311/308
f 1174/1241/1211 980/1062/1035 983/1065/1038 1173/1070/1043
f 1176/1242/1212 1174/1241/1211 1173/1070/1043 1175/1243/1213
f 1175/1243/1213 1173/1070/1043 876/944/928 878/946/930
f 1178/1244/1214 1176/1242/1212 1175/1243/1213 1177/955/939
f 1177/955/939 1175/1243/1213 878/946/930 880/947/931
f 1178/1244/1214 1177/955/939 886/956/940 893/960/944
f 1179/1245/1215 1180/1246/1216 1176/1242/1212 1178/1244/1214
f 1179/1245/1215 1178/1244/1214 893/960/944 1181/963/947
f 1182/1247/1217 1183/1248/1218 1180/1246/1216 1179/1245/1215
f 1184/977/961 1182/1247/1217 1179/1245/1215 1181/963/947
f 918/991/972 1182/1247/1217 1184/977/961 907/976/960
f 918/991/972 920/992/973 1183/1248/1218 1182/1247/1217
f 903/972/956 1184/977/961 1181/963/947 892/962/946
f 920/992/973 922/994/975 1185/1249/1219 1183/1248/1218
f 1183/1248/1218 1185/1249/1219 1186/1250/1220 1180/1246/1216
f 922/994/975 1187/997/978 976/1059/1032 1185/1249/1219
f 1185/1249/1219 976/1059/1032 978/1060/1033 1186/1250/1220
f 1180/1246/1216 1186/1250/1220 1174/1241/1211 1176/1242/1212
f 1186/1250/1220 978/1060/1033 980/1062/1035 1174/1241/1211
f 923/996/977 969/1002/981 971/1052/1025 1187/997/978
f 1189/421/418 390/415/412 914/416/413 912/1251/967
f 1190/1252/1221 1189/421/418 912/1251/967 1188/1253/966
f 1192/1254/1222 395/420/417 1189/421/418 1190/1252/1221
f 1191/1255/1223 1190/1252/1221 1188/1253/966 1196/1256/566
f 1193/1257/1224 1192/1254/1222 1190/1252/1221 1191/1255/1223
f 498/530/527 397/422/419 395/420/417 1192/1254/1222
f 500/531/528 498/530/527 1192/1254/1222 1193/1257/1224
f 503/534/531 500/531/528 1193/1257/1224 1194/1258/1225
f 1194/1258/1225 1193/1257/1224 1191/1255/1223 1195/564/558
f 1194/1258/1225 1195/564/558 521/554/551 519/553/550
f 503/534/531 1194/1258/1225 519/553/550 505/537/534
f 1195/564/558 1191/1255/1223 1196/1256/566 526/565/559
f 1196/573/566 1188/982/966 911/981/965 530/571/564
f 530/571/564 911/981/965 905/974/958 532/572/565
f 900/584/577 897/968/952 546/590/583 539/582/575
f 898/967/951 890/958/942 888/905/889 841/904/888
f 1197/969/953 898/967/951 841/904/888 839/901/885
f 897/968/952 1197/969/953 549/593/586 546/590/583
f 1197/969/953 839/901/885 551/596/589 549/593/586
f 842/906/890 884/953/937 1198/910/894 844/907/891
f 1198/910/894 883/952/936 1199/914/898 847/911/895
f 883/952/936 881/949/933 1200/930/914 1199/914/898
f 1200/930/914 857/921/905 850/915/899 1199/914/898
f 881/949/933 874/942/926 862/928/912 1200/930/914
f 866/933/917 1201/350/347 339/351/348 1202/358/355
f 860/925/909 866/933/917 1202/358/355 1203/926/910
f 1203/926/910 1202/358/355 343/356/353 1204/1259/1226
f 859/923/907 1203/926/910 1204/1259/1226 1205/1260/1227
f 1204/1259/1226 343/356/353 345/357/354 1206/1261/1228
f 1205/1260/1227 1204/1259/1226 1206/1261/1228 1207/1262/1229
f 1207/1262/1229 1206/1261/1228 419/444/441 421/445/442
f 1206/1261/1228 345/357/354 347/360/357 419/444/441
f 1210/1263/1230 1205/1260/1227 1207/1262/1229 1208/1264/1231
f 1208/1264/1231 1207/1262/1229 421/445/442 423/446/443
f 1208/1264/1231 423/446/443 427/450/447 1209/459/456
f 1211/1265/1232 1210/1263/1230 1208/1264/1231 1209/459/456
f 856/920/904 1210/1263/1230 1211/1265/1232 854/918/902
f 856/920/904 859/923/907 1205/1260/1227 1210/1263/1230
f 1212/1266/1233 1211/1265/1232 1209/459/456 432/458/455
f 852/917/901 854/918/902 1211/1265/1232 1212/1266/1233
f 441/468/465 1212/1266/1233 432/458/455 434/460/457
f 444/471/468 852/917/901 1212/1266/1233 441/468/465
f 564/610/603 561/608/601 828/894/878 818/887/871
f 823/868/852 826/891/875 1213/864/848 793/863/847
f 826/891/875 459/490/487 461/491/488 1213/864/848
f 461/491/488 463/493/490 790/862/846 1213/864/848
f 811/881/865 815/884/868 800/873/857 802/874/858
f 740/815/799 738/814/798 759/836/820 752/829/813
f 738/814/798 651/714/707 649/713/706 759/836/820
f 745/804/789 1214/821/805 1215/799/785 723/798/784
f 744/820/804 512/544/541 514/546/543 1214/821/805
f 1214/821/805 514/546/543 516/548/545 1215/799/785
f 1215/799/785 516/548/545 1217/551/548 724/796/783
f 724/796/783 1217/551/548 1218/1267/1234 721/797/780
f 1217/551/548 517/550/547 523/557/554 1218/1267/1234
f 721/791/780 1218/1268/1234 1219/1269/1235 719/789/778
f 523/558/554 1221/561/556 1219/1269/1235 1218/1268/1234
f 719/789/778 1219/1269/1235 1220/1270/1236 1225/790/779
f 1219/1269/1235 1221/561/556 1222/1271/1237 1220/1270/1236
f 1221/561/556 524/560/555 1224/569/562 1222/1271/1237
f 1222/1271/1237 1223/585/578 706/777/766 1220/1270/1236
f 1222/1271/1237 1224/569/562 537/580/573 1223/585/578
f 1225/790/779 1220/1270/1236 706/777/766 708/778/767
f 715/784/773 1225/790/779 708/778/767 710/779/768
f 687/759/748 690/762/751 1226/647/640 1227/1272/1238
f 690/762/751 584/636/629 586/637/630 1226/647/640
f 1229/1273/1239 1227/1272/1238 1226/647/640 591/646/639
f 1228/1274/1240 684/756/745 687/759/748 1227/1272/1238
f 1231/1275/1241 1228/1274/1240 1227/1272/1238 1229/1273/1239
f 1233/1276/1242 1231/1275/1241 1229/1273/1239 1230/1277/1243
f 1230/1277/1243 1229/1273/1239 591/646/639 593/645/638
f 1235/1278/1244 1232/1279/1245 1231/1275/1241 1233/1276/1242
f 1232/1279/1245 3266/1280/1246 1228/1274/1240 1231/1275/1241
f 1234/1281/1247 1233/1276/1242 1230/1277/1243 3265/1282/1248
f 1236/1283/1249 1235/1278/1244 1233/1276/1242 1234/1281/1247
f 1238/1284/1250 1237/1285/1251 1235/1278/1244 1236/1283/1249
f 1237/1285/1251 1239/743/732 1232/1279/1245 1235/1278/1244
f 1241/1286/1252 1240/735/726 1237/1285/1251 1238/1284/1250
f 1240/735/726 667/734/725 1239/743/732 1237/1285/1251
f 1242/1287/1253 666/732/724 1240/735/726 1241/1286/1252
f 1242/1287/1253 1241/1286/1252 1243/1288/1254 1244/1289/1255
f 1243/1288/1254 1241/1286/1252 1238/1284/1250 1246/1290/1256
f 1437/1291/1257 1244/1289/1255 1243/1288/1254 1245/1292/1258
f 1245/1292/1258 1243/1288/1254 1246/1290/1256 1248/1293/1259
f 1238/1284/1250 1236/1283/1249 1247/1294/1260 1246/1290/1256
f 1248/1293/1259 1246/1290/1256 1247/1294/1260 1250/1295/1261
f 1435/1296/1262 1245/1292/1258 1248/1293/1259 1249/1297/1263
f 1249/1297/1263 1248/1293/1259 1250/1295/1261 1251/1298/1264
f 1250/1295/1261 1247/1294/1260 1253/1299/1265 1252/1300/1266
f 1251/1298/1264 1250/1295/1261 1252/1300/1266 1254/1301/1267
f 1252/1300/1266 1253/1299/1265 1256/1302/1268 1255/1303/1269
f 1254/1301/1267 1252/1300/1266 1255/1303/1269 1257/1304/1270
f 1255/1303/1269 1256/1302/1268 1259/652/645 1258/1305/1271
f 1257/1304/1270 1255/1303/1269 1258/1305/1271 1260/1306/1272
f 1258/1305/1271 1259/652/645 596/651/644 1261/1307/1273
f 1260/1306/1272 1258/1305/1271 1261/1307/1273 1262/1308/1274
f 1261/1307/1273 596/651/644 598/653/646 1263/1309/1275
f 1262/1308/1274 1261/1307/1273 1263/1309/1275 1264/1310/1276
f 1263/1309/1275 598/653/646 600/655/648 1265/1311/1277
f 1264/1310/1276 1263/1309/1275 1265/1311/1277 1266/1312/1278
f 1265/1311/1277 600/655/648 1268/657/650 1267/1313/1279
f 1266/1312/1278 1265/1311/1277 1267/1313/1279 1270/1314/1280
f 1267/1313/1279 1268/657/650 3248/1315/1281 1269/1316/1282
f 1270/1314/1280 1267/1313/1279 1269/1316/1282 1271/1317/1283
f 1272/1318/1284 1270/1314/1280 1271/1317/1283 1274/1319/1285
f 1273/1320/1286 1266/1312/1278 1270/1314/1280 1272/1318/1284
f 1273/1320/1286 1272/1318/1284 1275/1321/1287 1277/1322/1288
f 1275/1321/1287 1272/1318/1284 1274/1319/1285 1276/1323/1289
f 1278/1324/1290 1275/1321/1287 1276/1323/1289 1279/1325/1291
f 1280/1326/1292 1277/1322/1288 1275/1321/1287 1278/1324/1290
f 1281/1327/1293 1278/1324/1290 1279/1325/1291 1283/1328/1294
f 1284/1329/1295 1280/1326/1292 1278/1324/1290 1281/1327/1293
f 1282/1330/1296 1281/1327/1293 1283/1328/1294 1311/1331/1297
f 1286/1332/1298 1284/1329/1295 1281/1327/1293 1282/1330/1296
f 1285/1333/1299 1419/1334/1300 1280/1326/1292 1284/1329/1295
f 1288/1335/1301 1285/1333/1299 1284/1329/1295 1286/1332/1298
f 1286/1332/1298 1282/1330/1296 1306/1336/1302 1287/1337/1303
f 1288/1335/1301 1286/1332/1298 1287/1337/1303 1290/1338/1304
f 1289/1339/1305 1288/1335/1301 1290/1338/1304 1292/1340/1306
f 1289/1339/1305 1416/1341/1307 1285/1333/1299 1288/1335/1301
f 1291/1342/587 1290/1338/1304 1287/1337/1303 1304/1343/591
f 1294/1344/584 1292/1340/1306 1290/1338/1304 1291/1342/587
f 1415/1345/1308 1289/1339/1305 1292/1340/1306 1293/1346/1309
f 1295/1347/1310 1293/1346/1309 1292/1340/1306 1294/1344/584
f 1297/1348/582 1295/1347/1310 1294/1344/584 1296/1349/585
f 1296/1349/585 1294/1344/584 1291/1342/587 1299/1350/588
f 1297/1348/582 1296/1349/585 1298/1351/594 3173/1352/763
f 1296/1349/585 1299/1350/588 1300/1353/593 1298/1351/594
f 1299/1350/588 1301/1354/592 1302/1355/595 1300/1353/593
f 1299/1350/588 1291/1342/587 1304/1343/591 1301/1354/592
f 1301/1354/592 1303/1356/596 3158/1357/1311 1302/1355/595
f 1301/1354/592 1304/1343/591 1305/1358/1312 1303/1356/596
f 1304/1343/591 1287/1337/1303 1306/1336/1302 1305/1358/1312
f 1305/1358/1312 1306/1336/1302 1310/1359/1313 1307/1360/599
f 1303/1356/596 1305/1358/1312 1307/1360/599 1308/1361/600
f 1308/1361/600 1307/1360/599 1309/1362/479 3155/1363/879
f 1307/1360/599 1310/1359/1313 1312/1364/1314 1309/1362/479
f 1306/1336/1302 1282/1330/1296 1311/1331/1297 1310/1359/1313
f 1311/1331/1297 1313/1365/1315 1312/1364/1314 1310/1359/1313
f 1313/1365/1315 1315/1366/1316 1314/1367/1317 1312/1364/1314
f 1309/1362/479 1312/1364/1314 1314/1367/1317 1316/1368/1318
f 1314/1367/1317 1315/1366/1316 1318/1369/1319 1317/1370/1320
f 1316/1368/1318 1314/1367/1317 1317/1370/1320 1319/1371/481
f 1318/1369/1319 1322/1372/1321 1320/1373/1322 1317/1370/1320
f 1319/1371/481 1317/1370/1320 1320/1373/1322 1323/1374/1323
f 1323/1374/1323 1320/1373/1322 1321/1375/1324 1325/1376/485
f 1320/1373/1322 1322/1372/1321 3223/1377/1325 1321/1375/1324
f 1324/1378/487 1323/1374/1323 1325/1376/485 1326/1379/488
f 3128/1380/486 1319/1371/481 1323/1374/1323 1324/1378/487
f 1326/1379/488 1325/1376/485 1327/1381/489 1328/1382/490
f 1325/1376/485 1321/1375/1324 1329/1383/1326 1327/1381/489
f 1328/1382/490 1327/1381/489 1330/1384/1327 1332/1385/493
f 1327/1381/489 1329/1383/1326 1331/1386/1328 1330/1384/1327
f 1330/1384/1327 1331/1386/1328 1336/1387/1329 1333/1388/496
f 1332/1385/493 1330/1384/1327 1333/1388/496 1334/1389/497
f 1334/1389/497 1333/1388/496 1335/1390/498 1513/1391/499
f 1333/1388/496 1336/1387/1329 1338/1392/1330 1335/1390/498
f 1331/1386/1328 3217/1393/1331 1337/1394/1332 1336/1387/1329
f 1337/1394/1332 1340/1395/1333 1338/1392/1330 1336/1387/1329
f 1335/1390/498 1338/1392/1330 1339/1396/1334 1502/1397/1335
f 1340/1395/1333 1342/1398/1336 1339/1396/1334 1338/1392/1330
f 1337/1394/1332 3219/1399/1337 1341/1400/1338 1340/1395/1333
f 1340/1395/1333 1341/1400/1338 1344/1401/1339 1342/1398/1336
f 1342/1398/1336 1343/1402/1340 1501/1403/1341 1339/1396/1334
f 1346/1404/1342 1343/1402/1340 1342/1398/1336 1344/1401/1339
f 1341/1400/1338 3263/1405/1343 1345/1406/1344 1344/1401/1339
f 1348/1407/1345 1346/1404/1342 1344/1401/1339 1345/1406/1344
f 1349/1408/1346 1347/1409/1347 1346/1404/1342 1348/1407/1345
f 1347/1409/1347 1505/1410/1348 1343/1402/1340 1346/1404/1342
f 1351/1411/1349 1349/1408/1346 1348/1407/1345 1350/1412/1350
f 1350/1412/1350 1348/1407/1345 1345/1406/1344 1352/1413/1351
f 1353/1414/1352 1355/1415/1353 1351/1411/1349 1350/1412/1350
f 1354/1416/1354 1353/1414/1352 1350/1412/1350 1352/1413/1351
f 1356/1417/1355 1353/1414/1352 1354/1416/1354 1359/1418/1356
f 1357/1419/1357 1355/1415/1353 1353/1414/1352 1356/1417/1355
f 1376/1420/1358 1357/1419/1357 1356/1417/1355 1358/1421/1359
f 1358/1421/1359 1356/1417/1355 1359/1418/1356 1361/1422/1360
f 1360/1423/1361 1362/1424/1362 1361/1422/1360 1359/1418/1356
f 3207/1425/1363 1360/1423/1361 1359/1418/1356 1354/1416/1354
f 1362/1424/1362 1364/1426/1364 1363/1427/1365 1361/1422/1360
f 1366/1428/1366 1358/1421/1359 1361/1422/1360 1363/1427/1365
f 3194/1429/1367 1365/1430/1368 1363/1427/1365 1364/1426/1364
f 1365/1430/1368 1368/1431/1369 1366/1428/1366 1363/1427/1365
f 1367/1432/1370 1376/1420/1358 1358/1421/1359 1366/1428/1366
f 1368/1431/1369 1369/1433/1371 1367/1432/1370 1366/1428/1366
f 1371/710/703 1369/1433/1371 1368/1431/1369 647/707/700
f 647/707/700 1368/1431/1369 1365/1430/1368 643/704/697
f 1369/1433/1371 1370/1434/1372 1373/1435/1373 1367/1432/1370
f 1369/1433/1371 1371/710/703 656/721/714 1370/1434/1372
f 1370/1434/1372 656/721/714 658/722/715 1372/1436/1374
f 1373/1435/1373 1370/1434/1372 1372/1436/1374 1374/1437/1375
f 1376/1420/1358 1367/1432/1370 1373/1435/1373 1375/1438/1376
f 1375/1438/1376 1373/1435/1373 1374/1437/1375 1377/1439/1377
f 1357/1419/1357 1376/1420/1358 1375/1438/1376 1378/1440/1378
f 1378/1440/1378 1375/1438/1376 1377/1439/1377 1379/1441/1379
f 1355/1415/1353 1357/1419/1357 1378/1440/1378 1380/1442/1380
f 1380/1442/1380 1378/1440/1378 1379/1441/1379 1381/1443/1381
f 1355/1415/1353 1380/1442/1380 1382/1444/1382 1351/1411/1349
f 1382/1444/1382 1380/1442/1380 1381/1443/1381 1383/1445/1383
f 1349/1408/1346 1351/1411/1349 1382/1444/1382 1384/1446/1384
f 1384/1446/1384 1382/1444/1382 1383/1445/1383 1386/1447/1385
f 1385/1448/1386 1384/1446/1384 1386/1447/1385 1387/1449/1387
f 1347/1409/1347 1349/1408/1346 1384/1446/1384 1385/1448/1386
f 1386/1447/1385 1383/1445/1383 1389/1450/1388 1388/1451/1389
f 1387/1449/1387 1386/1447/1385 1388/1451/1389 1390/1452/1390
f 1388/1451/1389 1389/1450/1388 1392/1453/1391 1391/1454/1392
f 1390/1452/1390 1388/1451/1389 1391/1454/1392 1393/1455/1393
f 1391/1454/1392 1392/1453/1391 1395/1456/1394 1394/1457/1395
f 1393/1455/1393 1391/1454/1392 1394/1457/1395 1396/1458/1396
f 1394/1459/1395 1395/1460/1394 1398/1461/1397 1397/1462/1398
f 1396/1463/1396 1394/1459/1395 1397/1462/1398 1400/1464/1399
f 1397/1462/1398 1398/1461/1397 1433/1465/1400 1399/1466/1401
f 1400/1464/1399 1397/1462/1398 1399/1466/1401 1402/1467/1402
f 1401/1468/1403 1400/1464/1399 1402/1467/1402 1403/1469/1404
f 1462/1470/1405 1396/1463/1396 1400/1464/1399 1401/1468/1403
f 1402/1467/1402 1399/1466/1401 1405/1471/1406 1404/1472/1407
f 1403/1469/1404 1402/1467/1402 1404/1472/1407 1406/1473/1408
f 1404/1472/1407 1405/1471/1406 1409/1474/1409 1407/1475/1410
f 1406/1473/1408 1404/1472/1407 1407/1475/1410 1408/1476/1411
f 1408/1476/1411 1407/1475/1410 1410/1477/1412 1412/1478/1413
f 1407/1475/1410 1409/1474/1409 1411/1479/1414 1410/1477/1412
f 1410/1477/1412 1411/1479/1414 1414/1480/1415 1413/1481/1416
f 1412/1478/1413 1410/1477/1412 1413/1481/1416 1415/1345/1308
f 1413/1481/1416 1414/1480/1415 1417/1482/1417 1416/1341/1307
f 1415/1345/1308 1413/1481/1416 1416/1341/1307 1289/1339/1305
f 1416/1341/1307 1417/1482/1417 1419/1334/1300 1285/1333/1299
f 1414/1480/1415 1425/1483/1418 1418/1484/1419 1417/1482/1417
f 1417/1482/1417 1418/1484/1419 1420/1485/1420 1419/1334/1300
f 1419/1334/1300 1420/1485/1420 1277/1322/1288 1280/1326/1292
f 1421/1486/1421 1273/1320/1286 1277/1322/1288 1420/1485/1420
f 1422/1487/1422 1421/1486/1421 1420/1485/1420 1418/1484/1419
f 1422/1487/1422 1262/1308/1274 1264/1310/1276 1421/1486/1421
f 1421/1486/1421 1264/1310/1276 1266/1312/1278 1273/1320/1286
f 1423/1488/1423 1260/1306/1272 1262/1308/1274 1422/1487/1422
f 1423/1488/1423 1422/1487/1422 1418/1484/1419 1425/1483/1418
f 1424/1489/1424 1257/1304/1270 1260/1306/1272 1423/1488/1423
f 1424/1489/1424 1423/1488/1423 1425/1483/1418 1426/1490/1425
f 1411/1479/1414 1426/1490/1425 1425/1483/1418 1414/1480/1415
f 1409/1474/1409 1427/1491/1426 1426/1490/1425 1411/1479/1414
f 1427/1491/1426 1429/1492/1427 1424/1489/1424 1426/1490/1425
f 1430/1493/1428 1429/1492/1427 1427/1491/1426 1428/1494/1429
f 1405/1471/1406 1428/1494/1429 1427/1491/1426 1409/1474/1409
f 1429/1492/1427 1254/1301/1267 1257/1304/1270 1424/1489/1424
f 1430/1493/1428 1251/1298/1264 1254/1301/1267 1429/1492/1427
f 1431/1495/1430 1249/1297/1263 1251/1298/1264 1430/1493/1428
f 1431/1495/1430 1430/1493/1428 1428/1494/1429 1433/1465/1400
f 1398/1461/1397 1432/1496/1431 1431/1495/1430 1433/1465/1400
f 1432/1496/1431 1435/1296/1262 1249/1297/1263 1431/1495/1430
f 1399/1466/1401 1433/1465/1400 1428/1494/1429 1405/1471/1406
f 1434/1497/1432 1436/1498/1433 1435/1296/1262 1432/1496/1431
f 1434/1497/1432 1432/1496/1431 1398/1461/1397 1395/1460/1394
f 1436/1498/1433 1437/1291/1257 1245/1292/1258 1435/1296/1262
f 1438/1499/1434 1439/1500/1435 1437/1501/1257 1436/1502/1433
f 1440/1503/1436 1438/1499/1434 1436/1502/1433 1434/1504/1432
f 1441/1505/1437 1442/1506/1438 1439/1500/1435 1438/1499/1434
f 1443/1507/1439 1441/1505/1437 1438/1499/1434 1440/1503/1436
f 1379/1441/1379 1377/1439/1377 1442/1506/1438 1441/1505/1437
f 1381/1443/1381 1379/1441/1379 1441/1505/1437 1443/1507/1439
f 1443/1507/1439 1440/1503/1436 1392/1453/1391 1389/1450/1388
f 1381/1443/1381 1443/1507/1439 1389/1450/1388 1383/1445/1383
f 1377/1439/1377 1374/1437/1375 1444/1508/1440 1442/1506/1438
f 1442/1506/1438 1444/1508/1440 1446/1509/1441 1439/1500/1435
f 1372/1436/1374 1445/1510/1442 1444/1508/1440 1374/1437/1375
f 1445/1510/1442 1447/1511/1443 1446/1509/1441 1444/1508/1440
f 1439/1500/1435 1446/1509/1441 1244/1512/1255 1437/1501/1257
f 1446/1509/1441 1447/1511/1443 1242/1513/1253 1244/1512/1255
f 1447/1511/1443 664/727/720 666/731/724 1242/1513/1253
f 1445/1510/1442 660/724/717 664/727/720 1447/1511/1443
f 1372/1436/1374 658/722/715 660/724/717 1445/1510/1442
f 1392/1453/1391 1440/1503/1436 1434/1504/1432 1395/1456/1394
f 1412/1478/1413 1415/1345/1308 1293/1346/1309 1448/1514/1444
f 1449/1515/1445 1408/1476/1411 1412/1478/1413 1448/1514/1444
f 1450/1516/576 1448/1514/1444 1293/1346/1309 1295/1347/1310
f 1452/1517/1446 1449/1515/1445 1448/1514/1444 1450/1516/576
f 1453/1518/579 1452/1517/1446 1450/1516/576 1451/1519/580
f 1451/1519/580 1450/1516/576 1295/1347/1310 1297/1348/582
f 1454/1520/573 1457/1521/1447 1449/1515/1445 1452/1517/1446
f 1456/1522/578 1454/1520/573 1452/1517/1446 1453/1518/579
f 1455/1523/562 1458/1524/1448 1457/1521/1447 1454/1520/573
f 3179/1525/1237 1455/1523/562 1454/1520/573 1456/1522/578
f 1403/1469/1404 1406/1473/1408 1457/1521/1447 1458/1524/1448
f 1406/1473/1408 1408/1476/1411 1449/1515/1445 1457/1521/1447
f 1459/1526/1449 1401/1468/1403 1403/1469/1404 1458/1524/1448
f 1460/1527/1450 1459/1526/1449 1458/1524/1448 1455/1523/562
f 1462/1470/1405 1401/1468/1403 1459/1526/1449 1461/1528/1451
f 1463/1529/1452 1461/1528/1451 1459/1526/1449 1460/1527/1450
f 1464/1530/1453 1465/1531/1454 1462/1532/1405 1461/1533/1451
f 1467/1534/1455 1464/1530/1453 1461/1533/1451 1463/1535/1452
f 1508/1536/1456 1465/1531/1454 1464/1530/1453 1466/1537/1457
f 1468/1538/546 1466/1537/1457 1464/1530/1453 1467/1534/1455
f 1470/1539/544 1468/1538/546 1467/1534/1455 1469/1540/547
f 1469/1540/547 1467/1534/1455 1463/1535/1452 1471/1541/554
f 1470/1539/544 1469/1540/547 1472/1542/1458 1474/1543/545
f 1472/1542/1458 1469/1540/547 1471/1541/554 1473/1544/1234
f 1475/1545/1459 1472/1542/1458 1473/1544/1234 1477/1546/1460
f 1478/1547/1461 1474/1543/545 1472/1542/1458 1475/1545/1459
f 1476/1548/1462 1475/1545/1459 1477/1546/1460 1811/1549/1463
f 1480/1550/1464 1478/1547/1461 1475/1545/1459 1476/1548/1462
f 1479/1551/805 1490/1552/543 1474/1543/545 1478/1547/1461
f 1482/1553/1465 1479/1551/805 1478/1547/1461 1480/1550/1464
f 1480/1550/1464 1476/1548/1462 1805/1554/1466 1481/1555/1467
f 1482/1553/1465 1480/1550/1464 1481/1555/1467 1483/1556/1468
f 1485/1557/239 1484/1558/1469 1482/1553/1465 1483/1556/1468
f 1484/1558/1469 1487/1559/1470 1479/1551/805 1482/1553/1465
f 1486/1560/1471 1484/1558/1469 1485/1557/239 3193/1561/1472
f 1486/1560/1471 1488/1562/1473 1487/1559/1470 1484/1558/1469
f 1487/1559/1470 1489/1563/541 1490/1552/543 1479/1551/805
f 1488/1562/1473 1492/1564/542 1489/1563/541 1487/1559/1470
f 1489/1563/541 1491/1565/538 1512/1566/539 1490/1552/543
f 1493/1567/540 1491/1565/538 1489/1563/541 1492/1564/542
f 1497/1568/1474 1493/1567/540 1492/1564/542 1494/1569/840
f 1492/1564/542 1488/1562/1473 1496/1570/1475 1494/1569/840
f 1494/1569/840 1496/1570/1475 1519/1571/811 1495/1572/839
f 1498/1573/841 1497/1568/1474 1494/1569/840 1495/1572/839
f 1500/1574/1476 1493/1567/540 1497/1568/1474 1499/1575/1477
f 1499/1575/1477 1497/1568/1474 1498/1573/841 1502/1397/1335
f 1503/1576/1478 1500/1574/1476 1499/1575/1477 1501/1403/1341
f 1501/1403/1341 1499/1575/1477 1502/1397/1335 1339/1396/1334
f 1513/1391/499 1335/1390/498 1502/1397/1335 1498/1573/841
f 1343/1402/1340 1505/1410/1348 1503/1576/1478 1501/1403/1341
f 1500/1574/1476 1503/1576/1478 1504/1577/1479 1511/1578/535
f 1505/1410/1348 1506/1579/1480 1504/1577/1479 1503/1576/1478
f 1505/1410/1348 1347/1409/1347 1385/1448/1386 1506/1579/1480
f 1506/1579/1480 1385/1448/1386 1387/1449/1387 1507/1580/1481
f 1504/1577/1479 1506/1579/1480 1507/1580/1481 1509/1581/1482
f 1507/1580/1481 1387/1449/1387 1390/1452/1390 1508/1536/1456
f 1507/1580/1481 1508/1536/1456 1466/1537/1457 1509/1581/1482
f 1511/1578/535 1504/1577/1479 1509/1581/1482 1510/1582/536
f 1510/1582/536 1509/1581/1482 1466/1537/1457 1468/1538/546
f 1512/1566/539 1510/1582/536 1468/1538/546 1470/1539/544
f 1491/1565/538 1511/1578/535 1510/1582/536 1512/1566/539
f 1512/1566/539 1470/1539/544 1474/1543/545 1490/1552/543
f 1493/1567/540 1500/1574/1476 1511/1578/535 1491/1565/538
f 1508/1536/1456 1390/1452/1390 1393/1455/1393 1465/1531/1454
f 1513/1391/499 1498/1573/841 1495/1572/839 1514/1583/838
f 1334/1389/497 1513/1391/499 1514/1583/838 1515/1584/837
f 1517/1585/835 1515/1584/837 1514/1583/838 1516/1586/1483
f 1516/1586/1483 1514/1583/838 1495/1572/839 1519/1571/811
f 3140/1587/1484 1517/1585/835 1516/1586/1483 1518/1588/1485
f 1518/1588/1485 1516/1586/1483 1519/1571/811 1520/1589/1486
f 1496/1570/1475 1521/1590/1487 1520/1589/1486 1519/1571/811
f 1520/1589/1486 1521/1590/1487 1523/1591/1488 1522/1592/1489
f 1518/1588/1485 1520/1589/1486 1522/1592/1489 1524/1593/1490
f 1522/1592/1491 1523/1591/1492 1528/1594/1493 1525/1595/1494
f 1524/1593/1495 1522/1592/1491 1525/1595/1494 1526/1596/1496
f 1526/1596/1496 1525/1595/1494 1527/1597/1497 3147/1598/1498
f 1525/1595/1494 1528/1594/1493 1530/1599/1499 1527/1597/1497
f 1523/1591/1492 3193/1561/1500 1529/1600/1501 1528/1594/1493
f 1528/1594/1493 1529/1600/1501 1531/1601/1502 1530/1599/1499
f 1530/1599/1499 1531/1601/1502 1534/1602/1503 1532/1603/1499
f 1527/1597/1497 1530/1599/1499 1532/1603/1499 1533/1604/1497
f 1533/1604/1497 1532/1603/1499 1535/1605/1504 1536/1606/1505
f 1532/1603/1499 1534/1602/1503 1537/1607/1506 1535/1605/1504
f 1536/1606/1505 1535/1605/1504 1538/1608/1507 1541/1609/1508
f 1535/1605/1504 1537/1607/1506 1539/1610/1509 1538/1608/1507
f 1539/1610/1509 1709/1611/1510 1540/1612/1511 1538/1608/1507
f 1538/1608/1507 1540/1612/1511 1542/1613/1512 1541/1609/1508
f 1545/1614/1513 1543/1615/1514 1541/1609/1508 1542/1613/1512
f 1546/1616/1515 1536/1606/1505 1541/1609/1508 1543/1615/1514
f 1548/1617/1516 1546/1616/1515 1543/1615/1514 1544/1618/1517
f 1572/1619/1518 1544/1618/1517 1543/1615/1514 1545/1614/1513
f 1549/1620/1519 1547/1621/1498 1546/1616/1515 1548/1617/1516
f 1547/1621/1498 1533/1604/1497 1536/1606/1505 1546/1616/1515
f 1550/1622/1520 1551/1623/1521 1549/1620/1519 1548/1617/1516
f 1552/1624/1522 1550/1622/1520 1548/1617/1516 1544/1618/1517
f 1555/1625/1523 1551/1623/1521 1550/1622/1520 1553/1626/1524
f 1553/1626/1524 1550/1622/1520 1552/1624/1522 1554/1627/1525
f 1556/1628/1526 1553/1626/1524 1554/1627/1525 1558/1629/1527
f 1557/1630/1528 1555/1625/1523 1553/1626/1524 1556/1628/1526
f 1559/1631/1529 1561/1632/1530 1557/1630/1528 1556/1628/1526
f 1562/1633/1531 1559/1631/1529 1556/1628/1526 1558/1629/1527
f 1560/1634/1532 1559/1631/1529 1562/1633/1531 1563/1635/1533
f 3108/1636/1534 1561/1632/1530 1559/1631/1529 1560/1634/1532
f 1565/1637/1535 1563/1635/1533 1562/1633/1531 1564/1638/1536
f 1564/1638/1536 1562/1633/1531 1558/1629/1527 1567/1639/1537
f 1862/1640/1538 1565/1637/1535 1564/1638/1536 1566/1641/1539
f 1566/1641/1539 1564/1638/1536 1567/1639/1537 1568/1642/1540
f 1567/1639/1537 1558/1629/1527 1554/1627/1525 1569/1643/1541
f 1568/1642/1540 1567/1639/1537 1569/1643/1541 1570/1644/1542
f 1569/1643/1541 1554/1627/1525 1552/1624/1522 1571/1645/1543
f 1570/1644/1542 1569/1643/1541 1571/1645/1543 1573/1646/1544
f 1571/1645/1543 1552/1624/1522 1544/1618/1517 1572/1619/1518
f 1573/1646/1544 1571/1645/1543 1572/1619/1518 1574/1647/1545
f 1570/1644/1542 1573/1646/1544 1575/1648/1546 1577/1649/1547
f 1575/1648/1546 1573/1646/1544 1574/1647/1545 1578/1650/1548
f 1576/1651/1549 1575/1648/1546 1578/1650/1548 1579/1652/1550
f 1869/1653/1551 1577/1649/1547 1575/1648/1546 1576/1651/1549
f 1579/1652/1550 1578/1650/1548 1580/1654/1552 1582/1655/1553
f 1574/1647/1545 1581/1656/1554 1580/1654/1552 1578/1650/1548
f 1581/1656/1554 1584/1657/1555 1583/1658/1556 1580/1654/1552
f 1582/1655/1553 1580/1654/1552 1583/1658/1556 1586/1659/1557
f 1584/1657/1555 1710/1660/1558 1585/1661/1559 1583/1658/1556
f 1585/1661/1559 1587/1662/1560 1586/1659/1557 1583/1658/1556
f 1589/1663/1561 1582/1655/1553 1586/1659/1557 1588/1664/1562
f 1587/1662/1560 1590/1665/1563 1588/1664/1562 1586/1659/1557
f 1592/1666/1564 1589/1663/1561 1588/1664/1562 1591/1667/1565
f 1590/1665/1563 1593/1668/1566 1591/1667/1565 1588/1664/1562
f 1597/1669/1567 1592/1666/1564 1591/1667/1565 1594/1670/1568
f 1593/1668/1566 1595/1671/1569 1594/1670/1568 1591/1667/1565
f 1595/1671/1569 3189/1672/1570 1596/1673/1571 1594/1670/1568
f 1599/1674/1572 1597/1669/1567 1594/1670/1568 1596/1673/1571
f 1601/1675/1573 1598/1676/1574 1597/1669/1567 1599/1674/1572
f 1598/1676/1574 1875/1677/1575 1592/1666/1564 1597/1669/1567
f 1596/1673/1571 3191/1678/1576 1600/1679/1577 1599/1674/1572
f 1602/1680/1578 1601/1675/1573 1599/1674/1572 1600/1679/1577
f 1603/1681/1579 1605/1682/1580 1598/1676/1574 1601/1675/1573
f 1606/1683/1581 1603/1681/1579 1601/1675/1573 1602/1680/1578
f 1607/1684/1582 1604/1685/1583 1603/1681/1579 1606/1683/1581
f 1604/1685/1583 1877/1686/1584 1605/1682/1580 1603/1681/1579
f 1609/1687/1585 1607/1684/1582 1606/1683/1581 1608/1688/1586
f 1608/1688/1586 1606/1683/1581 1602/1680/1578 1611/1689/1587
f 1892/1690/1588 1609/1687/1585 1608/1688/1586 1610/1691/1589
f 1610/1691/1589 1608/1688/1586 1611/1689/1587 1612/1692/1590
f 1611/1689/1587 1602/1680/1578 1600/1679/1577 1613/1693/1591
f 1612/1692/1590 1611/1689/1587 1613/1693/1591 1615/1694/1592
f 3191/1678/1576 1614/1695/1593 1613/1693/1591 1600/1679/1577
f 1614/1695/1593 1616/1696/1594 1615/1694/1592 1613/1693/1591
f 1612/1692/1590 1615/1694/1592 1617/1697/1595 1618/1698/1596
f 1615/1694/1592 1616/1696/1594 1620/1699/1597 1617/1697/1595
f 1994/1700/1598 1618/1698/1596 1617/1697/1595 1619/1701/1599
f 1619/1701/1599 1617/1697/1595 1620/1699/1597 1622/1702/1600
f 1616/1696/1594 1679/1703/1601 1621/1704/1602 1620/1699/1597
f 1621/1704/1602 1623/1705/1603 1622/1702/1600 1620/1699/1597
f 1623/1705/1604 1625/1706/1605 1624/1707/1606 1622/1702/1606
f 1627/1708/1607 1619/1701/1607 1622/1702/1606 1624/1707/1606
f 1625/1706/1608 3192/1709/1608 1626/1710/1609 1624/1707/1610
f 1629/1711/1611 1627/1708/1611 1624/1707/1610 1626/1710/1609
f 1631/1712/1612 1628/1713/1612 1627/1708/1611 1629/1711/1611
f 1628/1713/1613 1994/1700/1613 1619/1701/1607 1627/1708/1607
f 1630/1714/1614 1629/1711/1615 1626/1710/1616 1646/1715/1617
f 1632/1716/1618 1631/1712/1619 1629/1711/1615 1630/1714/1614
f 1636/1717/1620 1633/1718/1621 1631/1712/1619 1632/1716/1618
f 1633/1718/1622 1635/1719/1622 1628/1713/1612 1631/1712/1612
f 1634/1720/1623 1990/1721/1624 1635/1719/1622 1633/1718/1622
f 1637/1722/1625 1634/1720/1626 1633/1718/1621 1636/1717/1620
f 1637/1722/1625 1636/1717/1620 1638/1723/1627 1639/1724/1628
f 1638/1723/1627 1636/1717/1620 1632/1716/1618 1641/1725/1629
f 2023/1726/1630 1639/1724/1628 1638/1723/1627 1640/1727/1631
f 1640/1727/1631 1638/1723/1627 1641/1725/1629 1642/1728/1632
f 1632/1716/1618 1630/1714/1614 1643/1729/1633 1641/1725/1629
f 1642/1728/1632 1641/1725/1629 1643/1729/1633 1644/1730/1634
f 1644/1730/1634 1643/1729/1633 1645/1731/1635 1647/1732/1636
f 1630/1714/1614 1646/1715/1617 1645/1731/1635 1643/1729/1633
f 1646/1715/1617 1649/1733/1637 1648/1734/1638 1645/1731/1635
f 1647/1732/1636 1645/1731/1635 1648/1734/1638 1651/1735/1639
f 1649/1733/1637 1661/1736/1640 1650/1737/1641 1648/1734/1638
f 1650/1737/1641 1653/1738/1642 1651/1735/1639 1648/1734/1638
f 2035/1739/1643 1647/1732/1636 1651/1735/1639 1652/1740/1644
f 1653/1738/1642 1654/1741/1645 1652/1740/1644 1651/1735/1639
f 1654/1741/1645 1653/1738/1642 1655/1742/1646 1656/1743/1647
f 1653/1738/1642 1650/1737/1641 1658/1744/1648 1655/1742/1646
f 1656/1743/1647 1655/1742/1646 1657/1745/1649 2145/1746/1650
f 1655/1742/1646 1658/1744/1648 1659/1747/1651 1657/1745/1649
f 1658/1744/1648 1660/1748/1652 1662/1749/1653 1659/1747/1651
f 1661/1736/1640 1660/1748/1652 1658/1744/1648 1650/1737/1641
f 1661/1736/1640 1664/1750/1654 1663/1751/1655 1660/1748/1652
f 1660/1748/1652 1663/1751/1655 1666/1752/1656 1662/1749/1653
f 1664/1750/1657 1676/1753/1658 1665/1754/1659 1663/1751/1659
f 1663/1751/1659 1665/1754/1659 1668/1755/1660 1666/1752/1661
f 1662/1749/1653 1666/1752/1656 1667/1756/1662 2161/1757/1663
f 1666/1752/1661 1668/1755/1660 1669/1758/1664 1667/1756/1665
f 1668/1755/1666 1670/1759/1666 1671/1760/1667 1669/1758/1667
f 1665/1754/1668 1673/1761/1668 1670/1759/1666 1668/1755/1666
f 1670/1759/1669 1672/1762/1670 2174/1763/1671 1671/1760/1672
f 1673/1761/1673 1674/1764/1674 1672/1762/1670 1670/1759/1669
f 1675/1765/1675 1677/1766/1676 1674/1764/1674 1673/1761/1673
f 1676/1753/1677 1675/1765/1678 1673/1761/1668 1665/1754/1668
f 1675/1765/1678 1676/1753/1677 1625/1706/1605 1623/1705/1604
f 1677/1766/1676 1675/1765/1675 1623/1705/1603 1621/1704/1602
f 1678/1767/1679 1680/1768/1680 1674/1764/1674 1677/1766/1676
f 1679/1703/1601 1678/1767/1679 1677/1766/1676 1621/1704/1602
f 1681/1769/1681 1678/1767/1679 1679/1703/1601 1683/1770/1682
f 1678/1767/1679 1681/1769/1681 1684/1771/1683 1680/1768/1680
f 1681/1769/1681 1682/1772/1684 1686/1773/1685 1684/1771/1683
f 1682/1772/1684 1681/1769/1681 1683/1770/1682 3190/1774/1686
f 1680/1768/1680 1684/1771/1683 1685/1775/1687 2176/1776/1688
f 1684/1771/1683 1686/1773/1685 1687/1777/1689 1685/1775/1687
f 1686/1773/1685 1688/1778/1690 1689/1779/1691 1687/1777/1689
f 1682/1772/1684 1690/1780/1692 1688/1778/1690 1686/1773/1685
f 1688/1778/1690 1691/1781/1693 1694/1782/1694 1689/1779/1691
f 1690/1780/1692 1693/1783/1695 1691/1781/1693 1688/1778/1690
f 1691/1781/1693 1692/1784/1696 1696/1785/1697 1694/1782/1694
f 1693/1783/1695 1704/1786/1698 1692/1784/1696 1691/1781/1693
f 1689/1779/1691 1694/1782/1694 1695/1787/1699 3094/1788/1700
f 1694/1782/1694 1696/1785/1697 1697/1789/1701 1695/1787/1699
f 1696/1785/1697 1698/1790/1702 1699/1791/1703 1697/1789/1701
f 1692/1784/1696 1701/1792/1704 1698/1790/1702 1696/1785/1697
f 1698/1790/1702 1700/1793/1705 1743/1794/1706 1699/1791/1703
f 1701/1792/1704 1702/1795/1707 1700/1793/1705 1698/1790/1702
f 1703/1796/1708 1705/1797/1709 1702/1795/1707 1701/1792/1704
f 1704/1786/1698 1703/1796/1708 1701/1792/1704 1692/1784/1696
f 1703/1796/1708 1704/1786/1698 1593/1668/1566 1590/1665/1563
f 1705/1797/1709 1703/1796/1708 1590/1665/1563 1587/1662/1560
f 1705/1797/1709 1706/1798/1710 1707/1799/1711 1702/1795/1707
f 1706/1798/1710 1705/1797/1709 1587/1662/1560 1585/1661/1559
f 1710/1660/1558 1708/1800/1712 1706/1798/1710 1585/1661/1559
f 1708/1800/1712 1711/1801/1713 1707/1799/1711 1706/1798/1710
f 1708/1800/1712 1709/1611/1510 1713/1802/1714 1711/1801/1713
f 1709/1611/1510 1708/1800/1712 1710/1660/1558 1540/1612/1511
f 1707/1799/1711 1711/1801/1713 1712/1803/1715 1742/1804/1716
f 1711/1801/1713 1713/1802/1714 1714/1805/1717 1712/1803/1715
f 1713/1802/1714 1715/1806/1718 1717/1807/1719 1714/1805/1717
f 1709/1611/1510 1539/1610/1509 1715/1806/1718 1713/1802/1714
f 1537/1607/1506 1716/1808/1720 1715/1806/1718 1539/1610/1509
f 1715/1806/1718 1716/1808/1720 1719/1809/1721 1717/1807/1719
f 1714/1805/1717 1717/1807/1719 1718/1810/1722 1738/1811/1723
f 1719/1809/1721 1721/1812/1724 1718/1810/1722 1717/1807/1719
f 1716/1808/1720 1810/1813/1725 1720/1814/1726 1719/1809/1721
f 1720/1814/1726 1723/1815/1727 1721/1812/1724 1719/1809/1721
f 1721/1812/1724 1722/1816/1728 1735/1817/1729 1718/1810/1722
f 1723/1815/1727 1725/1818/1730 1722/1816/1728 1721/1812/1724
f 1807/1819/1726 1724/1820/1727 1723/1815/1727 1720/1814/1726
f 1724/1820/1727 1726/1821/1730 1725/1818/1730 1723/1815/1727
f 1725/1818/1730 1726/1821/1730 1728/1822/1731 1727/1823/1731
f 1722/1816/1728 1725/1818/1730 1727/1823/1731 1730/1824/1732
f 1728/1825/1731 1795/1826/1733 1729/1827/1734 1727/1828/1731
f 1727/1828/1731 1729/1827/1734 1731/1829/1735 1730/1830/1732
f 1730/1830/1732 1731/1829/1735 1734/1831/1736 1732/1832/1737
f 1735/1817/1729 1722/1816/1728 1730/1824/1732 1732/1833/1737
f 1736/1834/1738 1735/1817/1729 1732/1833/1737 1733/1835/1739
f 1733/1836/1739 1732/1832/1737 1734/1831/1736 1754/1837/1740
f 1738/1811/1723 1718/1810/1722 1735/1817/1729 1736/1834/1738
f 1737/1838/1741 1736/1834/1738 1733/1835/1739 1751/1839/1742
f 1739/1840/1743 1738/1811/1723 1736/1834/1738 1737/1838/1741
f 1712/1803/1715 1714/1805/1717 1738/1811/1723 1739/1840/1743
f 1712/1803/1715 1739/1840/1743 1740/1841/1744 1742/1804/1716
f 1739/1840/1743 1737/1838/1741 1741/1842/1745 1740/1841/1744
f 1743/1794/1706 1740/1841/1744 1741/1842/1745 1744/1843/1746
f 1700/1793/1705 1742/1804/1716 1740/1841/1744 1743/1794/1706
f 1699/1791/1703 1743/1794/1706 1744/1843/1746 1745/1844/1747
f 1744/1843/1746 1741/1842/1745 1749/1845/1748 1746/1846/1749
f 1745/1844/1747 1744/1843/1746 1746/1846/1749 1747/1847/1750
f 1747/1848/1750 1746/1849/1749 1748/1850/1751 3076/1851/1752
f 1746/1849/1749 1749/1852/1748 1750/1853/1753 1748/1850/1751
f 1751/1854/1742 1752/1855/1754 1750/1853/1753 1749/1852/1748
f 1741/1842/1745 1737/1838/1741 1751/1839/1742 1749/1845/1748
f 1751/1854/1742 1733/1836/1739 1754/1837/1740 1752/1855/1754
f 1750/1853/1753 1752/1855/1754 1753/1856/1755 3081/1857/1756
f 1752/1855/1754 1754/1837/1740 1755/1858/1757 1753/1856/1755
f 1754/1837/1740 1734/1831/1736 1756/1859/1758 1755/1858/1757
f 1755/1858/1757 1756/1859/1758 1758/1860/1759 1757/1861/1760
f 1753/1856/1755 1755/1858/1757 1757/1861/1760 1759/1862/1761
f 1757/1861/1760 1758/1860/1759 1761/1863/1762 1760/1864/1763
f 1759/1862/1761 1757/1861/1760 1760/1864/1763 1762/1865/1764
f 1760/1864/1763 1761/1863/1762 1764/1866/1765 1763/1867/1766
f 1762/1865/1764 1760/1864/1763 1763/1867/1766 1765/1868/1767
f 1763/1867/1766 1764/1866/1765 1767/1869/1768 1766/1870/1769
f 1765/1868/1767 1763/1867/1766 1766/1870/1769 1768/1871/1770
f 1766/1870/1769 1767/1869/1768 1770/1872/1771 1769/1873/1772
f 1768/1871/1770 1766/1870/1769 1769/1873/1772 1771/1874/1773
f 1769/1873/1772 1770/1872/1771 1775/1875/1774 1772/1876/1775
f 1771/1874/1773 1769/1873/1772 1772/1876/1775 1773/1877/1776
f 1773/1877/1776 1772/1876/1775 1774/1878/1777 1850/1879/1778
f 1772/1876/1775 1775/1875/1774 1776/1880/1779 1774/1878/1777
f 1780/1881/1780 1777/1882/1781 1775/1875/1774 1770/1872/1771
f 1777/1882/1781 1779/1883/1782 1776/1880/1779 1775/1875/1774
f 1781/1884/1783 1778/1885/1784 1777/1882/1781 1780/1881/1780
f 1778/1885/1784 1836/1886/1785 1779/1883/1782 1777/1882/1781
f 1783/1887/1786 1781/1884/1783 1780/1881/1780 1782/1888/1787
f 1782/1888/1787 1780/1881/1780 1770/1872/1771 1767/1869/1768
f 1784/1889/1788 1782/1888/1787 1767/1869/1768 1764/1866/1765
f 1785/1890/1789 1783/1887/1786 1782/1888/1787 1784/1889/1788
f 1786/1891/1790 1788/1892/1791 1785/1890/1789 1784/1889/1788
f 1761/1863/1762 1786/1891/1790 1784/1889/1788 1764/1866/1765
f 1787/1893/1792 1786/1891/1790 1761/1863/1762 1758/1860/1759
f 1790/1894/1793 1788/1892/1791 1786/1891/1790 1787/1893/1792
f 1788/1892/1791 1789/1895/1791 1827/1896/1789 1785/1890/1789
f 1791/1897/1793 1789/1895/1791 1788/1892/1791 1790/1894/1793
f 1793/1898/1794 1791/1897/1793 1790/1894/1793 1792/1899/1794
f 1792/1899/1794 1790/1894/1793 1787/1893/1792 1794/1900/1795
f 1729/1827/1734 1795/1826/1733 1793/1898/1794 1792/1899/1794
f 1731/1829/1735 1729/1827/1734 1792/1899/1794 1794/1900/1795
f 1794/1900/1795 1787/1893/1792 1758/1860/1759 1756/1859/1758
f 1734/1831/1736 1731/1829/1735 1794/1900/1795 1756/1859/1758
f 1796/1901/1796 1797/1902/1797 1791/1897/1793 1793/1898/1794
f 1795/1826/1733 1799/1903/1798 1796/1901/1796 1793/1898/1794
f 1798/1904/1799 1819/1905/1800 1797/1902/1797 1796/1901/1796
f 1799/1903/1798 1800/1906/1801 1798/1904/1799 1796/1901/1796
f 1802/1907/1802 1800/1906/1801 1799/1903/1798 1801/1908/1803
f 1801/1908/1803 1799/1903/1798 1795/1826/1733 1728/1825/1731
f 1803/1909/1804 1805/1554/1805 1802/1910/1802 1801/1911/1803
f 1726/1821/1730 1803/1909/1804 1801/1911/1803 1728/1822/1731
f 1804/1912/1806 1803/1909/1804 1726/1821/1730 1724/1820/1727
f 1481/1555/1807 1805/1554/1805 1803/1909/1804 1804/1912/1806
f 1805/1554/1466 1476/1548/1462 1811/1549/1463 1802/1910/1808
f 1806/1913/1809 1804/1912/1806 1724/1820/1727 1807/1819/1726
f 1483/1556/1810 1481/1555/1807 1804/1912/1806 1806/1913/1809
f 1809/1914/1725 1808/1915/1811 1806/1913/1809 1807/1819/1726
f 1808/1915/1811 1485/1557/1812 1483/1556/1810 1806/1913/1809
f 3193/1561/1500 1485/1557/1812 1808/1915/1811 1529/1600/1501
f 1529/1600/1501 1808/1915/1811 1809/1914/1725 1531/1601/1502
f 1810/1813/1725 1809/1914/1725 1807/1819/1726 1720/1814/1726
f 1531/1601/1502 1809/1914/1725 1810/1813/1725 1534/1602/1503
f 1534/1602/1503 1810/1813/1725 1716/1808/1720 1537/1607/1506
f 1811/1916/1463 1812/1917/1813 1800/1906/127 1802/1907/1808
f 1811/1916/1463 1477/1918/1460 1813/1919/1814 1812/1917/1813
f 1812/1917/1813 1813/1919/1814 1815/1920/779 1814/1921/1815
f 1800/1906/127 1812/1917/1813 1814/1921/1815 1798/1904/128
f 1814/1921/1815 1815/1920/779 1817/1922/767 1816/1923/1816
f 1814/1921/1815 1816/1923/1816 1819/1905/1817 1798/1904/128
f 1816/1923/1816 1817/1922/767 3176/1924/764 1818/1925/1818
f 1816/1923/1816 1818/1925/1818 1820/1926/134 1819/1905/1817
f 1819/1905/1800 1820/1926/1819 1821/1927/1820 1797/1902/1797
f 1821/1927/1820 1820/1926/1819 1822/1928/1821 1825/1929/1822
f 1820/1926/134 1818/1925/1818 1823/1930/1823 1822/1928/138
f 1823/1930/1823 3170/1931/1824 1824/1932/140 1822/1928/138
f 1822/1928/1821 1824/1932/1825 1826/1933/1826 1825/1929/1822
f 1825/1929/1822 1826/1933/1826 1828/1934/1786 1827/1896/1789
f 1789/1895/1791 1821/1927/1820 1825/1929/1822 1827/1896/1789
f 1827/1896/1789 1828/1934/1786 1783/1887/1786 1785/1890/1789
f 1826/1933/1826 1830/1935/1827 1829/1936/1783 1828/1934/1786
f 1828/1934/1786 1829/1936/1783 1781/1884/1783 1783/1887/1786
f 1830/1935/1827 1832/1937/1828 1831/1938/1784 1829/1936/1783
f 1829/1936/1783 1831/1938/1784 1778/1885/1784 1781/1884/1783
f 1832/1937/1828 1834/1939/1829 1833/1940/1830 1831/1938/1784
f 1831/1938/1784 1833/1940/1830 1836/1886/1785 1778/1885/1784
f 1834/1939/1829 3183/1941/1831 1835/1942/1832 1833/1940/1830
f 1833/1940/1830 1835/1942/1832 1837/1943/1832 1836/1886/1785
f 1836/1886/1785 1837/1943/1832 1838/1944/1833 1779/1883/1782
f 1837/1943/1832 1835/1942/1832 1840/1945/1834 1839/1946/1835
f 1838/1944/1833 1837/1943/1832 1839/1946/1835 1842/1947/1836
f 1840/1945/1834 3188/1948/1837 1841/1949/1837 1839/1946/1835
f 1839/1946/1835 1841/1949/1837 1843/1950/1838 1842/1947/1836
f 1842/1947/1836 1843/1950/1838 1846/1951/1839 1844/1952/1840
f 1847/1953/1841 1838/1944/1833 1842/1947/1836 1844/1952/1840
f 1848/1954/1842 1847/1953/1841 1844/1952/1840 1845/1955/1843
f 1845/1955/1843 1844/1952/1840 1846/1951/1839 3103/1956/1844
f 1779/1883/1782 1838/1944/1833 1847/1953/1841 1776/1880/1779
f 1774/1878/1777 1776/1880/1779 1847/1953/1841 1848/1954/1842
f 1850/1879/1778 1774/1878/1777 1848/1954/1842 1849/1957/1845
f 1849/1957/1845 1848/1954/1842 1845/1955/1843 1852/1958/1846
f 1850/1879/1778 1849/1957/1845 1851/1959/1847 1930/1960/1848
f 1851/1959/1847 1849/1957/1845 1852/1958/1846 1854/1961/1849
f 1852/1958/1846 1845/1955/1843 3103/1956/1844 1853/1962/1850
f 1852/1958/1846 1853/1962/1850 1856/1963/1851 1854/1961/1849
f 1923/1964/1852 1851/1959/1847 1854/1961/1849 1855/1965/1853
f 1855/1965/1853 1854/1961/1849 1856/1963/1851 1857/1966/1854
f 1857/1966/1854 1856/1963/1851 1858/1967/1855 1859/1968/1856
f 1853/1962/1850 1860/1969/1857 1858/1967/1855 1856/1963/1851
f 1859/1968/1856 1858/1967/1855 1861/1970/1858 1863/1971/1859
f 1858/1967/1855 1860/1969/1857 1862/1640/1538 1861/1970/1858
f 1862/1640/1538 1566/1641/1539 1864/1972/1860 1861/1970/1858
f 1863/1971/1859 1861/1970/1858 1864/1972/1860 1865/1973/1861
f 1865/1973/1861 1864/1972/1860 1866/1974/1862 1867/1975/1863
f 1864/1972/1860 1566/1641/1539 1568/1642/1540 1866/1974/1862
f 1568/1642/1540 1570/1644/1542 1577/1649/1547 1866/1974/1862
f 1867/1975/1863 1866/1974/1862 1577/1649/1547 1869/1653/1551
f 1918/1976/1864 1865/1973/1861 1867/1975/1863 1868/1977/1865
f 1868/1977/1865 1867/1975/1863 1869/1653/1551 1870/1978/1866
f 1870/1978/1866 1869/1653/1551 1576/1651/1549 1872/1979/1867
f 1876/1980/1868 1868/1977/1865 1870/1978/1866 1871/1981/1869
f 1871/1981/1869 1870/1978/1866 1872/1979/1867 1873/1982/1870
f 1872/1979/1867 1576/1651/1549 1579/1652/1550 1874/1983/1871
f 1873/1982/1870 1872/1979/1867 1874/1983/1871 1875/1677/1575
f 1875/1677/1575 1874/1983/1871 1589/1663/1561 1592/1666/1564
f 1874/1983/1871 1579/1652/1550 1582/1655/1553 1589/1663/1561
f 1605/1682/1580 1873/1982/1870 1875/1677/1575 1598/1676/1574
f 1877/1686/1584 1871/1981/1869 1873/1982/1870 1605/1682/1580
f 1878/1984/1872 1876/1980/1868 1871/1981/1869 1877/1686/1584
f 1879/1985/1873 1878/1984/1872 1877/1686/1584 1604/1685/1583
f 1880/1986/1874 1882/1987/1875 1876/1980/1868 1878/1984/1872
f 1883/1988/1876 1880/1986/1874 1878/1984/1872 1879/1985/1873
f 1884/1989/1877 1881/1990/1878 1880/1986/1874 1883/1988/1876
f 1881/1990/1878 1916/1991/1879 1882/1987/1875 1880/1986/1874
f 1886/1992/1880 1884/1989/1877 1883/1988/1876 1885/1993/1881
f 1885/1993/1881 1883/1988/1876 1879/1985/1873 1888/1994/1882
f 1897/1995/1883 1886/1992/1880 1885/1993/1881 1887/1996/1884
f 1887/1996/1884 1885/1993/1881 1888/1994/1882 1889/1997/1885
f 1888/1994/1882 1879/1985/1873 1604/1685/1583 1607/1684/1582
f 1889/1997/1885 1888/1994/1882 1607/1684/1582 1609/1687/1585
f 1893/1998/1886 1887/1996/1884 1889/1997/1885 1890/1999/1887
f 1890/1999/1887 1889/1997/1885 1609/1687/1585 1892/1690/1588
f 1894/2000/1888 1893/1998/1886 1890/1999/1887 1891/2001/1889
f 1890/1999/1887 1892/1690/1588 1991/2002/1890 1891/2001/1889
f 1895/2003/1891 1893/1998/1886 1894/2000/1888 1896/2004/1892
f 1895/2003/1891 1897/1995/1883 1887/1996/1884 1893/1998/1886
f 1900/2005/1893 1898/2006/1894 1895/2003/1891 1896/2004/1892
f 1898/2006/1894 1901/2007/1895 1897/1995/1883 1895/2003/1891
f 1899/2008/1896 1903/2009/1897 1901/2007/1895 1898/2006/1894
f 1899/2008/1896 1898/2006/1894 1900/2005/1893 1978/2010/1898
f 1901/2007/1895 1902/2011/1899 1886/1992/1880 1897/1995/1883
f 1903/2009/1897 1905/2012/1900 1902/2011/1899 1901/2007/1895
f 1904/2013/1901 1906/2014/1902 1905/2012/1900 1903/2009/1897
f 1975/2015/1903 1904/2013/1901 1903/2009/1897 1899/2008/1896
f 1906/2014/1902 1908/2016/1904 1907/2017/1905 1905/2012/1900
f 1905/2012/1900 1907/2017/1905 1909/2018/1906 1902/2011/1899
f 1908/2016/1904 1911/2019/1907 1910/2020/1908 1907/2017/1905
f 1907/2017/1905 1910/2020/1908 1913/2021/1909 1909/2018/1906
f 1911/2019/1907 1921/2022/1910 1912/2023/1911 1910/2020/1908
f 1910/2020/1908 1912/2023/1911 1914/2024/1912 1913/2021/1909
f 1913/2021/1909 1914/2024/1912 1916/1991/1879 1881/1990/1878
f 1909/2018/1906 1913/2021/1909 1881/1990/1878 1884/1989/1877
f 1914/2024/1912 1915/2025/1913 1917/2026/1914 1916/1991/1879
f 1912/2023/1911 1919/2027/1915 1915/2025/1913 1914/2024/1912
f 1916/1991/1879 1917/2026/1914 1918/1976/1864 1882/1987/1875
f 1917/2026/1914 1863/1971/1859 1865/1973/1861 1918/1976/1864
f 1915/2025/1913 1859/1968/1856 1863/1971/1859 1917/2026/1914
f 1882/1987/1875 1918/1976/1864 1868/1977/1865 1876/1980/1868
f 1919/2027/1915 1857/1966/1854 1859/1968/1856 1915/2025/1913
f 1920/2028/1916 1855/1965/1853 1857/1966/1854 1919/2027/1915
f 1921/2022/1910 1920/2028/1916 1919/2027/1915 1912/2023/1911
f 1924/2029/1917 1922/2030/1918 1920/2028/1916 1921/2022/1910
f 1922/2030/1918 1923/1964/1852 1855/1965/1853 1920/2028/1916
f 1925/2031/1919 1928/2032/1920 1923/1964/1852 1922/2030/1918
f 1927/2033/1921 1925/2031/1919 1922/2030/1918 1924/2029/1917
f 3101/2034/1922 1926/2035/1923 1925/2031/1919 1927/2033/1921
f 1926/2035/1923 1929/2036/1924 1928/2032/1920 1925/2031/1919
f 1929/2036/1924 1931/2037/1925 1930/1960/1848 1928/2032/1920
f 1928/2032/1920 1930/1960/1848 1851/1959/1847 1923/1964/1852
f 1773/1877/1776 1850/1879/1778 1930/1960/1848 1931/2037/1925
f 1771/1874/1773 1773/1877/1776 1931/2037/1925 1932/2038/1926
f 1934/2039/1927 1932/2038/1926 1931/2037/1925 1929/2036/1924
f 1935/2040/1928 1933/2041/1929 1932/2038/1926 1934/2039/1927
f 1768/1871/1770 1771/1874/1773 1932/2038/1926 1933/2041/1929
f 1938/2042/1930 1935/2040/1928 1934/2039/1927 1936/2043/1931
f 1936/2043/1931 1934/2039/1927 1929/2036/1924 1926/2035/1923
f 1937/2044/1932 1936/2043/1931 1926/2035/1923 3101/2034/1922
f 1940/2045/1933 1938/2042/1930 1936/2043/1931 1937/2044/1932
f 1941/2046/1934 1939/2047/1935 1938/2042/1930 1940/2045/1933
f 1939/2047/1935 3086/2048/1936 1935/2040/1928 1938/2042/1930
f 1943/2049/1937 1941/2046/1934 1940/2045/1933 1942/2050/1938
f 1942/2050/1938 1940/2045/1933 1937/2044/1932 1944/2051/1939
f 1948/2052/1940 1943/2049/1937 1942/2050/1938 1945/2053/1941
f 1945/2053/1941 1942/2050/1938 1944/2051/1939 1946/2054/1942
f 1947/2055/1943 1945/2053/1941 1946/2054/1942 1963/2056/1944
f 1949/2057/1945 1948/2052/1940 1945/2053/1941 1947/2055/1943
f 1950/2058/1946 1952/2059/1947 1943/2049/1937 1948/2052/1940
f 1953/2060/1948 1950/2058/1946 1948/2052/1940 1949/2057/1945
f 1954/2061/1949 1951/2062/1950 1950/2058/1946 1953/2060/1948
f 1951/2062/1950 3070/2063/1951 1952/2059/1947 1950/2058/1946
f 1956/2064/1952 1954/2061/1949 1953/2060/1948 1955/2065/1953
f 1955/2065/1953 1953/2060/1948 1949/2057/1945 1958/2066/1954
f 2189/2067/1955 1956/2064/1952 1955/2065/1953 1957/2068/1956
f 1957/2068/1956 1955/2065/1953 1958/2066/1954 1959/2069/1957
f 1958/2066/1954 1949/2057/1945 1947/2055/1943 1960/2070/1958
f 1959/2069/1957 1958/2066/1954 1960/2070/1958 1961/2071/1959
f 1960/2070/1958 1947/2055/1943 1963/2056/1944 1962/2072/1960
f 1961/2071/1959 1960/2070/1958 1962/2072/1960 1964/2073/1961
f 1962/2072/1960 1963/2056/1944 1966/2074/1962 1965/2075/1963
f 1964/2073/1961 1962/2072/1960 1965/2075/1963 1967/2076/1964
f 1965/2075/1963 1966/2074/1962 1969/2077/1965 1968/2078/1966
f 1967/2076/1964 1965/2075/1963 1968/2078/1966 1970/2079/1967
f 1968/2078/1966 1969/2077/1965 1972/2080/1968 1971/2081/921
f 1970/2079/1967 1968/2078/1966 1971/2081/921 1973/2082/1969
f 1973/2082/1969 1971/2081/921 1904/2013/1901 1975/2015/1903
f 1971/2081/921 1972/2080/1968 1906/2014/1902 1904/2013/1901
f 1970/2079/1967 1973/2082/1969 1974/2083/1970 2211/2084/1971
f 1974/2083/1970 1973/2082/1969 1975/2015/1903 1976/2085/1972
f 1975/2015/1903 1899/2008/1896 1978/2010/1898 1976/2085/1972
f 2212/2086/1973 1974/2083/1970 1976/2085/1972 1977/2087/1974
f 1977/2087/1974 1976/2085/1972 1978/2010/1898 1979/2088/1975
f 1979/2088/1975 1978/2010/1898 1900/2005/1893 1981/2089/1976
f 2215/2090/1977 1977/2087/1977 1979/2088/1978 1980/2091/1979
f 1980/2091/1979 1979/2088/1978 1981/2089/1980 1982/2092/1980
f 1981/2089/1976 1900/2005/1893 1896/2004/1892 1983/2093/1981
f 1982/2092/1980 1981/2089/1980 1983/2093/1982 1984/2094/1982
f 1984/2094/1982 1983/2093/1982 1985/2095/1983 1986/2096/1983
f 1983/2093/1981 1896/2004/1892 1894/2000/1888 1985/2095/1984
f 1985/2095/1984 1894/2000/1888 1891/2001/1889 1987/2097/1985
f 1986/2096/1983 1985/2095/1983 1987/2097/1986 1988/2098/1986
f 1988/2098/1986 1987/2097/1986 1989/2099/1987 1990/1721/1987
f 1987/2097/1985 1891/2001/1889 1991/2002/1890 1989/2099/1988
f 1990/1721/1987 1989/2099/1987 1992/2100/1989 1635/1719/1989
f 1989/2099/1988 1991/2002/1890 1993/2101/1990 1992/2100/1991
f 1992/2100/1991 1993/2101/1990 1618/1698/1596 1994/1700/1598
f 1635/1719/1989 1992/2100/1989 1994/1700/1613 1628/1713/1613
f 1993/2101/1990 1610/1691/1589 1612/1692/1590 1618/1698/1596
f 1892/1690/1588 1610/1691/1589 1993/2101/1990 1991/2002/1890
f 1995/2102/1992 1988/2098/1993 1990/1721/1624 1634/1720/1623
f 1997/2103/1994 1986/2096/1994 1988/2098/1993 1995/2102/1992
f 1999/2104/1995 1997/2103/1996 1995/2102/1997 1996/2105/1998
f 1996/2105/1998 1995/2102/1997 1634/1720/1626 1637/1722/1625
f 1998/2106/1999 1984/2094/1999 1986/2096/1994 1997/2103/1994
f 2001/2107/2000 1998/2106/2001 1997/2103/1996 1999/2104/1995
f 2000/2108/2002 1999/2104/1995 1996/2105/1998 2024/2109/2003
f 2001/2107/2000 1999/2104/1995 2000/2108/2002 2002/2110/2004
f 2003/2111/2005 2005/2112/2006 1998/2106/2001 2001/2107/2000
f 2006/2113/2007 2003/2111/2005 2001/2107/2000 2002/2110/2004
f 2004/2114/2008 2003/2111/2005 2006/2113/2007 2007/2115/2009
f 2004/2114/2008 2218/2116/2010 2005/2112/2006 2003/2111/2005
f 2009/2117/2011 2007/2115/2009 2006/2113/2007 2008/2118/2012
f 2008/2118/2012 2006/2113/2007 2002/2110/2004 2010/2119/2013
f 2013/2120/2014 2009/2117/2011 2008/2118/2012 2011/2121/2015
f 2011/2121/2015 2008/2118/2012 2010/2119/2013 2014/2122/2016
f 2012/2123/2017 2011/2121/2015 2014/2122/2016 2015/2124/2018
f 2013/2120/2014 2011/2121/2015 2012/2123/2017 2230/2125/2019
f 2014/2122/2016 2016/2126/2020 2017/2127/2021 2015/2124/2018
f 2014/2122/2016 2010/2119/2013 2018/2128/2022 2016/2126/2020
f 2017/2127/2021 2016/2126/2020 2019/2129/2023 2020/2130/2024
f 2016/2126/2020 2018/2128/2022 2022/2131/2025 2019/2129/2023
f 2019/2129/2023 2021/2132/2026 2026/2133/2027 2020/2130/2024
f 2019/2129/2023 2022/2131/2025 2023/1726/1630 2021/2132/2026
f 2022/2131/2025 2024/2109/2003 1639/1724/1628 2023/1726/1630
f 2018/2128/2022 2000/2108/2002 2024/2109/2003 2022/2131/2025
f 1996/2105/1998 1637/1722/1625 1639/1724/1628 2024/2109/2003
f 2021/2132/2026 2023/1726/1630 1640/1727/1631 2025/2134/2028
f 2021/2132/2026 2025/2134/2028 2028/2135/2029 2026/2133/2027
f 2020/2130/2024 2026/2133/2027 2027/2136/2030 3044/2137/2031
f 2026/2133/2027 2028/2135/2029 2029/2138/2032 2027/2136/2030
f 2028/2135/2029 2025/2134/2028 2033/2139/2033 2030/2140/2034
f 2029/2138/2032 2028/2135/2029 2030/2140/2034 2032/2141/2035
f 2033/2139/2033 2034/2142/2036 2031/2143/2037 2030/2140/2034
f 2030/2140/2034 2031/2143/2037 2040/2144/2038 2032/2141/2035
f 2033/2139/2033 1642/1728/1632 1644/1730/1634 2034/2142/2036
f 2025/2134/2028 1640/1727/1631 1642/1728/1632 2033/2139/2033
f 2034/2142/2036 1644/1730/1634 1647/1732/1636 2035/1739/1643
f 2034/2142/2036 2035/1739/1643 2036/2145/2039 2031/2143/2037
f 2035/1739/1643 1652/1740/1644 2037/2146/2040 2036/2145/2039
f 2036/2145/2039 2037/2146/2040 2039/2147/2041 2038/2148/2042
f 2031/2143/2037 2036/2145/2039 2038/2148/2042 2040/2144/2038
f 2038/2148/2042 2039/2147/2041 2042/2149/2043 2041/2150/2044
f 2040/2144/2038 2038/2148/2042 2041/2150/2044 2043/2151/2045
f 2042/2149/2043 2047/2152/2046 2044/2153/2047 2041/2150/2044
f 2041/2150/2044 2044/2153/2047 2046/2154/2048 2043/2151/2045
f 2044/2153/2047 2045/2155/2049 2059/2156/2050 2046/2154/2048
f 2047/2152/2046 2049/2157/2051 2045/2155/2049 2044/2153/2047
f 2048/2158/2052 2050/2159/2053 2049/2157/2051 2047/2152/2046
f 2138/2160/2054 2048/2158/2052 2047/2152/2046 2042/2149/2043
f 2049/2157/2051 2050/2159/2053 2052/2161/2055 2051/2162/2056
f 2045/2155/2049 2049/2157/2051 2051/2162/2056 2054/2163/2057
f 2051/2162/2056 2052/2161/2055 2094/2164/2058 2053/2165/2059
f 2054/2163/2057 2051/2162/2056 2053/2165/2059 2055/2166/2060
f 2056/2167/2061 2054/2163/2057 2055/2166/2060 2058/2168/2062
f 2059/2156/2050 2045/2155/2049 2054/2163/2057 2056/2167/2061
f 2060/2169/2063 2059/2156/2050 2056/2167/2061 2057/2170/2064
f 2057/2170/2064 2056/2167/2061 2058/2168/2062 2068/2171/2065
f 2046/2154/2048 2059/2156/2050 2060/2169/2063 2061/2172/2066
f 2065/2173/2067 2062/2174/2068 2060/2169/2063 2057/2170/2064
f 2061/2172/2066 2060/2169/2063 2062/2174/2068 2064/2175/2069
f 2064/2175/2069 2062/2174/2068 2063/2176/2070 3041/2177/2071
f 2063/2176/2070 2062/2174/2068 2065/2173/2067 2066/2178/2072
f 2066/2178/2072 2065/2173/2067 2067/2179/2073 2069/2180/2074
f 2067/2179/2073 2065/2173/2067 2057/2170/2064 2068/2171/2065
f 2070/2181/2075 2067/2179/2073 2068/2171/2065 2072/2182/2076
f 2073/2183/2077 2069/2180/2074 2067/2179/2073 2070/2181/2075
f 2071/2184/2078 2070/2181/2075 2072/2182/2076 2085/2185/2079
f 2075/2186/2080 2073/2183/2077 2070/2181/2075 2071/2184/2078
f 2074/2187/2081 3035/2188/2082 2069/2180/2074 2073/2183/2077
f 2076/2189/2083 2074/2187/2081 2073/2183/2077 2075/2186/2080
f 2076/2189/2083 2075/2186/2080 2077/2190/2084 2078/2191/2085
f 2075/2186/2080 2071/2184/2078 2080/2192/2086 2077/2190/2084
f 2078/2191/2085 2077/2190/2084 2079/2193/2087 2923/2194/2088
f 2077/2190/2084 2080/2192/2086 2081/2195/2089 2079/2193/2087
f 2080/2192/2086 2071/2184/2078 2085/2185/2079 2082/2196/2090
f 2081/2195/2089 2080/2192/2086 2082/2196/2090 2083/2197/2091
f 2082/2196/2090 2084/2198/2092 2917/2199/2093 2083/2197/2091
f 2085/2185/2079 2086/2200/2094 2084/2198/2092 2082/2196/2090
f 2085/2185/2079 2072/2182/2076 2087/2201/2095 2086/2200/2094
f 2086/2200/2094 2087/2201/2095 2091/2202/2096 2088/2203/2097
f 2086/2200/2094 2088/2203/2097 2089/2204/2098 2084/2198/2092
f 2088/2203/2097 2090/2205/2099 2911/2206/2100 2089/2204/2098
f 2092/2207/2101 2090/2205/2099 2088/2203/2097 2091/2202/2096
f 2053/2165/2059 2092/2207/2101 2091/2202/2096 2055/2166/2060
f 2087/2201/2095 2058/2168/2062 2055/2166/2060 2091/2202/2096
f 2094/2164/2058 2093/2208/2102 2092/2207/2101 2053/2165/2059
f 2093/2208/2102 2095/2209/2103 2090/2205/2099 2092/2207/2101
f 2093/2208/2102 2094/2164/2058 2097/2210/2104 2096/2211/2105
f 2095/2209/2103 2093/2208/2102 2096/2211/2105 2098/2212/2106
f 2096/2211/2105 2097/2210/2104 2100/2213/2107 2099/2214/2108
f 2098/2212/2106 2096/2211/2105 2099/2214/2108 2101/2215/2109
f 2099/2214/2108 2100/2213/2107 2103/2216/2110 2102/2217/2111
f 2101/2215/2109 2099/2214/2108 2102/2217/2111 2104/2218/2112
f 2102/2217/2111 2103/2216/2110 2106/2219/2113 2105/2220/2114
f 2104/2218/2112 2102/2217/2111 2105/2220/2114 2107/2221/2115
f 2105/2220/2114 2106/2219/2113 2109/2222/2116 2108/2223/967
f 2107/2221/2115 2105/2220/2114 2108/2223/967 2110/2224/2117
f 2108/2225/967 2109/2226/2116 2114/2227/2118 2111/2228/2119
f 2110/2229/2117 2108/2225/967 2111/2228/2119 2112/2230/2120
f 2112/2230/2120 2111/2228/2119 2113/2231/2121 3007/2232/2122
f 2111/2228/2119 2114/2227/2118 2115/2233/2123 2113/2231/2121
f 2117/2234/2124 2116/2235/2125 2114/2227/2118 2109/2226/2116
f 2114/2227/2118 2116/2235/2125 2118/2236/2126 2115/2233/2123
f 2122/2237/2127 2119/2238/2128 2116/2235/2125 2117/2234/2124
f 2116/2235/2125 2119/2238/2128 2120/2239/2129 2118/2236/2126
f 2288/2240/2130 2120/2239/2129 2119/2238/2128 2121/2241/2131
f 2121/2241/2131 2119/2238/2128 2122/2237/2127 2123/2242/2132
f 2127/2243/2133 2124/2244/2134 2122/2245/2127 2117/2246/2124
f 2123/2247/2132 2122/2245/2127 2124/2244/2134 2126/2248/2135
f 2126/2248/2135 2124/2244/2134 2125/2249/2136 3057/2250/2137
f 2125/2249/2136 2124/2244/2134 2127/2243/2133 2128/2251/2138
f 2128/2251/2138 2127/2243/2133 2106/2219/2113 2103/2216/2110
f 2106/2219/2113 2127/2243/2133 2117/2246/2124 2109/2222/2116
f 2129/2252/2139 2128/2251/2138 2103/2216/2110 2100/2213/2107
f 2130/2253/2140 2125/2249/2136 2128/2251/2138 2129/2252/2139
f 2097/2210/2104 2131/2254/2141 2129/2252/2139 2100/2213/2107
f 2131/2254/2141 2132/2255/2142 2130/2253/2140 2129/2252/2139
f 2050/2159/2053 2132/2255/2142 2131/2254/2141 2052/2161/2055
f 2052/2161/2055 2131/2254/2141 2097/2210/2104 2094/2164/2058
f 2050/2159/2053 2048/2158/2052 2133/2256/2143 2132/2255/2142
f 2132/2255/2142 2133/2256/2143 2134/2257/2144 2130/2253/2140
f 2048/2158/2052 2138/2160/2054 2135/2258/2145 2133/2256/2143
f 2133/2256/2143 2135/2258/2145 2136/2259/2146 2134/2257/2144
f 2135/2258/2145 2137/2260/2147 2144/2261/2148 2136/2259/2146
f 2139/2262/2149 2137/2260/2147 2135/2258/2145 2138/2160/2054
f 2039/2147/2041 2139/2262/2149 2138/2160/2054 2042/2149/2043
f 2140/2263/2150 2141/2264/2151 2137/2260/2147 2139/2262/2149
f 2037/2146/2040 2140/2263/2150 2139/2262/2149 2039/2147/2041
f 1652/1740/1644 1654/1741/1645 2140/2263/2150 2037/2146/2040
f 1654/1741/1645 1656/1743/1647 2141/2264/2151 2140/2263/2150
f 2141/2264/2151 1656/1743/1647 2145/1746/1650 2142/2265/2152
f 2137/2260/2147 2141/2264/2151 2142/2265/2152 2144/2261/2148
f 2145/1746/1650 2146/2266/2153 2143/2267/2154 2142/2265/2152
f 2142/2265/2152 2143/2267/2154 3055/2268/2155 2144/2261/2148
f 2145/1746/1650 1657/1745/1649 2148/2269/2156 2146/2266/2153
f 2146/2266/2153 2147/2270/2157 3054/2271/2158 2143/2267/2154
f 2146/2266/2153 2148/2269/2156 2150/2272/2159 2147/2270/2157
f 1657/1745/1649 1659/1747/1651 2149/2273/2160 2148/2269/2156
f 2148/2269/2156 2149/2273/2160 2151/2274/2161 2150/2272/2159
f 2150/2272/2159 2151/2274/2161 2155/2275/2162 2152/2276/2163
f 2147/2270/2157 2150/2272/2159 2152/2276/2163 2153/2277/2164
f 2153/2278/2164 2152/2279/2163 2154/2280/2165 3059/2281/2166
f 2152/2279/2163 2155/2282/2162 2156/2283/2167 2154/2280/2165
f 2157/2284/2168 2158/2285/2169 2156/2283/2167 2155/2282/2162
f 2151/2274/2161 2160/2286/2170 2157/2287/2168 2155/2275/2162
f 2157/2284/2168 2159/2288/2171 3065/2289/2172 2158/2285/2169
f 2160/2286/2170 2162/2290/2173 2159/2291/2171 2157/2287/2168
f 2161/1757/1663 2160/2286/2170 2151/2274/2161 2149/2273/2160
f 2161/1757/1663 1667/1756/1662 2162/2290/2173 2160/2286/2170
f 1667/1756/1665 1669/1758/1664 2163/2292/2174 2162/2290/2174
f 2162/2290/2174 2163/2292/2174 2165/2293/2175 2159/2291/2175
f 1669/1758/1667 1671/1760/1667 2164/2294/2176 2163/2292/2176
f 2163/2292/2176 2164/2294/2176 2167/2295/2177 2165/2293/2177
f 2159/2288/2175 2165/2296/2175 2166/2297/2178 3065/2289/2178
f 2165/2296/2177 2167/2298/2177 2168/2299/2179 2166/2297/2179
f 2167/2298/2180 2169/2300/2181 2170/2301/2182 2168/2299/2183
f 2164/2294/2184 2172/2302/2185 2169/2303/2181 2167/2295/2180
f 2171/2304/2186 2185/2305/2187 2170/2301/2182 2169/2300/2181
f 2172/2302/2185 2173/2306/2188 2171/2307/2186 2169/2303/2181
f 2175/2308/2189 2173/2306/2188 2172/2302/2185 2174/1763/1671
f 1671/1760/1672 2174/1763/1671 2172/2302/2185 2164/2294/2184
f 2176/1776/1688 2175/2308/2189 2174/1763/1671 1672/1762/1670
f 2175/2308/2189 2177/2309/2190 2179/2310/2191 2173/2306/2188
f 2176/1776/1688 1685/1775/1687 2177/2309/2190 2175/2308/2189
f 1685/1775/1687 1687/1777/1689 2178/2311/2192 2177/2309/2190
f 2177/2309/2190 2178/2311/2192 2180/2312/2193 2179/2310/2191
f 2179/2310/2191 2180/2312/2193 2182/2313/2194 2181/2314/2195
f 2173/2306/2188 2179/2310/2191 2181/2314/2195 2171/2307/2186
f 2181/2315/2195 2182/2316/2194 2184/2317/2196 2183/2318/2197
f 2171/2304/2186 2181/2315/2195 2183/2318/2197 2185/2305/2187
f 2183/2318/2197 2184/2317/2196 2187/2319/2198 2186/2320/2199
f 2185/2305/2187 2183/2318/2197 2186/2320/2199 2188/2321/2200
f 2186/2320/2199 2187/2319/2198 1954/2061/1949 1956/2064/1952
f 2188/2321/2200 2186/2320/2199 1956/2064/1952 2189/2067/1955
f 2188/2321/2200 2189/2067/1955 2192/2322/2201 2190/2323/2202
f 2170/2301/2182 2185/2305/2187 2188/2321/2200 2190/2323/2202
f 2168/2299/2183 2170/2301/2182 2190/2323/2202 2191/2324/2203
f 2191/2324/2203 2190/2323/2202 2192/2322/2201 2193/2325/2204
f 2193/2325/2204 2192/2322/2201 2194/2326/2205 2196/2327/2206
f 2189/2067/1955 1957/2068/1956 2194/2326/2205 2192/2322/2201
f 2194/2326/2205 1957/2068/1956 1959/2069/1957 2195/2328/2207
f 2196/2327/2206 2194/2326/2205 2195/2328/2207 2198/2329/2208
f 3066/2330/2209 2193/2325/2209 2196/2327/2210 2197/2331/2210
f 2197/2331/2210 2196/2327/2210 2198/2329/2211 2199/2332/2211
f 2199/2332/2211 2198/2329/2211 2200/2333/2212 2201/2334/2213
f 2198/2329/2208 2195/2328/2207 2202/2335/2214 2200/2333/2215
f 2201/2334/2213 2200/2333/2212 2203/2336/2216 2204/2337/2217
f 2200/2333/2215 2202/2335/2214 2205/2338/2218 2203/2336/2219
f 2204/2337/2217 2203/2336/2216 2206/2339/2220 2207/2340/2221
f 2203/2336/2219 2205/2338/2218 2208/2341/2222 2206/2339/2223
f 2207/2340/2221 2206/2339/2220 2209/2342/2224 2210/2343/2224
f 2206/2339/2223 2208/2341/2222 2211/2084/1971 2209/2342/2225
f 2210/2343/2224 2209/2342/2224 2212/2086/2226 2213/2344/2226
f 2209/2342/2225 2211/2084/1971 1974/2083/1970 2212/2086/1973
f 2213/2344/2226 2212/2086/2226 1977/2087/1977 2215/2090/1977
f 2251/2345/2227 2210/2343/2227 2213/2344/2228 2214/2346/2229
f 2214/2346/2229 2213/2344/2228 2215/2090/2230 2216/2347/2230
f 2216/2347/2230 2215/2090/2230 1980/2091/2231 2218/2116/2232
f 2220/2348/2233 2214/2346/2234 2216/2347/2235 2217/2349/2236
f 2217/2349/2236 2216/2347/2235 2218/2116/2010 2004/2114/2008
f 2218/2116/2232 1980/2091/2231 1982/2092/2237 2005/2112/2237
f 2217/2349/2236 2004/2114/2008 2007/2115/2009 2219/2350/2238
f 2222/2351/2239 2220/2348/2233 2217/2349/2236 2219/2350/2238
f 2221/2352/2240 2220/2348/2233 2222/2351/2239 2223/2353/2241
f 2221/2352/2240 2251/2345/2242 2214/2346/2234 2220/2348/2233
f 2224/2354/2243 2222/2351/2239 2219/2350/2238 2227/2355/2244
f 2225/2356/2245 2223/2353/2241 2222/2351/2239 2224/2354/2243
f 2237/2357/2246 2225/2356/2245 2224/2354/2243 2226/2358/2247
f 2226/2358/2247 2224/2354/2243 2227/2355/2244 2228/2359/2248
f 2228/2359/2248 2227/2355/2244 2009/2117/2011 2013/2120/2014
f 2227/2355/2244 2219/2350/2238 2007/2115/2009 2009/2117/2011
f 2232/2360/2249 2226/2358/2247 2228/2359/2248 2229/2361/2250
f 2228/2359/2248 2013/2120/2014 2230/2125/2019 2229/2361/2250
f 2229/2361/2250 2230/2125/2019 2350/2362/2251 2231/2363/2252
f 2233/2364/2253 2232/2360/2249 2229/2361/2250 2231/2363/2252
f 2237/2357/2246 2226/2358/2247 2232/2360/2249 2234/2365/2254
f 2234/2365/2254 2232/2360/2249 2233/2364/2253 2235/2366/2255
f 2236/2367/2256 2234/2365/2254 2235/2366/2255 2348/2368/2257
f 2238/2369/2258 2237/2357/2246 2234/2365/2254 2236/2367/2256
f 2238/2369/2258 2239/2370/2259 2225/2356/2245 2237/2357/2246
f 2240/2371/2260 2243/2372/2261 2239/2370/2259 2238/2369/2258
f 2240/2371/2260 2238/2369/2258 2236/2367/2256 2242/2373/2262
f 2241/2374/2263 2244/2375/2264 2243/2372/2261 2240/2371/2260
f 2241/2374/2263 2240/2371/2260 2242/2373/2262 2274/2376/2265
f 2244/2375/2264 2246/2377/2266 2245/2378/2267 2243/2372/2261
f 2243/2372/2261 2245/2378/2267 2248/2379/2268 2239/2370/2259
f 2254/2380/2269 2247/2381/2270 2245/2378/2267 2246/2377/2266
f 2247/2381/2270 2249/2382/2271 2248/2379/2268 2245/2378/2267
f 2239/2370/2259 2248/2379/2268 2223/2353/2241 2225/2356/2245
f 2249/2382/2271 2221/2352/2240 2223/2353/2241 2248/2379/2268
f 2249/2382/2271 2250/2383/2272 2251/2345/2242 2221/2352/2240
f 2247/2381/2270 2252/2384/2273 2250/2383/2272 2249/2382/2271
f 2250/2383/2274 2207/2340/2274 2210/2343/2227 2251/2345/2227
f 2252/2384/2275 2204/2337/2276 2207/2340/2274 2250/2383/2274
f 2253/2385/2277 2201/2334/2277 2204/2337/2276 2252/2384/2275
f 2254/2380/2269 2253/2385/2278 2252/2384/2273 2247/2381/2270
f 2256/2386/2279 2255/2387/2280 2253/2385/2278 2254/2380/2269
f 2255/2387/2281 2199/2332/2282 2201/2334/2277 2253/2385/2277
f 2259/2388/2283 2257/2389/2284 2255/2387/2280 2256/2386/2279
f 2257/2389/2285 2197/2331/2285 2199/2332/2282 2255/2387/2281
f 2258/2390/2286 3066/2330/2287 2197/2331/2285 2257/2389/2285
f 2261/2391/2288 2258/2390/2289 2257/2389/2284 2259/2388/2283
f 2260/2392/2290 2259/2388/2283 2256/2386/2279 3062/2393/2291
f 2261/2391/2288 2259/2388/2283 2260/2392/2290 2263/2394/2292
f 2262/2395/2293 2261/2391/2288 2263/2394/2292 2264/2396/2294
f 2262/2395/2293 3063/2397/2295 2258/2390/2289 2261/2391/2288
f 2266/2398/2296 2264/2396/2294 2263/2394/2292 2265/2399/2297
f 2265/2399/2297 2263/2394/2292 2260/2392/2290 2268/2400/2298
f 3061/2401/2299 2266/2398/2296 2265/2399/2297 2267/2402/2300
f 2267/2402/2300 2265/2399/2297 2268/2400/2298 2270/2403/2301
f 2270/2403/2301 2268/2400/2298 2269/2404/2302 2272/2405/2303
f 2268/2400/2298 2260/2392/2290 3062/2393/2291 2269/2404/2302
f 2271/2406/2304 2270/2403/2301 2272/2405/2303 2273/2407/2305
f 2267/2402/2300 2270/2403/2301 2271/2406/2304 2281/2408/2306
f 2272/2405/2303 2241/2374/2263 2274/2376/2265 2273/2407/2305
f 2272/2405/2303 2269/2404/2302 2244/2375/2264 2241/2374/2263
f 2273/2407/2305 2274/2376/2265 2276/2409/2307 2275/2410/2308
f 2278/2411/2309 2271/2406/2304 2273/2407/2305 2275/2410/2308
f 2275/2410/2308 2276/2409/2307 2340/2412/2310 2277/2413/2311
f 2279/2414/2312 2278/2411/2309 2275/2410/2308 2277/2413/2311
f 2281/2408/2306 2271/2406/2304 2278/2411/2309 2280/2415/2313
f 2280/2415/2313 2278/2411/2309 2279/2414/2312 2283/2416/2314
f 3060/2417/2315 2281/2408/2306 2280/2415/2313 2282/2418/2316
f 2282/2418/2316 2280/2415/2313 2283/2416/2314 2284/2419/2317
f 2279/2414/2312 2286/2420/2318 2285/2421/2319 2283/2416/2314
f 2283/2416/2314 2285/2421/2319 2288/2240/2130 2284/2419/2317
f 2286/2420/2318 2289/2422/2320 2287/2423/2321 2285/2421/2319
f 2285/2421/2319 2287/2423/2321 2120/2239/2129 2288/2240/2130
f 2284/2419/2317 2288/2240/2130 2121/2241/2131 3047/2424/2322
f 2287/2423/2321 2289/2422/2320 2292/2425/2323 2290/2426/2324
f 2120/2239/2129 2287/2423/2321 2290/2426/2324 2118/2236/2126
f 2118/2236/2126 2290/2426/2324 2291/2427/2325 2115/2233/2123
f 2290/2426/2324 2292/2425/2323 2294/2428/2326 2291/2427/2325
f 2294/2428/2326 2292/2425/2323 2293/2429/2327 2295/2430/2328
f 2292/2425/2323 2289/2422/2320 2343/2431/2329 2293/2429/2327
f 2296/2432/2330 2294/2428/2326 2295/2430/2328 2299/2433/2331
f 2297/2434/2332 2291/2427/2325 2294/2428/2326 2296/2432/2330
f 3008/2435/2333 2297/2434/2332 2296/2432/2330 2298/2436/2334
f 2298/2436/2334 2296/2432/2330 2299/2433/2331 2300/2437/2335
f 2299/2433/2331 2295/2430/2328 2302/2438/2336 2301/2439/2337
f 2300/2437/2335 2299/2433/2331 2301/2439/2337 2303/2440/2338
f 2301/2439/2337 2302/2438/2336 2305/2441/2339 2304/2442/941
f 2303/2440/2338 2301/2439/2337 2304/2442/941 2306/2443/2340
f 2304/2442/941 2305/2441/2339 2308/2444/2341 2307/2445/2342
f 2306/2443/2340 2304/2442/941 2307/2445/2342 2309/2446/2343
f 2307/2445/2342 2308/2444/2341 2311/2447/2344 2310/2448/2345
f 2309/2446/2343 2307/2445/2342 2310/2448/2345 2312/2449/2346
f 2310/2448/2345 2311/2447/2344 2316/2450/2347 2313/2451/2348
f 2312/2449/2346 2310/2448/2345 2313/2451/2348 2314/2452/2349
f 2314/2452/2349 2313/2451/2348 2315/2453/2350 2752/2454/2351
f 2313/2451/2348 2316/2450/2347 2317/2455/2352 2315/2453/2350
f 2316/2450/2347 2318/2456/2353 2320/2457/2354 2317/2455/2352
f 2319/2458/2355 2318/2456/2353 2316/2450/2347 2311/2447/2344
f 2322/2459/2356 2321/2460/2357 2318/2456/2353 2319/2458/2355
f 2318/2456/2353 2321/2460/2357 2324/2461/2358 2320/2457/2354
f 2323/2462/2359 2321/2460/2357 2322/2459/2356 2333/2463/2360
f 2326/2464/2361 2324/2461/2358 2321/2460/2357 2323/2462/2359
f 2324/2461/2358 2325/2465/2362 2362/2466/2363 2320/2457/2354
f 2327/2467/2364 2325/2465/2362 2324/2461/2358 2326/2464/2361
f 2329/2468/2365 2327/2467/2364 2326/2464/2361 2328/2469/2366
f 2328/2469/2366 2326/2464/2361 2323/2462/2359 2330/2470/2367
f 2231/2363/2252 2350/2362/2251 2329/2468/2365 2328/2469/2366
f 2330/2470/2367 2233/2364/2253 2231/2363/2252 2328/2469/2366
f 2235/2366/2255 2233/2364/2253 2330/2470/2367 2331/2471/2368
f 2330/2470/2367 2323/2462/2359 2333/2463/2360 2331/2471/2368
f 2348/2368/2257 2235/2366/2255 2331/2471/2368 2332/2472/2369
f 2331/2471/2368 2333/2463/2360 2334/2473/2370 2332/2472/2369
f 2333/2463/2360 2322/2459/2356 2335/2474/2371 2334/2473/2370
f 2332/2472/2369 2334/2473/2370 2336/2475/2372 2337/2476/2373
f 2334/2473/2370 2335/2474/2371 2338/2477/2374 2336/2475/2372
f 2337/2476/2373 2336/2475/2372 2339/2478/2375 2340/2412/2310
f 2336/2475/2372 2338/2477/2374 2341/2479/2376 2339/2478/2375
f 2340/2412/2310 2339/2478/2375 2342/2480/2377 2277/2413/2311
f 2339/2478/2375 2341/2479/2376 2343/2431/2329 2342/2480/2377
f 2277/2413/2311 2342/2480/2377 2286/2420/2318 2279/2414/2312
f 2342/2480/2377 2343/2431/2329 2289/2422/2320 2286/2420/2318
f 2343/2431/2329 2341/2479/2376 2344/2481/2378 2293/2429/2327
f 2341/2479/2376 2338/2477/2374 2345/2482/2379 2344/2481/2378
f 2293/2429/2327 2344/2481/2378 2302/2438/2336 2295/2430/2328
f 2344/2481/2378 2345/2482/2379 2305/2441/2339 2302/2438/2336
f 2345/2482/2379 2346/2483/2380 2308/2444/2341 2305/2441/2339
f 2338/2477/2374 2335/2474/2371 2346/2483/2380 2345/2482/2379
f 2346/2483/2380 2319/2458/2355 2311/2447/2344 2308/2444/2341
f 2335/2474/2371 2322/2459/2356 2319/2458/2355 2346/2483/2380
f 2276/2409/2307 2347/2484/2381 2337/2476/2373 2340/2412/2310
f 2347/2484/2381 2348/2368/2257 2332/2472/2369 2337/2476/2373
f 2242/2373/2262 2236/2367/2256 2348/2368/2257 2347/2484/2381
f 2274/2376/2265 2242/2373/2262 2347/2484/2381 2276/2409/2307
f 2349/2485/2382 2359/2486/2383 2327/2467/2364 2329/2468/2365
f 2350/2362/2251 2351/2487/2384 2349/2485/2382 2329/2468/2365
f 2230/2125/2019 2012/2123/2017 2351/2487/2384 2350/2362/2251
f 2351/2487/2384 2012/2123/2017 2015/2124/2018 2352/2488/2385
f 2349/2485/2382 2351/2487/2384 2352/2488/2385 2354/2489/2386
f 2015/2124/2018 2017/2127/2021 2353/2490/2387 2352/2488/2385
f 2352/2488/2385 2353/2490/2387 2355/2491/2388 2354/2489/2386
f 2355/2491/2388 2357/2492/2389 2356/2493/2390 2354/2489/2386
f 2354/2489/2386 2356/2493/2390 2359/2486/2383 2349/2485/2382
f 2357/2492/2389 3038/2494/2391 2358/2495/2392 2356/2493/2390
f 2356/2493/2390 2358/2495/2392 2360/2496/2393 2359/2486/2383
f 2359/2486/2383 2360/2496/2393 2325/2465/2362 2327/2467/2364
f 2361/2497/2394 2360/2496/2393 2358/2495/2392 2363/2498/2395
f 2325/2465/2362 2360/2496/2393 2361/2497/2394 2362/2466/2363
f 2362/2466/2363 2361/2497/2394 2364/2499/2396 2365/2500/2397
f 2364/2499/2396 2361/2497/2394 2363/2498/2395 2367/2501/2398
f 2754/2502/2399 2365/2500/2397 2364/2499/2396 2366/2503/2400
f 2366/2503/2400 2364/2499/2396 2367/2501/2398 2369/2504/2401
f 2363/2498/2395 3036/2505/2402 2368/2506/2403 2367/2501/2398
f 2369/2504/2401 2367/2501/2398 2368/2506/2403 2371/2507/2404
f 2378/2508/2405 2366/2503/2400 2369/2504/2401 2370/2509/2406
f 2370/2509/2406 2369/2504/2401 2371/2507/2404 2372/2510/2407
f 2372/2510/2407 2371/2507/2404 2074/2187/2081 2076/2189/2083
f 2371/2507/2404 2368/2506/2403 3035/2188/2082 2074/2187/2081
f 2370/2509/2406 2372/2510/2407 2373/2511/2408 2375/2512/2409
f 2373/2511/2408 2372/2510/2407 2076/2189/2083 2078/2191/2085
f 2374/2513/2410 2373/2511/2408 2078/2191/2085 2923/2194/2088
f 2375/2512/2409 2373/2511/2408 2374/2513/2410 2376/2514/2411
f 2380/2515/2412 2377/2516/2413 2375/2512/2409 2376/2514/2411
f 2377/2516/2413 2378/2508/2405 2370/2509/2406 2375/2512/2409
f 2753/2517/2414 2378/2508/2405 2377/2516/2413 2379/2518/2415
f 2379/2518/2415 2377/2516/2413 2380/2515/2412 2382/2519/2416
f 2381/2520/2417 2380/2515/2412 2376/2514/2411 2926/2521/2418
f 2382/2519/2416 2380/2515/2412 2381/2520/2417 2384/2522/2419
f 2751/2523/2420 2379/2518/2415 2382/2519/2416 2383/2524/2421
f 2383/2524/2421 2382/2519/2416 2384/2522/2419 2386/2525/2422
f 2385/2526/2423 2384/2522/2419 2381/2520/2417 3003/2527/2424
f 2387/2528/2425 2386/2525/2422 2384/2522/2419 2385/2526/2423
f 2388/2529/2426 2389/2530/2427 2383/2524/2421 2386/2525/2422
f 2391/2531/2428 2388/2529/2426 2386/2525/2422 2387/2528/2425
f 2749/2532/2429 2389/2530/2427 2388/2529/2426 2390/2533/2430
f 2392/2534/2431 2390/2533/2430 2388/2529/2426 2391/2531/2428
f 2395/2535/2432 2392/2534/2431 2391/2531/2428 2393/2536/2433
f 2393/2536/2433 2391/2531/2428 2387/2528/2425 2394/2537/2434
f 2396/2538/2435 2393/2536/2433 2394/2537/2434 2397/2539/2436
f 2395/2535/2432 2393/2536/2433 2396/2538/2435 2398/2540/2437
f 2399/2541/2438 2396/2538/2435 2397/2539/2436 2401/2542/2439
f 2402/2543/2440 2398/2540/2437 2396/2538/2435 2399/2541/2438
f 2400/2544/2441 2399/2541/2438 2401/2542/2439 2995/2545/2442
f 2404/2546/2443 2402/2543/2440 2399/2541/2438 2400/2544/2441
f 2406/2547/2444 2403/2548/2445 2402/2543/2440 2404/2546/2443
f 2403/2548/2445 2765/2549/2446 2398/2540/2437 2402/2543/2440
f 2405/2550/2447 2404/2546/2443 2400/2544/2441 2996/2551/2448
f 2408/2552/2449 2406/2547/2444 2404/2546/2443 2405/2550/2447
f 2407/2553/2450 2717/2554/2451 2403/2548/2445 2406/2547/2444
f 2409/2555/2452 2407/2553/2450 2406/2547/2444 2408/2552/2449
f 2409/2555/2452 2408/2552/2449 2410/2556/2453 2411/2557/2454
f 2408/2552/2449 2405/2550/2447 2412/2558/2455 2410/2556/2453
f 2414/2559/2456 2411/2557/2454 2410/2556/2453 2413/2560/2457
f 2413/2560/2457 2410/2556/2453 2412/2558/2455 2416/2561/2458
f 2658/2562/2459 2414/2559/2456 2413/2560/2457 2415/2563/2460
f 2415/2563/2460 2413/2560/2457 2416/2561/2458 2417/2564/2461
f 2416/2561/2458 2412/2558/2455 2419/2565/2462 2418/2566/2463
f 2417/2564/2461 2416/2561/2458 2418/2566/2463 2420/2567/2464
f 2418/2566/2463 2419/2565/2462 2422/2568/2465 2421/2569/2466
f 2420/2567/2464 2418/2566/2463 2421/2569/2466 2423/2570/2467
f 2421/2569/2466 2422/2568/2465 2425/2571/2468 2424/2572/2469
f 2423/2570/2467 2421/2569/2466 2424/2572/2469 2426/2573/2470
f 2424/2572/2469 2425/2571/2468 2428/2574/2471 2427/2575/2472
f 2426/2573/2470 2424/2572/2469 2427/2575/2472 2429/2576/2473
f 2427/2575/2472 2428/2574/2471 2431/2577/2474 2430/2578/2475
f 2429/2576/2473 2427/2575/2472 2430/2578/2475 2432/2579/2476
f 2430/2578/2475 2431/2577/2474 2434/2580/2477 2433/2581/2478
f 2432/2579/2476 2430/2578/2475 2433/2581/2478 2436/2582/2479
f 2433/2581/2478 2434/2580/2477 2986/2583/2480 2435/2584/2481
f 2436/2582/2479 2433/2581/2478 2435/2584/2481 2437/2585/2482
f 2439/2586/2483 2432/2579/2476 2436/2582/2479 2438/2587/2484
f 2438/2587/2484 2436/2582/2479 2437/2585/2482 2440/2588/2485
f 2439/2586/2483 2438/2587/2484 2441/2589/2486 2442/2590/2487
f 2441/2589/2486 2438/2587/2484 2440/2588/2485 2443/2591/2488
f 2446/2592/2489 2442/2590/2487 2441/2589/2486 2444/2593/2490
f 2444/2593/2490 2441/2589/2486 2443/2591/2488 2447/2594/2491
f 2445/2595/2492 2444/2593/2493 2447/2594/2494 2448/2596/2495
f 2598/2597/2496 2446/2592/2497 2444/2593/2493 2445/2595/2492
f 2447/2594/2491 2443/2591/2488 2450/2598/2498 2449/2599/2499
f 2448/2596/2495 2447/2594/2494 2449/2599/2500 2451/2600/2501
f 2449/2599/2499 2450/2598/2498 2454/2601/2502 2452/2602/2503
f 2451/2600/2501 2449/2599/2500 2452/2602/2504 2453/2603/2505
f 2453/2603/2505 2452/2602/2504 2455/2604/2506 2457/2605/2507
f 2452/2602/2503 2454/2601/2502 2456/2606/2508 2455/2604/2509
f 2455/2604/2509 2456/2606/2508 2459/2607/2510 2458/2608/2511
f 2457/2605/2507 2455/2604/2506 2458/2608/2512 2460/2609/2513
f 2458/2608/2511 2459/2607/2510 2462/2610/2514 2461/2611/2515
f 2460/2609/2513 2458/2608/2512 2461/2611/2516 2464/2612/2517
f 2966/2613/2518 2463/2614/2519 2461/2611/2515 2462/2610/2514
f 2463/2614/2520 2465/2615/2521 2464/2612/2517 2461/2611/2516
f 2465/2615/2521 2467/2616/2522 2466/2617/2523 2464/2612/2517
f 2469/2618/2524 2460/2609/2513 2464/2612/2517 2466/2617/2523
f 2466/2619/2523 2467/2620/2522 2486/2621/2525 2468/2622/1
f 2469/2623/2524 2466/2619/2523 2468/2622/1 2471/2624/2526
f 2470/2625/2527 2457/2605/2507 2460/2609/2513 2469/2618/2524
f 2470/2626/2527 2469/2627/2524 2471/2628/2526 2472/2629/2528
f 2472/2629/2529 2471/2628/2529 2473/2630/2529 2568/2631/2529
f 2473/2632/2530 2471/2624/2530 2474/2633/2531 2477/2634/2532
f 2471/2624/2526 2468/2622/1 2475/2635/2533 2474/2633/2534
f 2475/2635/2533 2488/2636/2535 2476/2637/2536 2474/2633/2534
f 2474/2633/2531 2476/2637/2537 2478/2638/2537 2477/2639/2532
f 2480/2640/2538 2473/2641/2539 2477/2639/2540 2479/2642/2541
f 2481/2643/2542 2479/2642/2541 2477/2639/2540 2478/2638/2543
f 2484/2644/2544 2480/2640/2538 2479/2642/2541 2482/2645/2545
f 2479/2642/2541 2481/2643/2542 2483/2646/2546 2482/2645/2545
f 2487/2647/2547 2485/2648/2548 2482/2645/2549 2483/2646/2547
f 2486/2621/2550 2484/2649/2550 2482/2650/2549 2485/2648/2548
f 2468/2622/1 2486/2621/2525 2485/2648/2551 2475/2635/2533
f 2488/2636/2535 2475/2635/2533 2485/2648/2551 2487/2647/2552
f 2490/2651/2553 2488/2636/2554 2487/2647/2555 2489/2652/2556
f 2489/2652/2556 2487/2647/2557 2483/2646/2558 2491/2653/2559
f 2490/2651/2553 2489/2652/2556 2491/2653/2559 2492/2654/2560
f 2481/2643/2561 2492/2654/2560 2491/2653/2559 2483/2646/2558
f 2494/2655/2562 2490/2651/2553 2492/2654/2560 2493/2656/2563
f 2492/2654/2560 2481/2643/2561 2478/2638/2564 2493/2656/2563
f 2476/2637/2565 2494/2655/2562 2493/2656/2563 2478/2638/2564
f 2488/2636/2554 2490/2651/2553 2494/2655/2562 2476/2637/2566
f 2467/2657/2522 2498/2658/2567 2495/2659/3 2486/2660/2525
f 2486/2660/2529 2495/2659/2529 2496/2661/2529 2484/2662/2529
f 2495/2659/2529 2497/2663/2529 2551/2664/2529 2496/2661/2529
f 2498/2658/2567 2500/2665/2568 2497/2663/2569 2495/2659/3
f 2498/2666/2567 2499/2667/2570 2501/2668/2571 2500/2669/2568
f 2499/2667/2570 2498/2666/2567 2467/2616/2522 2465/2615/2521
f 2497/2624/2569 2500/2623/2568 2502/2670/2572 2503/2671/2573
f 2500/2669/2568 2501/2668/2571 2504/2672/2574 2502/2673/2572
f 2502/2670/2572 2505/2674/2575 2508/2675/1700 2503/2671/2573
f 2502/2673/2572 2504/2672/2574 2506/2676/2576 2505/2677/2575
f 2505/2677/2575 2506/2676/2576 2826/2678/2577 2507/2679/2578
f 2505/2674/2575 2507/2620/2578 2510/2621/2579 2508/2675/1700
f 2503/2671/2573 2508/2675/1700 2509/2680/2580 3034/2681/2581
f 2508/2675/1700 2510/2621/2579 2512/2648/2582 2509/2680/2580
f 2510/2621/2539 2511/2649/2539 3016/2650/2583 2512/2648/2583
f 2511/2682/2529 2510/2683/2529 2513/2684/2529 2514/2685/2529
f 2510/2683/2579 2507/2686/2578 2515/2687/2584 2513/2684/2585
f 2513/2684/2529 2516/2688/2529 2517/2689/2529 2514/2685/2529
f 2515/2687/2584 2518/2690/2586 2516/2688/2587 2513/2684/2585
f 2517/2632/2588 2516/2624/2588 2519/2633/2589 2538/2634/2589
f 2516/2624/2587 2518/2623/2586 2521/2670/2590 2520/2671/2591
f 2516/2624/2587 2520/2671/2591 2523/2681/2592 2519/2633/2593
f 2521/2670/2590 2821/2674/2594 2522/2675/2595 2520/2671/2591
f 2520/2671/2591 2522/2675/2595 2525/2680/2596 2523/2681/2592
f 2543/2637/2597 2519/2633/2593 2523/2681/2592 2524/2691/2598
f 2524/2691/2598 2523/2681/2592 2525/2680/2596 2526/2692/2599
f 2526/2692/2599 2525/2680/2596 2527/2648/2600 2529/2693/2601
f 2522/2675/2595 2528/2621/2602 2527/2648/2600 2525/2680/2596
f 2528/2621/2603 2531/2649/2603 2530/2650/2604 2527/2648/2604
f 2529/2693/2605 2527/2648/2604 2530/2645/2604 2532/2646/2605
f 2531/2644/2606 2534/2694/8 2533/2695/2607 2530/2645/2608
f 2533/2695/2607 2535/2696/2609 2532/2646/2610 2530/2645/2608
f 2534/2694/8 2537/2697/7 2536/2698/2611 2533/2695/2607
f 2536/2698/2611 2539/2699/2612 2535/2696/2609 2533/2695/2607
f 2537/2697/7 2517/2641/5 2538/2639/2613 2536/2698/2611
f 2538/2639/2613 2541/2638/2614 2539/2699/2612 2536/2698/2611
f 2539/2699/2615 2540/2700/2616 2547/2701/2617 2535/2696/2618
f 2541/2638/2619 2542/2656/2620 2540/2700/2616 2539/2699/2615
f 2541/2638/2621 2538/2639/2589 2519/2633/2589 2543/2637/2621
f 2542/2656/2620 2541/2638/2622 2543/2637/2622 2544/2655/2623
f 2544/2655/2623 2543/2637/2624 2524/2691/2625 2545/2702/2626
f 2542/2656/2620 2544/2655/2623 2545/2702/2626 2540/2700/2616
f 2545/2702/2626 2546/2703/2627 2547/2701/2617 2540/2700/2616
f 2545/2702/2626 2524/2691/2625 2526/2692/2628 2546/2703/2627
f 2546/2703/2627 2548/2652/2629 2549/2653/2630 2547/2701/2617
f 2546/2703/2627 2526/2692/2628 2529/2693/2631 2548/2652/2629
f 2548/2652/2629 2529/2693/2632 2532/2646/2632 2549/2653/2630
f 2535/2696/2618 2547/2701/2617 2549/2653/2630 2532/2646/2633
f 2550/2704/2529 2517/2689/2529 2537/2705/2529
f 2537/2705/2529 2534/2706/2529 2550/2704/2529
f 2496/2661/2529 2551/2664/2529 2550/2704/2529
f 2484/2662/2529 2496/2661/2529 2550/2704/2529
f 2480/2707/2529 2484/2662/2529 2550/2704/2529
f 2550/2704/2529 2551/2664/2529 2552/2708/2529
f 2552/2708/2529 2553/2709/2529 2550/2704/2529
f 2553/2709/2529 2511/2682/2529 2550/2704/2529
f 2514/2685/2529 2517/2689/2529 2550/2704/2529
f 2550/2704/2529 2511/2682/2529 2514/2685/2529
f 2534/2706/2529 2531/2710/2529 2550/2704/2529
f 2554/2711/2529 2555/2712/2529 2550/2704/2529
f 2550/2704/2529 2531/2710/2529 2554/2711/2529
f 2555/2712/2529 2556/2713/2529 2550/2704/2529
f 2556/2713/2529 2557/2714/2529 2550/2704/2529
f 2557/2714/2529 2558/2715/2529 2550/2704/2529
f 2558/2715/2529 2560/2716/2529 2550/2704/2529
f 2559/2717/2529 2561/2718/2529 2550/2704/2529
f 2550/2704/2529 2560/2716/2529 2559/2717/2529
f 2561/2718/2529 2562/2719/2529 2550/2704/2529
f 2550/2704/2529 2562/2719/2529 2563/2720/2529
f 2563/2720/2529 2564/2721/2529 2550/2704/2529
f 2550/2704/2529 2564/2721/2529 2565/2722/2529
f 2565/2722/2529 2566/2723/2529 2550/2704/2529
f 2566/2723/2529 2567/2724/2529 2550/2704/2529
f 2550/2704/2529 2567/2724/2529 2568/2631/2529
f 2568/2631/2529 2473/2630/2529 2550/2704/2529
f 2473/2630/2529 2480/2707/2529 2550/2704/2529
f 2567/2724/2529 2569/2725/2529 2472/2629/2529 2568/2631/2529
f 2567/2644/2602 2566/2694/2595 2573/2695/2634 2570/2645/2600
f 2569/2621/2569 2567/2649/2569 2570/2650/2635 2572/2648/2635
f 2573/2695/2634 2574/2696/2636 2571/2726/2637 2570/2645/2600
f 3009/2647/2638 2572/2648/2635 2570/2645/2635 2571/2726/2638
f 2574/2696/2636 2573/2695/2634 2575/2698/2639 2576/2699/2640
f 2566/2694/2595 2565/2697/2591 2575/2698/2639 2573/2695/2634
f 2576/2699/2640 2575/2698/2639 2577/2639/2593 2579/2638/2641
f 2565/2697/2591 2564/2641/2587 2577/2639/2593 2575/2698/2639
f 2564/2632/2544 2596/2624/2544 2578/2633/2642 2577/2634/2642
f 2578/2633/2642 2580/2637/2643 2579/2638/2643 2577/2639/2642
f 2582/2700/2644 2576/2699/2645 2579/2638/2624 2581/2656/2646
f 2580/2637/2647 2583/2655/2648 2581/2656/2646 2579/2638/2647
f 2581/2656/2646 2583/2655/2648 2584/2702/2649 2582/2700/2644
f 2586/2691/2650 2584/2702/2649 2583/2655/2648 2580/2637/2619
f 2584/2702/2649 2585/2703/2651 3012/2701/2652 2582/2700/2644
f 2587/2692/2653 2585/2703/2651 2584/2702/2649 2586/2691/2650
f 2590/2680/2654 2587/2692/2655 2586/2691/2656 2588/2681/2657
f 2588/2681/2657 2586/2691/2656 2580/2637/14 2578/2633/2613
f 2596/2624/5 2589/2671/7 2588/2681/2657 2578/2633/2613
f 2589/2671/7 2591/2675/8 2590/2680/2654 2588/2681/2657
f 2587/2692/2655 2590/2680/2654 2572/2648/2608 3009/2647/2658
f 2591/2675/8 2569/2621/2606 2572/2648/2608 2590/2680/2654
f 2593/2670/2659 2592/2674/2660 2591/2675/8 2589/2671/7
f 2592/2674/2660 2594/2620/2661 2569/2621/2606 2591/2675/8
f 2593/2727/2659 2448/2596/2495 2451/2600/2501 2592/2728/2660
f 2592/2728/2660 2451/2600/2501 2453/2603/2505 2594/2729/2661
f 2594/2729/2661 2453/2603/2505 2457/2605/2507 2470/2625/2527
f 2569/2725/2606 2594/2730/2661 2470/2626/2527 2472/2629/2528
f 2596/2624/5 2595/2623/2662 2593/2670/2659 2589/2671/7
f 2595/2731/2662 2445/2595/2492 2448/2596/2495 2593/2727/2659
f 2597/2732/2663 2598/2597/2496 2445/2595/2492 2595/2731/2662
f 2597/2733/2663 2595/2734/2662 2596/2735/5 2600/2736/12
f 2599/2737/2664 2640/2738/2665 2598/2597/2496 2597/2732/2663
f 2601/2739/18 2599/2740/2664 2597/2733/2663 2600/2736/12
f 2562/2719/2529 2601/2739/2529 2600/2736/2529 2563/2720/2529
f 2600/2736/2529 2596/2735/2529 2564/2721/2529 2563/2720/2529
f 2639/2741/2666 2599/2742/2664 2601/2743/18 2602/2744/22
f 2601/2743/2667 2562/2745/2667 2605/2746/2668 2603/2747/2668
f 2602/2744/22 2601/2743/18 2603/2747/2669 2606/2748/2670
f 2604/2749/2671 2603/2747/2668 2605/2750/2668 2621/2751/2671
f 2608/2752/2672 2606/2748/2670 2603/2747/2669 2604/2749/2673
f 2610/2753/2674 2607/2754/2675 2606/2748/2670 2608/2752/2672
f 2629/2755/2676 2602/2744/22 2606/2748/2670 2607/2754/2675
f 2609/2756/2677 2608/2752/2678 2604/2749/2679 2620/2757/2680
f 2612/2758/2681 2610/2753/2682 2608/2752/2678 2609/2756/2677
f 2611/2759/2683 2626/2760/2684 2607/2754/2675 2610/2753/2674
f 2613/2761/2685 2611/2759/2632 2610/2753/2682 2612/2758/2681
f 2615/2762/2686 2613/2761/2685 2612/2758/2681 2614/2763/2687
f 2612/2758/2681 2609/2756/2677 2617/2764/2688 2614/2763/2687
f 2625/2765/2689 2615/2762/2686 2614/2763/2687 2616/2766/2690
f 2616/2766/2690 2614/2763/2687 2617/2764/2688 2618/2767/2691
f 2618/2767/2691 2617/2764/2688 2619/2768/2692 2621/2751/2693
f 2609/2756/2677 2620/2757/2680 2619/2768/2692 2617/2764/2688
f 2620/2757/2680 2604/2749/2566 2621/2751/2566 2619/2768/2692
f 2622/2769/2694 2618/2767/2695 2621/2751/2696 2605/2750/2582
f 2623/2770/2697 2616/2766/2698 2618/2767/2695 2622/2769/2694
f 2561/2771/1700 2559/2772/2573 2623/2770/2697 2622/2769/2694
f 2562/2773/2579 2561/2771/1700 2622/2769/2694 2605/2750/2582
f 2624/2774/2699 2625/2765/2700 2616/2766/2698 2623/2770/2697
f 2559/2772/2573 2560/2775/2569 2624/2774/2699 2623/2770/2697
f 2625/2765/2701 2624/2774/2702 2626/2760/2702 2611/2759/2701
f 2560/2776/2602 2627/2777/2602 2626/2760/2702 2624/2778/2702
f 2627/2777/2603 2629/2755/2676 2607/2754/2675 2626/2760/2684
f 2631/2779/2703 2630/2780/2704 2627/2781/2603 2628/2782/2705
f 2628/2782/2529 2627/2781/2529 2560/2716/2529 2558/2715/2529
f 2627/2777/2603 2630/2783/2704 2632/2784/2706 2629/2755/2676
f 2631/2785/2703 2634/2786/2707 2633/2787/2708 2630/2788/2704
f 2630/2788/2704 2633/2787/2708 2636/2789/2709 2632/2790/2706
f 2634/2786/2707 2653/2791/2710 2635/2792/2711 2633/2787/2708
f 2633/2787/2708 2635/2792/2711 2637/2793/2712 2636/2789/2709
f 2636/2789/2709 2637/2793/2712 2641/2794/2713 2638/2795/2714
f 2632/2790/2706 2636/2789/2709 2638/2795/2714 2639/2796/2666
f 2639/2796/2666 2638/2795/2714 2640/2738/2665 2599/2737/2664
f 2638/2795/2714 2641/2794/2713 2643/2797/2715 2640/2738/2665
f 2637/2793/2716 2649/2798/2717 2642/2799/2718 2641/2794/2719
f 2641/2794/2719 2642/2799/2718 2644/2800/2720 2643/2797/2721
f 2640/2738/2665 2643/2797/2715 2446/2592/2497 2598/2597/2496
f 2643/2797/2721 2644/2800/2720 2442/2590/2487 2446/2592/2489
f 2644/2800/2720 2645/2801/2722 2439/2586/2483 2442/2590/2487
f 2646/2802/2723 2645/2801/2722 2644/2800/2720 2642/2799/2718
f 2645/2801/2722 2429/2576/2473 2432/2579/2476 2439/2586/2483
f 2646/2802/2723 2426/2573/2470 2429/2576/2473 2645/2801/2722
f 2647/2803/2724 2423/2570/2467 2426/2573/2470 2646/2802/2723
f 2647/2803/2724 2646/2802/2723 2642/2799/2718 2649/2798/2717
f 2648/2804/2725 2420/2567/2464 2423/2570/2467 2647/2803/2724
f 2650/2805/2726 2648/2804/2725 2647/2803/2724 2649/2798/2717
f 2635/2792/2727 2650/2805/2726 2649/2798/2717 2637/2793/2716
f 2654/2806/2728 2648/2804/2725 2650/2805/2726 2651/2807/2729
f 2653/2791/2730 2651/2807/2729 2650/2805/2726 2635/2792/2727
f 2655/2808/2731 2654/2806/2728 2651/2807/2729 2652/2809/2732
f 2664/2810/2733 2652/2809/2732 2651/2807/2729 2653/2791/2730
f 2655/2808/2731 2415/2563/2460 2417/2564/2461 2654/2806/2728
f 2654/2806/2728 2417/2564/2461 2420/2567/2464 2648/2804/2725
f 2656/2811/2734 2658/2562/2459 2415/2563/2460 2655/2808/2731
f 2656/2811/2734 2655/2808/2731 2652/2809/2732 2659/2812/2735
f 2657/2813/2736 2707/2814/2737 2658/2562/2459 2656/2811/2734
f 2657/2813/2736 2656/2811/2734 2659/2812/2735 2660/2815/2738
f 2662/2816/2739 2660/2815/2738 2659/2812/2735 2661/2817/2740
f 2661/2817/2740 2659/2812/2735 2652/2809/2732 2664/2810/2733
f 2692/2818/2741 2662/2816/2742 2661/2817/2743 2663/2819/2744
f 2663/2819/2744 2661/2817/2743 2664/2810/2745 2665/2820/2746
f 2665/2820/2746 2664/2810/2745 2653/2791/2710 2634/2786/2707
f 2667/2821/2747 2663/2819/2744 2665/2820/2746 2666/2822/2748
f 2666/2822/2748 2665/2820/2746 2634/2786/2707 2631/2785/2703
f 2667/2619/2747 2666/2620/2748 2668/2621/2749 2669/2622/2538
f 2666/2823/2748 2631/2779/2703 2628/2782/2705 2668/2824/2749
f 2669/2622/2538 2668/2621/2749 2670/2648/2750 2671/2635/2751
f 2668/2621/2752 2557/2649/2752 2673/2650/2753 2670/2648/2754
f 2668/2824/2529 2628/2782/2529 2558/2715/2529 2557/2714/2529
f 2685/2825/2755 2671/2635/2751 2670/2648/2750 2672/2647/2756
f 2672/2647/2757 2670/2648/2754 2673/2645/2753 2675/2646/2757
f 2557/2644/2588 2556/2640/1 2674/2642/2758 2673/2645/2759
f 2674/2642/2758 2677/2643/2535 2675/2646/2621 2673/2645/2759
f 2686/2652/2760 2672/2647/2761 2675/2646/2762 2676/2653/2763
f 2677/2643/2554 2678/2654/2764 2676/2653/2763 2675/2646/2762
f 2677/2643/2535 2674/2642/2758 2680/2639/2765 2679/2638/2671
f 2678/2654/2764 2677/2643/2554 2679/2638/2766 2682/2656/2767
f 2687/2633/2768 2681/2637/2769 2679/2638/2769 2680/2639/2770
f 2681/2637/2771 2683/2655/2772 2682/2656/2767 2679/2638/2766
f 2683/2655/2772 2684/2651/2773 2678/2654/2764 2682/2656/2767
f 2685/2825/2561 2684/2651/2773 2683/2655/2772 2681/2637/2774
f 2684/2651/2773 2685/2825/2561 2672/2647/2647 2686/2652/2760
f 2684/2651/2773 2686/2652/2760 2676/2653/2763 2678/2654/2764
f 2671/2635/2751 2685/2825/2755 2681/2637/2775 2687/2633/2776
f 2688/2624/2777 2669/2622/2538 2671/2635/2751 2687/2633/2776
f 2555/2632/2778 2688/2624/2778 2687/2633/2768 2680/2634/2770
f 2691/2826/2779 2690/2827/2780 2688/2828/2777 2689/2829/2781
f 2689/2829/2529 2688/2828/2529 2555/2712/2529 2554/2711/2529
f 2690/2623/2780 2667/2619/2747 2669/2622/2538 2688/2624/2777
f 2691/2830/2779 2693/2831/2782 2692/2818/2741 2690/2832/2780
f 2690/2832/2780 2692/2818/2741 2663/2819/2744 2667/2821/2747
f 2693/2831/2782 2695/2833/2783 2662/2816/2742 2692/2818/2741
f 2694/2834/2784 2697/2835/2785 2695/2833/2783 2693/2831/2782
f 2822/2836/2786 2694/2834/2784 2693/2831/2782 2691/2830/2779
f 2697/2835/2787 2699/2837/2788 2696/2838/2789 2695/2833/2790
f 2695/2833/2790 2696/2838/2789 2660/2815/2738 2662/2816/2739
f 2820/2839/2791 2698/2840/2792 2697/2835/2785 2694/2834/2784
f 2698/2840/2793 2700/2841/2794 2699/2837/2788 2697/2835/2787
f 2702/2842/2795 2701/2843/2796 2699/2837/2788 2700/2841/2794
f 2699/2837/2788 2701/2843/2796 2704/2844/2797 2696/2838/2789
f 2702/2842/2795 2804/2845/2798 2703/2846/2799 2701/2843/2796
f 2701/2843/2796 2703/2846/2799 2705/2847/2800 2704/2844/2797
f 2704/2844/2797 2705/2847/2800 2707/2814/2737 2657/2813/2736
f 2704/2844/2797 2657/2813/2736 2660/2815/2738 2696/2838/2789
f 2703/2846/2799 2801/2848/2801 2706/2849/2802 2705/2847/2800
f 2705/2847/2800 2706/2849/2802 2708/2850/2803 2707/2814/2737
f 2707/2814/2737 2708/2850/2803 2414/2559/2456 2658/2562/2459
f 2706/2849/2802 2710/2851/2804 2709/2852/2805 2708/2850/2803
f 2708/2850/2803 2709/2852/2805 2411/2557/2454 2414/2559/2456
f 2712/2853/2806 2711/2854/2807 2709/2852/2805 2710/2851/2804
f 2711/2854/2807 2409/2555/2452 2411/2557/2454 2709/2852/2805
f 2712/2853/2806 2714/2855/2808 2713/2856/2809 2711/2854/2807
f 2711/2854/2807 2713/2856/2809 2407/2553/2450 2409/2555/2452
f 2714/2855/2808 2718/2857/2810 2715/2858/2811 2713/2856/2809
f 2713/2856/2809 2715/2858/2811 2717/2554/2451 2407/2553/2450
f 2715/2858/2811 2716/2859/2812 2764/2860/2813 2717/2554/2451
f 2718/2857/2810 2719/2861/2814 2716/2859/2812 2715/2858/2811
f 2722/2862/2815 2720/2863/2816 2718/2857/2810 2714/2855/2808
f 2720/2863/2816 2723/2864/2817 2719/2861/2814 2718/2857/2810
f 2796/2865/2818 2721/2866/2819 2720/2863/2816 2722/2862/2815
f 2721/2866/2819 2724/2867/2820 2723/2864/2817 2720/2863/2816
f 2728/2868/2821 2725/2869/2822 2723/2864/2817 2724/2867/2820
f 2723/2864/2817 2725/2869/2822 2726/2870/2823 2719/2861/2814
f 2725/2869/2822 2727/2871/2824 2766/2872/2825 2726/2870/2823
f 2728/2868/2821 2730/2873/2826 2727/2871/2824 2725/2869/2822
f 2729/2874/2827 2728/2868/2821 2724/2867/2820 2789/2875/2828
f 2729/2874/2827 2731/2876/2829 2730/2873/2826 2728/2868/2821
f 2731/2876/2829 2733/2877/2830 2732/2878/2831 2730/2873/2826
f 2730/2873/2826 2732/2878/2831 2734/2879/2832 2727/2871/2824
f 2737/2880/2833 2735/2881/2834 2732/2878/2831 2733/2877/2830
f 2735/2881/2834 2738/2882/2835 2734/2879/2832 2732/2878/2831
f 2736/2883/2836 2740/2884/2837 2738/2882/2835 2735/2881/2834
f 2768/2885/2838 2736/2883/2836 2735/2881/2834 2737/2880/2833
f 2734/2879/2832 2738/2882/2835 2739/2886/2839 2767/2887/2840
f 2738/2882/2835 2740/2884/2837 2741/2888/2841 2739/2886/2839
f 2740/2884/2837 2298/2436/2334 2300/2437/2335 2741/2888/2841
f 3008/2435/2333 2298/2436/2334 2740/2884/2837 2736/2883/2836
f 2741/2888/2841 2742/2889/2842 2743/2890/2843 2739/2886/2839
f 2300/2437/2335 2303/2440/2338 2742/2889/2842 2741/2888/2841
f 2742/2889/2842 2744/2891/2844 2745/2892/2845 2743/2890/2843
f 2303/2440/2338 2306/2443/2340 2744/2891/2844 2742/2889/2842
f 2744/2891/2844 2746/2893/2846 2747/2894/2847 2745/2892/2845
f 2306/2443/2340 2309/2446/2343 2746/2893/2846 2744/2891/2844
f 2746/2893/2846 2748/2895/2848 2749/2532/2429 2747/2894/2847
f 2309/2446/2343 2312/2449/2346 2748/2895/2848 2746/2893/2846
f 2748/2895/2848 2750/2896/2849 2389/2530/2427 2749/2532/2429
f 2312/2449/2346 2314/2452/2349 2750/2896/2849 2748/2895/2848
f 2750/2896/2849 2314/2452/2349 2752/2454/2351 2751/2523/2420
f 2389/2530/2427 2750/2896/2849 2751/2523/2420 2383/2524/2421
f 2752/2454/2351 2753/2517/2414 2379/2518/2415 2751/2523/2420
f 2752/2454/2351 2315/2453/2350 2754/2502/2399 2753/2517/2414
f 2753/2517/2414 2754/2502/2399 2366/2503/2400 2378/2508/2405
f 2315/2453/2350 2317/2455/2352 2365/2500/2397 2754/2502/2399
f 2747/2894/2847 2749/2532/2429 2390/2533/2430 2755/2897/2850
f 2745/2892/2845 2747/2894/2847 2755/2897/2850 2757/2898/2851
f 2756/2899/2852 2755/2897/2850 2390/2533/2430 2392/2534/2431
f 2759/2900/2853 2757/2898/2851 2755/2897/2850 2756/2899/2852
f 2743/2890/2843 2745/2892/2845 2757/2898/2851 2758/2901/2854
f 2760/2902/2855 2758/2901/2854 2757/2898/2851 2759/2900/2853
f 2762/2903/2856 2760/2902/2855 2759/2900/2853 2761/2904/2857
f 2761/2904/2857 2759/2900/2853 2756/2899/2852 2763/2905/2858
f 2762/2903/2856 2761/2904/2857 2764/2860/2813 2716/2859/2812
f 2761/2904/2857 2763/2905/2858 2765/2549/2446 2764/2860/2813
f 2717/2554/2451 2764/2860/2813 2765/2549/2446 2403/2548/2445
f 2763/2905/2858 2395/2535/2432 2398/2540/2437 2765/2549/2446
f 2763/2905/2858 2756/2899/2852 2392/2534/2431 2395/2535/2432
f 2726/2870/2823 2762/2903/2856 2716/2859/2812 2719/2861/2814
f 2726/2870/2823 2766/2872/2825 2760/2902/2855 2762/2903/2856
f 2766/2872/2825 2767/2887/2840 2758/2901/2854 2760/2902/2855
f 2727/2871/2824 2734/2879/2832 2767/2887/2840 2766/2872/2825
f 2739/2886/2839 2743/2890/2843 2758/2901/2854 2767/2887/2840
f 2769/2906/2859 2770/2907/2860 2768/2885/2838 2737/2880/2833
f 2771/2908/2861 2769/2906/2859 2737/2880/2833 2733/2877/2830
f 2773/2909/2862 2770/2907/2860 2769/2906/2859 2772/2910/2863
f 2772/2910/2863 2769/2906/2859 2771/2908/2861 2774/2911/2864
f 2775/2912/2865 2776/2913/2866 2773/2914/2862 2772/2915/2863
f 2778/2916/2867 2775/2912/2865 2772/2915/2863 2774/2917/2864
f 2909/2918/2868 2776/2913/2866 2775/2912/2865 2777/2919/2869
f 2777/2919/2869 2775/2912/2865 2778/2916/2867 2779/2920/2870
f 2781/2921/2871 2779/2920/2870 2778/2916/2867 2780/2922/2872
f 2780/2922/2872 2778/2916/2867 2774/2917/2864 2783/2923/2873
f 3004/2924/2874 2781/2921/2871 2780/2922/2872 2782/2925/2875
f 2782/2925/2875 2780/2922/2872 2783/2923/2873 2784/2926/2876
f 2783/2927/2873 2774/2911/2864 2771/2908/2861 2785/2928/2877
f 2784/2929/2876 2783/2927/2873 2785/2928/2877 2786/2930/2878
f 2786/2930/2878 2785/2928/2877 2731/2876/2829 2729/2874/2827
f 2785/2928/2877 2771/2908/2861 2733/2877/2830 2731/2876/2829
f 2784/2929/2876 2786/2930/2878 2787/2931/2879 2788/2932/2880
f 2787/2931/2879 2786/2930/2878 2729/2874/2827 2789/2875/2828
f 2791/2933/2881 2788/2932/2880 2787/2931/2879 2790/2934/2882
f 2790/2934/2882 2787/2931/2879 2789/2875/2828 2793/2935/2883
f 2845/2936/2884 2791/2933/2881 2790/2934/2882 2792/2937/2885
f 2792/2937/2885 2790/2934/2882 2793/2935/2883 2794/2938/2886
f 2794/2938/2886 2793/2935/2883 2721/2866/2819 2796/2865/2818
f 2793/2935/2883 2789/2875/2828 2724/2867/2820 2721/2866/2819
f 2843/2939/2887 2792/2937/2885 2794/2938/2886 2795/2940/2888
f 2795/2940/2888 2794/2938/2886 2796/2865/2818 2797/2941/2889
f 2797/2941/2889 2796/2865/2818 2722/2862/2815 2799/2942/2890
f 2795/2940/2888 2797/2941/2889 2798/2943/2891 2844/2944/2892
f 2797/2941/2889 2799/2942/2890 2800/2945/2893 2798/2943/2891
f 2799/2942/2890 2722/2862/2815 2714/2855/2808 2712/2853/2806
f 2800/2945/2893 2799/2942/2890 2712/2853/2806 2710/2851/2804
f 2801/2848/2801 2800/2945/2893 2710/2851/2804 2706/2849/2802
f 2802/2946/2894 2798/2943/2891 2800/2945/2893 2801/2848/2801
f 2804/2845/2798 2802/2946/2894 2801/2848/2801 2703/2846/2799
f 2803/2947/2895 2844/2944/2892 2798/2943/2891 2802/2946/2894
f 2805/2948/2896 2803/2947/2895 2802/2946/2894 2804/2845/2798
f 2806/2949/2897 2805/2948/2896 2804/2845/2798 2702/2842/2795
f 2807/2950/2898 2809/2951/2899 2803/2947/2895 2805/2948/2896
f 2810/2952/2900 2807/2950/2898 2805/2948/2896 2806/2949/2897
f 2808/2953/2901 2839/2954/2902 2809/2951/2899 2807/2950/2898
f 2811/2955/2903 2808/2953/2901 2807/2950/2898 2810/2952/2900
f 2811/2955/2903 2810/2952/2900 2812/2956/2904 2813/2957/2905
f 2812/2956/2904 2810/2952/2900 2806/2949/2897 2814/2958/2906
f 2817/2959/2907 2813/2957/2905 2812/2956/2904 2815/2960/2908
f 2815/2960/2908 2812/2956/2904 2814/2958/2906 2818/2961/2909
f 2816/2962/2910 2815/2960/2911 2818/2961/2912 2819/2963/2913
f 2823/2964/2914 2817/2959/2915 2815/2960/2911 2816/2962/2910
f 2818/2961/2909 2814/2958/2906 2700/2841/2794 2698/2840/2793
f 2819/2963/2913 2818/2961/2912 2698/2840/2792 2820/2839/2791
f 2518/2965/2586 2816/2962/2910 2819/2963/2913 2521/2966/2590
f 2521/2966/2590 2819/2963/2913 2820/2839/2791 2821/2967/2594
f 2821/2967/2594 2820/2839/2791 2694/2834/2784 2822/2836/2786
f 2821/2674/2594 2822/2620/2786 2528/2621/2602 2522/2675/2595
f 2528/2968/2602 2822/2969/2786 2691/2826/2779 2689/2829/2781
f 2824/2970/2916 2825/2971/2917 2813/2972/2905 2817/2973/2907
f 2826/2678/2577 2824/2970/2918 2817/2973/2915 2823/2974/2914
f 2827/2975/2919 2829/2976/2920 2825/2971/2917 2824/2970/2916
f 2506/2676/2576 2827/2975/2921 2824/2970/2918 2826/2678/2577
f 2828/2977/2922 2830/2978/2923 2829/2976/2920 2827/2975/2919
f 2504/2672/2574 2828/2977/2924 2827/2975/2921 2506/2676/2576
f 2832/2979/2925 2831/2980/2926 2829/2976/2920 2830/2978/2923
f 2831/2980/2926 2834/2981/2927 2825/2971/2917 2829/2976/2920
f 2832/2979/2925 2974/2982/2928 2833/2983/2929 2831/2980/2926
f 2831/2980/2926 2833/2983/2929 2835/2984/2930 2834/2981/2927
f 2825/2971/2917 2834/2981/2927 2811/2985/2903 2813/2972/2905
f 2834/2981/2927 2835/2984/2930 2808/2986/2901 2811/2985/2903
f 2835/2984/2930 2836/2987/2931 2839/2988/2902 2808/2986/2901
f 2833/2983/2929 2837/2989/2932 2836/2987/2931 2835/2984/2930
f 2837/2989/2932 2980/2990/2933 2838/2991/2934 2836/2987/2931
f 2836/2987/2931 2838/2991/2934 2840/2992/2935 2839/2988/2902
f 2839/2954/2902 2840/2993/2935 2842/2994/2936 2809/2951/2899
f 2838/2991/2934 2846/2995/2937 2841/2996/2938 2840/2992/2935
f 2841/2997/2938 2843/2939/2887 2842/2994/2936 2840/2993/2935
f 2842/2994/2936 2843/2939/2887 2795/2940/2888 2844/2944/2892
f 2809/2951/2899 2842/2994/2936 2844/2944/2892 2803/2947/2895
f 2841/2997/2938 2845/2936/2884 2792/2937/2885 2843/2939/2887
f 2846/2995/2937 2848/2998/2939 2845/2999/2884 2841/2996/2938
f 2847/3000/2940 2850/3001/2941 2848/2998/2939 2846/2995/2937
f 2847/3000/2940 2846/2995/2937 2838/2991/2934 2980/2990/2933
f 2848/2998/2939 2849/3002/2942 2791/3003/2881 2845/2999/2884
f 2850/3001/2941 2851/3004/2943 2849/3002/2942 2848/2998/2939
f 2853/3005/2944 2852/3006/2945 2850/3001/2941 2847/3000/2940
f 2852/3006/2945 2854/3007/2946 2851/3004/2943 2850/3001/2941
f 2857/3008/2947 2855/3009/2948 2852/3006/2945 2853/3005/2944
f 2855/3009/2948 2856/3010/2949 2854/3007/2946 2852/3006/2945
f 2858/3011/2950 2860/3012/2951 2856/3010/2949 2855/3009/2948
f 2859/3013/2952 2858/3011/2950 2855/3009/2948 2857/3008/2947
f 2858/3011/2950 2859/3013/2952 2862/3014/2953 2861/3015/2954
f 2860/3012/2951 2858/3011/2950 2861/3015/2954 2863/3016/2955
f 2861/3015/2954 2862/3014/2953 2865/3017/2956 2864/3018/2957
f 2863/3016/2955 2861/3015/2954 2864/3018/2957 2866/3019/2958
f 2869/3020/2959 2867/3021/2960 2864/3018/2957 2865/3017/2956
f 2867/3021/2960 2870/3022/2961 2866/3019/2958 2864/3018/2957
f 2868/3023/2962 2872/3024/2963 2870/3022/2961 2867/3021/2960
f 2946/3025/2964 2868/3023/2962 2867/3021/2960 2869/3020/2959
f 2870/3022/2961 2871/3026/2965 2888/3027/2966 2866/3019/2958
f 2872/3024/2963 2873/3028/2967 2871/3026/2965 2870/3022/2961
f 2876/3029/2968 2874/3030/2969 2872/3024/2963 2868/3023/2962
f 2874/3030/2969 2877/3031/2970 2873/3028/2967 2872/3024/2963
f 2941/3032/2971 2875/3033/2972 2874/3030/2969 2876/3029/2968
f 2875/3033/2972 2878/3034/2973 2877/3031/2970 2874/3030/2969
f 2880/3035/2974 2879/3036/2975 2877/3031/2970 2878/3034/2973
f 2877/3031/2970 2879/3036/2975 2882/3037/2976 2873/3028/2967
f 2880/3035/2974 2921/3038/2977 2881/3039/2978 2879/3036/2975
f 2879/3036/2975 2881/3039/2978 2883/3040/2979 2882/3037/2976
f 2882/3037/2976 2883/3040/2979 2885/3041/2980 2884/3042/2981
f 2882/3037/2976 2884/3042/2981 2871/3026/2965 2873/3028/2967
f 2884/3042/2981 2885/3041/2980 2887/3043/2982 2886/3044/2983
f 2884/3042/2981 2886/3044/2983 2888/3027/2966 2871/3026/2965
f 2891/3045/2984 2889/3046/2985 2886/3044/2983 2887/3043/2982
f 2886/3044/2983 2889/3046/2985 2892/3047/2986 2888/3027/2966
f 2889/3046/2985 2890/3048/2987 2893/3049/2988 2892/3047/2986
f 2900/3050/2989 2890/3048/2987 2889/3046/2985 2891/3045/2984
f 2893/3049/2988 2860/3012/2951 2863/3016/2955 2892/3047/2986
f 2892/3047/2986 2863/3016/2955 2866/3019/2958 2888/3027/2966
f 2860/3012/2951 2893/3049/2988 2894/3051/2990 2856/3010/2949
f 2890/3048/2987 2896/3052/2991 2894/3051/2990 2893/3049/2988
f 2856/3010/2949 2894/3051/2990 2895/3053/2992 2854/3007/2946
f 2894/3051/2990 2896/3052/2991 2897/3054/2993 2895/3053/2992
f 2896/3052/2991 2898/3055/2994 2899/3056/2995 2897/3054/2993
f 2890/3048/2987 2900/3050/2989 2898/3055/2994 2896/3052/2991
f 2898/3055/2994 2901/3057/2996 2902/3058/2997 2899/3056/2995
f 2900/3050/2989 2903/3059/2998 2901/3057/2996 2898/3055/2994
f 2901/3057/2996 2904/3060/2999 2907/3061/3000 2902/3058/2997
f 2905/3062/3001 2904/3060/2999 2901/3057/2996 2903/3059/2998
f 2910/3063/3002 2906/3064/3003 2904/3060/2999 2905/3062/3001
f 2904/3060/2999 2906/3064/3003 2908/3065/3004 2907/3061/3000
f 2907/3061/3000 2777/2919/2869 2779/2920/2870 2902/3058/2997
f 2908/3065/3004 2909/2918/2868 2777/2919/2869 2907/3061/3000
f 2101/2215/2109 2104/2218/2112 2909/2918/2868 2908/3065/3004
f 2906/3064/3003 2098/2212/2106 2101/2215/2109 2908/3065/3004
f 2104/2218/2112 2107/2221/2115 2776/2913/2866 2909/2918/2868
f 2095/2209/2103 2098/2212/2106 2906/3064/3003 2910/3063/3002
f 2090/2205/2099 2095/2209/2103 2910/3063/3002 2911/2206/2100
f 2911/2206/2100 2910/3063/3002 2905/3062/3001 2912/3066/3005
f 2089/2204/2098 2911/2206/2100 2912/3066/3005 2913/3067/3006
f 2912/3066/3005 2905/3062/3001 2903/3059/2998 2914/3068/3007
f 2913/3067/3006 2912/3066/3005 2914/3068/3007 2915/3069/3008
f 2903/3059/2998 2900/3050/2989 2891/3045/2984 2914/3068/3007
f 2914/3068/3007 2891/3045/2984 2887/3043/2982 2915/3069/3008
f 2885/3041/2980 2916/3070/3009 2915/3069/3008 2887/3043/2982
f 2917/2199/2093 2913/3067/3006 2915/3069/3008 2916/3070/3009
f 2883/3040/2979 2918/3071/3010 2916/3070/3009 2885/3041/2980
f 2083/2197/2091 2917/2199/2093 2916/3070/3009 2918/3071/3010
f 2919/3072/3011 2081/2195/2089 2083/2197/2091 2918/3071/3010
f 2881/3039/2978 2919/3072/3011 2918/3071/3010 2883/3040/2979
f 2921/3038/2977 2920/3073/3012 2919/3072/3011 2881/3039/2978
f 2079/2193/2087 2081/2195/2089 2919/3072/3011 2920/3073/3012
f 2923/2194/2088 2079/2193/2087 2920/3073/3012 2922/3074/3013
f 2924/3075/3014 2922/3074/3013 2920/3073/3012 2921/3038/2977
f 2925/3076/3015 2374/2513/2410 2923/2194/2088 2922/3074/3013
f 2927/3077/3016 2925/3076/3015 2922/3074/3013 2924/3075/3014
f 2376/2514/2411 2374/2513/2410 2925/3076/3015 2926/2521/2418
f 2928/3078/3017 2926/2521/2418 2925/3076/3015 2927/3077/3016
f 2929/3079/3018 2927/3077/3016 2924/3075/3014 2930/3080/3019
f 2931/3081/3020 2928/3078/3017 2927/3077/3016 2929/3079/3018
f 2932/3082/3021 2929/3079/3018 2930/3080/3019 2934/3083/3022
f 2931/3081/3020 2929/3079/3018 2932/3082/3021 2933/3084/3023
f 2936/3085/3024 2933/3084/3023 2932/3082/3021 2935/3086/3025
f 2935/3086/3025 2932/3082/3021 2934/3083/3022 2938/3087/3026
f 2989/3088/3027 2936/3085/3024 2935/3086/3025 2937/3089/3028
f 2937/3089/3028 2935/3086/3025 2938/3087/3026 2939/3090/3029
f 2939/3090/3029 2938/3087/3026 2875/3033/2972 2941/3032/2971
f 2938/3087/3026 2934/3083/3022 2878/3034/2973 2875/3033/2972
f 2987/3091/3030 2937/3089/3028 2939/3090/3029 2940/3092/3031
f 2940/3092/3031 2939/3090/3029 2941/3032/2971 2942/3093/3032
f 2942/3093/3032 2941/3032/2971 2876/3029/2968 2944/3094/3033
f 2940/3092/3031 2942/3093/3032 2943/3095/3034 2986/2583/2480
f 2942/3093/3032 2944/3094/3033 2945/3096/3035 2943/3095/3034
f 2944/3094/3033 2876/3029/2968 2868/3023/2962 2946/3025/2964
f 2945/3096/3035 2944/3094/3033 2946/3025/2964 2947/3097/3036
f 2946/3025/2964 2869/3020/2959 2948/3098/3037 2947/3097/3036
f 2949/3099/3038 2947/3097/3036 2948/3098/3037 2951/3100/3039
f 2952/3101/3040 2945/3096/3035 2947/3097/3036 2949/3099/3038
f 2953/3102/3041 2952/3101/3040 2949/3099/3038 2950/3103/3042
f 2950/3103/3042 2949/3099/3038 2951/3100/3039 2960/3104/3043
f 2954/3105/3044 2943/3095/3034 2945/3096/3035 2952/3101/3040
f 2955/3106/3045 2954/3105/3044 2952/3101/3040 2953/3102/3041
f 2435/2584/2481 2986/2583/2480 2943/3095/3034 2954/3105/3044
f 2437/2585/2482 2435/2584/2481 2954/3105/3044 2955/3106/3045
f 2956/3107/3046 2955/3106/3045 2953/3102/3041 2957/3108/3047
f 2440/2588/2485 2437/2585/2482 2955/3106/3045 2956/3107/3046
f 2956/3107/3046 2957/3108/3047 2454/2601/2502 2450/2598/2498
f 2440/2588/2485 2956/3107/3046 2450/2598/2498 2443/2591/2488
f 2957/3108/3047 2953/3102/3041 2950/3103/3042 2958/3109/3048
f 2454/2601/2502 2957/3108/3047 2958/3109/3048 2456/2606/2508
f 2958/3109/3048 2950/3103/3042 2960/3104/3043 2959/3110/3049
f 2958/3109/3048 2959/3110/3049 2459/2607/2510 2456/2606/2508
f 2959/3110/3049 2960/3104/3043 2962/3111/3050 2961/3112/3051
f 2959/3110/3049 2961/3112/3051 2462/2610/2514 2459/2607/2510
f 2965/3113/3052 2963/3114/3053 2961/3112/3051 2962/3111/3050
f 2961/3112/3051 2963/3114/3053 2966/2613/2518 2462/2610/2514
f 2973/3115/3054 2964/3116/3055 2963/3114/3053 2965/3113/3052
f 2963/3114/3053 2964/3116/3055 2967/3117/3056 2966/2613/2518
f 2967/3117/3056 2968/3118/3057 2463/2614/2519 2966/2613/2518
f 2968/3118/3057 2967/3117/3056 2969/3119/3058 2970/3120/3059
f 2964/3116/3055 2971/3121/3060 2969/3119/3058 2967/3117/3056
f 2970/3120/3059 2969/3119/3058 2830/2978/2923 2828/2977/2922
f 2969/3119/3058 2971/3121/3060 2832/2979/2925 2830/2978/2923
f 2964/3116/3055 2973/3115/3054 2972/3122/3061 2971/3121/3060
f 2971/3121/3060 2972/3122/3061 2974/2982/2928 2832/2979/2925
f 2973/3115/3054 2977/3123/3062 2975/3124/3063 2972/3122/3061
f 2972/3122/3061 2975/3124/3063 2978/3125/3064 2974/2982/2928
f 2975/3124/3063 2976/3126/3065 2979/3127/3066 2978/3125/3064
f 2977/3123/3062 2981/3128/3067 2976/3126/3065 2975/3124/3063
f 2978/3125/3064 2979/3127/3066 2980/2990/2933 2837/2989/2932
f 2974/2982/2928 2978/3125/3064 2837/2989/2932 2833/2983/2929
f 2976/3126/3065 2857/3008/2947 2853/3005/2944 2979/3127/3066
f 2853/3005/2944 2847/3000/2940 2980/2990/2933 2979/3127/3066
f 2981/3128/3067 2977/3123/3062 2982/3129/3068 2983/3130/3069
f 2977/3123/3062 2973/3115/3054 2965/3113/3052 2982/3129/3068
f 2983/3130/3069 2982/3129/3068 2984/3131/3070 2985/3132/3071
f 2982/3129/3068 2965/3113/3052 2962/3111/3050 2984/3131/3070
f 2951/3100/3039 2948/3098/3037 2985/3132/3071 2984/3131/3070
f 2960/3104/3043 2951/3100/3039 2984/3131/3070 2962/3111/3050
f 2865/3017/2956 2862/3014/2953 2983/3130/3069 2985/3132/3071
f 2869/3020/2959 2865/3017/2956 2985/3132/3071 2948/3098/3037
f 2862/3014/2953 2859/3013/2952 2981/3128/3067 2983/3130/3069
f 2859/3013/2952 2857/3008/2947 2976/3126/3065 2981/3128/3067
f 2501/2668/2571 2970/3120/3072 2828/2977/2924 2504/2672/2574
f 2499/2667/2570 2968/3118/3073 2970/3120/3072 2501/2668/2571
f 2968/3118/3073 2499/2667/2570 2465/2615/2521 2463/2614/2520
f 2434/2580/2477 2987/3091/3030 2940/3092/3031 2986/2583/2480
f 2988/3133/3074 2989/3088/3027 2937/3089/3028 2987/3091/3030
f 2988/3133/3074 2987/3091/3030 2434/2580/2477 2431/2577/2474
f 2428/2574/2471 2990/3134/3075 2988/3133/3074 2431/2577/2474
f 2990/3134/3075 2991/3135/3076 2989/3088/3027 2988/3133/3074
f 2992/3136/3077 2993/3137/3078 2991/3135/3076 2990/3134/3075
f 2992/3136/3077 2990/3134/3075 2428/2574/2471 2425/2571/2468
f 2994/3138/3079 2992/3136/3077 2425/2571/2468 2422/2568/2465
f 2994/3138/3079 2995/2545/2442 2993/3137/3078 2992/3136/3077
f 2419/2565/2462 2996/2551/2448 2994/3138/3079 2422/2568/2465
f 2996/2551/2448 2400/2544/2441 2995/2545/2442 2994/3138/3079
f 2405/2550/2447 2996/2551/2448 2419/2565/2462 2412/2558/2455
f 2995/2545/2442 2401/2542/2439 2997/3139/3080 2993/3137/3078
f 2993/3137/3078 2997/3139/3080 2999/3140/3081 2991/3135/3076
f 2401/2542/2439 2397/2539/2436 2998/3141/3082 2997/3139/3080
f 2997/3139/3080 2998/3141/3082 3000/3142/3083 2999/3140/3081
f 2991/3135/3076 2999/3140/3081 2936/3085/3024 2989/3088/3027
f 2999/3140/3081 3000/3142/3083 2933/3084/3023 2936/3085/3024
f 3000/3142/3083 3001/3143/3084 2931/3081/3020 2933/3084/3023
f 3002/3144/3085 3001/3143/3084 3000/3142/3083 2998/3141/3082
f 3002/3144/3085 2385/2526/2423 3003/2527/2424 3001/3143/3084
f 3001/3143/3084 3003/2527/2424 2928/3078/3017 2931/3081/3020
f 3003/2527/2424 2381/2520/2417 2926/2521/2418 2928/3078/3017
f 2394/2537/2434 3002/3144/3085 2998/3141/3082 2397/2539/2436
f 2394/2537/2434 2387/2528/2425 2385/2526/2423 3002/3144/3085
f 2930/3080/3019 2880/3035/2974 2878/3034/2973 2934/3083/3022
f 2930/3080/3019 2924/3075/3014 2921/3038/2977 2880/3035/2974
f 2084/2198/2092 2089/2204/2098 2913/3067/3006 2917/2199/2093
f 2899/3056/2995 2902/3058/2997 2779/2920/2870 2781/2921/2871
f 2897/3054/2993 2899/3056/2995 2781/2921/2871 3004/2924/2874
f 2897/3054/2993 3004/2924/2874 3005/3145/3086 2895/3053/2992
f 3004/2924/2874 2782/2925/2875 3006/3146/3087 3005/3145/3086
f 2854/3007/2946 2895/3053/2992 3005/3145/3086 2851/3004/2943
f 2851/3004/2943 3005/3145/3086 3006/3146/3087 2849/3002/2942
f 3006/3146/3087 2782/2925/2875 2784/2926/2876 2788/3147/2880
f 2849/3002/2942 3006/3146/3087 2788/3147/2880 2791/3003/2881
f 2507/2679/2578 2826/2678/2577 2823/2974/2914 2515/3148/2584
f 2515/3149/2584 2823/2964/2914 2816/2962/2910 2518/2965/2586
f 2806/2949/2897 2702/2842/2795 2700/2841/2794 2814/2958/2906
f 2776/2913/2866 2107/2221/2115 2110/2224/2117 2773/2914/2862
f 2110/2229/2117 2112/2230/2120 2770/2907/2860 2773/2909/2862
f 2770/2907/2860 2112/2230/2120 3007/2232/2122 2768/2885/2838
f 3007/2232/2122 3008/2435/2333 2736/2883/2836 2768/2885/2838
f 3007/2232/2122 2113/2231/2121 2297/2434/2332 3008/2435/2333
f 2531/2710/2529 2528/2968/2529 2689/2829/2529 2554/2711/2529
f 2556/2640/1 2555/2641/2667 2680/2639/2765 2674/2642/2758
f 2632/2784/2706 2639/2741/2666 2602/2744/22 2629/2755/2676
f 2615/2762/2686 2625/2765/3088 2611/2759/3088 2613/2761/2685
f 2585/2703/2651 2587/2692/2653 3009/2647/2633 3010/2652/3089
f 3010/2652/3089 3009/2647/3090 2571/2726/3090 3011/2653/3091
f 2585/2703/2651 3010/2652/3089 3011/2653/3091 3012/2701/2652
f 2574/2696/3092 3012/2701/2652 3011/2653/3091 2571/2726/2631
f 3012/2701/2652 2574/2696/3092 2576/2699/2645 2582/2700/2644
f 2553/2694/22 2552/2697/2676 3015/2698/3093 3013/2695/3094
f 2511/2644/18 2553/2694/22 3013/2695/3094 3016/2645/3095
f 3013/2695/3094 3014/2696/3096 3017/2646/19 3016/2645/3095
f 3014/2696/3096 3013/2695/3094 3015/2698/3093 3031/2699/3097
f 3018/2647/2775 2512/2648/2583 3016/2645/2583 3017/2646/2775
f 3020/2652/3098 3018/2647/2774 3017/2646/2774 3019/2653/3099
f 3014/2696/3100 3021/2701/3101 3019/2653/3099 3017/2646/2679
f 3023/2703/3102 3020/2652/3098 3019/2653/3099 3021/2701/3101
f 3021/2701/3101 3014/2696/3100 3031/2699/3103 3022/2700/3104
f 3025/2702/3105 3023/2703/3102 3021/2701/3101 3022/2700/3104
f 3023/2703/3102 3024/2692/3106 3018/2647/2693 3020/2652/3098
f 3024/2692/3106 3023/2703/3102 3025/2702/3105 3026/2691/3107
f 3026/2691/3107 3025/2702/3105 3027/2655/3108 3028/2637/2689
f 3029/2656/3109 3027/2655/3108 3025/2702/3105 3022/2700/3104
f 3028/2637/2633 3027/2655/3108 3029/2656/3109 3030/2638/2633
f 3022/2700/3104 3031/2699/3103 3030/2638/2632 3029/2656/3109
f 3031/2699/3097 3015/2698/3093 3032/2639/2684 3030/2638/3110
f 3033/2633/3111 3028/2637/3112 3030/2638/3112 3032/2639/3111
f 2552/2697/2676 2551/2641/2603 3032/2639/2684 3015/2698/3093
f 2551/2632/2606 2497/2624/2606 3033/2633/3111 3032/2634/3111
f 3034/2681/2581 3026/2691/3113 3028/2637/3114 3033/2633/2699
f 2497/2624/2569 2503/2671/2573 3034/2681/2581 3033/2633/2699
f 2509/2680/2580 3024/2692/3115 3026/2691/3113 3034/2681/2581
f 3024/2692/3115 2509/2680/2580 2512/2648/2582 3018/2647/2696
f 2368/2506/2403 3036/2505/2402 3037/3150/3116 3035/2188/2082
f 2358/2495/2392 3038/2494/2391 3036/2505/2402 2363/2498/2395
f 3036/2505/2402 3038/2494/2391 3039/3151/3117 3037/3150/3116
f 3040/3152/3118 3039/3151/3117 3038/2494/2391 2357/2492/2389
f 3041/2177/2071 2063/2176/2070 3039/3151/3117 3040/3152/3118
f 3039/3151/3117 2063/2176/2070 2066/2178/2072 3037/3150/3116
f 3043/3153/3119 3041/2177/2071 3040/3152/3118 3042/3154/3120
f 3042/3154/3120 3040/3152/3118 2357/2492/2389 2355/2491/2388
f 3044/2137/2031 2027/2136/2030 3043/3153/3119 3042/3154/3120
f 2355/2491/2388 2353/2490/2387 3044/2137/2031 3042/3154/3120
f 2353/2490/2387 2017/2127/2021 2020/2130/2024 3044/2137/2031
f 3045/3155/3121 2064/2175/2069 3041/2177/2071 3043/3153/3119
f 2027/2136/2030 2029/2138/2032 3045/3155/3121 3043/3153/3119
f 3045/3155/3121 2029/2138/2032 2032/2141/2035 3046/3156/3122
f 3046/3156/3122 2061/2172/2066 2064/2175/2069 3045/3155/3121
f 2032/2141/2035 2040/2144/2038 2043/2151/2045 3046/3156/3122
f 2043/2151/2045 2046/2154/2048 2061/2172/2066 3046/3156/3122
f 3037/3150/3116 2066/2178/2072 2069/2180/2074 3035/2188/2082
f 2320/2457/2354 2362/2466/2363 2365/2500/2397 2317/2455/2352
f 2113/2231/2121 2115/2233/2123 2291/2427/2325 2297/2434/2332
f 3047/2424/2322 3048/3157/3123 2282/2418/2316 2284/2419/2317
f 3051/3158/3124 3048/3157/3123 3047/2424/2322 3049/3159/3125
f 3047/2424/2322 2121/2241/2131 2123/2242/2132 3049/3159/3125
f 3049/3160/3125 2123/2247/2132 2126/2248/2135 3050/3161/3126
f 3050/3161/3126 3053/3162/3127 3051/3163/3124 3049/3160/3125
f 3053/3162/3127 3054/2271/2158 3052/3164/3128 3051/3163/3124
f 3052/3165/3128 3058/3166/3129 3048/3157/3123 3051/3158/3124
f 2143/2267/2154 3054/2271/2158 3053/3162/3127 3055/2268/2155
f 3055/2268/2155 3053/3162/3127 3050/3161/3126 3056/3167/3130
f 2144/2261/2148 3055/2268/2155 3056/3167/3130 2136/2259/2146
f 3050/3161/3126 2126/2248/2135 3057/2250/2137 3056/3167/3130
f 3056/3167/3130 3057/2250/2137 2134/2257/2144 2136/2259/2146
f 3057/2250/2137 2125/2249/2136 2130/2253/2140 2134/2257/2144
f 3054/2271/2158 2147/2270/2157 2153/2277/2164 3052/3164/3128
f 2153/2278/2164 3059/2281/2166 3058/3166/3129 3052/3165/3128
f 3058/3166/3129 3059/2281/2166 3061/2401/2299 3060/2417/2315
f 3048/3157/3123 3058/3166/3129 3060/2417/2315 2282/2418/2316
f 3061/2401/2299 2267/2402/2300 2281/2408/2306 3060/2417/2315
f 3059/2281/2166 2154/2280/2165 2266/2398/2296 3061/2401/2299
f 2269/2404/2302 3062/2393/2291 2246/2377/2266 2244/2375/2264
f 2256/2386/2279 2254/2380/2269 2246/2377/2266 3062/2393/2291
f 2154/2280/2165 2156/2283/2167 2264/2396/2294 2266/2398/2296
f 2156/2283/2167 2158/2285/2169 2262/2395/2293 2264/2396/2294
f 2158/2285/2169 3065/2289/2172 3063/2397/2295 2262/2395/2293
f 3063/2397/3131 3064/3168/3132 3066/2330/2287 2258/2390/2286
f 3065/2289/2178 2166/2297/2178 3064/3168/3132 3063/2397/3131
f 3064/3168/3133 2191/2324/3133 2193/2325/2209 3066/2330/2209
f 2166/2297/2179 2168/2299/2179 2191/2324/3133 3064/3168/3133
f 1967/2076/1964 1970/2079/1967 2211/2084/1971 2208/2341/2222
f 1964/2073/1961 1967/2076/1964 2208/2341/2222 2205/2338/2218
f 1961/2071/1959 1964/2073/1961 2205/2338/2218 2202/2335/2214
f 1959/2069/1957 1961/2071/1959 2202/2335/2214 2195/2328/2207
f 2184/2317/2196 3068/3169/3134 3067/3170/3135 2187/2319/2198
f 2187/2319/2198 3067/3170/3135 1951/2062/1950 1954/2061/1949
f 3067/3170/3135 3069/3171/3136 3070/2063/1951 1951/2062/1950
f 3068/3169/3134 3072/3172/3137 3069/3171/3136 3067/3170/3135
f 3069/3171/3136 3071/3173/3138 3089/3174/3139 3070/2063/1951
f 3072/3172/3137 3074/3175/3140 3071/3173/3138 3069/3171/3136
f 3093/3176/3141 3073/3177/3142 3072/3172/3137 3068/3169/3134
f 3073/3177/3142 3075/3178/3143 3074/3175/3140 3072/3172/3137
f 3075/3178/3143 1747/1848/1750 3076/1851/1752 3074/3175/3140
f 3074/3175/3140 3076/1851/1752 3077/3179/3144 3071/3173/3138
f 3076/1851/1752 1748/1850/1751 3079/3180/3145 3077/3179/3144
f 3071/3173/3138 3077/3179/3144 3078/3181/3146 3089/3174/3139
f 3077/3179/3144 3079/3180/3145 3080/3182/3147 3078/3181/3146
f 3079/3180/3145 3081/1857/1756 3082/3183/3148 3080/3182/3147
f 1748/1850/1751 1750/1853/1753 3081/1857/1756 3079/3180/3145
f 1753/1856/1755 1759/1862/1761 3082/3183/3148 3081/1857/1756
f 1759/1862/1761 1762/1865/1764 3083/3184/3149 3082/3183/3148
f 3080/3182/3147 3082/3183/3148 3083/3184/3149 3084/3185/3150
f 3084/3185/3150 3083/3184/3149 3085/3186/3151 3086/2048/1936
f 3083/3184/3149 1762/1865/1764 1765/1868/1767 3085/3186/3151
f 1765/1868/1767 1768/1871/1770 1933/2041/1929 3085/3186/3151
f 3086/2048/1936 3085/3186/3151 1933/2041/1929 1935/2040/1928
f 3087/3187/3152 3084/3185/3150 3086/2048/1936 1939/2047/1935
f 3078/3181/3146 3080/3182/3147 3084/3185/3150 3087/3187/3152
f 3088/3188/3153 3087/3187/3152 1939/2047/1935 1941/2046/1934
f 3089/3174/3139 3078/3181/3146 3087/3187/3152 3088/3188/3153
f 1952/2059/1947 3088/3188/3153 1941/2046/1934 1943/2049/1937
f 3070/2063/1951 3089/3174/3139 3088/3188/3153 1952/2059/1947
f 3091/3189/3154 3090/3190/3155 3075/3191/3143 3073/3192/3142
f 3090/3190/3155 1745/1844/1747 1747/1847/1750 3075/3191/3143
f 1697/1789/1701 1699/1791/1703 1745/1844/1747 3090/3190/3155
f 1695/1787/1699 1697/1789/1701 3090/3190/3155 3091/3189/3154
f 3092/3193/3156 3091/3189/3154 3073/3192/3142 3093/3194/3141
f 3094/1788/1700 1695/1787/1699 3091/3189/3154 3092/3193/3156
f 2180/2312/2193 3092/3193/3156 3093/3194/3141 2182/2313/2194
f 2178/2311/2192 3094/1788/1700 3092/3193/3156 2180/2312/2193
f 1687/1777/1689 1689/1779/1691 3094/1788/1700 2178/2311/2192
f 2182/2316/2194 3093/3176/3141 3068/3169/3134 2184/2317/2196
f 1674/1764/1674 1680/1768/1680 2176/1776/1688 1672/1762/1670
f 1662/1749/1653 2161/1757/1663 2149/2273/2160 1659/1747/1651
f 2072/2182/2076 2068/2171/2065 2058/2168/2062 2087/2201/2095
f 2010/2119/2013 2002/2110/2004 2000/2108/2002 2018/2128/2022
f 2005/2112/2237 1982/2092/2237 1984/2094/1999 1998/2106/1999
f 1972/2080/1968 3095/3195/3157 1908/2016/1904 1906/2014/1902
f 1969/2077/1965 3097/3196/3158 3095/3195/3157 1972/2080/1968
f 3095/3195/3157 3096/3197/3159 1911/2019/1907 1908/2016/1904
f 3097/3196/3158 3099/3198/3160 3096/3197/3159 3095/3195/3157
f 1966/2074/1962 3098/3199/3161 3097/3196/3158 1969/2077/1965
f 3098/3199/3161 3100/3200/3162 3099/3198/3160 3097/3196/3158
f 3099/3198/3160 1927/2033/1921 1924/2029/1917 3096/3197/3159
f 3100/3200/3162 3101/2034/1922 1927/2033/1921 3099/3198/3160
f 1946/2054/1942 1944/2051/1939 3100/3200/3162 3098/3199/3161
f 1944/2051/1939 1937/2044/1932 3101/2034/1922 3100/3200/3162
f 1963/2056/1944 1946/2054/1942 3098/3199/3161 1966/2074/1962
f 3096/3197/3159 1924/2029/1917 1921/2022/1910 1911/2019/1907
f 1902/2011/1899 1909/2018/1906 1884/1989/1877 1886/1992/1880
f 1860/1969/1857 3102/3201/3163 1565/1637/1535 1862/1640/1538
f 1853/1962/1850 3103/1956/1844 3102/3201/3163 1860/1969/1857
f 3103/1956/1844 1846/1951/1839 3104/3202/3164 3102/3201/3163
f 3102/3201/3163 3104/3202/3164 1563/1635/1533 1565/1637/1535
f 1843/1950/1838 3105/3203/3165 3104/3202/3164 1846/1951/1839
f 3104/3202/3164 3105/3203/3165 1560/1634/1532 1563/1635/1533
f 3105/3203/3165 3106/3204/3166 3108/1636/1534 1560/1634/1532
f 1841/1949/1837 3106/3204/3166 3105/3203/3165 1843/1950/1838
f 3106/3204/3166 3107/3205/3166 3109/3206/1534 3108/1636/1534
f 3188/1948/1837 3107/3205/3166 3106/3204/3166 1841/1949/1837
f 3109/3206/1534 3110/3207/1530 1561/1632/1530 3108/1636/1534
f 3111/3208/3167 3112/3209/3168 3110/3207/1530 3109/3206/1534
f 3107/3205/3166 3113/3210/3169 3111/3208/3167 3109/3206/1534
f 3114/3211/3170 3116/3212/3171 3112/3209/3168 3111/3208/3167
f 3113/3210/3169 3117/3213/3172 3114/3211/3170 3111/3208/3167
f 3117/3213/3173 3119/3214/3174 3115/3215/3175 3114/3211/3176
f 3115/3215/3175 3133/3216/3177 3116/3212/3178 3114/3211/3176
f 3118/3217/3179 3117/3213/3172 3113/3210/3169 3187/3218/3180
f 3120/3219/3181 3119/3214/3174 3117/3213/3173 3118/3217/3182
f 3119/3214/3174 3121/3220/3183 3122/3221/3184 3115/3215/3175
f 3120/3219/3181 3123/3222/871 3121/3220/3183 3119/3214/3174
f 3121/3220/3183 3124/3223/876 3127/3224/874 3122/3221/3184
f 3123/3222/871 3126/3225/878 3124/3223/876 3121/3220/3183
f 3124/3223/876 3125/3226/877 3128/1380/486 3127/3224/874
f 3155/1363/879 3125/3226/877 3124/3223/876 3126/3225/878
f 3128/1380/486 1324/1378/487 3129/3227/875 3127/3224/874
f 3122/3221/3184 3127/3224/874 3129/3227/875 3131/3228/852
f 3131/3228/852 3129/3227/875 3130/3229/848 3132/3230/847
f 3129/3227/875 1324/1378/487 1326/1379/488 3130/3229/848
f 3115/3215/3175 3122/3221/3184 3131/3228/852 3133/3216/3177
f 3133/3216/3177 3131/3228/852 3132/3230/847 3134/3231/3185
f 3116/3212/3178 3133/3216/3177 3134/3231/3185 3135/3232/3186
f 3134/3231/3185 3136/3233/3187 3137/3234/3188 3135/3232/3186
f 3134/3231/3185 3132/3230/847 3138/3235/3189 3136/3233/3187
f 3136/3233/3187 3139/3236/3190 3142/3237/3191 3137/3234/3188
f 3136/3233/3187 3138/3235/3189 3141/3238/3192 3139/3236/3190
f 3142/3237/3191 3139/3236/3190 3140/1587/1484 3144/3239/63
f 3139/3236/3190 3141/3238/3192 1517/1585/835 3140/1587/1484
f 3143/3240/3193 3142/3237/3194 3144/3239/3195 3145/3241/3196
f 3137/3234/3197 3142/3237/3194 3143/3240/3193 3150/3242/3198
f 3140/1587/1484 1518/1588/1485 1524/1593/1490 3144/3239/63
f 3144/3239/3195 1524/1593/1495 1526/1596/1496 3145/3241/3196
f 3145/3241/3196 1526/1596/1496 3147/1598/1498 3146/3243/1519
f 3148/3244/1521 3143/3240/3193 3145/3241/3196 3146/3243/1519
f 3146/3243/1519 3147/1598/1498 1547/1621/1498 1549/1620/1519
f 1551/1623/1521 3148/3244/1521 3146/3243/1519 1549/1620/1519
f 3150/3242/3198 3143/3240/3193 3148/3244/1521 3149/3245/3199
f 3149/3245/3199 3148/3244/1521 1551/1623/1521 1555/1625/1523
f 3152/3246/3200 3150/3242/3198 3149/3245/3199 3151/3247/1528
f 3151/3247/1528 3149/3245/3199 1555/1625/1523 1557/1630/1528
f 3110/3207/1530 3112/3209/3168 3152/3246/3200 3151/3247/1528
f 1561/1632/1530 3110/3207/1530 3151/3247/1528 1557/1630/1528
f 3112/3209/3168 3116/3212/3171 3135/3232/3201 3152/3246/3200
f 3135/3232/3201 3137/3234/3197 3150/3242/3198 3152/3246/3200
f 3147/1598/1498 1527/1597/1497 1533/1604/1497 1547/1621/1498
f 3141/3238/3192 3153/3248/3202 1515/1584/837 1517/1585/835
f 3138/3235/3189 3154/3249/846 3153/3248/3202 3141/3238/3192
f 3153/3248/3202 1332/1385/493 1334/1389/497 1515/1584/837
f 1328/1382/490 1332/1385/493 3153/3248/3202 3154/3249/846
f 1326/1379/488 1328/1382/490 3154/3249/846 3130/3229/848
f 3132/3230/847 3130/3229/848 3154/3249/846 3138/3235/3189
f 3125/3226/877 1316/1368/1318 1319/1371/481 3128/1380/486
f 1308/1361/600 3155/1363/879 3126/3225/878 3156/3250/601
f 3157/3251/603 3156/3250/601 3126/3225/878 3123/3222/871
f 3159/3252/3203 3158/1357/1311 3156/3250/601 3157/3251/603
f 3158/1357/1311 1303/1356/596 1308/1361/600 3156/3250/601
f 3161/3253/604 1302/1355/595 3158/1357/1311 3159/3252/3203
f 3160/3254/3204 3159/3252/3203 3157/3251/603 3185/3255/3205
f 3163/3256/3206 3161/3253/604 3159/3252/3203 3160/3254/3204
f 3162/3257/608 1300/1353/593 1302/1355/595 3161/3253/604
f 3165/3258/3207 3162/3257/608 3161/3253/604 3163/3256/3206
f 3163/3256/3206 3160/3254/3204 3182/3259/3208 3164/3260/163
f 3165/3258/3207 3163/3256/3206 3164/3260/163 3167/3261/3209
f 3166/3262/3210 3169/3263/3211 3162/3257/608 3165/3258/3207
f 3166/3262/3210 3165/3258/3207 3167/3261/3209 3168/3264/3212
f 3168/3264/3213 3167/3261/3214 1832/1937/1828 1830/1935/1827
f 3167/3261/3214 3164/3260/3215 1834/1939/1829 1832/1937/1828
f 1824/1932/1825 3168/3264/3213 1830/1935/1827 1826/1933/1826
f 3170/1931/1824 3166/3262/3210 3168/3264/3212 1824/1932/140
f 3170/1931/1824 3171/3265/3216 3169/3263/3211 3166/3262/3210
f 1823/1930/1823 3172/3266/3217 3171/3265/3216 3170/1931/1824
f 3172/3266/3217 3174/3267/762 3173/1352/763 3171/3265/3216
f 3171/3265/3216 3173/1352/763 1298/1351/594 3169/3263/3211
f 1451/1519/580 1297/1348/582 3173/1352/763 3174/3267/762
f 3176/1924/764 3175/3268/765 3174/3267/762 3172/3266/3217
f 3175/3268/765 1453/1518/579 1451/1519/580 3174/3267/762
f 1456/1522/578 1453/1518/579 3175/3268/765 3177/3269/766
f 1817/1922/767 3177/3269/766 3175/3268/765 3176/1924/764
f 3179/1525/1237 1456/1522/578 3177/3269/766 3178/3270/1236
f 1815/1920/779 3178/3270/1236 3177/3269/766 1817/1922/767
f 3180/3271/3218 3181/3272/3219 3179/1525/1237 3178/3270/1236
f 1813/1919/1814 3180/3271/3218 3178/3270/1236 1815/1920/779
f 1477/1918/1460 1473/3273/1234 3180/3271/3218 1813/1919/1814
f 1471/3274/554 3181/3272/3219 3180/3271/3218 1473/3273/1234
f 3181/3272/3219 1460/1527/1450 1455/1523/562 3179/1525/1237
f 1471/3274/554 1463/1529/1452 1460/1527/1450 3181/3272/3219
f 1818/1925/1818 3176/1924/764 3172/3266/3217 1823/1930/1823
f 3169/3263/3211 1298/1351/594 1300/1353/593 3162/3257/608
f 3164/3260/3215 3182/3259/3220 3183/1941/1831 1834/1939/1829
f 3183/1941/1831 3182/3259/3220 3184/3275/3221 3186/3276/3222
f 3182/3259/3208 3160/3254/3204 3185/3255/3205 3184/3275/3223
f 3185/3255/3205 3120/3219/3181 3118/3217/3182 3184/3275/3223
f 3184/3275/3221 3118/3217/3179 3187/3218/3180 3186/3276/3222
f 3186/3276/3222 3187/3218/3180 3188/1948/1837 1840/1945/1834
f 1835/1942/1832 3183/1941/1831 3186/3276/3222 1840/1945/1834
f 3187/3218/3180 3113/3210/3169 3107/3205/3166 3188/1948/1837
f 3185/3255/3205 3157/3251/603 3123/3222/871 3120/3219/3181
f 3155/1363/879 1309/1362/479 1316/1368/1318 3125/3226/877
f 1797/1902/1797 1821/1927/1820 1789/1895/1791 1791/1897/1793
f 1702/1795/1707 1707/1799/1711 1742/1804/1716 1700/1793/1705
f 1540/1612/1511 1710/1660/1558 1584/1657/1555 1542/1613/1512
f 1704/1786/1698 1693/1783/1695 1595/1671/1569 1593/1668/1566
f 1693/1783/1695 1690/1780/1692 3189/1672/1570 1595/1671/1569
f 1690/1780/1692 1682/1772/1684 3190/1774/1686 3189/1672/1570
f 3189/1672/1570 3190/1774/1686 3191/1678/1576 1596/1673/1571
f 3190/1774/1686 1683/1770/1682 1614/1695/1593 3191/1678/1576
f 1683/1770/1682 1679/1703/1601 1616/1696/1594 1614/1695/1593
f 1676/1753/1658 1664/1750/1657 3192/1709/1608 1625/1706/1608
f 1664/1750/1654 1661/1736/1640 1649/1733/1637 3192/1709/3224
f 3192/1709/3224 1649/1733/1637 1646/1715/1617 1626/1710/1616
f 1581/1656/1554 1545/1614/1513 1542/1613/1512 1584/1657/1555
f 1574/1647/1545 1572/1619/1518 1545/1614/1513 1581/1656/1554
f 1521/1590/1487 1486/1560/1471 3193/1561/1472 1523/1591/1488
f 1488/1562/1473 1486/1560/1471 1521/1590/1487 1496/1570/1475
f 1465/1531/1454 1393/1455/1393 1396/1458/1396 1462/1532/1405
f 3194/1429/1367 640/701/694 643/704/697 1365/1430/1368
f 3195/3277/3225 3194/1429/1367 1364/1426/1364 3196/3278/3226
f 3195/3277/3225 638/699/692 640/701/694 3194/1429/1367
f 3199/3279/3227 3197/3280/3228 3195/3277/3225 3196/3278/3226
f 3197/3280/3228 636/698/691 638/699/692 3195/3277/3225
f 3198/3281/3229 3264/687/680 636/698/691 3197/3280/3228
f 3198/3281/3229 3197/3280/3228 3199/3279/3227 3200/3282/3230
f 3202/3283/3231 3200/3282/3230 3199/3279/3227 3201/3284/3232
f 3201/3284/3232 3199/3279/3227 3196/3278/3226 3204/3285/3233
f 3236/3286/3234 3202/3283/3231 3201/3284/3232 3203/3287/3235
f 3203/3287/3235 3201/3284/3232 3204/3285/3233 3205/3288/3236
f 3204/3285/3233 3196/3278/3226 1364/1426/1364 1362/1424/1362
f 3205/3288/3236 3204/3285/3233 1362/1424/1362 1360/1423/1361
f 3208/3289/3237 3203/3287/3235 3205/3288/3236 3206/3290/3238
f 3206/3290/3238 3205/3288/3236 1360/1423/1361 3207/1425/1363
f 3206/3290/3238 3207/1425/1363 3211/3291/3239 3209/3292/3240
f 3212/3293/3241 3208/3289/3237 3206/3290/3238 3209/3292/3240
f 3214/3294/3242 3212/3293/3241 3209/3292/3240 3210/3295/3243
f 3210/3295/3243 3209/3292/3240 3211/3291/3239 3263/1405/1343
f 3233/3296/3244 3208/3289/3237 3212/3293/3241 3213/3297/3245
f 3215/3298/3246 3213/3297/3245 3212/3293/3241 3214/3294/3242
f 3218/3299/3247 3215/3298/3246 3214/3294/3242 3216/3300/3248
f 3216/3300/3248 3214/3294/3242 3210/3295/3243 3219/1399/1337
f 3217/1393/1331 3216/3300/3248 3219/1399/1337 1337/1394/1332
f 3220/3301/3249 3218/3299/3247 3216/3300/3248 3217/1393/1331
f 3219/1399/1337 3210/3295/3243 3263/1405/1343 1341/1400/1338
f 3221/3302/3250 3222/3303/3251 3215/3298/3246 3218/3299/3247
f 3223/1377/1325 3221/3302/3250 3218/3299/3247 3220/3301/3249
f 3224/3304/3252 3226/3305/3253 3222/3303/3251 3221/3302/3250
f 1322/1372/1321 3224/3304/3252 3221/3302/3250 3223/1377/1325
f 1318/1369/1319 3225/3306/3254 3224/3304/3252 1322/1372/1321
f 3225/3306/3254 3227/3307/3255 3226/3305/3253 3224/3304/3252
f 3227/3307/3255 3229/3308/3256 3228/3309/3257 3226/3305/3253
f 3226/3305/3253 3228/3309/3257 3231/3310/3258 3222/3303/3251
f 3255/3311/3259 3230/3312/3260 3228/3309/3257 3229/3308/3256
f 3228/3309/3257 3230/3312/3260 3232/3313/3261 3231/3310/3258
f 3222/3303/3251 3231/3310/3258 3213/3297/3245 3215/3298/3246
f 3232/3313/3261 3233/3296/3244 3213/3297/3245 3231/3310/3258
f 3232/3313/3261 3234/3314/3262 3236/3286/3234 3233/3296/3244
f 3230/3312/3260 3237/3315/3263 3234/3314/3262 3232/3313/3261
f 3237/3315/3263 3239/3316/3264 3235/3317/3265 3234/3314/3262
f 3234/3314/3262 3235/3317/3265 3202/3283/3231 3236/3286/3234
f 3238/3318/3266 3240/3319/3267 3239/3316/3264 3237/3315/3263
f 3255/3311/3259 3238/3318/3266 3237/3315/3263 3230/3312/3260
f 3240/3319/3267 3242/3320/3268 3241/3321/3269 3239/3316/3264
f 3239/3316/3264 3241/3321/3269 3243/3322/3270 3235/3317/3265
f 3241/3321/3269 622/679/672 3244/682/675 3243/3322/3270
f 620/676/669 622/679/672 3241/3321/3269 3242/3320/3268
f 3244/682/675 3198/3281/3229 3200/3282/3230 3243/3322/3270
f 3235/3317/3265 3243/3322/3270 3200/3282/3230 3202/3283/3231
f 3244/682/675 623/681/674 3264/687/680 3198/3281/3229
f 3245/3323/3271 618/675/668 620/676/669 3242/3320/3268
f 3246/3324/3272 3245/3323/3271 3242/3320/3268 3240/3319/3267
f 3249/677/670 618/675/668 3245/3323/3271 3247/3325/3273
f 3250/3326/3274 3247/3325/3273 3245/3323/3271 3246/3324/3272
f 1269/1316/1282 3248/1315/1281 3247/3325/3273 3250/3326/3274
f 3262/661/654 3249/677/670 3247/3325/3273 3248/1315/1281
f 1271/1317/1283 1269/1316/1282 3250/3326/3274 3251/3327/3275
f 3251/3327/3275 3250/3326/3274 3246/3324/3272 3253/3328/3276
f 1274/1319/1285 1271/1317/1283 3251/3327/3275 3252/3329/3277
f 3252/3329/3277 3251/3327/3275 3253/3328/3276 3254/3330/3278
f 3253/3328/3276 3246/3324/3272 3240/3319/3267 3238/3318/3266
f 3254/3330/3278 3253/3328/3276 3238/3318/3266 3255/3311/3259
f 3252/3329/3277 3254/3330/3278 3256/3331/3279 3257/3332/3280
f 3256/3331/3279 3254/3330/3278 3255/3311/3259 3229/3308/3256
f 3258/3333/3281 3256/3331/3279 3229/3308/3256 3227/3307/3255
f 3259/3334/3282 3257/3332/3280 3256/3331/3279 3258/3333/3281
f 3260/3335/3283 3258/3333/3281 3227/3307/3255 3225/3306/3254
f 3261/3336/3284 3259/3334/3282 3258/3333/3281 3260/3335/3283
f 1315/1366/1316 3260/3335/3283 3225/3306/3254 1318/1369/1319
f 1313/1365/1315 3261/3336/3284 3260/3335/3283 1315/1366/1316
f 1283/1328/1294 1279/1325/1291 3259/3334/3282 3261/3336/3284
f 1311/1331/1297 1283/1328/1294 3261/3336/3284 1313/1365/1315
f 1279/1325/1291 1276/1323/1289 3257/3332/3280 3259/3334/3282
f 1274/1319/1285 3252/3329/3277 3257/3332/3280 1276/1323/1289
f 3262/661/654 604/660/653 614/670/663 3249/677/670
f 1268/657/650 601/656/649 3262/661/654 3248/1315/1281
f 3233/3296/3244 3236/3286/3234 3203/3287/3235 3208/3289/3237
f 3223/1377/1325 3220/3301/3249 1329/1383/1326 1321/1375/1324
f 3220/3301/3249 3217/1393/1331 1331/1386/1328 1329/1383/1326
f 3263/1405/1343 3211/3291/3239 1352/1413/1351 1345/1406/1344
f 3207/1425/1363 1354/1416/1354 1352/1413/1351 3211/3291/3239
f 3265/1282/1248 595/648/641 1259/652/645 1256/1302/1268
f 1253/1299/1265 1234/1281/1247 3265/1282/1248 1256/1302/1268
f 3265/1282/1248 1230/1277/1243 593/645/638 595/648/641
f 1236/1283/1249 1234/1281/1247 1253/1299/1265 1247/1294/1260
f 1239/743/732 671/742/731 3266/1280/1246 1232/1279/1245
f 673/744/733 681/753/742 3266/1280/1246 671/742/731
f 681/753/742 684/756/745 1228/1274/1240 3266/1280/1246
f 496/528/525 502/532/529 478/512/509 480/514/511
f 3267/456/453 430/453/450 485/518/515 482/515/512
f 3268/511/508 3267/456/453 482/515/512 476/509/506
f 437/463/460 429/455/452 3267/456/453 3268/511/508
f 3269/465/462 437/463/460 3268/511/508 472/504/501
f 436/464/461 3269/465/462 466/497/494 464/494/491
f 439/466/463 436/464/461 464/494/491 457/487/484
f 314/209/199 195/208/198 3270/3337/3285 310/321/318
f 310/321/318 3270/3337/3285 3272/314/311 304/313/310
f 195/208/198 197/210/200 3271/3338/3286 3270/3337/3285
f 3270/3337/3285 3271/3338/3286 3273/3339/3287 3272/314/311
f 3272/314/311 3273/3339/3287 297/305/302 299/306/303
f 3271/3338/3286 207/218/208 209/220/210 3273/3339/3287
f 3273/3339/3287 209/220/210 211/222/212 297/305/302
f 197/210/200 199/212/202 207/218/208 3271/3338/3286
f 302/309/306 295/302/299 278/290/286 276/288/284
f 164/173/159 3274/173/161 55/63/35 57/63/36
f 3274/173/161 3275/3340/3288 3276/64/37 55/63/35
f 160/170/155 3277/169/154 3275/3340/3288 3274/173/161
f 3275/3340/3288 3278/3341/3289 3281/3342/3290 3276/64/37
f 3277/169/154 3279/3343/3291 3278/3341/3289 3275/3340/3288
f 3279/3343/3291 3343/3344/3292 3280/3345/3110 3278/3341/3289
f 3278/3341/3289 3280/3345/3110 3282/3346/3293 3281/3342/3290
f 3281/3342/3290 3282/3346/3293 44/51/20 47/56/25
f 3276/64/37 3281/3342/3290 47/56/25 50/59/28
f 3280/3345/3110 3285/3347/3294 3283/3348/3295 3282/3346/3293
f 3282/3346/3293 3283/3348/3295 41/52/21 44/51/20
f 3285/3347/3294 3287/3349/2603 3284/3350/2676 3283/3348/3295
f 3284/3350/2676 3344/53/22 41/52/21 3283/3348/3295
f 3343/3344/3292 3286/3351/3296 3285/3347/3294 3280/3345/3110
f 3288/3352/2705 3287/3349/2603 3285/3347/3294 3286/3351/3296
f 3287/3353/2603 11/20/2603 24/22/2676 3284/3354/2676
f 22/21/2705 11/20/2603 3287/3353/2603 3288/3355/2705
f 19/31/3297 22/21/2705 3288/3355/2705 3289/3356/3297
f 3289/3357/3297 3288/3352/2705 3286/3351/3296 3291/3358/3298
f 16/18/2538 19/31/3297 3289/3356/3297 3290/3359/2538
f 3290/3360/2538 3289/3357/3297 3291/3358/3298 3293/3361/3299
f 3292/3362/3300 3291/3358/3298 3286/3351/3296 3343/3344/3292
f 3295/3363/3301 3293/3361/3299 3291/3358/3298 3292/3362/3300
f 3296/3364/3302 3294/3365/3303 3293/3361/3299 3295/3363/3301
f 3342/3366/3304 3290/3360/2538 3293/3361/3299 3294/3365/3303
f 3299/3367/3305 3296/3364/3302 3295/3363/3301 3297/3368/3306
f 3297/3368/3306 3295/3363/3301 3292/3362/3300 3298/3369/3307
f 157/166/150 3297/3368/3306 3298/3369/3307 159/167/151
f 155/165/149 3299/3367/3305 3297/3368/3306 157/166/150
f 3300/3370/3308 3301/3371/3309 3296/3364/3302 3299/3367/3305
f 3302/164/148 3300/3370/3308 3299/3367/3305 155/165/149
f 3303/3372/3310 3305/3373/2701 3301/3371/3309 3300/3370/3308
f 3306/3374/3311 3303/3372/3310 3300/3370/3308 3302/164/148
f 3304/3375/3312 3336/3376/3313 3305/3373/2701 3303/3372/3310
f 3307/3377/3314 3304/3375/3312 3303/3372/3310 3306/3374/3311
f 3309/152/3315 3307/3377/3314 3306/3374/3311 3308/155/142
f 3308/155/142 3306/3374/3311 3302/164/148 151/156/143
f 3309/152/3315 3308/155/142 145/155/135 143/152/132
f 3310/144/124 3311/3378/3316 3307/3377/3314 3309/152/3315
f 3310/144/124 3309/152/3315 143/152/132 136/145/125
f 135/141/121 3313/3379/3317 3311/3378/3316 3310/144/124
f 3313/3379/3317 3314/3380/3318 3312/3381/3319 3311/3378/3316
f 3311/3378/3316 3312/3381/3319 3304/3375/3312 3307/3377/3314
f 126/3382/113 3316/3383/112 3314/3380/3318 3313/3379/3317
f 128/140/114 126/3382/113 3313/3379/3317 135/141/121
f 3314/3380/3318 3315/3384/1814 3335/3385/3320 3312/3381/3319
f 3316/3383/112 3317/3386/3321 3315/3384/1814 3314/3380/3318
f 125/131/109 3319/3387/2696 3317/3388/3321 3316/134/112
f 3319/3387/2696 3321/3389/3322 3318/3390/3323 3317/3388/3321
f 3317/3386/3321 3318/3391/3323 3332/3392/3324 3315/3384/1814
f 3320/3393/3325 3322/3394/3326 3321/3389/3322 3319/3387/2696
f 122/128/106 3320/3393/3325 3319/3387/2696 125/131/109
f 3325/3395/1700 3323/3396/2579 3321/3389/3322 3322/3394/3326
f 3321/3389/3322 3323/3396/2579 3324/3397/2585 3318/3390/3323
f 3323/3398/2579 7/10/2579 23/12/2585 3324/3399/2585
f 21/11/3327 7/10/2579 3323/3398/2579 3325/3400/1700
f 18/9/2573 21/11/3327 3325/3400/1700 3326/3401/2573
f 3326/3402/2573 3325/3395/1700 3322/3394/3326 3327/121/99
f 3328/3403/2569 6/8/2569 18/9/2573 3326/3401/2573
f 113/116/94 3328/3404/2569 3326/3402/2573 3327/121/99
f 3/5/3 6/8/2569 3328/3403/2569 3329/6/3
f 3329/3405/3 3328/3404/2569 113/116/94 109/113/91
f 2/3406/2 3329/3405/3 109/113/91 106/110/88
f 112/119/97 3327/121/99 3322/3394/3326 3320/3393/3325
f 3324/3407/2585 3330/3408/2587 3332/3392/3324 3318/3391/3323
f 23/12/2585 8/13/2587 3330/3409/2587 3324/3399/2585
f 3332/3392/3324 3330/3408/2587 3331/3410/2591 3333/3411/3328
f 3330/3409/2587 8/13/2587 25/14/3329 3331/3412/2591
f 3315/3384/1814 3332/3392/3324 3333/3411/3328 3335/3385/3320
f 3331/3410/2591 3337/3413/2595 3334/3414/3330 3333/3411/3328
f 3335/3385/3320 3333/3411/3328 3334/3414/3330 3336/3376/3313
f 3312/3381/3319 3335/3385/3320 3336/3376/3313 3304/3375/3312
f 3336/3376/3313 3334/3414/3330 3338/3415/3331 3305/3373/2701
f 3337/3413/2595 3339/3416/2602 3338/3415/3331 3334/3414/3330
f 3338/3415/3331 3339/3416/2602 3341/3417/2781 3340/3418/3332
f 3305/3373/2701 3338/3415/3331 3340/3418/3332 3301/3371/3309
f 3341/3417/2781 3342/3366/3304 3294/3365/3303 3340/3418/3332
f 3301/3371/3309 3340/3418/3332 3294/3365/3303 3296/3364/3302
f 29/17/2781 10/19/3304 3342/3419/3304 3341/3420/2781
f 3339/3421/2602 9/15/2602 29/17/2781 3341/3420/2781
f 10/19/3304 16/18/2538 3290/3359/2538 3342/3419/3304
f 27/16/2595 9/15/2602 3339/3421/2602 3337/3422/2595
f 25/14/3329 27/16/2595 3337/3422/2595 3331/3412/2591
f 115/120/98 112/119/97 3320/3393/3325 122/128/106
f 3298/3369/3307 3292/3362/3300 3343/3344/3292 3279/3343/3291
f 159/167/151 3298/3369/3307 3279/3343/3291 3277/169/154
f 24/22/2676 26/24/3333 3344/3423/22 3284/3354/2676
f 26/24/3333 12/23/18 42/3424/18 3344/3423/22
f 3345/3425/1 2/3406/2 106/110/88 103/107/85
f 3346/3426/3334 3345/3425/1 103/107/85 100/104/82
f 20/32/3334 4/1/1 3345/4/1 3346/3427/3334
f 17/30/2528 20/32/3334 3346/3427/3334 3347/3428/2528
f 3347/3429/2528 3346/3426/3334 100/104/82 98/103/81
f 3348/3430/2606 15/28/2606 17/30/2528 3347/3428/2528
f 96/102/80 3348/3431/2606 3347/3429/2528 98/103/81
f 14/29/8 15/28/2606 3348/3430/2606 32/35/8
f 32/37/8 3348/3431/2606 96/102/80 3349/38/9
f 3350/46/15 33/39/10 3349/38/9 95/101/79
f 3351/3432/3335 3350/46/15 95/101/79 93/98/76
f 3353/3433/3336 37/45/14 3350/46/15 3351/3432/3335
f 3354/3434/3337 3353/3433/3336 3351/3432/3335 3352/3435/3338
f 3352/3435/3338 3351/3432/3335 93/98/76 90/95/73
f 46/55/24 39/47/16 37/45/14 3353/3433/3336
f 49/58/27 46/55/24 3353/3433/3336 3354/3434/3337
f 53/61/30 49/58/27 3354/3434/3337 68/75/49
f 68/75/49 3354/3434/3337 3352/3435/3338 70/76/50
f 70/76/50 3352/3435/3338 90/95/73 88/78/53
f 42/3424/18 12/23/18 28/25/12 35/42/12
