# Blender 4.4.1
# www.blender.org
mtllib Queen.mtl
o chessKitExport.007
v 0.052214 2.000997 0.262480
v 0.052214 2.016502 0.262480
v 0.102418 2.000997 0.247251
v 0.000002 2.000997 0.267623
v 0.039837 1.673376 0.200261
v 0.078142 1.673376 0.188642
v 0.000002 1.673376 0.204185
v 0.042915 1.658725 0.215733
v 0.000002 1.658725 0.219959
v 0.043478 1.655032 0.218564
v 0.084178 1.658725 0.203216
v 0.122206 1.658725 0.182889
v 0.085283 1.655032 0.205883
v 0.123810 1.655032 0.185290
v 0.085864 1.650686 0.207285
v 0.124654 1.650686 0.186552
v 0.085864 1.646114 0.207285
v 0.043774 1.650686 0.220053
v 0.043774 1.646114 0.220053
v 0.000002 1.650686 0.224364
v 0.000002 1.646114 0.224364
v -0.043769 1.650686 0.220054
v 0.000002 1.655032 0.222846
v -0.043473 1.655032 0.218564
v -0.042910 1.658725 0.215733
v -0.085278 1.655032 0.205883
v -0.084173 1.658725 0.203216
v -0.085859 1.650686 0.207286
v -0.123805 1.655032 0.185290
v -0.122202 1.658725 0.182889
v -0.124649 1.650686 0.186552
v -0.157575 1.655032 0.157576
v -0.185290 1.655032 0.123806
v -0.155534 1.658725 0.155534
v -0.158649 1.650686 0.158649
v -0.158649 1.646114 0.158649
v -0.186552 1.650686 0.124649
v -0.186552 1.646114 0.124649
v -0.207285 1.650686 0.085859
v -0.205882 1.655032 0.085278
v -0.207285 1.646114 0.085859
v -0.220053 1.650686 0.043770
v -0.224364 1.650686 -0.000002
v -0.218564 1.655032 0.043473
v -0.220053 1.646114 0.043770
v -0.224364 1.646114 -0.000002
v -0.218564 1.641768 0.043473
v -0.215733 1.638075 0.042910
v -0.205882 1.641768 0.085278
v -0.222846 1.641768 -0.000002
v -0.219959 1.638075 -0.000002
v -0.218564 1.641768 -0.043478
v -0.220053 1.646114 -0.043774
v -0.215732 1.638075 -0.042914
v -0.205882 1.641768 -0.085283
v -0.185290 1.641768 -0.123810
v -0.207285 1.646114 -0.085864
v -0.203216 1.638075 -0.084178
v -0.182889 1.638075 -0.122206
v -0.193165 1.627971 -0.080015
v -0.173843 1.627971 -0.116162
v -0.191592 1.626119 -0.079363
v -0.205063 1.627971 -0.040792
v -0.203392 1.626119 -0.040460
v -0.209080 1.627971 -0.000002
v -0.207377 1.626119 -0.000002
v -0.205063 1.627971 0.040788
v -0.203392 1.626119 0.040456
v -0.193165 1.627971 0.080010
v -0.191592 1.626119 0.079359
v -0.203216 1.638075 0.084173
v -0.173843 1.627971 0.116158
v -0.172427 1.626119 0.115212
v -0.182889 1.638075 0.122202
v -0.147841 1.627971 0.147842
v -0.146637 1.626119 0.146638
v -0.155534 1.638075 0.155534
v -0.116158 1.627971 0.173844
v -0.115211 1.626119 0.172428
v -0.122202 1.638075 0.182889
v -0.080009 1.627971 0.193165
v -0.079358 1.626119 0.191592
v -0.084173 1.638075 0.203216
v -0.040787 1.627971 0.205063
v -0.040455 1.626119 0.203393
v -0.042910 1.638075 0.215733
v 0.000002 1.627971 0.209081
v 0.000002 1.626119 0.207378
v 0.000002 1.638075 0.219959
v 0.040793 1.627971 0.205063
v 0.080015 1.627971 0.193165
v 0.040460 1.626119 0.203393
v 0.042915 1.638075 0.215733
v 0.084178 1.638075 0.203216
v 0.043478 1.641768 0.218564
v 0.085283 1.641768 0.205883
v 0.000002 1.641768 0.222847
v -0.043473 1.641768 0.218564
v -0.043769 1.646114 0.220054
v -0.085278 1.641768 0.205883
v -0.123805 1.641768 0.185290
v -0.085859 1.646114 0.207286
v -0.124649 1.646114 0.186552
v -0.157575 1.641768 0.157576
v -0.185290 1.641768 0.123806
v 0.123810 1.641768 0.185290
v 0.124654 1.646114 0.186552
v 0.122206 1.638075 0.182889
v 0.157579 1.641768 0.157576
v 0.158654 1.646114 0.158649
v 0.155539 1.638075 0.155534
v 0.185294 1.641768 0.123806
v 0.182894 1.638075 0.122202
v 0.205887 1.641768 0.085278
v 0.186556 1.646114 0.124649
v 0.186556 1.650686 0.124649
v 0.207290 1.646114 0.085859
v 0.207290 1.650686 0.085859
v 0.220058 1.646114 0.043770
v 0.220058 1.650686 0.043770
v 0.218569 1.641768 0.043473
v 0.224370 1.646114 -0.000002
v 0.224370 1.650686 -0.000002
v 0.222850 1.641768 -0.000002
v 0.220058 1.646114 -0.043774
v 0.220058 1.650686 -0.043774
v 0.218569 1.641768 -0.043478
v 0.207290 1.646114 -0.085864
v 0.207290 1.650686 -0.085864
v 0.205887 1.641768 -0.085283
v 0.186557 1.646114 -0.124654
v 0.186557 1.650686 -0.124654
v 0.185294 1.641768 -0.123810
v 0.158654 1.646114 -0.158653
v 0.158654 1.650686 -0.158653
v 0.157581 1.641768 -0.157580
v 0.124654 1.646114 -0.186556
v 0.124654 1.650686 -0.186556
v 0.123811 1.641768 -0.185294
v 0.085864 1.646114 -0.207290
v 0.085864 1.650686 -0.207290
v 0.085283 1.641768 -0.205887
v 0.043774 1.646114 -0.220058
v 0.043774 1.650686 -0.220058
v 0.043478 1.641768 -0.218569
v 0.000002 1.646114 -0.224369
v 0.000002 1.650686 -0.224369
v 0.000002 1.641768 -0.222851
v -0.043769 1.646114 -0.220058
v -0.043769 1.650686 -0.220058
v -0.043473 1.641768 -0.218569
v -0.085859 1.646114 -0.207290
v -0.085859 1.650686 -0.207290
v -0.085278 1.641768 -0.205888
v -0.124649 1.646114 -0.186556
v -0.124649 1.650686 -0.186556
v -0.123805 1.641768 -0.185294
v -0.158648 1.646114 -0.158654
v -0.158648 1.650686 -0.158654
v -0.157575 1.641768 -0.157580
v -0.186552 1.646114 -0.124654
v -0.186552 1.650686 -0.124654
v -0.185290 1.655032 -0.123810
v -0.207285 1.650686 -0.085864
v -0.205882 1.655032 -0.085283
v -0.220053 1.650686 -0.043774
v -0.218564 1.655032 -0.043478
v -0.215732 1.658725 -0.042914
v -0.222846 1.655032 -0.000002
v -0.219959 1.658725 -0.000002
v -0.204185 1.673376 -0.000002
v -0.215733 1.658725 0.042910
v -0.200261 1.673376 0.039833
v -0.203216 1.658725 0.084173
v -0.182889 1.658725 0.122202
v -0.188641 1.673376 0.078137
v -0.247251 2.000997 0.102413
v -0.169773 1.673376 0.113438
v -0.222520 2.000997 0.148682
v -0.144380 1.673376 0.144380
v -0.189238 2.000997 0.189237
v -0.113438 1.673376 0.169773
v -0.078136 1.673376 0.188642
v -0.148682 2.000997 0.222520
v -0.148682 2.016502 0.222520
v -0.102413 2.000997 0.247251
v -0.102413 2.014680 0.247251
v -0.052209 2.000997 0.262481
v -0.052209 2.016502 0.262481
v -0.039833 1.673376 0.200262
v 0.000002 2.015648 0.267623
v -0.052169 2.023280 0.262282
v -0.052050 2.030009 0.261682
v 0.000002 2.022517 0.267823
v -0.102140 2.021664 0.246591
v -0.148570 2.023280 0.222351
v -0.101329 2.028398 0.244633
v -0.148230 2.030009 0.221843
v -0.100009 2.034642 0.241448
v -0.101167 2.063140 0.244242
v -0.051852 2.036827 0.260688
v -0.147667 2.036827 0.221001
v -0.146891 2.066745 0.219841
v -0.190509 2.036174 0.190509
v -0.221000 2.036827 0.147667
v -0.189803 2.029366 0.189803
v -0.191494 2.042923 0.191494
v -0.219840 2.066745 0.146892
v -0.213808 2.176203 0.213808
v -0.251241 2.154189 0.167873
v -0.214318 2.181141 0.214318
v -0.167873 2.154189 0.251241
v -0.168569 2.158978 0.251721
v -0.133363 2.168391 0.199593
v -0.170523 2.190264 0.170523
v -0.135176 2.172356 0.201836
v -0.102167 2.075685 0.152821
v -0.130020 2.075685 0.129963
v -0.080202 2.067108 0.120032
v -0.070391 2.075685 0.169805
v -0.055243 2.067108 0.133373
v -0.035911 2.075685 0.180265
v -0.028162 2.067108 0.141588
v -0.000055 2.075685 0.183796
v -0.046829 2.168391 0.235436
v -0.051580 2.066745 0.259320
v -0.058947 2.154189 0.296359
v 0.000002 2.042923 0.270814
v 0.051585 2.066745 0.259320
v 0.000002 2.036174 0.269421
v 0.000002 2.176204 0.302372
v 0.000002 2.181141 0.303093
v 0.058953 2.154189 0.296359
v 0.058800 2.158978 0.297191
v 0.046835 2.168391 0.235436
v 0.047138 2.172356 0.238305
v 0.035802 2.075685 0.180265
v 0.000002 2.190264 0.241157
v 0.000002 2.194452 0.243697
v 0.000002 2.198289 0.246774
v -0.047131 2.172362 0.238311
v -0.058794 2.158978 0.297191
v -0.046966 2.176111 0.241564
v -0.057828 2.163892 0.297123
v -0.046332 2.179636 0.245191
v -0.045233 2.182921 0.249175
v -0.056066 2.168839 0.296156
v 0.000002 2.201689 0.250315
v 0.000002 2.204573 0.254243
v 0.046358 2.179623 0.245154
v 0.046979 2.176102 0.241546
v 0.056072 2.168839 0.296156
v 0.045279 2.182901 0.249110
v 0.053553 2.173717 0.294313
v 0.043753 2.185914 0.253381
v 0.000002 2.206879 0.258474
v 0.050338 2.178418 0.291640
v 0.041803 2.188631 0.257916
v 0.000002 2.208558 0.262925
v 0.046513 2.182826 0.288211
v 0.039458 2.191015 0.262651
v 0.042183 2.186825 0.284120
v 0.036759 2.193029 0.267505
v 0.000002 2.209576 0.267512
v 0.000002 2.209913 0.272152
v -0.039326 2.191071 0.262848
v -0.041705 2.188672 0.258061
v -0.036591 2.193101 0.267758
v -0.042179 2.186825 0.284121
v -0.046508 2.182826 0.288211
v -0.037471 2.190300 0.279491
v 0.000002 2.205747 0.290130
v 0.000002 2.207758 0.285759
v 0.000002 2.202954 0.294050
v 0.000002 2.199468 0.297389
v -0.050334 2.178418 0.291641
v 0.000002 2.195406 0.300037
v -0.053547 2.173717 0.294313
v 0.000002 2.190898 0.301906
v 0.000002 2.186092 0.302936
v 0.057833 2.163892 0.297123
v -0.043685 2.185943 0.253481
v 0.000002 2.208917 0.281083
v 0.037476 2.190300 0.279490
v 0.032537 2.193143 0.274464
v 0.033760 2.194632 0.272382
v 0.000002 2.209565 0.276770
v -0.033556 2.194719 0.272691
v -0.032532 2.193143 0.274464
v 0.028166 2.067108 0.141588
v 0.070283 2.075685 0.169805
v 0.055248 2.067108 0.133373
v 0.102058 2.075685 0.152821
v 0.101171 2.063140 0.244242
v 0.100015 2.034642 0.241448
v 0.146897 2.066745 0.219841
v 0.147672 2.036827 0.221000
v 0.191498 2.042923 0.191494
v 0.167877 2.154189 0.251241
v 0.168574 2.158978 0.251721
v 0.213812 2.176203 0.213808
v 0.133368 2.168391 0.199593
v 0.170528 2.190264 0.170523
v 0.135187 2.172362 0.201839
v 0.172323 2.194452 0.172319
v 0.137604 2.176111 0.204022
v 0.140617 2.179636 0.206139
v 0.174499 2.198289 0.174495
v 0.169209 2.163892 0.250989
v 0.169771 2.168839 0.249060
v 0.214211 2.186092 0.214207
v 0.213483 2.190898 0.213479
v 0.214323 2.181141 0.214318
v 0.250994 2.163892 0.169204
v 0.249064 2.168839 0.169767
v 0.251725 2.158978 0.168569
v 0.204021 2.176102 0.137580
v 0.206133 2.179623 0.140571
v 0.201841 2.172356 0.135176
v 0.199597 2.168391 0.133363
v 0.251245 2.154189 0.167873
v 0.152768 2.075685 0.102111
v 0.129911 2.075685 0.129963
v 0.120037 2.067108 0.080202
v 0.169753 2.075685 0.070334
v 0.219845 2.066745 0.146892
v 0.221006 2.036827 0.147667
v 0.244247 2.063140 0.101167
v 0.241452 2.034642 0.100010
v 0.259324 2.066745 0.051580
v 0.296364 2.154189 0.058948
v 0.180212 2.075685 0.035855
v 0.260693 2.036827 0.051852
v 0.270819 2.042923 -0.000002
v 0.269425 2.036174 -0.000002
v 0.302376 2.176203 -0.000002
v 0.259324 2.066745 -0.051585
v 0.244247 2.063140 -0.101171
v 0.296364 2.154189 -0.058952
v 0.180212 2.075685 -0.035859
v 0.260694 2.036827 -0.051857
v 0.261687 2.030009 -0.052054
v 0.241452 2.034642 -0.100014
v 0.244638 2.028398 -0.101333
v 0.221006 2.036827 -0.147671
v 0.221848 2.030009 -0.148234
v 0.219845 2.066745 -0.146896
v 0.190513 2.036174 -0.190513
v 0.189808 2.029366 -0.189807
v 0.191498 2.042923 -0.191498
v 0.147672 2.036827 -0.221005
v 0.148235 2.030009 -0.221848
v 0.146897 2.066745 -0.219845
v 0.100015 2.034642 -0.241452
v 0.101171 2.063140 -0.244246
v 0.051857 2.036827 -0.260693
v 0.101334 2.028398 -0.244637
v 0.102144 2.021664 -0.246595
v 0.052055 2.030009 -0.261687
v 0.052174 2.023280 -0.262286
v 0.000002 2.029366 -0.268427
v 0.000002 2.022517 -0.267828
v 0.000002 2.036174 -0.269425
v -0.052050 2.030009 -0.261687
v -0.052169 2.023280 -0.262286
v -0.051852 2.036827 -0.260693
v -0.101328 2.028398 -0.244637
v -0.102140 2.021664 -0.246595
v -0.100009 2.034642 -0.241453
v -0.148230 2.030009 -0.221848
v -0.147667 2.036827 -0.221005
v -0.189803 2.029366 -0.189808
v -0.148570 2.023280 -0.222356
v -0.148682 2.016502 -0.222525
v -0.189378 2.022517 -0.189383
v -0.189237 2.015648 -0.189242
v -0.222351 2.023280 -0.148574
v -0.222519 2.016502 -0.148687
v -0.221843 2.030009 -0.148235
v -0.246590 2.021664 -0.102145
v -0.247251 2.014681 -0.102418
v -0.244632 2.028398 -0.101333
v -0.262275 2.023502 -0.052163
v -0.262481 2.016728 -0.052213
v -0.261656 2.030224 -0.052013
v -0.267823 2.022517 -0.000002
v -0.268422 2.029366 -0.000002
v -0.262282 2.023280 0.052169
v -0.267623 2.015648 -0.000002
v -0.267623 2.000997 -0.000002
v -0.262481 2.016502 0.052209
v -0.262481 2.000997 0.052209
v -0.247251 2.014680 0.102413
v -0.222520 2.016502 0.148682
v -0.246590 2.021664 0.102140
v -0.244633 2.028398 0.101329
v -0.222351 2.023280 0.148569
v -0.221843 2.030009 0.148230
v -0.189378 2.022517 0.189379
v -0.189238 2.015648 0.189237
v -0.241448 2.034642 0.100010
v -0.261682 2.030009 0.052050
v -0.260688 2.036827 0.051852
v -0.269421 2.036174 -0.000002
v -0.259320 2.066745 0.051580
v -0.244242 2.063140 0.101167
v -0.296358 2.154189 0.058948
v -0.180321 2.075685 0.035855
v -0.270813 2.042922 -0.000002
v -0.302371 2.176203 -0.000002
v -0.259218 2.066956 -0.051421
v -0.296350 2.154188 -0.058951
v -0.244242 2.063140 -0.101171
v -0.185762 2.074834 -0.032854
v -0.260630 2.037037 -0.051764
v -0.241448 2.034642 -0.100014
v -0.221000 2.036827 -0.147672
v -0.219840 2.066745 -0.146897
v -0.190509 2.036174 -0.190513
v -0.191494 2.042923 -0.191498
v -0.146891 2.066745 -0.219845
v -0.213808 2.176203 -0.213813
v -0.167873 2.154189 -0.251246
v -0.214318 2.181141 -0.214323
v -0.251241 2.154189 -0.167878
v -0.251720 2.158978 -0.168574
v -0.199593 2.168391 -0.133368
v -0.170522 2.190264 -0.170528
v -0.201836 2.172356 -0.135181
v -0.152878 2.075685 -0.102115
v -0.130019 2.075685 -0.129968
v -0.120032 2.067108 -0.080207
v -0.169863 2.075685 -0.070339
v -0.133378 2.067108 -0.055235
v -0.141569 2.065848 -0.026019
v -0.121277 2.065348 -0.050226
v -0.109232 2.067402 -0.045240
v -0.128640 2.064324 -0.023960
v -0.109142 2.065349 -0.072930
v -0.098303 2.067402 -0.065688
v -0.092817 2.065349 -0.092822
v -0.102079 2.067108 -0.102083
v -0.083599 2.067402 -0.083604
v -0.072925 2.065349 -0.109147
v -0.080201 2.067108 -0.120037
v -0.065683 2.067402 -0.098308
v -0.050232 2.065349 -0.121277
v -0.055243 2.067108 -0.133378
v -0.045242 2.067402 -0.109233
v -0.025606 2.065349 -0.128747
v -0.028162 2.067108 -0.141593
v -0.023063 2.067402 -0.115961
v 0.000002 2.065349 -0.131269
v 0.000002 2.067108 -0.144366
v 0.000002 2.067402 -0.118233
v 0.025612 2.065349 -0.128747
v 0.050236 2.065349 -0.121277
v 0.028167 2.067108 -0.141593
v 0.023069 2.067402 -0.115961
v 0.020781 2.073072 -0.104461
v 0.045248 2.067402 -0.109233
v 0.040760 2.073072 -0.098401
v 0.065688 2.067402 -0.098307
v 0.072931 2.065349 -0.109147
v 0.059174 2.073072 -0.088559
v 0.083605 2.067402 -0.083604
v 0.092822 2.065349 -0.092822
v 0.075314 2.073072 -0.075313
v 0.098308 2.067402 -0.065688
v 0.109147 2.065349 -0.072930
v 0.088559 2.073072 -0.059174
v 0.109234 2.067402 -0.045247
v 0.121277 2.065349 -0.050236
v 0.098401 2.073072 -0.040760
v 0.115961 2.067402 -0.023068
v 0.128747 2.065349 -0.025611
v 0.104462 2.073072 -0.020780
v 0.118234 2.067402 -0.000002
v 0.115961 2.067402 0.023064
v 0.131270 2.065349 -0.000002
v 0.106509 2.073072 -0.000002
v 0.097220 2.081812 -0.000002
v 0.104462 2.073072 0.020776
v 0.095352 2.081812 0.018964
v 0.098401 2.073072 0.040756
v 0.109234 2.067402 0.045243
v 0.089820 2.081812 0.037201
v 0.088559 2.073072 0.059169
v 0.098308 2.067402 0.065683
v 0.080836 2.081812 0.054009
v 0.075314 2.073072 0.075309
v 0.083605 2.067402 0.083599
v 0.068746 2.081812 0.068741
v 0.059174 2.073072 0.088554
v 0.065688 2.067402 0.098303
v 0.054014 2.081812 0.080831
v 0.040760 2.073072 0.098396
v 0.045248 2.067402 0.109229
v 0.037206 2.081812 0.089815
v 0.020781 2.073072 0.104457
v 0.023068 2.067402 0.115957
v 0.000002 2.073072 0.106504
v 0.018969 2.081812 0.095347
v 0.000002 2.081812 0.097215
v 0.016264 2.101900 0.081753
v 0.015085 2.141381 0.075826
v 0.000002 2.101900 0.083355
v 0.031902 2.101900 0.077009
v 0.029589 2.141381 0.071426
v 0.046313 2.101900 0.069307
v 0.042956 2.141381 0.064282
v 0.058945 2.101900 0.058940
v 0.054672 2.141381 0.054667
v 0.069311 2.101900 0.046308
v 0.077015 2.101900 0.031897
v 0.064287 2.141381 0.042951
v 0.071431 2.141381 0.029584
v 0.062722 2.157451 0.041905
v 0.061005 2.168165 0.040758
v 0.069692 2.157451 0.028864
v 0.053341 2.157451 0.053336
v 0.041909 2.157451 0.062717
v 0.051880 2.168165 0.051875
v 0.050714 2.178438 0.050709
v 0.040762 2.168165 0.061000
v 0.028078 2.168165 0.067779
v 0.039846 2.178438 0.059628
v 0.027447 2.178438 0.066255
v 0.039846 2.189792 0.059628
v 0.039081 2.203475 0.058482
v 0.027447 2.189792 0.066255
v 0.050714 2.189792 0.050709
v 0.049740 2.203475 0.049735
v 0.059633 2.189792 0.039841
v 0.058487 2.203475 0.039076
v 0.066260 2.189792 0.027442
v 0.059633 2.178438 0.039841
v 0.066260 2.178438 0.027442
v 0.067783 2.168165 0.028074
v 0.070341 2.178438 0.013989
v 0.070341 2.189792 0.013989
v 0.071959 2.168165 0.014311
v 0.071719 2.178438 -0.000002
v 0.073369 2.168165 -0.000002
v 0.071719 2.189792 -0.000002
v 0.070341 2.178438 -0.013993
v 0.071959 2.168165 -0.014315
v 0.066260 2.178438 -0.027447
v 0.070341 2.189792 -0.013993
v 0.068990 2.203475 -0.013725
v 0.066260 2.189792 -0.027447
v 0.064987 2.203475 -0.026920
v 0.059633 2.189792 -0.039846
v 0.058487 2.203475 -0.039080
v 0.050714 2.189792 -0.050713
v 0.059633 2.178438 -0.039846
v 0.050714 2.178438 -0.050713
v 0.061005 2.168165 -0.040762
v 0.067783 2.168165 -0.028078
v 0.051881 2.168165 -0.051880
v 0.062722 2.157451 -0.041910
v 0.053341 2.157451 -0.053340
v 0.064287 2.141381 -0.042955
v 0.069692 2.157451 -0.028869
v 0.071431 2.141381 -0.029589
v 0.073985 2.157451 -0.014718
v 0.075830 2.141381 -0.015086
v 0.075434 2.157451 -0.000002
v 0.077317 2.141381 -0.000002
v 0.073985 2.157451 0.014714
v 0.075830 2.141381 0.015081
v 0.081758 2.101900 0.016260
v 0.083360 2.101900 -0.000002
v 0.081758 2.101900 -0.016264
v 0.095352 2.081812 -0.018969
v 0.077015 2.101900 -0.031902
v 0.069311 2.101900 -0.046313
v 0.089820 2.081812 -0.037206
v 0.080836 2.081812 -0.054014
v 0.068746 2.081812 -0.068745
v 0.054014 2.081812 -0.080836
v 0.058945 2.101900 -0.058945
v 0.054672 2.141381 -0.054671
v 0.046313 2.101900 -0.069311
v 0.031902 2.101900 -0.077014
v 0.042956 2.141381 -0.064286
v 0.029589 2.141381 -0.071431
v 0.041909 2.157451 -0.062721
v 0.040763 2.168165 -0.061004
v 0.028869 2.157451 -0.069692
v 0.028078 2.168165 -0.067784
v 0.014719 2.157451 -0.073984
v 0.014315 2.168165 -0.071959
v 0.000002 2.157451 -0.075434
v 0.015086 2.141381 -0.075831
v 0.000002 2.141381 -0.077316
v 0.016264 2.101900 -0.081757
v 0.018969 2.081812 -0.095352
v 0.000002 2.101900 -0.083359
v 0.000002 2.081812 -0.097220
v -0.016260 2.101900 -0.081757
v -0.018963 2.081812 -0.095352
v -0.015081 2.141381 -0.075831
v -0.031897 2.101900 -0.077014
v -0.029584 2.141381 -0.071431
v -0.046308 2.101900 -0.069311
v -0.037201 2.081812 -0.089820
v -0.040755 2.073072 -0.098401
v -0.054009 2.081812 -0.080836
v -0.059169 2.073072 -0.088559
v -0.068741 2.081812 -0.068745
v -0.075308 2.073072 -0.075313
v -0.080831 2.081812 -0.054014
v -0.058940 2.101900 -0.058945
v -0.054666 2.141381 -0.054671
v -0.069306 2.101900 -0.046313
v -0.077010 2.101900 -0.031900
v -0.064281 2.141381 -0.042955
v -0.071427 2.141381 -0.029588
v -0.062716 2.157451 -0.041910
v -0.060999 2.168165 -0.040762
v -0.069687 2.157452 -0.028868
v -0.053335 2.157451 -0.053340
v -0.041905 2.157451 -0.062721
v -0.051875 2.168165 -0.051880
v -0.050708 2.178438 -0.050714
v -0.040758 2.168165 -0.061004
v -0.028074 2.168165 -0.067784
v -0.039841 2.178438 -0.059632
v -0.027442 2.178438 -0.066260
v -0.039841 2.189792 -0.059632
v -0.039075 2.203475 -0.058487
v -0.027442 2.189792 -0.066260
v -0.050708 2.189792 -0.050714
v -0.049734 2.203475 -0.049739
v -0.059628 2.189792 -0.039846
v -0.058482 2.203475 -0.039080
v -0.066255 2.189792 -0.027447
v -0.059628 2.178438 -0.039846
v -0.066255 2.178439 -0.027447
v -0.067779 2.168166 -0.028078
v -0.070336 2.177832 -0.013994
v -0.070336 2.189792 -0.013994
v -0.071942 2.167586 -0.014249
v -0.071714 2.178437 -0.000002
v -0.073363 2.168164 -0.000003
v -0.071715 2.189792 -0.000002
v -0.070336 2.178438 0.013989
v -0.071954 2.168165 0.014311
v -0.066255 2.178438 0.027442
v -0.070336 2.189792 0.013989
v -0.068985 2.203475 0.013720
v -0.066255 2.189792 0.027442
v -0.064982 2.203475 0.026915
v -0.059628 2.189792 0.039841
v -0.058482 2.203475 0.039076
v -0.050708 2.189792 0.050709
v -0.059628 2.178438 0.039841
v -0.050708 2.178438 0.050709
v -0.060999 2.168165 0.040758
v -0.067779 2.168165 0.028074
v -0.051875 2.168165 0.051875
v -0.062716 2.157451 0.041905
v -0.053335 2.157451 0.053336
v -0.064281 2.141381 0.042951
v -0.069687 2.157451 0.028864
v -0.071427 2.141381 0.029584
v -0.073979 2.157451 0.014714
v -0.075826 2.141381 0.015081
v -0.075429 2.157450 -0.000003
v -0.077311 2.141380 -0.000004
v -0.073963 2.156856 -0.014614
v -0.075800 2.140762 -0.014929
v -0.081717 2.101250 -0.016039
v -0.095297 2.081132 -0.018649
v -0.083354 2.101899 -0.000005
v -0.097215 2.081811 -0.000006
v -0.081753 2.101900 0.016260
v -0.095348 2.081812 0.018964
v -0.077009 2.101900 0.031897
v -0.069306 2.101900 0.046308
v -0.089815 2.081812 0.037201
v -0.098396 2.073072 0.040756
v -0.080831 2.081812 0.054009
v -0.088554 2.073072 0.059169
v -0.068741 2.081812 0.068741
v -0.075308 2.073072 0.075309
v -0.054009 2.081812 0.080831
v -0.058940 2.101900 0.058940
v -0.054666 2.141381 0.054667
v -0.046308 2.101900 0.069307
v -0.031897 2.101900 0.077009
v -0.042951 2.141381 0.064282
v -0.029585 2.141381 0.071426
v -0.041905 2.157451 0.062717
v -0.040758 2.168165 0.061000
v -0.028864 2.157451 0.069687
v -0.028074 2.168165 0.067779
v -0.014713 2.157451 0.073980
v -0.014311 2.168165 0.071954
v 0.000002 2.157451 0.075429
v -0.015081 2.141381 0.075826
v 0.000002 2.141381 0.077311
v -0.016260 2.101900 0.081753
v -0.018964 2.081812 0.095347
v -0.020775 2.073072 0.104457
v -0.037201 2.081812 0.089815
v -0.040755 2.073072 0.098396
v -0.045242 2.067402 0.109229
v -0.059169 2.073072 0.088554
v -0.065683 2.067402 0.098303
v -0.072925 2.065349 0.109142
v -0.083599 2.067402 0.083599
v -0.092817 2.065349 0.092817
v -0.098303 2.067402 0.065683
v -0.109142 2.065348 0.072926
v -0.109229 2.067402 0.045243
v -0.121273 2.065349 0.050231
v -0.115957 2.067402 0.023063
v -0.128743 2.065349 0.025607
v -0.104457 2.073072 0.020776
v -0.118227 2.067401 -0.000014
v -0.115837 2.066560 -0.021921
v -0.131262 2.065347 -0.000019
v -0.106502 2.073071 -0.000009
v -0.104363 2.072344 -0.020093
v -0.098398 2.073072 -0.040756
v -0.089815 2.081812 -0.037204
v -0.088554 2.073072 -0.059174
v -0.144359 2.067106 -0.000024
v -0.183853 2.075685 -0.000002
v -0.141588 2.067108 0.028162
v -0.133373 2.067108 0.055243
v -0.120032 2.067108 0.080202
v -0.169863 2.075685 0.070334
v -0.152878 2.075685 0.102111
v -0.199593 2.168391 0.133363
v -0.201840 2.172362 0.135182
v -0.172319 2.194452 0.172319
v -0.204022 2.176111 0.137600
v -0.251720 2.158978 0.168569
v -0.250989 2.163892 0.169204
v -0.249060 2.168839 0.169766
v -0.214207 2.186092 0.214207
v -0.213479 2.190898 0.213479
v -0.169204 2.163892 0.250990
v -0.169767 2.168839 0.249060
v -0.137581 2.176102 0.204016
v -0.174495 2.198289 0.174495
v -0.140571 2.179623 0.206128
v -0.144132 2.182901 0.208162
v -0.176999 2.201689 0.176999
v -0.179776 2.204573 0.179776
v -0.206139 2.179636 0.140613
v -0.208179 2.182921 0.144206
v -0.245976 2.173717 0.170244
v -0.210129 2.185943 0.148346
v -0.241813 2.178418 0.170627
v -0.182768 2.206879 0.182768
v -0.211967 2.188672 0.152985
v -0.236683 2.182826 0.170907
v -0.213670 2.191071 0.158051
v -0.185915 2.208558 0.185915
v -0.189158 2.209576 0.189158
v -0.152816 2.188631 0.211932
v -0.157822 2.191015 0.213621
v -0.148230 2.185914 0.210103
v -0.170907 2.182826 0.236683
v -0.207924 2.202954 0.207924
v -0.171077 2.186825 0.230729
v -0.170627 2.178418 0.241813
v -0.170245 2.173717 0.245976
v -0.210285 2.199468 0.210285
v -0.212157 2.195406 0.212158
v -0.205151 2.205747 0.205152
v -0.171131 2.190300 0.224127
v -0.171068 2.193143 0.217080
v -0.163164 2.193029 0.215145
v -0.202061 2.207758 0.202061
v -0.224126 2.190300 0.171131
v -0.198754 2.208917 0.198755
v -0.217080 2.193143 0.171069
v -0.195705 2.209565 0.195705
v -0.192440 2.209913 0.192440
v -0.216550 2.194719 0.169091
v -0.168733 2.194632 0.216472
v -0.215209 2.193101 0.163457
v -0.230730 2.186825 0.171077
v -0.102079 2.067108 0.102079
v -0.241157 2.190264 -0.000002
v -0.243697 2.194452 -0.000002
v -0.236483 2.167797 -0.046057
v -0.235436 2.168391 0.046829
v -0.238305 2.172356 0.047133
v -0.297191 2.158978 0.058794
v -0.241546 2.176102 0.046975
v -0.245154 2.179623 0.046353
v -0.246774 2.198289 -0.000002
v -0.297123 2.163892 0.057828
v -0.302935 2.186092 -0.000002
v -0.296156 2.168839 0.056067
v -0.301906 2.190898 -0.000002
v -0.294313 2.173717 0.053548
v -0.291640 2.178418 0.050334
v -0.249110 2.182901 0.045274
v -0.300037 2.195406 -0.000002
v -0.294308 2.173717 -0.053551
v -0.297389 2.199468 -0.000002
v -0.291636 2.178418 -0.050337
v -0.294049 2.202954 -0.000002
v -0.290130 2.205747 -0.000002
v -0.288211 2.182826 0.046508
v -0.288207 2.182826 -0.046512
v -0.284116 2.186826 -0.042182
v -0.258329 2.188625 -0.041514
v -0.263082 2.191082 -0.039170
v -0.253802 2.185820 -0.043444
v -0.262925 2.208558 -0.000002
v -0.258474 2.206879 -0.000002
v -0.267511 2.209576 -0.000002
v -0.257916 2.188631 0.041799
v -0.262651 2.191015 0.039453
v -0.253380 2.185914 0.043749
v -0.284120 2.186825 0.042179
v -0.267505 2.193029 0.036754
v -0.279490 2.190300 0.037471
v -0.272382 2.194632 0.033755
v -0.272152 2.209913 -0.000002
v -0.276769 2.209565 -0.000002
v -0.267971 2.193148 -0.036456
v -0.279486 2.190301 -0.037475
v -0.272894 2.194777 -0.033429
v -0.274459 2.193144 -0.032536
v -0.281083 2.208917 -0.000002
v -0.285758 2.207758 -0.000002
v -0.274463 2.193143 0.032532
v -0.254243 2.204573 -0.000002
v -0.249571 2.182709 -0.044925
v -0.250315 2.201689 -0.000002
v -0.245694 2.179325 -0.045937
v -0.296150 2.168838 -0.056070
v -0.242206 2.175700 -0.046466
v -0.297116 2.163891 -0.057832
v -0.239133 2.171853 -0.046505
v -0.297184 2.158977 -0.058798
v -0.303092 2.181141 -0.000002
v -0.050232 2.065349 0.121272
v -0.025606 2.065349 0.128742
v -0.023063 2.067402 0.115957
v 0.000002 2.065349 0.131265
v 0.025612 2.065349 0.128742
v 0.000002 2.067108 0.144362
v 0.000002 2.067402 0.118229
v 0.050236 2.065349 0.121272
v 0.072931 2.065349 0.109142
v 0.080207 2.067108 0.120032
v 0.092822 2.065349 0.092817
v 0.102083 2.067108 0.102079
v 0.109147 2.065349 0.072926
v 0.121277 2.065349 0.050231
v 0.128747 2.065349 0.025607
v 0.133378 2.067108 0.055243
v 0.141592 2.067108 0.028162
v 0.144367 2.067108 -0.000002
v 0.183744 2.075685 -0.000002
v 0.141592 2.067108 -0.028166
v 0.133378 2.067108 -0.055248
v 0.120037 2.067108 -0.080207
v 0.169753 2.075685 -0.070339
v 0.152768 2.075685 -0.102115
v 0.129911 2.075685 -0.129967
v 0.199597 2.168391 -0.133367
v 0.170528 2.190264 -0.170528
v 0.201844 2.172362 -0.135187
v 0.251246 2.154189 -0.167877
v 0.251726 2.158978 -0.168574
v 0.213813 2.176203 -0.213813
v 0.214323 2.181141 -0.214323
v 0.167877 2.154189 -0.251245
v 0.168574 2.158978 -0.251725
v 0.133368 2.168391 -0.199597
v 0.135181 2.172356 -0.201841
v 0.102058 2.075685 -0.152825
v 0.080207 2.067108 -0.120037
v 0.070283 2.075685 -0.169810
v 0.055249 2.067108 -0.133377
v 0.035802 2.075685 -0.180269
v -0.000055 2.075685 -0.183801
v 0.046835 2.168391 -0.235441
v 0.051585 2.066745 -0.259324
v 0.058953 2.154189 -0.296364
v 0.000002 2.042923 -0.270818
v 0.000002 2.176203 -0.302376
v -0.051580 2.066745 -0.259324
v -0.101167 2.063140 -0.244246
v -0.058947 2.154189 -0.296364
v -0.035911 2.075685 -0.180269
v -0.070391 2.075685 -0.169810
v -0.046829 2.168391 -0.235441
v -0.047133 2.172356 -0.238309
v 0.000002 2.190264 -0.241161
v 0.000002 2.194452 -0.243701
v 0.000002 2.198289 -0.246778
v 0.047137 2.172362 -0.238316
v 0.058800 2.158978 -0.297196
v 0.046970 2.176111 -0.241569
v 0.057834 2.163892 -0.297128
v 0.046336 2.179636 -0.245196
v 0.045239 2.182921 -0.249179
v 0.056072 2.168839 -0.296161
v 0.000002 2.201689 -0.250320
v 0.000002 2.204573 -0.254247
v -0.046353 2.179623 -0.245159
v -0.046974 2.176102 -0.241551
v -0.056066 2.168839 -0.296161
v -0.045274 2.182901 -0.249115
v -0.053547 2.173717 -0.294317
v -0.043749 2.185914 -0.253385
v 0.000002 2.206879 -0.258478
v -0.050334 2.178418 -0.291645
v -0.041798 2.188631 -0.257921
v 0.000002 2.208558 -0.262929
v -0.046508 2.182826 -0.288215
v -0.039453 2.191015 -0.262656
v -0.042178 2.186825 -0.284125
v -0.036754 2.193029 -0.267510
v 0.000002 2.209576 -0.267516
v 0.000002 2.209913 -0.272157
v 0.039331 2.191071 -0.262852
v 0.041710 2.188672 -0.258066
v 0.036597 2.193101 -0.267762
v 0.042183 2.186825 -0.284125
v 0.046513 2.182826 -0.288215
v 0.037476 2.190300 -0.279495
v 0.000002 2.205747 -0.290134
v 0.000002 2.207758 -0.285764
v 0.000002 2.202954 -0.294054
v 0.000002 2.199468 -0.297394
v 0.050338 2.178418 -0.291645
v 0.000002 2.195406 -0.300041
v 0.053553 2.173717 -0.294317
v 0.000002 2.190898 -0.301911
v 0.000002 2.186092 -0.302940
v 0.000002 2.181141 -0.303097
v -0.057828 2.163892 -0.297128
v -0.058794 2.158978 -0.297196
v 0.043689 2.185943 -0.253486
v 0.000002 2.208917 -0.281087
v -0.037471 2.190300 -0.279495
v -0.032532 2.193143 -0.274468
v -0.033754 2.194632 -0.272387
v 0.000002 2.209565 -0.276774
v 0.033561 2.194719 -0.272695
v 0.032538 2.193143 -0.274468
v -0.102167 2.075685 -0.152825
v -0.133362 2.168391 -0.199597
v -0.135182 2.172362 -0.201844
v -0.172319 2.194452 -0.172324
v -0.137599 2.176111 -0.204027
v -0.168569 2.158978 -0.251725
v -0.169204 2.163892 -0.250994
v -0.169766 2.168839 -0.249065
v -0.214207 2.186092 -0.214212
v -0.213479 2.190898 -0.213484
v -0.250989 2.163892 -0.169209
v -0.249060 2.168839 -0.169771
v -0.204015 2.176102 -0.137585
v -0.174495 2.198289 -0.174500
v -0.206128 2.179623 -0.140576
v -0.208162 2.182901 -0.144136
v -0.176999 2.201689 -0.177003
v -0.179776 2.204573 -0.179781
v -0.140613 2.179636 -0.206143
v -0.144205 2.182921 -0.208184
v -0.170244 2.173717 -0.245980
v -0.148346 2.185943 -0.210133
v -0.170627 2.178418 -0.241818
v -0.182768 2.206879 -0.182773
v -0.152984 2.188672 -0.211972
v -0.170907 2.182826 -0.236688
v -0.158051 2.191071 -0.213675
v -0.185915 2.208558 -0.185920
v -0.189158 2.209576 -0.189163
v -0.211931 2.188631 -0.152821
v -0.213621 2.191015 -0.157827
v -0.210103 2.185914 -0.148234
v -0.236682 2.182826 -0.170912
v -0.207923 2.202954 -0.207929
v -0.230728 2.186825 -0.171081
v -0.241813 2.178418 -0.170632
v -0.245976 2.173717 -0.170249
v -0.210285 2.199468 -0.210290
v -0.212157 2.195406 -0.212162
v -0.205151 2.205747 -0.205157
v -0.224126 2.190300 -0.171136
v -0.217080 2.193143 -0.171074
v -0.215145 2.193029 -0.163168
v -0.202061 2.207758 -0.202066
v -0.171131 2.190300 -0.224131
v -0.198754 2.208917 -0.198759
v -0.171068 2.193143 -0.217085
v -0.195705 2.209565 -0.195710
v -0.192440 2.209913 -0.192445
v -0.169091 2.194719 -0.216554
v -0.216472 2.194632 -0.168738
v -0.163457 2.193101 -0.215213
v -0.171077 2.186825 -0.230734
v 0.102083 2.067108 -0.102083
v 0.172323 2.194452 -0.172324
v 0.137585 2.176102 -0.204020
v 0.174499 2.198289 -0.174499
v 0.169210 2.163892 -0.250994
v 0.140576 2.179623 -0.206133
v 0.169771 2.168839 -0.249064
v 0.144136 2.182901 -0.208167
v 0.177003 2.201689 -0.177003
v 0.179781 2.204573 -0.179781
v 0.206143 2.179636 -0.140617
v 0.204027 2.176111 -0.137604
v 0.208184 2.182921 -0.144210
v 0.249064 2.168839 -0.169771
v 0.250994 2.163892 -0.169209
v 0.245980 2.173717 -0.170249
v 0.213483 2.190898 -0.213484
v 0.212162 2.195406 -0.212162
v 0.214212 2.186092 -0.214212
v 0.210290 2.199468 -0.210290
v 0.170249 2.173717 -0.245980
v 0.170632 2.178418 -0.241818
v 0.148234 2.185914 -0.210108
v 0.170912 2.182826 -0.236688
v 0.207929 2.202954 -0.207928
v 0.171081 2.186825 -0.230733
v 0.152821 2.188631 -0.211936
v 0.157828 2.191015 -0.213626
v 0.185920 2.208558 -0.185920
v 0.182773 2.206879 -0.182772
v 0.189164 2.209576 -0.189163
v 0.211973 2.188672 -0.152989
v 0.236688 2.182826 -0.170911
v 0.213676 2.191071 -0.158056
v 0.210134 2.185943 -0.148351
v 0.241818 2.178418 -0.170632
v 0.215213 2.193101 -0.163461
v 0.230734 2.186825 -0.171081
v 0.224132 2.190300 -0.171135
v 0.205157 2.205747 -0.205157
v 0.202066 2.207758 -0.202066
v 0.198759 2.208917 -0.198759
v 0.171136 2.190300 -0.224131
v 0.171074 2.193143 -0.217084
v 0.163168 2.193029 -0.215150
v 0.192445 2.209913 -0.192445
v 0.168738 2.194632 -0.216477
v 0.195710 2.209565 -0.195709
v 0.216554 2.194719 -0.169096
v 0.217084 2.193143 -0.171074
v 0.241162 2.190264 -0.000002
v 0.243702 2.194452 -0.000002
v 0.235441 2.168391 0.046829
v 0.235441 2.168391 -0.046834
v 0.238309 2.172356 -0.047138
v 0.297195 2.158978 -0.058799
v 0.241550 2.176102 -0.046979
v 0.245159 2.179623 -0.046358
v 0.246778 2.198289 -0.000002
v 0.297128 2.163892 -0.057833
v 0.302941 2.186092 -0.000002
v 0.296161 2.168839 -0.056071
v 0.301911 2.190898 -0.000002
v 0.294317 2.173717 -0.053552
v 0.291646 2.178418 -0.050338
v 0.249115 2.182901 -0.045279
v 0.300041 2.195406 -0.000002
v 0.294317 2.173717 0.053548
v 0.297393 2.199468 -0.000002
v 0.291646 2.178418 0.050334
v 0.294055 2.202954 -0.000002
v 0.290135 2.205747 -0.000002
v 0.288215 2.182826 -0.046513
v 0.288215 2.182826 0.046508
v 0.284125 2.186825 0.042179
v 0.258066 2.188672 0.041705
v 0.262853 2.191071 0.039326
v 0.253486 2.185943 0.043684
v 0.262929 2.208558 -0.000002
v 0.258478 2.206879 -0.000002
v 0.267516 2.209576 -0.000002
v 0.257921 2.188631 -0.041803
v 0.262656 2.191015 -0.039458
v 0.253386 2.185914 -0.043754
v 0.284125 2.186825 -0.042183
v 0.267510 2.193029 -0.036759
v 0.279496 2.190300 -0.037476
v 0.272387 2.194632 -0.033759
v 0.272157 2.209913 -0.000002
v 0.276774 2.209565 -0.000002
v 0.267762 2.193101 0.036592
v 0.279496 2.190300 0.037471
v 0.272695 2.194719 0.033556
v 0.274469 2.193143 0.032532
v 0.281087 2.208917 -0.000002
v 0.285764 2.207758 -0.000002
v 0.274469 2.193143 -0.032537
v 0.254248 2.204573 -0.000002
v 0.249180 2.182921 0.045234
v 0.250320 2.201689 -0.000002
v 0.245196 2.179636 0.046331
v 0.296161 2.168839 0.056067
v 0.241569 2.176111 0.046966
v 0.297128 2.163892 0.057828
v 0.238316 2.172362 0.047131
v 0.297195 2.158978 0.058794
v 0.303097 2.181141 -0.000002
v 0.000002 2.168165 0.073364
v 0.014719 2.157451 0.073980
v 0.014315 2.168165 0.071954
v 0.028869 2.157451 0.069687
v 0.013994 2.178438 0.070336
v 0.000002 2.178438 0.071714
v 0.013994 2.189792 0.070336
v 0.013725 2.203475 0.068985
v 0.000002 2.189792 0.071714
v 0.000002 2.203475 0.070337
v -0.013988 2.189792 0.070336
v -0.013720 2.203475 0.068985
v -0.027442 2.189792 0.066255
v -0.013988 2.178438 0.070336
v -0.027442 2.178438 0.066255
v -0.039841 2.178438 0.059628
v -0.039841 2.189792 0.059628
v -0.039076 2.203475 0.058482
v -0.036809 2.216632 0.055090
v -0.049734 2.203475 0.049735
v -0.026915 2.203475 0.064982
v -0.025353 2.216632 0.061213
v -0.022818 2.228757 0.055091
v -0.012924 2.216632 0.064983
v -0.011631 2.228757 0.058484
v 0.000002 2.216632 0.066256
v 0.000002 2.228757 0.059630
v 0.012929 2.216632 0.064983
v 0.011636 2.228757 0.058484
v 0.025359 2.216631 0.061213
v 0.022823 2.228757 0.055091
v 0.026921 2.203475 0.064982
v 0.036813 2.216632 0.055090
v 0.033133 2.228757 0.049580
v 0.046854 2.216632 0.046850
v 0.042169 2.228757 0.042164
v 0.055095 2.216632 0.036809
v 0.049585 2.228757 0.033128
v 0.061217 2.216632 0.025354
v 0.055096 2.228757 0.022818
v 0.064987 2.203475 0.026915
v 0.064988 2.216632 0.012924
v 0.058489 2.228757 0.011632
v 0.068990 2.203475 0.013720
v 0.066261 2.216632 -0.000002
v 0.059635 2.228757 -0.000002
v 0.070341 2.203475 -0.000002
v 0.064988 2.216632 -0.012928
v 0.058489 2.228757 -0.011636
v 0.061217 2.216632 -0.025358
v 0.055096 2.228757 -0.022823
v 0.055095 2.216632 -0.036814
v 0.049585 2.228757 -0.033132
v 0.046855 2.216631 -0.046854
v 0.042169 2.228757 -0.042169
v 0.049740 2.203475 -0.049739
v 0.036814 2.216632 -0.055094
v 0.033133 2.228757 -0.049585
v 0.039081 2.203475 -0.058487
v 0.025359 2.216632 -0.061217
v 0.022823 2.228757 -0.055095
v 0.026919 2.203475 -0.064987
v 0.012929 2.216632 -0.064987
v 0.011636 2.228757 -0.058489
v 0.013725 2.203475 -0.068990
v 0.000002 2.216632 -0.066261
v 0.000002 2.228757 -0.059635
v 0.000002 2.203475 -0.070341
v -0.012924 2.216632 -0.064987
v -0.011631 2.228757 -0.058489
v -0.013720 2.203475 -0.068990
v -0.025353 2.216632 -0.061217
v -0.022818 2.228757 -0.055095
v -0.026915 2.203475 -0.064987
v -0.036809 2.216632 -0.055094
v -0.033127 2.228757 -0.049585
v -0.046849 2.216632 -0.046854
v -0.042164 2.228757 -0.042169
v -0.055089 2.216632 -0.036814
v -0.049580 2.228757 -0.033132
v -0.061212 2.216631 -0.025358
v -0.055091 2.228757 -0.022823
v -0.064982 2.203475 -0.026920
v -0.064983 2.216632 -0.012929
v -0.058483 2.228757 -0.011636
v -0.068985 2.203475 -0.013725
v -0.066256 2.216631 -0.000002
v -0.059630 2.228757 -0.000002
v -0.070336 2.203475 -0.000002
v -0.064983 2.216632 0.012924
v -0.058483 2.228757 0.011632
v -0.061212 2.216631 0.025354
v -0.055091 2.228757 0.022818
v -0.055089 2.216632 0.036809
v -0.049580 2.228757 0.033128
v -0.046849 2.216632 0.046850
v -0.042164 2.228757 0.042164
v -0.033127 2.228757 0.049580
v -0.035858 2.239385 0.035859
v -0.028175 2.248107 0.028176
v -0.042165 2.239385 0.028174
v -0.028174 2.239385 0.042166
v -0.022137 2.248107 0.033131
v -0.019405 2.239385 0.046853
v -0.015247 2.248107 0.036814
v -0.009891 2.239385 0.049738
v -0.007772 2.248107 0.039081
v 0.000002 2.239385 0.050713
v 0.009897 2.239385 0.049738
v 0.000002 2.248107 0.039847
v 0.007777 2.248107 0.039081
v 0.000002 2.254588 0.027451
v 0.005358 2.254588 0.026923
v 0.000002 2.258579 0.014000
v -0.005353 2.254588 0.026923
v -0.002729 2.258579 0.013731
v -0.010503 2.254588 0.025361
v -0.005356 2.258579 0.012934
v -0.015249 2.254588 0.022824
v -0.007777 2.258579 0.011640
v -0.019409 2.254588 0.019410
v -0.009899 2.258579 0.009899
v -0.022824 2.254588 0.015250
v -0.011640 2.258579 0.007777
v -0.025361 2.254588 0.010503
v -0.033131 2.248107 0.022137
v -0.036814 2.248107 0.015247
v -0.039081 2.248107 0.007772
v -0.046852 2.239385 0.019406
v -0.049739 2.239385 0.009892
v -0.050712 2.239385 -0.000002
v -0.039847 2.248107 -0.000002
v -0.049739 2.239385 -0.009896
v -0.039081 2.248107 -0.007777
v -0.046852 2.239385 -0.019410
v -0.036814 2.248107 -0.015252
v -0.042165 2.239385 -0.028178
v -0.033131 2.248107 -0.022142
v -0.035858 2.239385 -0.035863
v -0.028176 2.248107 -0.028180
v -0.028174 2.239385 -0.042171
v -0.022137 2.248107 -0.033136
v -0.019405 2.239385 -0.046857
v -0.015247 2.248107 -0.036818
v -0.009891 2.239385 -0.049743
v -0.007772 2.248107 -0.039086
v 0.000002 2.239385 -0.050717
v 0.000002 2.248107 -0.039852
v 0.009897 2.239385 -0.049743
v 0.007777 2.248107 -0.039086
v 0.019411 2.239385 -0.046857
v 0.015253 2.248107 -0.036818
v 0.028178 2.239385 -0.042171
v 0.022142 2.248107 -0.033136
v 0.035864 2.239385 -0.035863
v 0.028180 2.248107 -0.028180
v 0.042171 2.239385 -0.028178
v 0.033136 2.248107 -0.022142
v 0.046857 2.239385 -0.019410
v 0.036818 2.248107 -0.015252
v 0.049743 2.239385 -0.009896
v 0.039087 2.248107 -0.007776
v 0.050718 2.239385 -0.000002
v 0.039852 2.248107 -0.000002
v 0.049743 2.239385 0.009892
v 0.039087 2.248107 0.007772
v 0.046857 2.239385 0.019406
v 0.036818 2.248107 0.015247
v 0.042171 2.239385 0.028174
v 0.033136 2.248107 0.022137
v 0.035864 2.239385 0.035859
v 0.028180 2.248107 0.028175
v 0.028178 2.239385 0.042166
v 0.022142 2.248107 0.033131
v 0.019411 2.239385 0.046852
v 0.015253 2.248107 0.036814
v 0.010508 2.254588 0.025361
v 0.005361 2.258579 0.012934
v 0.015255 2.254588 0.022824
v 0.007782 2.258579 0.011640
v 0.019415 2.254588 0.019410
v 0.009903 2.258579 0.009899
v 0.022829 2.254588 0.015250
v 0.011645 2.258579 0.007777
v 0.025366 2.254588 0.010503
v 0.012938 2.258579 0.005356
v 0.026928 2.254588 0.005354
v 0.013735 2.258579 0.002729
v 0.027456 2.254588 -0.000002
v 0.014004 2.258579 -0.000002
v 0.026928 2.254588 -0.005358
v 0.013735 2.258579 -0.002734
v 0.025366 2.254588 -0.010508
v 0.012938 2.258579 -0.005361
v 0.022829 2.254588 -0.015255
v 0.011645 2.258579 -0.007782
v 0.019415 2.254588 -0.019414
v 0.009904 2.258579 -0.009903
v 0.015255 2.254588 -0.022828
v 0.007782 2.258579 -0.011644
v 0.010508 2.254588 -0.025366
v 0.005361 2.258579 -0.012938
v 0.005358 2.254588 -0.026928
v 0.002734 2.258579 -0.013735
v 0.000002 2.254588 -0.027455
v 0.000002 2.258579 -0.014004
v -0.005353 2.254588 -0.026928
v -0.002729 2.258579 -0.013735
v -0.010504 2.254588 -0.025366
v -0.005356 2.258579 -0.012938
v -0.015249 2.254588 -0.022828
v -0.007777 2.258579 -0.011644
v -0.019409 2.254588 -0.019415
v -0.009899 2.258579 -0.009903
v -0.022824 2.254588 -0.015254
v -0.011640 2.258579 -0.007781
v -0.025361 2.254588 -0.010508
v -0.012934 2.258579 -0.005361
v -0.026923 2.254588 -0.005358
v -0.013730 2.258579 -0.002734
v -0.027451 2.254588 -0.000002
v -0.014000 2.258579 -0.000002
v -0.026923 2.254588 0.005354
v -0.013730 2.258579 0.002730
v 0.000002 2.259998 -0.000002
v -0.012934 2.258579 0.005356
v 0.002734 2.258579 0.013731
v -0.013988 2.189792 -0.070341
v 0.000002 2.189792 -0.071719
v -0.013988 2.178438 -0.070341
v -0.014311 2.168165 -0.071959
v 0.000002 2.178438 -0.071719
v 0.000002 2.168165 -0.073368
v 0.013994 2.178438 -0.070341
v 0.013994 2.189792 -0.070341
v 0.027447 2.178438 -0.066260
v 0.027447 2.189792 -0.066260
v 0.039846 2.178438 -0.059632
v 0.039846 2.189792 -0.059632
v -0.014713 2.157451 -0.073984
v -0.028864 2.157451 -0.069692
v -0.042951 2.141381 -0.064286
v -0.020775 2.073072 -0.104461
v 0.000002 2.073072 -0.106508
v 0.037206 2.081812 -0.089820
v -0.262481 2.000997 -0.052213
v -0.247251 2.000997 -0.102418
v -0.200261 1.673376 -0.039837
v -0.188641 1.673376 -0.078141
v -0.169773 1.673376 -0.113442
v -0.203216 1.658725 -0.084178
v -0.182889 1.658725 -0.122206
v -0.155533 1.658725 -0.155539
v -0.122202 1.658725 -0.182894
v -0.157575 1.655032 -0.157580
v -0.144380 1.673376 -0.144384
v -0.189237 2.000997 -0.189242
v -0.113438 1.673376 -0.169778
v -0.148682 2.000997 -0.222525
v -0.078136 1.673376 -0.188646
v -0.102413 2.000997 -0.247256
v -0.039833 1.673376 -0.200266
v -0.084173 1.658725 -0.203220
v -0.085278 1.655032 -0.205888
v -0.042910 1.658725 -0.215737
v -0.043473 1.655032 -0.218569
v 0.000002 1.658725 -0.219964
v 0.042915 1.658725 -0.215737
v 0.000002 1.673376 -0.204189
v 0.000002 1.655032 -0.222851
v 0.043478 1.655032 -0.218569
v 0.085283 1.655032 -0.205887
v 0.084178 1.658725 -0.203220
v 0.123811 1.655032 -0.185294
v 0.122207 1.658725 -0.182894
v 0.157581 1.655032 -0.157580
v 0.185294 1.655032 -0.123810
v 0.155539 1.658725 -0.155539
v 0.182894 1.658726 -0.122206
v 0.144384 1.673376 -0.144384
v 0.189242 2.000997 -0.189242
v 0.169777 1.673376 -0.113442
v 0.113443 1.673376 -0.169778
v 0.078142 1.673376 -0.188646
v 0.148687 2.000997 -0.222524
v 0.148687 2.016502 -0.222524
v 0.102418 2.000997 -0.247256
v 0.102418 2.014680 -0.247256
v 0.052214 2.000997 -0.262485
v 0.052214 2.016502 -0.262485
v 0.000002 2.000997 -0.267627
v 0.039837 1.673376 -0.200266
v 0.000002 2.015648 -0.267627
v -0.052208 2.000997 -0.262485
v -0.052208 2.016502 -0.262485
v -0.102413 2.014680 -0.247256
v 0.148574 2.023280 -0.222356
v 0.189242 2.015648 -0.189242
v 0.189384 2.022517 -0.189383
v 0.222525 2.016502 -0.148687
v 0.247256 2.014680 -0.102418
v 0.222525 2.000997 -0.148687
v 0.222355 2.023280 -0.148574
v 0.246596 2.021664 -0.102144
v 0.262286 2.023280 -0.052174
v 0.267828 2.022517 -0.000002
v 0.262485 2.016502 -0.052213
v 0.262485 2.000997 -0.052213
v 0.267628 2.015648 -0.000002
v 0.267628 2.000997 -0.000002
v 0.262485 2.016502 0.052209
v 0.262485 2.000997 0.052209
v 0.262286 2.023280 0.052169
v 0.247255 2.014680 0.102413
v 0.247255 2.000997 0.102413
v 0.222525 2.016502 0.148682
v 0.246596 2.021664 0.102140
v 0.222355 2.023280 0.148569
v 0.244638 2.028398 0.101329
v 0.221848 2.030009 0.148230
v 0.261687 2.030009 0.052050
v 0.268428 2.029366 -0.000002
v 0.189808 2.029366 0.189803
v 0.148234 2.030009 0.221843
v 0.189383 2.022517 0.189379
v 0.190513 2.036174 0.190509
v 0.189242 2.015648 0.189237
v 0.148574 2.023280 0.222351
v 0.102144 2.021664 0.246591
v 0.148687 2.016502 0.222520
v 0.102418 2.014680 0.247251
v 0.148687 2.000997 0.222520
v 0.189242 2.000997 0.189237
v 0.113443 1.673376 0.169773
v 0.144384 1.673376 0.144380
v 0.169777 1.673376 0.113438
v 0.155539 1.658725 0.155534
v 0.182894 1.658725 0.122202
v 0.157579 1.655032 0.157576
v 0.158654 1.650686 0.158649
v 0.185294 1.655032 0.123806
v 0.205887 1.655032 0.085278
v 0.203220 1.658725 0.084173
v 0.218569 1.655032 0.043473
v 0.215738 1.658725 0.042910
v 0.222850 1.655032 -0.000002
v 0.219964 1.658725 -0.000002
v 0.218569 1.655032 -0.043478
v 0.215738 1.658725 -0.042914
v 0.205887 1.655032 -0.085283
v 0.203220 1.658725 -0.084178
v 0.188647 1.673376 -0.078141
v 0.247256 2.000997 -0.102418
v 0.200266 1.673376 -0.039837
v 0.204189 1.673376 -0.000002
v 0.200266 1.673376 0.039833
v 0.188647 1.673376 0.078137
v 0.222525 2.000997 0.148682
v 0.101334 2.028398 0.244633
v 0.052174 2.023280 0.262281
v 0.052054 2.030009 0.261682
v 0.000002 2.029366 0.268423
v 0.051857 2.036827 0.260688
v -0.123805 1.655032 -0.185294
v -0.222519 2.000997 -0.148687
v 0.208167 2.182901 0.144132
v 0.177003 2.201689 0.176999
v 0.179780 2.204573 0.179776
v 0.182773 2.206879 0.182768
v 0.144211 2.182921 0.208179
v 0.170249 2.173717 0.245976
v 0.148351 2.185943 0.210129
v 0.170632 2.178418 0.241813
v 0.152990 2.188672 0.211968
v 0.170912 2.182826 0.236683
v 0.158056 2.191071 0.213670
v 0.185920 2.208558 0.185915
v 0.189162 2.209576 0.189158
v 0.211936 2.188631 0.152816
v 0.213626 2.191015 0.157823
v 0.210108 2.185914 0.148230
v 0.236688 2.182826 0.170907
v 0.207929 2.202954 0.207924
v 0.230734 2.186825 0.171077
v 0.241818 2.178418 0.170627
v 0.245980 2.173717 0.170244
v 0.210289 2.199468 0.210285
v 0.212161 2.195406 0.212157
v 0.205157 2.205747 0.205152
v 0.224132 2.190300 0.171131
v 0.217084 2.193143 0.171069
v 0.215150 2.193029 0.163164
v 0.202066 2.207758 0.202061
v 0.171135 2.190300 0.224127
v 0.198759 2.208917 0.198755
v 0.171074 2.193143 0.217080
v 0.195710 2.209565 0.195705
v 0.192445 2.209913 0.192440
v 0.169096 2.194719 0.216550
v 0.216477 2.194632 0.168733
v 0.163461 2.193101 0.215208
v 0.171081 2.186825 0.230729
v -0.155533 1.638075 -0.155539
v -0.147841 1.627971 -0.147846
v -0.122202 1.638075 -0.182894
v -0.116158 1.627971 -0.173848
v -0.084173 1.638075 -0.203220
v -0.042910 1.638075 -0.215737
v -0.080010 1.627971 -0.193169
v -0.040787 1.627971 -0.205067
v -0.079358 1.626119 -0.191596
v -0.040455 1.626119 -0.203397
v -0.078835 1.624042 -0.190330
v -0.115211 1.626119 -0.172432
v -0.114450 1.624042 -0.171293
v -0.146637 1.626119 -0.146642
v -0.145668 1.624042 -0.145673
v -0.172427 1.626119 -0.115216
v -0.171288 1.624042 -0.114455
v -0.170453 1.621791 -0.113897
v -0.190325 1.624042 -0.078839
v -0.189398 1.621791 -0.078454
v -0.202048 1.624042 -0.040192
v -0.201064 1.621791 -0.039997
v -0.206007 1.624042 -0.000002
v -0.205002 1.621791 -0.000002
v -0.202049 1.624042 0.040188
v -0.201064 1.621791 0.039992
v -0.190325 1.624042 0.078834
v -0.189398 1.621791 0.078450
v -0.171288 1.624042 0.114450
v -0.170453 1.621791 0.113893
v -0.145668 1.624042 0.145668
v -0.144958 1.621791 0.144958
v -0.114450 1.624042 0.171288
v -0.113892 1.621791 0.170453
v -0.078833 1.624042 0.190326
v -0.078449 1.621791 0.189398
v -0.040188 1.624042 0.202049
v -0.039992 1.621791 0.201064
v 0.000002 1.624042 0.206007
v 0.000002 1.621791 0.205003
v 0.040192 1.624042 0.202049
v 0.039996 1.621791 0.201064
v 0.078839 1.624042 0.190325
v 0.078454 1.621791 0.189398
v 0.079364 1.626119 0.191592
v 0.114455 1.624042 0.171288
v 0.113897 1.621791 0.170453
v 0.115216 1.626119 0.172428
v 0.145673 1.624042 0.145668
v 0.144963 1.621791 0.144958
v 0.146642 1.626119 0.146638
v 0.171293 1.624042 0.114450
v 0.170457 1.621791 0.113893
v 0.172432 1.626119 0.115212
v 0.190330 1.624042 0.078834
v 0.189402 1.621791 0.078450
v 0.191596 1.626119 0.079359
v 0.202053 1.624042 0.040188
v 0.201068 1.621791 0.039992
v 0.203397 1.626119 0.040456
v 0.206012 1.624042 -0.000002
v 0.205008 1.621791 -0.000002
v 0.207383 1.626119 -0.000002
v 0.202053 1.624042 -0.040192
v 0.201068 1.621791 -0.039997
v 0.203397 1.626119 -0.040460
v 0.190330 1.624042 -0.078838
v 0.189402 1.621791 -0.078454
v 0.191596 1.626119 -0.079363
v 0.171293 1.624042 -0.114455
v 0.170458 1.621791 -0.113897
v 0.172433 1.626119 -0.115216
v 0.145673 1.624042 -0.145673
v 0.144963 1.621791 -0.144963
v 0.146643 1.626119 -0.146642
v 0.114455 1.624042 -0.171293
v 0.113897 1.621791 -0.170458
v 0.115217 1.626119 -0.172432
v 0.078839 1.624042 -0.190330
v 0.078455 1.621791 -0.189402
v 0.079364 1.626119 -0.191596
v 0.040192 1.624042 -0.202053
v 0.039998 1.621791 -0.201068
v 0.040460 1.626119 -0.203397
v 0.000002 1.624042 -0.206011
v 0.000002 1.621791 -0.205007
v 0.000002 1.626119 -0.207382
v -0.040188 1.624042 -0.202053
v -0.039992 1.621791 -0.201068
v -0.039872 1.619422 -0.200468
v -0.078449 1.621791 -0.189402
v -0.078216 1.619422 -0.188837
v -0.113892 1.621791 -0.170458
v -0.113552 1.619422 -0.169949
v -0.144958 1.621791 -0.144963
v -0.144525 1.619422 -0.144530
v -0.144379 1.616994 -0.144384
v -0.169944 1.619422 -0.113557
v -0.169773 1.616994 -0.113443
v -0.188832 1.619422 -0.078220
v -0.188641 1.616994 -0.078141
v -0.200462 1.619422 -0.039878
v -0.200261 1.616994 -0.039837
v -0.204390 1.619422 -0.000002
v -0.204185 1.616994 -0.000002
v -0.200464 1.619422 0.039873
v -0.200261 1.616994 0.039833
v -0.188832 1.619422 0.078216
v -0.188641 1.616994 0.078137
v -0.169944 1.619422 0.113552
v -0.169773 1.616994 0.113438
v -0.144525 1.619422 0.144525
v -0.144380 1.616994 0.144380
v -0.113552 1.619422 0.169944
v -0.113438 1.616994 0.169773
v -0.078215 1.619422 0.188832
v -0.078136 1.616995 0.188642
v -0.039872 1.619422 0.200463
v -0.039833 1.616995 0.200262
v 0.000002 1.619422 0.204391
v 0.039877 1.619422 0.200463
v 0.000002 1.616994 0.204185
v 0.039837 1.616994 0.200261
v 0.000002 1.605432 0.204185
v -0.039833 1.605432 0.200262
v 0.039837 1.605432 0.200261
v 0.000002 1.602950 0.204482
v -0.039891 1.602951 0.200553
v 0.039895 1.602950 0.200553
v 0.000002 1.600590 0.205359
v 0.000002 1.598466 0.206773
v -0.040061 1.600590 0.201413
v 0.040066 1.600590 0.201413
v 0.040342 1.598466 0.202799
v 0.078591 1.600590 0.189727
v 0.078255 1.602950 0.188916
v 0.114095 1.600590 0.170749
v 0.079132 1.598466 0.191033
v 0.114880 1.598466 0.171925
v 0.079852 1.596682 0.192771
v 0.115925 1.596682 0.173489
v 0.080715 1.595325 0.194856
v 0.040709 1.596682 0.204645
v 0.041149 1.595325 0.206858
v 0.000002 1.596682 0.208654
v 0.000002 1.595325 0.210910
v -0.040704 1.596682 0.204645
v -0.040337 1.598466 0.202800
v -0.041145 1.595325 0.206858
v -0.079846 1.596682 0.192771
v -0.115921 1.596682 0.173489
v -0.079126 1.598466 0.191033
v -0.080710 1.595325 0.194856
v -0.117175 1.595325 0.175365
v -0.092210 1.581370 0.222620
v -0.093775 1.578463 0.226398
v -0.047007 1.581370 0.236333
v -0.133871 1.581370 0.200353
v -0.136142 1.578463 0.203752
v -0.170385 1.581370 0.170386
v -0.200352 1.581370 0.133871
v -0.173277 1.578463 0.173277
v -0.149135 1.595325 0.149136
v -0.147540 1.596682 0.147540
v -0.175365 1.595325 0.117175
v -0.173489 1.596682 0.115921
v -0.194856 1.595325 0.080710
v -0.206857 1.595325 0.041145
v -0.222619 1.581370 0.092211
v -0.192771 1.596682 0.079847
v -0.204645 1.596682 0.040705
v -0.191032 1.598466 0.079127
v -0.189727 1.600590 0.078586
v -0.171925 1.598466 0.114876
v -0.202799 1.598466 0.040338
v -0.206773 1.598466 -0.000002
v -0.201413 1.600590 0.040062
v -0.205359 1.600590 -0.000002
v -0.200552 1.602950 0.039891
v -0.200261 1.605432 0.039833
v -0.188916 1.602950 0.078250
v -0.204482 1.602950 -0.000002
v -0.200552 1.602950 -0.039895
v -0.204185 1.605432 -0.000002
v -0.200261 1.605432 -0.039837
v -0.188641 1.605432 -0.078141
v -0.188916 1.602950 -0.078255
v -0.169773 1.605432 -0.113443
v -0.170020 1.602950 -0.113607
v -0.144380 1.605432 -0.144384
v -0.113438 1.605432 -0.169777
v -0.144589 1.602950 -0.144595
v -0.113603 1.602951 -0.170024
v -0.145210 1.600590 -0.145215
v -0.146209 1.598466 -0.146214
v -0.170749 1.600590 -0.114095
v -0.114090 1.600590 -0.170754
v -0.114876 1.598466 -0.171929
v -0.078586 1.600590 -0.189731
v -0.078251 1.602950 -0.188921
v -0.079127 1.598466 -0.191037
v -0.040061 1.600590 -0.201417
v 0.000002 1.600590 -0.205363
v -0.039891 1.602950 -0.200557
v -0.040337 1.598466 -0.202804
v 0.000002 1.598466 -0.206777
v -0.040704 1.596682 -0.204649
v -0.041145 1.595325 -0.206862
v -0.079847 1.596682 -0.192776
v 0.000002 1.596682 -0.208659
v 0.000002 1.595325 -0.210915
v 0.040709 1.596682 -0.204649
v 0.040342 1.598466 -0.202804
v 0.041149 1.595325 -0.206862
v 0.079852 1.596682 -0.192776
v 0.115925 1.596682 -0.173493
v 0.079132 1.598466 -0.191037
v 0.080715 1.595325 -0.194860
v 0.117179 1.595325 -0.175370
v 0.092216 1.581370 -0.222625
v 0.093781 1.578463 -0.226402
v 0.047012 1.581370 -0.236337
v 0.133875 1.581370 -0.200357
v 0.136147 1.578463 -0.203757
v 0.170390 1.581370 -0.170390
v 0.200358 1.581370 -0.133875
v 0.173281 1.578463 -0.173281
v 0.149141 1.595325 -0.149140
v 0.147545 1.596682 -0.147545
v 0.175370 1.595325 -0.117179
v 0.173494 1.596682 -0.115926
v 0.194860 1.595325 -0.080715
v 0.206862 1.595325 -0.041149
v 0.222625 1.581370 -0.092215
v 0.192775 1.596682 -0.079851
v 0.204650 1.596681 -0.040709
v 0.191037 1.598466 -0.079131
v 0.189731 1.600590 -0.078590
v 0.171930 1.598466 -0.114880
v 0.202804 1.598466 -0.040342
v 0.206777 1.598466 -0.000002
v 0.201418 1.600590 -0.040066
v 0.205363 1.600590 -0.000002
v 0.200558 1.602950 -0.039895
v 0.200266 1.605432 -0.039837
v 0.188921 1.602950 -0.078255
v 0.204486 1.602950 -0.000002
v 0.200558 1.602950 0.039891
v 0.204189 1.605432 -0.000002
v 0.200266 1.605432 0.039833
v 0.204189 1.616994 -0.000002
v 0.200266 1.616994 0.039833
v 0.200266 1.616994 -0.039837
v 0.204395 1.619422 -0.000002
v 0.200468 1.619422 0.039873
v 0.200468 1.619422 -0.039877
v 0.188837 1.619422 -0.078220
v 0.188647 1.616994 -0.078141
v 0.169949 1.619423 -0.113557
v 0.169777 1.616995 -0.113443
v 0.144530 1.619422 -0.144530
v 0.144384 1.616995 -0.144384
v 0.113557 1.619422 -0.169949
v 0.113443 1.616994 -0.169777
v 0.078220 1.619422 -0.188837
v 0.078142 1.616994 -0.188646
v 0.039878 1.619422 -0.200467
v 0.039837 1.616994 -0.200266
v 0.000002 1.619422 -0.204395
v 0.000002 1.616994 -0.204189
v 0.000002 1.605432 -0.204189
v -0.039833 1.616994 -0.200266
v -0.039833 1.605432 -0.200266
v -0.078136 1.616994 -0.188646
v -0.078136 1.605432 -0.188646
v -0.113438 1.616995 -0.169777
v 0.039837 1.605432 -0.200266
v 0.000002 1.602950 -0.204486
v 0.039895 1.602950 -0.200557
v 0.040067 1.600590 -0.201417
v 0.078256 1.602950 -0.188921
v 0.078142 1.605432 -0.188646
v 0.078591 1.600590 -0.189731
v 0.113608 1.602950 -0.170024
v 0.113443 1.605432 -0.169777
v 0.114095 1.600590 -0.170754
v 0.144595 1.602951 -0.144594
v 0.170025 1.602951 -0.113608
v 0.144384 1.605432 -0.144384
v 0.145214 1.600590 -0.145214
v 0.146215 1.598466 -0.146214
v 0.170754 1.600590 -0.114095
v 0.114880 1.598466 -0.171929
v 0.169777 1.605432 -0.113443
v 0.188647 1.605432 -0.078141
v 0.188837 1.619422 0.078216
v 0.188647 1.616994 0.078137
v 0.169949 1.619422 0.113553
v 0.169777 1.616994 0.113438
v 0.144529 1.619422 0.144525
v 0.113557 1.619422 0.169944
v 0.144384 1.616995 0.144380
v 0.113443 1.616995 0.169773
v 0.144384 1.605432 0.144380
v 0.113443 1.605432 0.169773
v 0.169777 1.605432 0.113438
v 0.144595 1.602951 0.144590
v 0.113608 1.602951 0.170020
v 0.145214 1.600590 0.145210
v 0.170025 1.602950 0.113603
v 0.170753 1.600590 0.114090
v 0.188922 1.602950 0.078250
v 0.188647 1.605432 0.078137
v 0.189731 1.600590 0.078586
v 0.191038 1.598466 0.079127
v 0.201418 1.600590 0.040062
v 0.202804 1.598466 0.040338
v 0.204650 1.596682 0.040705
v 0.206862 1.595325 0.041145
v 0.208659 1.596682 -0.000002
v 0.192775 1.596682 0.079847
v 0.173494 1.596682 0.115921
v 0.194860 1.595325 0.080711
v 0.175370 1.595325 0.117175
v 0.222625 1.581370 0.092211
v 0.226402 1.578463 0.093776
v 0.236337 1.581370 0.047008
v 0.200357 1.581370 0.133871
v 0.203756 1.578463 0.136142
v 0.170390 1.581370 0.170386
v 0.133875 1.581370 0.200353
v 0.173281 1.578463 0.173277
v 0.149140 1.595325 0.149136
v 0.147545 1.596682 0.147540
v 0.117179 1.595325 0.175365
v 0.146214 1.598466 0.146210
v 0.171930 1.598466 0.114876
v 0.136147 1.578463 0.203752
v 0.175152 1.574352 0.175147
v 0.175735 1.569622 0.175731
v 0.205957 1.574352 0.137612
v 0.137617 1.574352 0.205952
v 0.138075 1.569622 0.206638
v 0.094793 1.574352 0.228841
v 0.093780 1.578463 0.226397
v 0.095108 1.569621 0.229604
v 0.048326 1.574352 0.242937
v 0.047810 1.578463 0.240342
v 0.048487 1.569621 0.243747
v 0.000002 1.574352 0.247696
v 0.000002 1.569621 0.248523
v -0.048321 1.574352 0.242937
v 0.000002 1.578463 0.245051
v -0.047805 1.578463 0.240343
v 0.000002 1.581370 0.240963
v 0.047012 1.581370 0.236332
v 0.092216 1.581370 0.222620
v -0.048483 1.569622 0.243747
v -0.094787 1.574352 0.228842
v -0.095104 1.569621 0.229605
v -0.137611 1.574352 0.205952
v -0.175147 1.574352 0.175147
v -0.138071 1.569621 0.206638
v -0.175731 1.569621 0.175731
v -0.137454 1.564944 0.205715
v -0.135849 1.560986 0.203314
v -0.094679 1.564944 0.228579
v -0.174946 1.564944 0.174946
v -0.172904 1.560986 0.172904
v -0.205715 1.564944 0.137454
v -0.206638 1.569621 0.138071
v -0.203314 1.560986 0.135850
v -0.228578 1.564944 0.094679
v -0.242659 1.564944 0.048266
v -0.229604 1.569621 0.095104
v -0.225911 1.560986 0.093574
v -0.239826 1.560986 0.047702
v -0.220940 1.555990 0.091515
v -0.198841 1.555990 0.132861
v -0.219403 1.553681 0.090879
v -0.234550 1.555990 0.046653
v -0.232918 1.553681 0.046329
v -0.239144 1.555990 -0.000002
v -0.234549 1.555990 -0.046657
v -0.244524 1.560986 -0.000002
v -0.237481 1.553681 -0.000002
v -0.232918 1.553681 -0.046333
v -0.236888 1.550954 -0.000002
v -0.237454 1.548220 -0.000002
v -0.232337 1.550954 0.046213
v -0.232336 1.550954 -0.046217
v -0.232892 1.548220 -0.046328
v -0.218856 1.550954 -0.090656
v -0.219403 1.553681 -0.090883
v -0.219379 1.548220 -0.090873
v -0.196965 1.550954 -0.131612
v -0.167504 1.550954 -0.167510
v -0.197458 1.553681 -0.131941
v -0.197436 1.548220 -0.131926
v -0.167905 1.548220 -0.167910
v -0.198800 1.545893 -0.132838
v -0.200852 1.544323 -0.134209
v -0.220895 1.545893 -0.091501
v -0.169065 1.545893 -0.169070
v -0.170810 1.544323 -0.170815
v -0.132833 1.545893 -0.198805
v -0.131922 1.548220 -0.197441
v -0.134205 1.544323 -0.200857
v -0.091497 1.545893 -0.220900
v -0.046643 1.545893 -0.234506
v -0.090869 1.548220 -0.219384
v -0.092441 1.544323 -0.223180
v -0.047125 1.544323 -0.236926
v -0.114519 1.521359 -0.276483
v -0.116232 1.518270 -0.280618
v -0.166258 1.521359 -0.248828
v -0.058380 1.521358 -0.293512
v -0.059255 1.518270 -0.297903
v 0.000003 1.521358 -0.299263
v 0.058385 1.521358 -0.293512
v 0.000003 1.518270 -0.303739
v 0.000002 1.544323 -0.241568
v 0.000002 1.545893 -0.239100
v 0.047129 1.544323 -0.236926
v 0.046647 1.545893 -0.234506
v 0.092446 1.544323 -0.223180
v 0.134210 1.544323 -0.200857
v 0.114525 1.521358 -0.276483
v 0.091501 1.545893 -0.220900
v 0.132839 1.545893 -0.198805
v 0.090873 1.548220 -0.219384
v 0.090657 1.550954 -0.218860
v 0.046328 1.548220 -0.232896
v 0.131927 1.548220 -0.197441
v 0.167910 1.548221 -0.167910
v 0.131612 1.550954 -0.196969
v 0.167510 1.550954 -0.167509
v 0.131942 1.553681 -0.197463
v 0.132865 1.555990 -0.198845
v 0.090884 1.553681 -0.219408
v 0.167929 1.553681 -0.167928
v 0.197463 1.553681 -0.131941
v 0.169105 1.555990 -0.169104
v 0.198846 1.555990 -0.132866
v 0.172909 1.560986 -0.172909
v 0.174951 1.564944 -0.174951
v 0.135855 1.560986 -0.203318
v 0.203319 1.560986 -0.135854
v 0.205721 1.564945 -0.137458
v 0.225915 1.560986 -0.093578
v 0.239830 1.560986 -0.047707
v 0.228583 1.564944 -0.094683
v 0.220944 1.555990 -0.091520
v 0.219408 1.553681 -0.090883
v 0.234554 1.555989 -0.046657
v 0.232923 1.553681 -0.046333
v 0.239149 1.555990 -0.000002
v 0.234554 1.555990 0.046653
v 0.244529 1.560986 -0.000002
v 0.237486 1.553681 -0.000002
v 0.232923 1.553681 0.046329
v 0.236893 1.550954 -0.000002
v 0.237460 1.548220 -0.000002
v 0.232341 1.550954 -0.046217
v 0.232341 1.550954 0.046213
v 0.232897 1.548220 0.046323
v 0.218861 1.550954 0.090652
v 0.219409 1.553681 0.090879
v 0.219384 1.548220 0.090869
v 0.196969 1.550954 0.131607
v 0.167509 1.550954 0.167505
v 0.197462 1.553681 0.131937
v 0.197441 1.548220 0.131922
v 0.167910 1.548220 0.167905
v 0.198805 1.545893 0.132834
v 0.200857 1.544323 0.134205
v 0.220899 1.545893 0.091497
v 0.169070 1.545893 0.169066
v 0.170815 1.544323 0.170811
v 0.132838 1.545893 0.198800
v 0.091501 1.545893 0.220895
v 0.131926 1.548220 0.197436
v 0.134209 1.544323 0.200853
v 0.166262 1.521359 0.248824
v 0.092446 1.544323 0.223175
v 0.047129 1.544323 0.236922
v 0.114525 1.521359 0.276478
v 0.116238 1.518270 0.280614
v 0.058385 1.521359 0.293508
v 0.059259 1.518270 0.297898
v 0.000002 1.521358 0.299259
v -0.058380 1.521359 0.293508
v 0.000002 1.518270 0.303735
v 0.000002 1.544323 0.241564
v 0.000002 1.545893 0.239096
v -0.047125 1.544323 0.236923
v -0.046643 1.545893 0.234502
v -0.092440 1.544323 0.223176
v -0.134205 1.544323 0.200853
v -0.114519 1.521359 0.276479
v -0.091496 1.545893 0.220896
v -0.132833 1.545893 0.198800
v -0.090868 1.548220 0.219380
v -0.090652 1.550954 0.218856
v -0.046324 1.548220 0.232893
v -0.131922 1.548220 0.197436
v -0.167905 1.548220 0.167905
v -0.131607 1.550954 0.196965
v -0.167504 1.550954 0.167505
v -0.131937 1.553681 0.197459
v -0.132860 1.555990 0.198841
v -0.090878 1.553681 0.219405
v -0.167924 1.553681 0.167924
v -0.197458 1.553681 0.131937
v -0.169100 1.555990 0.169100
v -0.196965 1.550954 0.131607
v -0.197436 1.548220 0.131922
v -0.218855 1.550954 0.090652
v -0.219379 1.548220 0.090869
v -0.220895 1.545893 0.091497
v -0.232893 1.548220 0.046323
v -0.234502 1.545893 0.046643
v -0.236922 1.544323 0.047125
v -0.239095 1.545893 -0.000002
v -0.241563 1.544323 -0.000002
v -0.234502 1.545893 -0.046648
v -0.236922 1.544323 -0.047129
v -0.293508 1.521358 -0.058385
v -0.223175 1.544323 -0.092446
v -0.276478 1.521358 -0.114524
v -0.280613 1.518270 -0.116237
v -0.248824 1.521358 -0.166263
v -0.252545 1.518270 -0.168749
v -0.211607 1.521358 -0.211612
v -0.214772 1.518270 -0.214777
v -0.168745 1.518270 -0.252550
v -0.216544 1.513631 -0.216549
v -0.216544 1.508435 -0.216549
v -0.254630 1.513631 -0.170142
v -0.170137 1.513631 -0.254634
v -0.170137 1.508436 -0.254634
v -0.117192 1.513631 -0.282934
v -0.117192 1.508436 -0.282934
v -0.059743 1.513631 -0.300361
v 0.000003 1.513631 -0.306245
v -0.059743 1.508435 -0.300361
v 0.000003 1.508435 -0.306245
v -0.059255 1.503797 -0.297903
v -0.058380 1.500708 -0.293512
v -0.116232 1.503797 -0.280618
v 0.000003 1.503797 -0.303739
v 0.000003 1.500708 -0.299263
v 0.059258 1.503797 -0.297903
v 0.059747 1.508435 -0.300361
v 0.058385 1.500708 -0.293512
v 0.116238 1.503797 -0.280618
v 0.168750 1.503797 -0.252550
v 0.117198 1.508435 -0.282934
v 0.114525 1.500708 -0.276483
v 0.075499 1.473570 -0.182265
v 0.166263 1.500708 -0.248828
v 0.109606 1.473570 -0.164035
v 0.211612 1.500708 -0.211612
v 0.214777 1.503797 -0.214777
v 0.248828 1.500708 -0.166263
v 0.139501 1.473570 -0.139501
v 0.164035 1.473570 -0.109606
v 0.122298 1.379217 -0.122297
v 0.143806 1.379217 -0.096090
v 0.096089 1.379217 -0.143805
v 0.122240 1.284864 -0.122238
v 0.143736 1.284864 -0.096044
v 0.125245 1.190511 -0.125244
v 0.096043 1.284864 -0.143736
v 0.098406 1.190511 -0.147270
v 0.066157 1.284864 -0.159711
v 0.067783 1.190511 -0.163638
v 0.033727 1.284864 -0.169548
v 0.066189 1.379217 -0.159787
v 0.033743 1.379217 -0.169629
v 0.000003 1.379217 -0.172952
v 0.038489 1.473570 -0.193492
v 0.000003 1.473570 -0.197283
v -0.038485 1.473570 -0.193492
v -0.075494 1.473570 -0.182265
v -0.033739 1.379217 -0.169629
v -0.033723 1.284864 -0.169548
v -0.066182 1.379217 -0.159787
v -0.096084 1.379217 -0.143805
v -0.066151 1.284864 -0.159711
v -0.096038 1.284864 -0.143736
v -0.067778 1.190511 -0.163638
v -0.098399 1.190511 -0.147271
v -0.074976 1.096158 -0.181018
v -0.034551 1.190511 -0.173717
v 0.000003 1.190511 -0.177120
v -0.038222 1.096158 -0.192167
v 0.000003 1.096158 -0.195932
v -0.041204 1.001805 -0.207157
v 0.000003 1.001805 -0.211215
v -0.044457 0.907452 -0.223515
v -0.080825 1.001805 -0.195138
v -0.117342 1.001805 -0.175620
v -0.087208 0.907452 -0.210547
v -0.126608 0.907452 -0.189488
v -0.093914 0.813099 -0.226737
v -0.136344 0.813099 -0.204059
v -0.101091 0.718746 -0.244063
v -0.047876 0.813099 -0.240702
v 0.000003 0.813099 -0.245418
v -0.051535 0.718746 -0.259096
v 0.000003 0.718746 -0.264172
v -0.055290 0.630988 -0.277973
v -0.108456 0.630988 -0.261845
v -0.055431 0.628462 -0.278681
v 0.000003 0.630988 -0.283419
v 0.055297 0.630988 -0.277973
v 0.000003 0.628462 -0.284141
v 0.000003 0.626031 -0.285175
v 0.055438 0.628462 -0.278681
v 0.055639 0.626031 -0.279695
v 0.108740 0.628462 -0.262512
v 0.108465 0.630988 -0.261845
v 0.109136 0.626031 -0.263467
v 0.157865 0.628462 -0.236255
v 0.200924 0.628462 -0.200921
v 0.157463 0.630988 -0.235655
v 0.158439 0.626031 -0.237115
v 0.201655 0.626032 -0.201653
v 0.159179 0.623729 -0.238223
v 0.160075 0.621586 -0.239563
v 0.109647 0.623728 -0.264698
v 0.202598 0.623729 -0.202595
v 0.203738 0.621587 -0.203735
v 0.238223 0.623729 -0.159183
v 0.237115 0.626032 -0.158442
v 0.239564 0.621587 -0.160078
v 0.264697 0.623728 -0.109641
v 0.281002 0.623728 -0.055897
v 0.263465 0.626031 -0.109131
v 0.266186 0.621586 -0.110258
v 0.282583 0.621586 -0.056211
v 0.267913 0.619633 -0.110973
v 0.241119 0.619634 -0.161117
v 0.284417 0.619633 -0.056576
v 0.278090 0.609404 -0.115188
v 0.287121 0.596898 -0.118928
v 0.250277 0.609404 -0.167236
v 0.295220 0.609404 -0.058725
v 0.304807 0.596898 -0.060633
v 0.301005 0.609404 -0.000002
v 0.295222 0.609404 0.058721
v 0.310781 0.596898 -0.000003
v 0.289992 0.619633 -0.000002
v 0.288121 0.621586 -0.000002
v 0.284419 0.619633 0.056572
v 0.267917 0.619633 0.110970
v 0.282585 0.621586 0.056207
v 0.281003 0.623728 0.055893
v 0.266188 0.621586 0.110254
v 0.239561 0.621586 0.160070
v 0.264699 0.623728 0.109637
v 0.238220 0.623728 0.159175
v 0.263467 0.626031 0.109127
v 0.262512 0.628462 0.108731
v 0.279697 0.626031 0.055633
v 0.237112 0.626031 0.158434
v 0.201647 0.626031 0.201647
v 0.236252 0.628462 0.157860
v 0.200916 0.628462 0.200915
v 0.235652 0.630988 0.157458
v 0.261845 0.630988 0.108455
v 0.219649 0.718745 0.146765
v 0.200406 0.630988 0.200405
v 0.157460 0.630988 0.235652
v 0.186796 0.718746 0.186795
v 0.146767 0.718746 0.219648
v 0.173536 0.813099 0.173534
v 0.136349 0.813099 0.204055
v 0.204057 0.813099 0.136346
v 0.161145 0.907452 0.161143
v 0.126612 0.907452 0.189484
v 0.189486 0.907451 0.126610
v 0.149352 1.001805 0.149349
v 0.117347 1.001805 0.175616
v 0.175619 1.001804 0.117343
v 0.138545 1.096158 0.138542
v 0.108856 1.096158 0.162908
v 0.162911 1.096158 0.108852
v 0.125243 1.190511 0.125240
v 0.098405 1.190511 0.147267
v 0.147271 1.190511 0.098400
v 0.122238 1.284864 0.122234
v 0.096042 1.284864 0.143732
v 0.143736 1.284864 0.096039
v 0.122297 1.379217 0.122292
v 0.096088 1.379217 0.143801
v 0.143806 1.379216 0.096084
v 0.139500 1.473570 0.139496
v 0.109606 1.473570 0.164031
v 0.211611 1.500708 0.211607
v 0.164035 1.473569 0.109601
v 0.248828 1.500708 0.166258
v 0.182265 1.473570 0.075494
v 0.276483 1.500708 0.114520
v 0.193492 1.473570 0.038485
v 0.159788 1.379217 0.066183
v 0.169629 1.379217 0.033739
v 0.159711 1.284864 0.066151
v 0.163639 1.190511 0.067778
v 0.169549 1.284864 0.033723
v 0.173718 1.190511 0.034552
v 0.172870 1.284864 -0.000002
v 0.177121 1.190511 -0.000002
v 0.169548 1.284864 -0.033727
v 0.172953 1.379217 -0.000002
v 0.169629 1.379217 -0.033743
v 0.197283 1.473570 -0.000002
v 0.299264 1.500708 -0.000002
v 0.193492 1.473570 -0.038489
v 0.293513 1.500708 -0.058385
v 0.182265 1.473569 -0.075498
v 0.276483 1.500708 -0.114524
v 0.159787 1.379216 -0.066187
v 0.159710 1.284864 -0.066155
v 0.163638 1.190511 -0.067782
v 0.173717 1.190511 -0.034556
v 0.181017 1.096158 -0.074981
v 0.147271 1.190511 -0.098406
v 0.162913 1.096158 -0.108858
v 0.175620 1.001805 -0.117349
v 0.138548 1.096158 -0.138547
v 0.149355 1.001805 -0.149354
v 0.108857 1.096158 -0.162912
v 0.117348 1.001805 -0.175619
v 0.074983 1.096158 -0.181018
v 0.080832 1.001805 -0.195138
v 0.038227 1.096158 -0.192167
v 0.041209 1.001805 -0.207157
v 0.034557 1.190511 -0.173717
v 0.044463 0.907452 -0.223515
v 0.087214 0.907452 -0.210547
v 0.047882 0.813099 -0.240702
v 0.000003 0.907452 -0.227894
v 0.093922 0.813099 -0.226737
v 0.051541 0.718746 -0.259096
v 0.101099 0.718746 -0.244063
v 0.146770 0.718746 -0.219651
v 0.186803 0.718746 -0.186801
v 0.136351 0.813099 -0.204058
v 0.173541 0.813099 -0.173540
v 0.126614 0.907452 -0.189487
v 0.161150 0.907452 -0.161148
v 0.189488 0.907452 -0.126616
v 0.210545 0.907451 -0.087211
v 0.204059 0.813099 -0.136353
v 0.226736 0.813099 -0.093917
v 0.219652 0.718746 -0.146773
v 0.244061 0.718746 -0.101094
v 0.235655 0.630989 -0.157467
v 0.200414 0.630989 -0.200411
v 0.236255 0.628462 -0.157868
v 0.261843 0.630988 -0.108459
v 0.262510 0.628462 -0.108735
v 0.277972 0.630988 -0.055294
v 0.259096 0.718746 -0.051539
v 0.278680 0.628462 -0.055435
v 0.283420 0.630988 -0.000002
v 0.277974 0.630988 0.055290
v 0.264173 0.718746 -0.000002
v 0.284142 0.628462 -0.000002
v 0.285176 0.626031 -0.000002
v 0.278682 0.628462 0.055431
v 0.286508 0.623728 -0.000002
v 0.279695 0.626031 -0.055637
v 0.259097 0.718746 0.051535
v 0.245420 0.813099 -0.000002
v 0.240704 0.813099 0.047876
v 0.240702 0.813099 -0.047880
v 0.227895 0.907452 -0.000002
v 0.223516 0.907452 0.044458
v 0.223515 0.907452 -0.044462
v 0.211216 1.001805 -0.000002
v 0.207158 1.001805 0.041204
v 0.207157 1.001805 -0.041208
v 0.195933 1.096158 -0.000002
v 0.192168 1.096158 0.038222
v 0.192167 1.096158 -0.038226
v 0.181018 1.096158 0.074977
v 0.195138 1.001805 0.080825
v 0.210547 0.907452 0.087207
v 0.226737 0.813099 0.093913
v 0.244063 0.718746 0.101090
v 0.195137 1.001804 -0.080829
v 0.280619 1.503797 -0.116237
v 0.297903 1.503796 -0.059259
v 0.282934 1.508435 -0.117196
v 0.252551 1.503797 -0.168749
v 0.254634 1.508436 -0.170142
v 0.254634 1.513631 -0.170142
v 0.216549 1.508436 -0.216549
v 0.216549 1.513631 -0.216549
v 0.170143 1.508436 -0.254634
v 0.170143 1.513631 -0.254634
v 0.168750 1.518270 -0.252550
v 0.117198 1.513631 -0.282934
v 0.116238 1.518270 -0.280618
v 0.059747 1.513631 -0.300361
v 0.059258 1.518270 -0.297903
v 0.166263 1.521359 -0.248828
v 0.214777 1.518270 -0.214777
v 0.252551 1.518270 -0.168749
v 0.211612 1.521359 -0.211612
v 0.248828 1.521359 -0.166263
v 0.170816 1.544323 -0.170815
v 0.169070 1.545893 -0.169070
v 0.200857 1.544323 -0.134210
v 0.198805 1.545893 -0.132838
v 0.223180 1.544323 -0.092445
v 0.236927 1.544322 -0.047129
v 0.276483 1.521358 -0.114524
v 0.220899 1.545893 -0.091501
v 0.234506 1.545893 -0.046648
v 0.219384 1.548220 -0.090873
v 0.218861 1.550954 -0.090656
v 0.197441 1.548221 -0.131927
v 0.232896 1.548220 -0.046328
v 0.196969 1.550954 -0.131612
v 0.239100 1.545893 -0.000002
v 0.241569 1.544323 -0.000002
v 0.234506 1.545893 0.046644
v 0.236927 1.544323 0.047125
v 0.293513 1.521358 0.058381
v 0.223180 1.544323 0.092441
v 0.276483 1.521358 0.114520
v 0.280619 1.518270 0.116233
v 0.248828 1.521358 0.166258
v 0.252550 1.518270 0.168745
v 0.211611 1.521359 0.211607
v 0.214777 1.518270 0.214772
v 0.168749 1.518270 0.252546
v 0.216549 1.513631 0.216545
v 0.216549 1.508436 0.216545
v 0.254634 1.513631 0.170138
v 0.170142 1.513631 0.254630
v 0.170142 1.508436 0.254630
v 0.117196 1.513631 0.282930
v 0.117196 1.508436 0.282930
v 0.059748 1.513631 0.300356
v 0.059748 1.508436 0.300356
v 0.000002 1.513631 0.306241
v 0.000002 1.508435 0.306241
v -0.059742 1.513631 0.300357
v -0.059253 1.518270 0.297899
v -0.059742 1.508436 0.300357
v -0.117191 1.513631 0.282930
v -0.116232 1.518270 0.280614
v -0.117191 1.508436 0.282930
v -0.170137 1.513631 0.254630
v -0.216544 1.513631 0.216545
v -0.168745 1.518270 0.252546
v -0.170137 1.508436 0.254630
v -0.216544 1.508436 0.216545
v -0.168745 1.503797 0.252546
v -0.166258 1.500708 0.248824
v -0.116232 1.503797 0.280614
v -0.214772 1.503797 0.214772
v -0.211607 1.500708 0.211607
v -0.252545 1.503797 0.168745
v -0.254630 1.508435 0.170137
v -0.248824 1.500708 0.166258
v -0.280613 1.503797 0.116233
v -0.297899 1.503797 0.059254
v -0.282930 1.508436 0.117192
v -0.276477 1.500708 0.114520
v -0.293508 1.500708 0.058381
v -0.182261 1.473570 0.075494
v -0.193488 1.473570 0.038486
v -0.164030 1.473569 0.109601
v -0.159782 1.379217 0.066183
v -0.169625 1.379217 0.033739
v -0.143801 1.379216 0.096084
v -0.159706 1.284864 0.066152
v -0.169543 1.284864 0.033723
v -0.163633 1.190511 0.067778
v -0.143732 1.284864 0.096038
v -0.147266 1.190511 0.098399
v -0.122232 1.284864 0.122235
v -0.125238 1.190511 0.125241
v -0.096038 1.284864 0.143732
v -0.122292 1.379217 0.122293
v -0.096084 1.379217 0.143801
v -0.139496 1.473570 0.139497
v -0.109600 1.473570 0.164031
v -0.075493 1.473570 0.182261
v -0.114519 1.500708 0.276479
v -0.038485 1.473570 0.193488
v -0.066182 1.379217 0.159784
v -0.033738 1.379217 0.169626
v -0.066151 1.284864 0.159707
v -0.067778 1.190511 0.163634
v -0.033721 1.284864 0.169545
v -0.034550 1.190511 0.173714
v 0.000001 1.284864 0.172866
v 0.000001 1.190511 0.177117
v 0.033727 1.284864 0.169544
v 0.000002 1.379217 0.172949
v 0.033743 1.379217 0.169625
v 0.000002 1.473570 0.197279
v 0.000002 1.500708 0.299259
v 0.038489 1.473570 0.193487
v 0.075499 1.473570 0.182261
v 0.058385 1.500708 0.293508
v 0.114525 1.500708 0.276478
v 0.059259 1.503797 0.297898
v 0.116238 1.503797 0.280614
v 0.000002 1.503797 0.303735
v -0.059253 1.503797 0.297899
v -0.058380 1.500708 0.293509
v 0.168749 1.503797 0.252546
v 0.166262 1.500708 0.248824
v 0.214777 1.503797 0.214772
v 0.252550 1.503797 0.168745
v 0.280619 1.503797 0.116233
v 0.254634 1.508435 0.170138
v 0.282934 1.508435 0.117192
v 0.282934 1.513631 0.117192
v 0.300361 1.508435 0.059743
v 0.300361 1.513631 0.059743
v 0.297903 1.503797 0.059254
v 0.306246 1.508435 -0.000002
v 0.306246 1.513631 -0.000002
v 0.303739 1.503797 -0.000002
v 0.300361 1.508435 -0.059748
v 0.300361 1.513631 -0.059748
v 0.297903 1.518270 -0.059259
v 0.282934 1.513631 -0.117196
v 0.280619 1.518270 -0.116237
v 0.293513 1.521358 -0.058385
v 0.303739 1.518270 -0.000002
v 0.297903 1.518270 0.059254
v 0.299264 1.521358 -0.000002
v 0.293513 1.500708 0.058381
v 0.066188 1.379217 0.159783
v 0.066156 1.284864 0.159707
v 0.067782 1.190511 0.163634
v 0.034557 1.190511 0.173713
v 0.074982 1.096158 0.181014
v 0.038226 1.096158 0.192163
v 0.080831 1.001805 0.195134
v 0.041208 1.001805 0.207153
v 0.087213 0.907452 0.210543
v 0.044462 0.907452 0.223511
v 0.093920 0.813099 0.226733
v 0.047881 0.813099 0.240698
v 0.101096 0.718746 0.244059
v 0.051540 0.718746 0.259091
v 0.108462 0.630988 0.261841
v 0.055295 0.630988 0.277969
v 0.108737 0.628462 0.262508
v 0.157861 0.628462 0.236252
v 0.109133 0.626031 0.263463
v 0.055435 0.628462 0.278676
v 0.055637 0.626031 0.279691
v -0.000003 0.628462 0.284138
v -0.000003 0.626031 0.285172
v -0.055427 0.628462 0.278680
v -0.000003 0.630988 0.283416
v -0.055286 0.630989 0.277972
v -0.000002 0.718746 0.264169
v -0.051532 0.718746 0.259094
v -0.000002 0.813099 0.245415
v -0.047874 0.813099 0.240701
v -0.000001 0.907452 0.227891
v -0.044455 0.907452 0.223513
v 0.000000 1.001805 0.211212
v -0.041202 1.001805 0.207155
v 0.000000 1.096158 0.195928
v -0.038221 1.096158 0.192164
v -0.074978 1.096158 0.181014
v -0.080826 1.001805 0.195134
v -0.108850 1.096158 0.162908
v -0.138539 1.096158 0.138543
v -0.117342 1.001805 0.175616
v -0.098399 1.190511 0.147266
v -0.149345 1.001805 0.149351
v -0.126608 0.907452 0.189484
v -0.161138 0.907452 0.161144
v -0.136344 0.813099 0.204054
v -0.087209 0.907452 0.210544
v -0.093915 0.813099 0.226734
v -0.101093 0.718746 0.244060
v -0.108458 0.630988 0.261842
v -0.146763 0.718746 0.219648
v -0.186789 0.718746 0.186798
v -0.157456 0.630988 0.235651
v -0.157857 0.628462 0.236251
v -0.200398 0.630988 0.200408
v -0.235651 0.630988 0.157453
v -0.200909 0.628462 0.200918
v -0.201640 0.626031 0.201650
v -0.236251 0.628462 0.157854
v -0.237111 0.626031 0.158428
v -0.262507 0.628462 0.108734
v -0.261840 0.630988 0.108457
v -0.263463 0.626031 0.109129
v -0.278676 0.628462 0.055432
v -0.284136 0.628462 -0.000002
v -0.277969 0.630988 0.055291
v -0.279691 0.626031 0.055634
v -0.285170 0.626031 -0.000002
v -0.280998 0.623729 0.055894
v -0.282579 0.621586 0.056209
v -0.264694 0.623729 0.109639
v -0.286503 0.623728 -0.000002
v -0.288116 0.621586 -0.000002
v -0.280999 0.623728 -0.055896
v -0.279692 0.626031 -0.055637
v -0.282580 0.621586 -0.056211
v -0.264694 0.623728 -0.109645
v -0.238221 0.623729 -0.159175
v -0.263463 0.626031 -0.109135
v -0.266183 0.621586 -0.110262
v -0.239561 0.621586 -0.160071
v -0.267911 0.619633 -0.110977
v -0.284415 0.619633 -0.056576
v -0.241116 0.619633 -0.161110
v -0.278087 0.609404 -0.115192
v -0.287118 0.596898 -0.118933
v -0.295217 0.609404 -0.058725
v -0.250275 0.609404 -0.167229
v -0.258402 0.596899 -0.172660
v -0.212838 0.609404 -0.212845
v -0.167226 0.609404 -0.250278
v -0.219750 0.596898 -0.219757
v -0.205050 0.619633 -0.205056
v -0.203727 0.621586 -0.203734
v -0.161107 0.619633 -0.241120
v -0.110971 0.619633 -0.267916
v -0.160068 0.621586 -0.239565
v -0.159172 0.623729 -0.238224
v -0.110255 0.621586 -0.266189
v -0.056207 0.621586 -0.282584
v -0.109638 0.623729 -0.264699
v -0.055893 0.623728 -0.281002
v -0.109128 0.626031 -0.263468
v -0.108733 0.628462 -0.262512
v -0.158432 0.626031 -0.237116
v -0.055632 0.626031 -0.279695
v -0.157857 0.628462 -0.236256
v -0.201645 0.626031 -0.201652
v -0.200914 0.628462 -0.200920
v -0.202587 0.623728 -0.202594
v -0.237112 0.626031 -0.158435
v -0.236253 0.628462 -0.157860
v -0.235652 0.630988 -0.157459
v -0.262507 0.628462 -0.108739
v -0.261841 0.630988 -0.108463
v -0.278678 0.628462 -0.055435
v -0.277970 0.630988 -0.055294
v -0.259092 0.718746 -0.051539
v -0.283414 0.630988 -0.000002
v -0.264167 0.718746 -0.000002
v -0.245414 0.813099 -0.000002
v -0.259091 0.718746 0.051536
v -0.240699 0.813099 0.047877
v -0.244058 0.718746 0.101092
v -0.226733 0.813099 0.093915
v -0.219648 0.718745 0.146760
v -0.204055 0.813099 0.136342
v -0.173529 0.813099 0.173537
v -0.189484 0.907451 0.126606
v -0.210542 0.907452 0.087209
v -0.175616 1.001804 0.117341
v -0.195133 1.001805 0.080826
v -0.162908 1.096158 0.108850
v -0.181013 1.096158 0.074977
v -0.192163 1.096158 0.038223
v -0.195928 1.096158 -0.000002
v -0.207153 1.001805 0.041204
v -0.173712 1.190511 0.034553
v -0.177115 1.190511 -0.000002
v -0.173712 1.190511 -0.034556
v -0.172865 1.284864 -0.000002
v -0.169543 1.284864 -0.033727
v -0.172948 1.379217 -0.000002
v -0.169625 1.379217 -0.033743
v -0.197277 1.473570 -0.000002
v -0.193488 1.473570 -0.038490
v -0.299258 1.500708 -0.000003
v -0.303734 1.503797 -0.000003
v -0.293508 1.500708 -0.058385
v -0.297898 1.503797 -0.059258
v -0.276478 1.500708 -0.114524
v -0.182261 1.473570 -0.075498
v -0.248824 1.500708 -0.166263
v -0.280613 1.503797 -0.116237
v -0.252545 1.503797 -0.168749
v -0.282930 1.508435 -0.117197
v -0.282930 1.513631 -0.117197
v -0.300357 1.508435 -0.059747
v -0.254630 1.508435 -0.170142
v -0.300357 1.513631 -0.059747
v -0.306241 1.508435 -0.000003
v -0.306241 1.513631 -0.000003
v -0.300357 1.508436 0.059743
v -0.300357 1.513631 0.059743
v -0.297899 1.518270 0.059254
v -0.282930 1.513631 0.117192
v -0.280613 1.518270 0.116233
v -0.254630 1.513631 0.170137
v -0.252545 1.518270 0.168745
v -0.248824 1.521358 0.166258
v -0.214772 1.518270 0.214772
v -0.211607 1.521359 0.211607
v -0.166258 1.521359 0.248824
v -0.170810 1.544323 0.170811
v -0.169065 1.545893 0.169066
v -0.200852 1.544323 0.134205
v -0.198800 1.545893 0.132833
v -0.223175 1.544323 0.092441
v -0.276477 1.521359 0.114520
v -0.293508 1.521359 0.058381
v -0.299258 1.521358 -0.000003
v -0.303734 1.518270 -0.000003
v -0.297898 1.518270 -0.059258
v -0.214772 1.503797 -0.214777
v -0.211607 1.500708 -0.211612
v -0.168745 1.503797 -0.252550
v -0.166258 1.500708 -0.248828
v -0.109602 1.473570 -0.164035
v -0.114519 1.500708 -0.276483
v -0.139496 1.473570 -0.139501
v -0.164030 1.473570 -0.109605
v -0.122292 1.379217 -0.122297
v -0.143800 1.379217 -0.096088
v -0.122233 1.284864 -0.122239
v -0.125239 1.190511 -0.125244
v -0.143732 1.284864 -0.096042
v -0.147266 1.190511 -0.098404
v -0.159706 1.284864 -0.066156
v -0.163633 1.190511 -0.067783
v -0.159782 1.379217 -0.066187
v -0.181013 1.096158 -0.074982
v -0.195133 1.001805 -0.080831
v -0.192163 1.096158 -0.038226
v -0.162908 1.096158 -0.108855
v -0.138540 1.096158 -0.138547
v -0.175616 1.001805 -0.117346
v -0.149348 1.001805 -0.149354
v -0.189484 0.907452 -0.126612
v -0.161141 0.907452 -0.161147
v -0.204055 0.813099 -0.136348
v -0.210542 0.907452 -0.087214
v -0.226733 0.813099 -0.093920
v -0.223512 0.907452 -0.044462
v -0.240699 0.813099 -0.047880
v -0.227889 0.907452 -0.000002
v -0.207154 1.001805 -0.041208
v -0.211211 1.001805 -0.000002
v -0.223511 0.907452 0.044458
v -0.244058 0.718746 -0.101097
v -0.219648 0.718746 -0.146766
v -0.186793 0.718746 -0.186800
v -0.146763 0.718746 -0.219652
v -0.173533 0.813099 -0.173539
v -0.200403 0.630988 -0.200410
v -0.157456 0.630988 -0.235656
v -0.108851 1.096158 -0.162912
v 0.000003 0.623728 -0.286507
v 0.000003 0.621586 -0.288120
v 0.055899 0.623728 -0.281002
v 0.056213 0.621586 -0.282584
v 0.056578 0.619633 -0.284418
v 0.110264 0.621586 -0.266188
v 0.110979 0.619633 -0.267916
v 0.161114 0.619633 -0.241118
v 0.115195 0.609404 -0.278092
v 0.118935 0.596898 -0.287123
v 0.058727 0.609404 -0.295221
v 0.167233 0.609404 -0.250277
v 0.172664 0.596898 -0.258405
v 0.212849 0.609404 -0.212846
v 0.219761 0.596899 -0.219759
v 0.205060 0.619634 -0.205058
v 0.223396 0.582182 -0.223394
v 0.258406 0.596899 -0.172666
v 0.262680 0.582182 -0.175522
v 0.262680 0.566702 -0.175522
v 0.291871 0.582181 -0.120895
v 0.291871 0.566701 -0.120895
v 0.309849 0.582181 -0.061636
v 0.315922 0.582181 -0.000003
v 0.309849 0.566701 -0.061636
v 0.304807 0.551984 -0.060633
v 0.315922 0.566701 -0.000003
v 0.310781 0.551984 -0.000003
v 0.309851 0.566701 0.061631
v 0.309851 0.582181 0.061631
v 0.304809 0.551984 0.060628
v 0.291873 0.566701 0.120893
v 0.262676 0.566701 0.175516
v 0.291873 0.582181 0.120893
v 0.287123 0.551984 0.118926
v 0.258402 0.551984 0.172660
v 0.278092 0.539479 0.115185
v 0.295222 0.539479 0.058721
v 0.269146 0.530485 0.111479
v 0.250273 0.539479 0.167229
v 0.242221 0.530484 0.161849
v 0.212840 0.539479 0.212840
v 0.219753 0.551984 0.219752
v 0.205993 0.530485 0.205992
v 0.167230 0.539479 0.250274
v 0.115191 0.539479 0.278088
v 0.172662 0.551984 0.258401
v 0.161850 0.530485 0.242222
v 0.160847 0.528249 0.240720
v 0.111486 0.530485 0.269141
v 0.056836 0.530485 0.285718
v 0.110794 0.528250 0.267472
v 0.110387 0.525632 0.266490
v 0.056483 0.528249 0.283947
v 0.056276 0.525632 0.282904
v -0.000003 0.528249 0.289511
v -0.000003 0.525632 0.288448
v -0.056475 0.528250 0.283950
v -0.000003 0.530484 0.291317
v -0.056828 0.530485 0.285722
v -0.000003 0.539479 0.301001
v 0.058725 0.539479 0.295216
v -0.000003 0.551984 0.310777
v -0.058717 0.539479 0.295220
v -0.115189 0.539479 0.278089
v -0.060624 0.551985 0.304807
v -0.061627 0.566702 0.309849
v -0.118930 0.551984 0.287120
v -0.172657 0.551984 0.258401
v -0.120897 0.566702 0.291870
v -0.175514 0.566702 0.262675
v -0.120897 0.582181 0.291870
v -0.118930 0.596898 0.287120
v -0.061627 0.582181 0.309849
v -0.175514 0.582181 0.262675
v -0.223380 0.582181 0.223391
v -0.172657 0.596898 0.258400
v -0.219745 0.596898 0.219756
v -0.167226 0.609404 0.250273
v -0.115189 0.609404 0.278089
v -0.161107 0.619633 0.241114
v -0.212833 0.609404 0.212843
v -0.250274 0.609404 0.167223
v -0.205044 0.619633 0.205055
v -0.203722 0.621586 0.203732
v -0.241115 0.619633 0.161104
v -0.267911 0.619633 0.110972
v -0.239560 0.621586 0.160065
v -0.238220 0.623728 0.159169
v -0.266183 0.621586 0.110256
v -0.202582 0.623729 0.202592
v -0.159172 0.623729 0.238219
v -0.160068 0.621586 0.239560
v -0.109640 0.623729 0.264696
v -0.158432 0.626031 0.237111
v -0.109131 0.626031 0.263465
v -0.108735 0.628462 0.262509
v -0.055629 0.626031 0.279694
v -0.055889 0.623729 0.281001
v -0.056204 0.621586 0.282583
v -0.000003 0.623728 0.286505
v -0.000003 0.621586 0.288117
v 0.055897 0.623728 0.280998
v 0.109644 0.623729 0.264694
v 0.056212 0.621586 0.282579
v 0.110260 0.621586 0.266184
v 0.056576 0.619633 0.284413
v -0.000003 0.619633 0.289987
v 0.110976 0.619633 0.267912
v 0.058725 0.609404 0.295216
v 0.060632 0.596898 0.304804
v -0.000003 0.609404 0.301001
v 0.115191 0.609404 0.278088
v 0.167230 0.609404 0.250273
v 0.118932 0.596898 0.287119
v 0.172662 0.596898 0.258401
v 0.120899 0.582181 0.291869
v 0.175518 0.582181 0.262676
v 0.120899 0.566702 0.291869
v 0.061636 0.582181 0.309846
v 0.061636 0.566701 0.309846
v -0.000003 0.582181 0.315918
v -0.000003 0.596898 0.310777
v -0.000003 0.566701 0.315918
v -0.060624 0.596899 0.304807
v -0.058717 0.609404 0.295220
v -0.056568 0.619634 0.284417
v -0.110974 0.619633 0.267913
v -0.110258 0.621586 0.266185
v 0.060632 0.551984 0.304804
v 0.118932 0.551984 0.287119
v 0.175518 0.566701 0.262676
v 0.223387 0.566701 0.223387
v 0.223389 0.582181 0.223387
v 0.219753 0.596898 0.219752
v 0.262676 0.582181 0.175516
v 0.258402 0.596898 0.172660
v 0.250273 0.609404 0.167229
v 0.287123 0.596898 0.118926
v 0.278092 0.609404 0.115185
v 0.304809 0.596898 0.060628
v 0.241116 0.619633 0.161109
v 0.212840 0.609404 0.212840
v 0.205052 0.619633 0.205052
v 0.203730 0.621586 0.203729
v 0.161111 0.619633 0.241115
v 0.160073 0.621586 0.239560
v 0.159176 0.623729 0.238220
v 0.158436 0.626031 0.237111
v 0.202590 0.623728 0.202589
v -0.284414 0.619633 0.056573
v -0.278087 0.609404 0.115187
v -0.287118 0.596898 0.118928
v -0.295216 0.609404 0.058722
v -0.304804 0.596898 0.060630
v -0.301000 0.609404 -0.000002
v -0.310776 0.596898 -0.000002
v -0.289986 0.619633 -0.000002
v -0.315916 0.582181 -0.000002
v -0.304804 0.596898 -0.060632
v -0.309847 0.582181 -0.061635
v -0.309847 0.566701 -0.061635
v -0.291867 0.582181 -0.120901
v -0.291867 0.566701 -0.120901
v -0.262677 0.582181 -0.175516
v -0.223385 0.582181 -0.223392
v -0.262677 0.566702 -0.175516
v -0.258402 0.551984 -0.172660
v -0.223385 0.566701 -0.223392
v -0.219749 0.551984 -0.219757
v -0.175513 0.566702 -0.262680
v -0.175513 0.582181 -0.262680
v -0.172657 0.551984 -0.258406
v -0.120894 0.566702 -0.291873
v -0.061631 0.566701 -0.309850
v -0.120894 0.582181 -0.291873
v -0.118927 0.551984 -0.287124
v -0.060627 0.551984 -0.304808
v -0.115186 0.539479 -0.278092
v -0.167226 0.539479 -0.250278
v -0.111480 0.530485 -0.269145
v -0.058720 0.539479 -0.295221
v -0.056832 0.530484 -0.285723
v 0.000003 0.539479 -0.301004
v 0.000003 0.551984 -0.310779
v 0.000003 0.530485 -0.291320
v 0.058727 0.539479 -0.295221
v 0.115195 0.539479 -0.278092
v 0.060634 0.551984 -0.304808
v 0.056838 0.530485 -0.285723
v 0.056486 0.528249 -0.283951
v 0.111489 0.530484 -0.269145
v 0.110798 0.528249 -0.267476
v 0.161854 0.530485 -0.242224
v 0.167233 0.539479 -0.250277
v 0.160851 0.528249 -0.240723
v 0.206001 0.530485 -0.205998
v 0.242224 0.530485 -0.161857
v 0.212849 0.539479 -0.212847
v 0.204724 0.528250 -0.204721
v 0.203973 0.525633 -0.203970
v 0.240723 0.528250 -0.160854
v 0.239838 0.525633 -0.160263
v 0.267474 0.528249 -0.110791
v 0.269143 0.530484 -0.111482
v 0.266492 0.525632 -0.110384
v 0.283951 0.528249 -0.056484
v 0.289516 0.528249 -0.000002
v 0.285722 0.530485 -0.056836
v 0.282908 0.525632 -0.056276
v 0.288452 0.525632 -0.000002
v 0.282677 0.522842 -0.056230
v 0.283276 0.520103 -0.056349
v 0.266274 0.522842 -0.110294
v 0.288216 0.522842 -0.000002
v 0.288827 0.520103 -0.000002
v 0.282679 0.522842 0.056226
v 0.282910 0.525632 0.056272
v 0.283278 0.520103 0.056345
v 0.266277 0.522842 0.110290
v 0.239639 0.522842 0.160123
v 0.266494 0.525632 0.110381
v 0.266840 0.520103 0.110524
v 0.240148 0.520103 0.160463
v 0.268142 0.517633 0.111063
v 0.284659 0.517633 0.056620
v 0.241319 0.517633 0.161245
v 0.437011 0.284215 0.181014
v 0.444178 0.271240 0.183983
v 0.463930 0.284215 0.092281
v 0.393296 0.284214 0.262796
v 0.399746 0.271240 0.267106
v 0.334474 0.284215 0.334470
v 0.262797 0.284215 0.393298
v 0.339959 0.271240 0.339956
v 0.205225 0.517633 0.205225
v 0.204229 0.520103 0.204229
v 0.161247 0.517633 0.241319
v 0.111070 0.517633 0.268138
v 0.160465 0.520103 0.240148
v 0.110531 0.520103 0.266836
v 0.160125 0.522842 0.239640
v 0.110297 0.522842 0.266272
v 0.160257 0.525632 0.239836
v 0.203797 0.522842 0.203797
v 0.203964 0.525632 0.203963
v 0.204716 0.528249 0.204715
v 0.239835 0.525632 0.160254
v 0.240719 0.528249 0.160845
v 0.267476 0.528249 0.110788
v 0.283953 0.528249 0.056479
v 0.285724 0.530485 0.056831
v 0.291322 0.530485 -0.000002
v 0.301005 0.539479 -0.000002
v 0.295220 0.539479 -0.058725
v 0.278090 0.539479 -0.115188
v 0.250277 0.539479 -0.167237
v 0.287121 0.551984 -0.118928
v 0.258406 0.551985 -0.172667
v 0.219761 0.551985 -0.219759
v 0.223396 0.566702 -0.223394
v 0.172664 0.551984 -0.258405
v 0.175520 0.566702 -0.262679
v 0.118935 0.551984 -0.287123
v 0.120903 0.566701 -0.291873
v 0.120903 0.582181 -0.291873
v 0.061638 0.566701 -0.309850
v 0.061638 0.582181 -0.309850
v 0.000003 0.566701 -0.315921
v 0.000003 0.582181 -0.315921
v 0.000003 0.596898 -0.310779
v -0.061631 0.582181 -0.309850
v -0.060627 0.596898 -0.304808
v -0.058720 0.609404 -0.295221
v -0.118927 0.596898 -0.287124
v -0.115186 0.609404 -0.278092
v -0.172657 0.596898 -0.258406
v -0.056571 0.619633 -0.284418
v 0.000003 0.609404 -0.301004
v 0.000003 0.619633 -0.289990
v 0.060634 0.596898 -0.304808
v 0.175520 0.582181 -0.262679
v 0.056230 0.522842 0.282673
v 0.056349 0.520103 0.283272
v -0.000003 0.522842 0.288212
v -0.000003 0.520103 0.288823
v -0.056222 0.522842 0.282676
v -0.056268 0.525632 0.282908
v -0.056342 0.520103 0.283275
v -0.110295 0.522842 0.266274
v -0.160121 0.522842 0.239639
v -0.110385 0.525632 0.266492
v -0.110529 0.520103 0.266838
v -0.160460 0.520103 0.240147
v -0.111068 0.517633 0.268139
v -0.056616 0.517633 0.284657
v -0.161242 0.517633 0.241318
v -0.181018 0.284215 0.437009
v -0.183987 0.271241 0.444176
v -0.092274 0.284215 0.463929
v -0.262795 0.284215 0.393295
v -0.267105 0.271241 0.399745
v -0.334464 0.284215 0.334476
v -0.393297 0.284214 0.262788
v -0.339949 0.271240 0.339962
v -0.205217 0.517633 0.205228
v -0.204222 0.520103 0.204232
v -0.241318 0.517633 0.161239
v -0.268137 0.517633 0.111066
v -0.240147 0.520103 0.160456
v -0.239640 0.522842 0.160117
v -0.266836 0.520103 0.110526
v -0.283273 0.520103 0.056346
v -0.266271 0.522842 0.110293
v -0.282673 0.522842 0.056227
v -0.266489 0.525632 0.110383
v -0.267472 0.528249 0.110790
v -0.239836 0.525632 0.160248
v -0.282904 0.525632 0.056273
v -0.288446 0.525632 -0.000002
v -0.283947 0.528249 0.056481
v -0.289510 0.528249 -0.000002
v -0.285719 0.530485 0.056833
v -0.295216 0.539479 0.058722
v -0.269140 0.530485 0.111481
v -0.291316 0.530485 -0.000002
v -0.285720 0.530485 -0.056835
v -0.301000 0.539479 -0.000002
v -0.310776 0.551984 -0.000002
v -0.295217 0.539479 -0.058725
v -0.278087 0.539479 -0.115192
v -0.304804 0.551984 -0.060632
v -0.287118 0.551984 -0.118933
v -0.269140 0.530485 -0.111487
v -0.250275 0.539479 -0.167229
v -0.242223 0.530485 -0.161849
v -0.212838 0.539479 -0.212845
v -0.205990 0.530485 -0.205997
v -0.161845 0.530485 -0.242226
v -0.204714 0.528249 -0.204720
v -0.203961 0.525632 -0.203968
v -0.240721 0.528250 -0.160845
v -0.160843 0.528250 -0.240724
v -0.160252 0.525632 -0.239840
v -0.110789 0.528250 -0.267477
v -0.110382 0.525632 -0.266494
v -0.056480 0.528249 -0.283951
v 0.000003 0.528249 -0.289514
v -0.056271 0.525632 -0.282908
v 0.000003 0.525632 -0.288451
v -0.056225 0.522842 -0.282677
v -0.056345 0.520103 -0.283276
v -0.110293 0.522842 -0.266277
v 0.000003 0.522842 -0.288215
v 0.000003 0.520103 -0.288826
v 0.056232 0.522842 -0.282677
v 0.056278 0.525632 -0.282908
v 0.056351 0.520103 -0.283276
v 0.110300 0.522842 -0.266276
v 0.160129 0.522842 -0.239643
v 0.110390 0.525632 -0.266494
v 0.110534 0.520103 -0.266840
v 0.160468 0.520103 -0.240150
v 0.111073 0.517633 -0.268141
v 0.056626 0.517633 -0.284658
v 0.161251 0.517633 -0.241322
v 0.181021 0.284215 -0.437011
v 0.183990 0.271240 -0.444179
v 0.092284 0.284215 -0.463929
v 0.262794 0.284215 -0.393303
v 0.267105 0.271240 -0.399754
v 0.334481 0.284216 -0.334482
v 0.393308 0.284216 -0.262794
v 0.339966 0.271241 -0.339967
v 0.205234 0.517633 -0.205231
v 0.204237 0.520103 -0.204235
v 0.241322 0.517633 -0.161254
v 0.268140 0.517633 -0.111067
v 0.240151 0.520103 -0.160472
v 0.239642 0.522842 -0.160132
v 0.266838 0.520103 -0.110528
v 0.203805 0.522842 -0.203803
v 0.284657 0.517633 -0.056624
v 0.437011 0.284214 -0.181007
v 0.444179 0.271240 -0.183975
v 0.463927 0.284215 -0.092290
v 0.471536 0.271240 -0.093803
v 0.473019 0.284215 -0.000006
v 0.480777 0.271240 -0.000006
v 0.290235 0.517633 -0.000002
v 0.484943 0.256901 -0.000006
v 0.471539 0.271240 0.093795
v 0.475625 0.256901 0.094608
v 0.475945 0.242047 0.094671
v 0.448026 0.256900 0.185577
v 0.448328 0.242047 0.185702
v 0.403211 0.256900 0.269421
v 0.342905 0.256901 0.342902
v 0.403482 0.242047 0.269602
v 0.400545 0.227561 0.267640
v 0.343136 0.242047 0.343132
v 0.340638 0.227562 0.340635
v 0.269603 0.242047 0.403483
v 0.185704 0.242047 0.448326
v 0.269421 0.256901 0.403212
v 0.267640 0.227562 0.400546
v 0.184352 0.227562 0.445063
v 0.263650 0.214304 0.394575
v 0.181604 0.214304 0.438427
v 0.335559 0.214304 0.335556
v 0.251139 0.182932 0.375851
v 0.172986 0.182932 0.417622
v 0.250435 0.180284 0.374797
v 0.319636 0.182932 0.319633
v 0.318740 0.180284 0.318737
v 0.375849 0.182932 0.251139
v 0.374795 0.180284 0.250435
v 0.394572 0.214304 0.263650
v 0.417625 0.182932 0.172983
v 0.438430 0.214304 0.181601
v 0.443349 0.182932 0.088187
v 0.416455 0.180284 0.172498
v 0.416226 0.177392 0.172404
v 0.442107 0.180284 0.087940
v 0.441866 0.177392 0.087892
v 0.450769 0.180284 -0.000005
v 0.450522 0.177392 -0.000005
v 0.452036 0.182932 -0.000005
v 0.442104 0.180284 -0.087948
v 0.441863 0.177392 -0.087900
v 0.443347 0.182932 -0.088195
v 0.416455 0.180284 -0.172492
v 0.416227 0.177391 -0.172398
v 0.417625 0.182932 -0.172977
v 0.374806 0.180285 -0.250435
v 0.374601 0.177393 -0.250298
v 0.375859 0.182933 -0.251139
v 0.318747 0.180285 -0.318749
v 0.318573 0.177393 -0.318574
v 0.319643 0.182934 -0.319644
v 0.250435 0.180284 -0.374802
v 0.250299 0.177392 -0.374597
v 0.251139 0.182932 -0.375855
v 0.172506 0.180284 -0.416454
v 0.172412 0.177392 -0.416227
v 0.172991 0.182932 -0.417625
v 0.087943 0.180284 -0.442106
v 0.087895 0.177392 -0.441864
v 0.088190 0.182932 -0.443349
v 0.000003 0.180284 -0.450767
v 0.000003 0.177392 -0.450521
v 0.000003 0.182932 -0.452034
v -0.087938 0.180284 -0.442106
v -0.087890 0.177392 -0.441864
v -0.088185 0.182932 -0.443349
v -0.172498 0.180284 -0.416456
v -0.172403 0.177392 -0.416228
v -0.172982 0.182933 -0.417626
v -0.250429 0.180284 -0.374803
v -0.250292 0.177392 -0.374598
v -0.251133 0.182933 -0.375856
v -0.318736 0.180284 -0.318744
v -0.318561 0.177392 -0.318570
v -0.319631 0.182932 -0.319640
v -0.374800 0.180284 -0.250432
v -0.374595 0.177392 -0.250295
v -0.375853 0.182933 -0.251135
v -0.416450 0.180284 -0.172505
v -0.416222 0.177392 -0.172411
v -0.417620 0.182932 -0.172990
v -0.442103 0.180284 -0.087942
v -0.441862 0.177392 -0.087894
v -0.443346 0.182932 -0.088189
v -0.450763 0.180284 -0.000002
v -0.450517 0.177392 -0.000002
v -0.452030 0.182932 -0.000001
v -0.442102 0.180284 0.087941
v -0.441861 0.177392 0.087892
v -0.443344 0.182932 0.088188
v -0.416449 0.180284 0.172500
v -0.416221 0.177392 0.172406
v -0.417620 0.182932 0.172985
v -0.374796 0.180284 0.250426
v -0.374592 0.177391 0.250289
v -0.375850 0.182932 0.251130
v -0.318730 0.180284 0.318743
v -0.318555 0.177392 0.318569
v -0.319625 0.182932 0.319639
v -0.250433 0.180284 0.374795
v -0.250296 0.177392 0.374590
v -0.251136 0.182933 0.375848
v -0.172503 0.180284 0.416452
v -0.172409 0.177392 0.416225
v -0.172988 0.182933 0.417623
v -0.087933 0.180285 0.442107
v -0.087885 0.177392 0.441865
v -0.088180 0.182933 0.443349
v -0.000003 0.180284 0.450765
v -0.000003 0.177392 0.450518
v -0.000003 0.182932 0.452032
v 0.087943 0.180284 0.442101
v 0.172502 0.180284 0.416452
v 0.087895 0.177392 0.441859
v 0.088190 0.182932 0.443344
v 0.092585 0.214304 0.465430
v -0.000002 0.214304 0.474551
v 0.093985 0.227562 0.472474
v 0.094674 0.242047 0.475938
v -0.000002 0.227562 0.481733
v -0.000001 0.242047 0.485265
v -0.093975 0.227562 0.472479
v -0.094663 0.242048 0.475944
v -0.092573 0.214305 0.465436
v -0.184355 0.227562 0.445063
v -0.267638 0.227562 0.400543
v -0.185706 0.242048 0.448326
v -0.181606 0.214305 0.438427
v -0.263649 0.214305 0.394572
v -0.335549 0.214304 0.335562
v -0.340627 0.227562 0.340640
v -0.394574 0.214304 0.263641
v -0.438424 0.214304 0.181603
v -0.400546 0.227561 0.267631
v -0.403483 0.242047 0.269594
v -0.445060 0.227561 0.184351
v -0.472475 0.227562 0.093983
v -0.448323 0.242047 0.185703
v -0.475940 0.242047 0.094672
v -0.448022 0.256900 0.185578
v -0.444173 0.271240 0.183984
v -0.403211 0.256900 0.269413
v -0.475619 0.256900 0.094608
v -0.484937 0.256901 -0.000001
v -0.471533 0.271240 0.093795
v -0.480772 0.271240 -0.000001
v -0.463925 0.284215 0.092282
v -0.437006 0.284215 0.181015
v -0.284654 0.517633 0.056621
v -0.473014 0.284215 -0.000001
v -0.463926 0.284215 -0.092283
v -0.290230 0.517633 -0.000002
v -0.288822 0.520103 -0.000002
v -0.284655 0.517633 -0.056624
v -0.268137 0.517633 -0.111071
v -0.283273 0.520103 -0.056349
v -0.282674 0.522842 -0.056230
v -0.266836 0.520103 -0.110532
v -0.240148 0.520103 -0.160463
v -0.266271 0.522842 -0.110299
v -0.239641 0.522842 -0.160124
v -0.266489 0.525632 -0.110389
v -0.267472 0.528249 -0.110796
v -0.282905 0.525632 -0.056276
v -0.239837 0.525632 -0.160255
v -0.283948 0.528249 -0.056483
v -0.203795 0.522842 -0.203802
v -0.204227 0.520103 -0.204234
v -0.160121 0.522842 -0.239644
v -0.160460 0.520103 -0.240152
v -0.161242 0.517633 -0.241323
v -0.110525 0.520103 -0.266841
v -0.111065 0.517633 -0.268142
v -0.056619 0.517633 -0.284658
v -0.181011 0.284215 -0.437013
v -0.183980 0.271241 -0.444180
v -0.262791 0.284215 -0.393303
v -0.092279 0.284215 -0.463929
v -0.093792 0.271240 -0.471538
v 0.000003 0.284215 -0.473018
v 0.000003 0.271240 -0.480776
v 0.000003 0.517633 -0.290234
v 0.000003 0.256901 -0.484941
v 0.093797 0.271240 -0.471538
v 0.094610 0.256901 -0.475624
v 0.094674 0.242047 -0.475944
v 0.185583 0.256900 -0.448027
v 0.185709 0.242047 -0.448329
v 0.269419 0.256901 -0.403218
v 0.342911 0.256902 -0.342913
v 0.269601 0.242047 -0.403489
v 0.267639 0.227562 -0.400552
v 0.343142 0.242048 -0.343144
v 0.340644 0.227563 -0.340646
v 0.403494 0.242048 -0.269599
v 0.403223 0.256901 -0.269418
v 0.400556 0.227562 -0.267637
v 0.448328 0.242047 -0.185694
v 0.475942 0.242047 -0.094680
v 0.448027 0.256900 -0.185569
v 0.445066 0.227561 -0.184342
v 0.472477 0.227562 -0.093990
v 0.438430 0.214304 -0.181594
v 0.394585 0.214305 -0.263648
v 0.465433 0.214304 -0.092589
v 0.474555 0.214304 -0.000006
v 0.481737 0.227562 -0.000006
v 0.465436 0.214304 0.092581
v 0.472480 0.227562 0.093982
v 0.445065 0.227562 0.184350
v 0.485269 0.242047 -0.000006
v 0.335566 0.214305 -0.335568
v 0.263649 0.214304 -0.394580
v 0.181609 0.214304 -0.438430
v 0.092583 0.214304 -0.465435
v 0.184357 0.227561 -0.445065
v 0.093985 0.227562 -0.472479
v 0.000003 0.227562 -0.481735
v 0.000003 0.242047 -0.485268
v 0.000003 0.214304 -0.474553
v -0.093979 0.227562 -0.472479
v -0.094668 0.242047 -0.475944
v -0.092578 0.214304 -0.465435
v -0.184347 0.227562 -0.445067
v -0.185699 0.242048 -0.448330
v -0.181599 0.214305 -0.438431
v -0.267634 0.227562 -0.400552
v -0.269596 0.242048 -0.403489
v -0.263643 0.214305 -0.394580
v -0.340633 0.227562 -0.340642
v -0.343132 0.242047 -0.343140
v -0.335554 0.214304 -0.335563
v -0.400548 0.227562 -0.267636
v -0.403486 0.242048 -0.269599
v -0.394577 0.214305 -0.263646
v -0.445060 0.227562 -0.184356
v -0.448324 0.242047 -0.185707
v -0.438425 0.214304 -0.181607
v -0.472477 0.227562 -0.093983
v -0.475941 0.242047 -0.094673
v -0.465432 0.214304 -0.092582
v -0.481731 0.227562 -0.000001
v -0.485264 0.242047 -0.000001
v -0.474549 0.214304 -0.000001
v -0.465431 0.214304 0.092581
v -0.475621 0.256901 -0.094609
v -0.471535 0.271240 -0.093796
v -0.448023 0.256901 -0.185583
v -0.444174 0.271240 -0.183988
v -0.403214 0.256901 -0.269417
v -0.342901 0.256901 -0.342909
v -0.399751 0.271241 -0.267103
v -0.339954 0.271240 -0.339963
v -0.393300 0.284215 -0.262793
v -0.437006 0.284215 -0.181020
v -0.241319 0.517633 -0.161245
v -0.334469 0.284215 -0.334478
v -0.205222 0.517633 -0.205230
v -0.267100 0.271241 -0.399754
v -0.269415 0.256901 -0.403218
v -0.185574 0.256901 -0.448029
v -0.094604 0.256900 -0.475624
v 0.475621 0.256901 -0.094616
v 0.399759 0.271241 -0.267104
v -0.288211 0.522842 -0.000002
v -0.399747 0.271240 0.267098
v -0.342895 0.256901 0.342907
v -0.343125 0.242047 0.343138
v -0.269420 0.256901 0.403209
v -0.269602 0.242048 0.403480
v -0.185582 0.256901 0.448025
v -0.094599 0.256901 0.475624
v -0.093787 0.271241 0.471538
v -0.000001 0.256900 0.484939
v -0.000001 0.271240 0.480773
v 0.094611 0.256901 0.475618
v 0.093798 0.271240 0.471533
v 0.185579 0.256901 0.448025
v 0.183986 0.271240 0.444176
v 0.181017 0.284215 0.437009
v 0.267107 0.271240 0.399748
v 0.092284 0.284215 0.463924
v -0.000001 0.284215 0.473015
v 0.056624 0.517633 0.284653
v -0.000003 0.517633 0.290232
v 0.172407 0.177392 0.416224
v 0.088053 0.174587 0.442646
v 0.088396 0.172189 0.444371
v -0.000003 0.174586 0.451320
v 0.172715 0.174587 0.416965
v 0.173387 0.172189 0.418590
v 0.250744 0.174587 0.375259
v 0.251721 0.172189 0.376722
v 0.250299 0.177392 0.374592
v 0.319132 0.174587 0.319130
v 0.320377 0.172189 0.320374
v 0.318566 0.177392 0.318563
v 0.375258 0.174586 0.250743
v 0.376720 0.172189 0.251721
v 0.374590 0.177392 0.250298
v 0.416967 0.174586 0.172711
v 0.418593 0.172189 0.173384
v 0.442652 0.174587 0.088049
v 0.444378 0.172189 0.088392
v 0.451325 0.174587 -0.000005
v 0.453084 0.172189 -0.000005
v 0.442649 0.174586 -0.088056
v 0.444374 0.172189 -0.088399
v 0.416967 0.174586 -0.172705
v 0.418593 0.172188 -0.173378
v 0.375268 0.174587 -0.250744
v 0.376730 0.172190 -0.251721
v 0.319141 0.174587 -0.319141
v 0.320384 0.172190 -0.320385
v 0.250744 0.174587 -0.375264
v 0.251721 0.172189 -0.376726
v 0.172719 0.174586 -0.416968
v 0.173392 0.172189 -0.418593
v 0.088052 0.174586 -0.442651
v 0.088395 0.172189 -0.444376
v 0.000003 0.174587 -0.451323
v 0.000003 0.172189 -0.453082
v -0.088046 0.174586 -0.442651
v -0.088389 0.172189 -0.444376
v -0.172710 0.174587 -0.416969
v -0.173383 0.172189 -0.418594
v -0.250738 0.174587 -0.375265
v -0.251715 0.172189 -0.376727
v -0.319128 0.174587 -0.319137
v -0.320372 0.172189 -0.320381
v -0.375262 0.174587 -0.250740
v -0.376724 0.172189 -0.251718
v -0.416963 0.174587 -0.172718
v -0.418588 0.172189 -0.173391
v -0.442649 0.174587 -0.088051
v -0.444373 0.172189 -0.088394
v -0.451318 0.174587 -0.000002
v -0.453077 0.172189 -0.000001
v -0.442647 0.174586 0.088049
v -0.444372 0.172189 0.088392
v -0.416963 0.174586 0.172713
v -0.418588 0.172189 0.173386
v -0.375258 0.174586 0.250735
v -0.376720 0.172188 0.251712
v -0.319123 0.174587 0.319136
v -0.320366 0.172189 0.320379
v -0.250741 0.174587 0.375257
v -0.251719 0.172189 0.376719
v -0.172715 0.174587 0.416966
v -0.173389 0.172189 0.418591
v -0.088041 0.174587 0.442651
v -0.088384 0.172189 0.444377
v -0.088875 0.170474 0.446843
v -0.000003 0.172189 0.453080
v -0.000003 0.170473 0.455594
v 0.088886 0.170473 0.446837
v -0.000002 0.158100 0.482239
v 0.094084 0.158100 0.472970
v -0.000002 0.154518 0.488197
v -0.094073 0.158101 0.472976
v -0.184549 0.158101 0.445530
v -0.095235 0.154519 0.478819
v -0.096204 0.149807 0.483692
v -0.186828 0.154519 0.451035
v -0.271230 0.154519 0.405917
v -0.188729 0.149807 0.455625
v -0.273990 0.149807 0.410048
v -0.190158 0.144198 0.459074
v -0.191045 0.137965 0.461214
v -0.096933 0.144198 0.487354
v -0.276064 0.144198 0.413153
v -0.351351 0.144197 0.351364
v -0.277351 0.137964 0.415078
v -0.352988 0.137964 0.353002
v -0.277787 0.131412 0.415731
v -0.277786 0.024974 0.415731
v -0.191345 0.131412 0.461938
v -0.353544 0.131412 0.353556
v -0.415732 0.131411 0.277779
v -0.353543 0.024974 0.353557
v -0.415732 0.024973 0.277779
v -0.353543 -0.000002 0.353557
v -0.106997 -0.000002 0.107012
v -0.415732 -0.000002 0.277779
v -0.277786 -0.000001 0.415731
v -0.191345 -0.000001 0.461939
v -0.084073 -0.000002 0.125827
v -0.042055 -0.000002 0.062911
v -0.057912 -0.000002 0.139812
v -0.028942 -0.000002 0.069904
v -0.029517 -0.000002 0.148426
v -0.014773 -0.000002 0.074210
v -0.000007 -0.000002 0.151330
v -0.097538 -0.000001 0.490395
v -0.000003 -0.000002 0.499999
v -0.097538 0.024975 0.490395
v -0.191345 0.024975 0.461939
v -0.000002 0.024974 0.499999
v -0.097538 0.131412 0.490395
v -0.000002 0.131411 0.499999
v -0.097384 0.137965 0.489625
v -0.000002 0.137964 0.499214
v -0.000002 0.144197 0.496899
v 0.097396 0.137964 0.489619
v 0.097549 0.131412 0.490389
v 0.096945 0.144197 0.487348
v 0.191042 0.137964 0.461214
v 0.191342 0.131412 0.461938
v 0.190156 0.144197 0.459074
v 0.277353 0.137964 0.415081
v 0.277789 0.131412 0.415734
v 0.276066 0.144197 0.413156
v 0.352999 0.137964 0.352996
v 0.351362 0.144197 0.351358
v 0.415079 0.137964 0.277352
v 0.353553 0.131411 0.353550
v 0.353553 0.024974 0.353550
v 0.415732 0.131411 0.277788
v 0.415731 0.024974 0.277788
v 0.461940 0.131411 0.191340
v 0.461940 0.024974 0.191340
v 0.490395 0.131412 0.097546
v 0.461215 0.137964 0.191040
v 0.459076 0.144197 0.190154
v 0.489626 0.137964 0.097393
v 0.487355 0.144197 0.096941
v 0.499219 0.137964 -0.000006
v 0.496902 0.144197 -0.000006
v 0.489622 0.137964 -0.097402
v 0.500003 0.131412 -0.000006
v 0.500003 0.024974 -0.000006
v 0.490392 0.131411 -0.097554
v 0.490392 0.024974 -0.097554
v 0.461941 0.131411 -0.191331
v 0.415745 0.131413 -0.277785
v 0.461216 0.137964 -0.191031
v 0.461941 0.024973 -0.191331
v 0.461941 -0.000002 -0.191331
v 0.415744 0.024975 -0.277786
v 0.415744 -0.000001 -0.277786
v 0.353560 0.024975 -0.353563
v 0.353560 -0.000001 -0.353563
v 0.277788 0.024974 -0.415739
v 0.353560 0.131413 -0.353563
v 0.277787 0.131412 -0.415739
v 0.353006 0.137965 -0.353008
v 0.351369 0.144198 -0.351371
v 0.277351 0.137964 -0.415087
v 0.415093 0.137965 -0.277349
v 0.413167 0.144198 -0.276063
v 0.410063 0.149808 -0.273989
v 0.459077 0.144197 -0.190145
v 0.455627 0.149806 -0.188716
v 0.487352 0.144197 -0.096950
v 0.483690 0.149807 -0.096221
v 0.478817 0.154519 -0.095252
v 0.493169 0.149807 -0.000006
v 0.488201 0.154519 -0.000006
v 0.483693 0.149807 0.096213
v 0.478820 0.154519 0.095243
v 0.455626 0.149807 0.188725
v 0.410049 0.149806 0.273991
v 0.451036 0.154518 0.186823
v 0.405919 0.154518 0.271231
v 0.445532 0.158100 0.184543
v 0.472976 0.158100 0.094081
v 0.400964 0.158100 0.267921
v 0.420916 0.170473 0.174347
v 0.446844 0.170473 0.088882
v 0.378811 0.170473 0.253118
v 0.322155 0.170473 0.322152
v 0.253118 0.170473 0.378813
v 0.340995 0.158100 0.340993
v 0.345208 0.154519 0.345205
v 0.267922 0.158100 0.400967
v 0.184546 0.158100 0.445530
v 0.271231 0.154519 0.405921
v 0.186826 0.154519 0.451035
v 0.273992 0.149807 0.410052
v 0.188727 0.149807 0.455625
v 0.348721 0.149807 0.348718
v 0.096216 0.149807 0.483686
v 0.095247 0.154519 0.478814
v -0.000002 0.149807 0.493165
v 0.174350 0.170473 0.420914
v 0.455598 0.170473 -0.000005
v 0.446841 0.170473 -0.088890
v 0.482243 0.158100 -0.000006
v 0.472973 0.158100 -0.094089
v 0.445533 0.158100 -0.184536
v 0.400977 0.158101 -0.267919
v 0.420916 0.170473 -0.174341
v 0.451037 0.154518 -0.186815
v 0.405931 0.154519 -0.271229
v 0.345216 0.154520 -0.345217
v 0.348729 0.149808 -0.348731
v 0.341002 0.158101 -0.341005
v 0.271230 0.154519 -0.405926
v 0.273990 0.149807 -0.410057
v 0.267921 0.158100 -0.400972
v 0.186831 0.154518 -0.451037
v 0.188732 0.149807 -0.455627
v 0.184551 0.158100 -0.445533
v 0.095246 0.154519 -0.478819
v 0.096215 0.149807 -0.483691
v 0.094083 0.158100 -0.472975
v 0.000003 0.154519 -0.488199
v 0.000003 0.149807 -0.493167
v 0.000003 0.158100 -0.482241
v -0.095239 0.154518 -0.478819
v -0.096209 0.149807 -0.483692
v -0.094078 0.158100 -0.472975
v -0.186821 0.154519 -0.451038
v -0.188722 0.149807 -0.455628
v -0.184541 0.158101 -0.445534
v -0.271225 0.154519 -0.405926
v -0.273985 0.149807 -0.410057
v -0.267915 0.158101 -0.400973
v -0.345204 0.154519 -0.345213
v -0.348717 0.149807 -0.348726
v -0.340991 0.158100 -0.341000
v -0.405923 0.154519 -0.271227
v -0.410054 0.149807 -0.273988
v -0.400970 0.158101 -0.267917
v -0.451032 0.154519 -0.186830
v -0.455623 0.149807 -0.188731
v -0.445528 0.158100 -0.184550
v -0.478817 0.154519 -0.095245
v -0.483689 0.149807 -0.096214
v -0.472973 0.158100 -0.094082
v -0.488195 0.154519 -0.000001
v -0.493163 0.149807 -0.000001
v -0.482237 0.158100 -0.000001
v -0.478814 0.154518 0.095243
v -0.483687 0.149807 0.096213
v -0.472971 0.158100 0.094081
v -0.451031 0.154518 0.186825
v -0.455621 0.149807 0.188726
v -0.445527 0.158100 0.184545
v -0.405919 0.154518 0.271222
v -0.410051 0.149806 0.273983
v -0.400966 0.158100 0.267912
v -0.345198 0.154519 0.345211
v -0.348711 0.149807 0.348724
v -0.340986 0.158100 0.340998
v -0.267919 0.158101 0.400964
v -0.322145 0.170473 0.322158
v -0.378812 0.170473 0.253109
v -0.253116 0.170474 0.378810
v -0.174352 0.170474 0.420914
v -0.420910 0.170473 0.174348
v -0.446839 0.170473 0.088883
v -0.455593 0.170473 -0.000001
v -0.446840 0.170473 -0.088884
v -0.420912 0.170473 -0.174353
v -0.378815 0.170474 -0.253115
v -0.322151 0.170473 -0.322159
v -0.253113 0.170474 -0.378818
v -0.174346 0.170474 -0.420917
v -0.088879 0.170473 -0.446843
v 0.000003 0.170473 -0.455597
v 0.088886 0.170473 -0.446843
v 0.174354 0.170473 -0.420916
v 0.253118 0.170473 -0.378818
v 0.322162 0.170474 -0.322163
v 0.378822 0.170474 -0.253118
v -0.413156 0.144197 0.276057
v -0.415080 0.137964 0.277343
v -0.459071 0.144197 0.190155
v -0.461210 0.137964 0.191041
v -0.487349 0.144197 0.096941
v -0.496897 0.144197 -0.000001
v -0.489621 0.137964 0.097393
v -0.499212 0.137964 -0.000001
v -0.490389 0.131411 0.097546
v -0.490389 0.024974 0.097546
v -0.461935 0.131411 0.191341
v -0.499997 0.131412 -0.000001
v -0.490392 0.131412 -0.097547
v -0.499997 0.024974 -0.000001
v -0.490392 0.024974 -0.097547
v -0.499997 -0.000002 -0.000001
v -0.490392 -0.000002 -0.097547
v -0.151329 -0.000002 -0.000002
v -0.490389 -0.000002 0.097546
v -0.461935 -0.000002 0.191341
v -0.148422 -0.000002 0.029522
v -0.074202 -0.000002 0.014759
v -0.139808 -0.000002 0.057910
v -0.069904 -0.000002 0.028954
v -0.125826 -0.000002 0.084068
v -0.062910 -0.000002 0.042036
v -0.053501 -0.000002 0.053501
v -0.000011 -0.000002 -0.000002
v 0.042026 -0.000002 0.062911
v 0.074214 -0.000002 0.014759
v 0.062904 -0.000002 -0.042040
v 0.014764 -0.000002 -0.074214
v -0.042049 -0.000002 -0.062916
v -0.074210 -0.000002 -0.014764
v 0.053521 -0.000002 0.053501
v 0.075672 -0.000002 -0.000002
v 0.053519 -0.000002 -0.053506
v -0.000012 -0.000002 -0.075668
v -0.053502 -0.000002 -0.053506
v -0.075658 -0.000002 -0.000002
v 0.000003 -0.000002 0.075663
v 0.014762 -0.000002 0.074209
v 0.062909 -0.000002 0.042036
v 0.074215 -0.000002 -0.014764
v 0.042019 -0.000002 -0.062916
v -0.014760 -0.000002 -0.074214
v -0.062918 -0.000002 -0.042040
v 0.028979 -0.000002 0.069904
v 0.069909 -0.000002 0.028954
v 0.069909 -0.000002 -0.028958
v 0.028971 -0.000002 -0.069908
v -0.028916 -0.000002 -0.069908
v -0.069899 -0.000002 -0.028958
v -0.139808 -0.000002 -0.057917
v -0.125829 -0.000002 -0.084075
v -0.148423 -0.000002 -0.029525
v -0.461936 -0.000002 -0.191346
v -0.415736 -0.000001 -0.277784
v -0.461936 0.024974 -0.191346
v -0.415736 0.024974 -0.277784
v -0.461936 0.131412 -0.191346
v -0.461211 0.137964 -0.191046
v -0.415736 0.131412 -0.277784
v -0.415084 0.137964 -0.277348
v -0.353549 0.131412 -0.353558
v -0.277782 0.131412 -0.415740
v -0.353549 0.024974 -0.353558
v -0.352994 0.137964 -0.353003
v -0.351357 0.144197 -0.351366
v -0.277346 0.137964 -0.415087
v -0.276060 0.144198 -0.413162
v -0.191037 0.137964 -0.461217
v -0.191337 0.131412 -0.461942
v -0.190151 0.144198 -0.459078
v -0.097390 0.137964 -0.489625
v 0.000003 0.137964 -0.499217
v -0.097543 0.131411 -0.490394
v -0.096937 0.144197 -0.487353
v 0.000003 0.144197 -0.496901
v 0.096944 0.144197 -0.487353
v 0.097395 0.137964 -0.489625
v 0.190161 0.144197 -0.459076
v 0.191047 0.137964 -0.461216
v 0.276064 0.144197 -0.413162
v 0.191347 0.131411 -0.461941
v 0.191347 0.024974 -0.461940
v 0.097548 0.131411 -0.490394
v 0.000003 0.131411 -0.500001
v 0.097548 0.024974 -0.490394
v 0.097548 -0.000002 -0.490394
v 0.000003 0.024974 -0.500001
v 0.000003 -0.000002 -0.500001
v -0.097543 0.024974 -0.490394
v -0.097542 -0.000002 -0.490394
v -0.191339 0.024974 -0.461942
v -0.191339 -0.000001 -0.461942
v -0.277782 0.024974 -0.415740
v -0.277782 -0.000001 -0.415740
v -0.084074 -0.000002 -0.125831
v -0.353549 -0.000002 -0.353558
v -0.107003 -0.000002 -0.107012
v -0.057912 -0.000002 -0.139813
v -0.029521 -0.000002 -0.148425
v 0.000003 -0.000002 -0.151333
v 0.029527 -0.000002 -0.148425
v 0.057919 -0.000002 -0.139813
v 0.084085 -0.000002 -0.125828
v 0.191347 -0.000002 -0.461940
v 0.277788 -0.000002 -0.415739
v 0.107017 -0.000002 -0.107014
v 0.125826 -0.000002 -0.084090
v 0.139812 -0.000002 -0.057910
v 0.148425 -0.000002 -0.029525
v 0.151335 -0.000002 -0.000002
v 0.490392 -0.000002 -0.097554
v 0.500003 -0.000002 -0.000006
v 0.490395 -0.000002 0.097545
v 0.148427 -0.000002 0.029521
v 0.461940 -0.000002 0.191340
v 0.490395 0.024974 0.097545
v 0.415731 -0.000002 0.277789
v 0.139814 -0.000002 0.057906
v 0.125825 -0.000002 0.084077
v 0.107007 -0.000002 0.107007
v 0.084077 -0.000002 0.125827
v 0.353553 -0.000002 0.353550
v 0.277789 -0.000002 0.415734
v 0.191342 -0.000002 0.461938
v 0.277789 0.024974 0.415734
v 0.191342 0.024974 0.461938
v 0.097549 0.024974 0.490389
v 0.097549 -0.000002 0.490389
v 0.029526 -0.000002 0.148421
v 0.057915 -0.000002 0.139810
v -0.413159 0.144198 -0.276062
v -0.459072 0.144197 -0.190160
v -0.487350 0.144197 -0.096942
v -0.489622 0.137964 -0.097394
v -0.461935 0.024974 0.191341
v 0.413154 0.144197 0.276066
v 0.160260 0.525632 -0.239838
v -0.315916 0.566701 -0.000002
v -0.304804 0.551984 0.060630
v -0.309846 0.566701 0.061632
v -0.287118 0.551984 0.118928
v -0.291867 0.566701 0.120895
v -0.278087 0.539479 0.115187
v -0.258401 0.551984 0.172653
v -0.262676 0.566701 0.175510
v -0.250274 0.539478 0.167222
v -0.219744 0.551984 0.219756
v -0.223380 0.566702 0.223391
v -0.212833 0.539479 0.212844
v -0.167226 0.539479 0.250273
v -0.205985 0.530485 0.205996
v -0.242222 0.530484 0.161842
v -0.161845 0.530485 0.242221
v -0.204708 0.528250 0.204719
v -0.203956 0.525632 0.203967
v -0.160842 0.528250 0.240719
v -0.240720 0.528249 0.160839
v -0.160252 0.525632 0.239835
v -0.110792 0.528250 0.267474
v -0.111483 0.530485 0.269142
v -0.203788 0.522842 0.203800
v -0.262676 0.582181 0.175510
v -0.258401 0.596898 0.172654
v -0.291867 0.582181 0.120895
v -0.309846 0.582181 0.061632
v 0.000003 1.284864 -0.172870
v -0.091514 1.555990 0.220941
v -0.046329 1.553681 0.232919
v -0.046653 1.555990 0.234550
v -0.046212 1.550954 0.232337
v 0.000002 1.553681 0.237482
v 0.046333 1.553681 0.232918
v 0.000002 1.555990 0.239145
v 0.000002 1.550954 0.236888
v 0.000002 1.548220 0.237455
v 0.046218 1.550954 0.232337
v 0.046328 1.548220 0.232892
v 0.090657 1.550954 0.218856
v 0.090884 1.553681 0.219404
v 0.131612 1.550954 0.196965
v 0.090873 1.548220 0.219379
v 0.131942 1.553681 0.197458
v 0.132865 1.555990 0.198841
v 0.167929 1.553681 0.167924
v 0.169105 1.555990 0.169100
v 0.172909 1.560986 0.172904
v 0.198846 1.555990 0.132861
v 0.203319 1.560986 0.135850
v 0.220945 1.555990 0.091516
v 0.225915 1.560986 0.093574
v 0.228584 1.564944 0.094679
v 0.239830 1.560986 0.047703
v 0.242663 1.564944 0.048266
v 0.243752 1.569621 0.048483
v 0.247416 1.564944 -0.000002
v 0.248527 1.569621 -0.000002
v 0.242662 1.564944 -0.048270
v 0.243752 1.569621 -0.048487
v 0.242941 1.574352 -0.048326
v 0.229609 1.569621 -0.095108
v 0.228845 1.574352 -0.094792
v 0.206643 1.569622 -0.138075
v 0.205957 1.574352 -0.137616
v 0.175735 1.569622 -0.175736
v 0.175152 1.574352 -0.175151
v 0.138075 1.569621 -0.206643
v 0.137617 1.574352 -0.205956
v 0.137459 1.564944 -0.205720
v 0.095109 1.569621 -0.229609
v 0.094793 1.574352 -0.228846
v 0.094684 1.564944 -0.228583
v 0.048487 1.569621 -0.243751
v 0.048326 1.574352 -0.242941
v 0.048271 1.564944 -0.242663
v 0.000002 1.569621 -0.248527
v 0.000002 1.574352 -0.247701
v 0.000002 1.564944 -0.247417
v -0.048483 1.569621 -0.243752
v -0.048321 1.574352 -0.242941
v -0.048265 1.564944 -0.242663
v -0.095104 1.569621 -0.229609
v -0.094788 1.574352 -0.228846
v -0.094679 1.564944 -0.228583
v -0.138071 1.569622 -0.206643
v -0.137611 1.574352 -0.205956
v -0.137454 1.564944 -0.205720
v -0.175731 1.569621 -0.175736
v -0.175147 1.574352 -0.175152
v -0.174946 1.564944 -0.174951
v -0.206638 1.569621 -0.138075
v -0.205951 1.574352 -0.137616
v -0.205715 1.564944 -0.137458
v -0.229604 1.569621 -0.095108
v -0.228841 1.574352 -0.094792
v -0.228578 1.564944 -0.094684
v -0.243747 1.569621 -0.048487
v -0.242936 1.574352 -0.048326
v -0.242658 1.564944 -0.048270
v -0.248522 1.569621 -0.000002
v -0.247696 1.574352 -0.000002
v -0.247412 1.564944 -0.000002
v -0.243747 1.569621 0.048482
v -0.242938 1.574352 0.048321
v -0.240342 1.578463 0.047805
v -0.228841 1.574352 0.094788
v -0.226397 1.578463 0.093776
v -0.205952 1.574352 0.137612
v -0.203752 1.578463 0.136142
v -0.236333 1.581370 0.047008
v -0.245051 1.578463 -0.000002
v -0.240342 1.578463 -0.047810
v -0.240962 1.581370 -0.000002
v -0.236332 1.581370 -0.047012
v -0.210911 1.595325 -0.000002
v -0.208654 1.596682 -0.000002
v -0.206857 1.595325 -0.041149
v -0.204644 1.596682 -0.040709
v -0.194856 1.595325 -0.080715
v -0.175365 1.595325 -0.117179
v -0.222620 1.581370 -0.092215
v -0.192771 1.596682 -0.079852
v -0.173489 1.596682 -0.115925
v -0.191032 1.598466 -0.079132
v -0.189727 1.600590 -0.078591
v -0.202799 1.598466 -0.040342
v -0.171925 1.598466 -0.114880
v -0.201413 1.600590 -0.040066
v -0.147540 1.596682 -0.147545
v -0.149135 1.595325 -0.149140
v -0.115921 1.596682 -0.173493
v -0.117175 1.595325 -0.175370
v -0.133871 1.581370 -0.200357
v -0.080711 1.595325 -0.194860
v -0.092210 1.581370 -0.222625
v -0.093775 1.578463 -0.226402
v -0.047007 1.581370 -0.236337
v -0.047805 1.578463 -0.240347
v 0.000002 1.581370 -0.240967
v 0.000002 1.578463 -0.245055
v 0.047810 1.578463 -0.240347
v -0.136142 1.578463 -0.203757
v -0.173277 1.578463 -0.173282
v -0.170385 1.581370 -0.170390
v -0.203752 1.578463 -0.136147
v -0.200352 1.581370 -0.133875
v -0.226398 1.578463 -0.093780
v -0.239826 1.560986 -0.047707
v -0.225911 1.560986 -0.093579
v -0.203314 1.560986 -0.135854
v -0.220940 1.555990 -0.091520
v -0.198840 1.555990 -0.132865
v -0.169099 1.555990 -0.169105
v -0.132861 1.555990 -0.198845
v -0.172904 1.560986 -0.172909
v -0.167924 1.553681 -0.167929
v -0.131937 1.553681 -0.197463
v -0.131607 1.550954 -0.196970
v -0.090879 1.553681 -0.219408
v -0.091515 1.555990 -0.220945
v -0.090652 1.550954 -0.218861
v -0.046329 1.553681 -0.232923
v -0.046653 1.555990 -0.234554
v -0.046212 1.550954 -0.232341
v 0.000002 1.553681 -0.237486
v 0.046333 1.553681 -0.232923
v 0.000002 1.555990 -0.239149
v 0.000002 1.550954 -0.236893
v 0.000002 1.548220 -0.237459
v 0.046218 1.550954 -0.232341
v -0.046324 1.548220 -0.232897
v 0.046658 1.555990 -0.234554
v 0.000002 1.560986 -0.244529
v -0.047703 1.560986 -0.239830
v 0.047707 1.560986 -0.239830
v 0.093579 1.560986 -0.225915
v 0.091521 1.555990 -0.220945
v -0.093574 1.560986 -0.225915
v -0.135849 1.560986 -0.203319
v 0.203757 1.578463 -0.136147
v 0.226402 1.578462 -0.093780
v 0.240347 1.578462 -0.047810
v 0.236337 1.581370 -0.047012
v 0.245056 1.578463 -0.000002
v 0.240347 1.578463 0.047805
v 0.240968 1.581370 -0.000002
v 0.247702 1.574352 -0.000002
v 0.242941 1.574352 0.048322
v 0.228846 1.574352 0.094788
v 0.229609 1.569621 0.095104
v 0.206642 1.569621 0.138071
v 0.205720 1.564944 0.137454
v 0.174951 1.564944 0.174946
v 0.137459 1.564944 0.205715
v 0.094684 1.564944 0.228579
v 0.135855 1.560986 0.203314
v 0.093579 1.560986 0.225911
v 0.047707 1.560986 0.239825
v 0.091520 1.555990 0.220940
v 0.046658 1.555990 0.234549
v 0.048271 1.564944 0.242658
v 0.000002 1.560986 0.244524
v 0.000002 1.564944 0.247413
v -0.047703 1.560986 0.239826
v -0.048265 1.564944 0.242659
v -0.093573 1.560986 0.225911
v 0.210915 1.595325 -0.000002
v 0.046649 1.545893 0.234501
v 0.078142 1.605432 0.188642
v 0.078142 1.616994 0.188642
v 0.078220 1.619422 0.188832
v -0.188641 1.605432 0.078137
v -0.170020 1.602950 0.113603
v -0.169773 1.605432 0.113438
v -0.170749 1.600590 0.114090
v -0.144589 1.602950 0.144590
v -0.144380 1.605432 0.144380
v -0.145210 1.600590 0.145210
v -0.113603 1.602950 0.170020
v -0.113438 1.605432 0.169773
v -0.114090 1.600590 0.170749
v -0.078249 1.602951 0.188917
v -0.078136 1.605432 0.188642
v -0.078585 1.600590 0.189727
v -0.114876 1.598466 0.171925
v -0.146209 1.598466 0.146210
v 0.000002 1.627971 -0.209085
v 0.000002 1.638075 -0.219964
v 0.040793 1.627971 -0.205067
v 0.042915 1.638075 -0.215737
v 0.080015 1.627971 -0.193169
v 0.116162 1.627971 -0.173848
v 0.084178 1.638075 -0.203220
v 0.122207 1.638075 -0.182894
v 0.155539 1.638075 -0.155538
v 0.147846 1.627971 -0.147846
v 0.182894 1.638075 -0.122206
v 0.173849 1.627971 -0.116162
v 0.203220 1.638075 -0.084178
v 0.215738 1.638075 -0.042914
v 0.193170 1.627971 -0.080015
v 0.205067 1.627971 -0.040792
v 0.209085 1.627971 -0.000002
v 0.219964 1.638075 -0.000002
v 0.205067 1.627971 0.040788
v 0.215738 1.638075 0.042910
v 0.193170 1.627971 0.080010
v 0.173848 1.627971 0.116158
v 0.203220 1.638075 0.084173
v 0.147846 1.627971 0.147842
v 0.116162 1.627971 0.173844
vn -0.0000 -0.1809 0.9835
vn 0.1918 -0.1810 0.9646
vn 0.1956 0.0109 0.9806
vn -0.0000 0.0001 1.0000
vn 0.3764 -0.1811 0.9086
vn 0.3826 0.0206 0.9237
vn 0.1915 -0.1901 0.9629
vn 0.3757 -0.1901 0.9070
vn -0.0000 -0.1901 0.9818
vn 0.2604 0.7327 0.6287
vn 0.1328 0.7327 0.6674
vn 0.1372 0.7109 0.6897
vn 0.2691 0.7110 0.6497
vn -0.0000 0.7327 0.6805
vn -0.0000 0.7109 0.7032
vn 0.1717 0.4750 0.8631
vn -0.0000 0.4753 0.8798
vn 0.3366 0.4756 0.8127
vn 0.3781 0.7327 0.5658
vn 0.3907 0.7110 0.5847
vn 0.4887 0.4756 0.7314
vn 0.3774 0.1656 0.9111
vn 0.5478 0.1661 0.8199
vn 0.1924 0.1656 0.9673
vn 0.3774 -0.1656 0.9111
vn 0.5479 -0.1656 0.8200
vn 0.1924 -0.1655 0.9673
vn -0.0000 0.1656 0.9862
vn -0.0000 -0.1655 0.9862
vn -0.1924 0.1656 0.9673
vn -0.1924 -0.1659 0.9672
vn -0.1716 0.4756 0.8628
vn -0.1372 0.7110 0.6897
vn -0.2691 0.7110 0.6497
vn -0.3366 0.4756 0.8127
vn -0.3774 0.1656 0.9111
vn -0.3907 0.7110 0.5847
vn -0.4888 0.4754 0.7315
vn -0.5479 0.1660 0.8199
vn -0.4973 0.7110 0.4972
vn -0.6222 0.4750 0.6222
vn -0.6973 0.1656 0.6973
vn -0.7317 0.4750 0.4889
vn -0.8200 0.1655 0.5479
vn -0.5847 0.7110 0.3907
vn -0.6973 -0.1656 0.6974
vn -0.5479 -0.1656 0.8200
vn -0.8200 -0.1655 0.5479
vn -0.8128 0.4754 0.3367
vn -0.9111 0.1660 0.3774
vn -0.9111 -0.1655 0.3774
vn -0.8631 0.4750 0.1717
vn -0.9673 0.1655 0.1924
vn -0.9673 -0.1655 0.1924
vn -0.8800 0.4750 -0.0000
vn -0.9862 0.1655 -0.0000
vn -0.9861 -0.1660 -0.0000
vn -0.8800 -0.4750 -0.0000
vn -0.8629 -0.4754 0.1716
vn -0.8128 -0.4754 0.3367
vn -0.6967 -0.7038 0.1386
vn -0.6563 -0.7038 0.2718
vn -0.7104 -0.7038 -0.0000
vn -0.9673 -0.1655 -0.1924
vn -0.8631 -0.4750 -0.1717
vn -0.6967 -0.7038 -0.1386
vn -0.9111 -0.1655 -0.3774
vn -0.8127 -0.4757 -0.3366
vn -0.6563 -0.7038 -0.2718
vn -0.8200 -0.1655 -0.5479
vn -0.7315 -0.4754 -0.4888
vn -0.5906 -0.7039 -0.3947
vn -0.5721 -0.7257 -0.3823
vn -0.6357 -0.7257 -0.2633
vn -0.6748 -0.7257 -0.1342
vn -0.6532 -0.6187 -0.4365
vn -0.7259 -0.6186 -0.3007
vn -0.7705 -0.6187 -0.1533
vn -0.7856 -0.6187 -0.0000
vn -0.6880 -0.7257 -0.0000
vn -0.7707 -0.6185 0.1533
vn -0.6748 -0.7257 0.1342
vn -0.7260 -0.6185 0.3007
vn -0.6357 -0.7257 0.2633
vn -0.6532 -0.6187 0.4365
vn -0.5721 -0.7257 0.3823
vn -0.5906 -0.7038 0.3946
vn -0.5556 -0.6186 0.5556
vn -0.4865 -0.7256 0.4865
vn -0.5023 -0.7038 0.5023
vn -0.4365 -0.6186 0.6533
vn -0.3823 -0.7257 0.5721
vn -0.3946 -0.7038 0.5906
vn -0.3006 -0.6188 0.7257
vn -0.2633 -0.7257 0.6357
vn -0.2718 -0.7038 0.6563
vn -0.1533 -0.6186 0.7706
vn -0.1342 -0.7256 0.6748
vn -0.1386 -0.7038 0.6967
vn -0.0000 -0.6186 0.7857
vn -0.0000 -0.7257 0.6880
vn -0.0000 -0.7038 0.7104
vn 0.1533 -0.6186 0.7706
vn 0.1342 -0.7257 0.6748
vn 0.1386 -0.7038 0.6967
vn 0.3006 -0.6189 0.7257
vn 0.2633 -0.7257 0.6357
vn 0.2718 -0.7038 0.6563
vn 0.3368 -0.4750 0.8130
vn 0.1716 -0.4754 0.8629
vn -0.0000 -0.4750 0.8800
vn -0.1717 -0.4750 0.8631
vn -0.3774 -0.1656 0.9111
vn -0.3368 -0.4750 0.8130
vn -0.4887 -0.4757 0.7313
vn -0.6222 -0.4750 0.6222
vn -0.7315 -0.4754 0.4888
vn 0.4888 -0.4755 0.7315
vn 0.3946 -0.7038 0.5907
vn 0.6222 -0.4750 0.6222
vn 0.6974 -0.1656 0.6973
vn 0.5023 -0.7038 0.5023
vn 0.7315 -0.4753 0.4888
vn 0.8200 -0.1655 0.5479
vn 0.5906 -0.7039 0.3946
vn 0.6563 -0.7038 0.2718
vn 0.8128 -0.4753 0.3367
vn 0.9111 -0.1659 0.3774
vn 0.6973 0.1656 0.6973
vn 0.8200 0.1656 0.5479
vn 0.9110 0.1662 0.3774
vn 0.9672 -0.1661 0.1924
vn 0.9672 0.1656 0.1924
vn 0.8631 -0.4750 0.1717
vn 0.9862 -0.1656 -0.0000
vn 0.9862 0.1656 -0.0000
vn 0.8797 -0.4755 -0.0000
vn 0.9672 -0.1660 -0.1924
vn 0.9672 0.1656 -0.1924
vn 0.8631 -0.4750 -0.1717
vn 0.9111 -0.1656 -0.3774
vn 0.9111 0.1656 -0.3774
vn 0.8130 -0.4750 -0.3368
vn 0.8200 -0.1656 -0.5479
vn 0.8200 0.1656 -0.5479
vn 0.7315 -0.4753 -0.4888
vn 0.6973 -0.1655 -0.6974
vn 0.6973 0.1655 -0.6974
vn 0.6222 -0.4750 -0.6222
vn 0.5479 -0.1655 -0.8200
vn 0.5479 0.1655 -0.8200
vn 0.4889 -0.4750 -0.7317
vn 0.3774 -0.1655 -0.9111
vn 0.3774 0.1655 -0.9111
vn 0.3367 -0.4754 -0.8128
vn 0.1924 -0.1659 -0.9672
vn 0.1924 0.1659 -0.9672
vn 0.1717 -0.4750 -0.8631
vn -0.0000 -0.1656 -0.9862
vn -0.0000 0.1656 -0.9862
vn -0.0000 -0.4756 -0.8797
vn -0.1924 -0.1655 -0.9673
vn -0.1924 0.1655 -0.9673
vn -0.1716 -0.4754 -0.8629
vn -0.3774 -0.1655 -0.9111
vn -0.3774 0.1655 -0.9111
vn -0.3368 -0.4750 -0.8130
vn -0.5479 -0.1655 -0.8200
vn -0.5479 0.1655 -0.8200
vn -0.4887 -0.4756 -0.7314
vn -0.6973 -0.1660 -0.6973
vn -0.6974 0.1655 -0.6974
vn -0.6220 -0.4756 -0.6220
vn -0.8200 0.1655 -0.5479
vn -0.9111 0.1655 -0.3774
vn -0.6222 0.4750 -0.6222
vn -0.7314 0.4757 -0.4887
vn -0.8127 0.4757 -0.3366
vn -0.9672 0.1659 -0.1924
vn -0.8631 0.4750 -0.1717
vn -0.6897 0.7110 -0.1372
vn -0.7032 0.7109 -0.0000
vn -0.6497 0.7110 -0.2691
vn -0.6897 0.7110 0.1372
vn -0.6805 0.7327 -0.0000
vn -0.6675 0.7327 -0.1328
vn -0.6674 0.7327 0.1328
vn -0.6287 0.7327 0.2604
vn -0.6497 0.7110 0.2691
vn -0.5658 0.7327 0.3781
vn -0.8177 -0.1810 0.5465
vn -0.9086 -0.1811 0.3764
vn -0.9070 -0.1901 0.3757
vn -0.8163 -0.1901 0.5454
vn -0.9646 -0.1810 0.1919
vn -0.9629 -0.1901 0.1915
vn -0.6954 -0.1809 0.6955
vn -0.6942 -0.1901 0.6942
vn -0.4812 0.7327 0.4812
vn -0.5464 -0.1810 0.8177
vn -0.5454 -0.1901 0.8163
vn -0.3781 0.7327 0.5658
vn -0.2604 0.7327 0.6287
vn -0.3764 -0.1811 0.9086
vn -0.3757 -0.1901 0.9070
vn -0.5551 0.0109 0.8317
vn -0.7071 0.0001 0.7071
vn -0.3826 0.0207 0.9237
vn -0.1918 -0.1810 0.9646
vn -0.1956 0.0109 0.9806
vn -0.1915 -0.1901 0.9629
vn -0.1328 0.7327 0.6674
vn -0.2093 0.0676 0.9755
vn -0.0000 0.0006 1.0000
vn -0.3794 0.1308 0.9159
vn -0.2335 0.1333 0.9632
vn -0.0000 0.0014 1.0000
vn -0.3696 0.2589 0.8924
vn -0.5418 0.0676 0.8378
vn -0.5159 0.1334 0.8462
vn -0.4882 0.0226 0.8725
vn -0.3823 0.0425 0.9231
vn -0.2717 0.0226 0.9621
vn -0.2028 0.8486 0.4886
vn -0.2055 0.0863 0.9748
vn -0.5440 0.0865 0.8346
vn -0.7071 0.0006 0.7071
vn -0.7071 0.0014 0.7071
vn -0.6856 -0.2450 0.6856
vn -0.8725 0.0226 0.4882
vn -0.8462 0.1334 0.5159
vn -0.8346 0.0862 0.5440
vn -0.6763 -0.2919 0.6763
vn -0.7741 -0.2942 0.5605
vn -0.5605 -0.2942 0.7741
vn -0.7485 -0.0939 0.6564
vn -0.7065 -0.0414 0.7065
vn -0.6564 -0.0938 0.7485
vn 0.8115 0.1123 0.5735
vn 0.8313 0.0025 0.5558
vn 0.8315 0.0015 0.5556
vn 0.8138 0.1017 0.5721
vn 0.8317 -0.0001 0.5553
vn 0.6197 0.4815 -0.6198
vn 0.5606 0.6093 -0.5608
vn 0.6898 0.5752 -0.4397
vn 0.6429 0.4777 -0.5988
vn 0.6411 0.4755 -0.6024
vn 0.6220 0.4757 -0.6220
vn 0.1501 0.9772 -0.1501
vn 0.1180 0.9772 -0.1766
vn 0.1094 0.9804 -0.1638
vn 0.1392 0.9804 -0.1393
vn 0.0813 0.9772 -0.1962
vn 0.0754 0.9804 -0.1820
vn -0.0521 0.9907 0.1257
vn -0.0267 0.9903 0.1362
vn 0.0415 0.9772 -0.2084
vn 0.0384 0.9804 -0.1933
vn -0.0775 0.9903 0.1152
vn -0.0000 0.9772 -0.2125
vn -0.0000 0.9804 -0.1971
vn -0.0000 0.4760 -0.8795
vn -0.0275 0.4758 -0.8791
vn -0.0313 0.4780 -0.8778
vn -0.0001 0.4817 -0.8763
vn -0.9809 0.0001 -0.1947
vn -0.9810 0.0027 -0.1941
vn -0.9809 0.0016 -0.1944
vn -0.0000 -0.2450 0.9695
vn -0.0000 -0.2919 0.9565
vn -0.1511 -0.2942 0.9437
vn -0.0000 0.0013 1.0000
vn 0.2717 0.0227 0.9621
vn 0.2055 0.0867 0.9748
vn 0.1510 -0.2942 0.9437
vn -0.0652 -0.0938 0.9935
vn -0.0000 -0.0415 0.9991
vn 0.0652 -0.0938 0.9935
vn 0.9793 0.1122 -0.1683
vn 0.9808 0.0025 -0.1949
vn 0.9808 0.0014 -0.1951
vn 0.9800 0.1017 -0.1709
vn 0.9807 -0.0001 -0.1955
vn -0.0002 0.6093 -0.7930
vn 0.1768 0.5752 -0.7986
vn 0.0313 0.4779 -0.8778
vn 0.0275 0.4758 -0.8791
vn -0.1771 0.5756 -0.7984
vn -0.0003 0.6988 -0.7154
vn 0.2289 0.6562 -0.7190
vn -0.2295 0.6569 -0.7183
vn -0.9793 0.1128 -0.1682
vn -0.9640 0.2268 -0.1387
vn -0.9651 0.2213 -0.1402
vn -0.9800 0.1021 -0.1709
vn -0.9342 0.3406 -0.1065
vn -0.9347 0.3391 -0.1069
vn -0.2893 0.7473 -0.5982
vn -0.2765 0.7282 -0.6271
vn -0.8897 0.4507 -0.0725
vn -0.8891 0.4520 -0.0721
vn -0.3290 0.8041 -0.4953
vn -0.3178 0.7884 -0.5267
vn 0.2881 0.7462 -0.6002
vn 0.2756 0.7274 -0.6284
vn 0.3277 0.8034 -0.4971
vn 0.3169 0.7880 -0.5278
vn 0.9347 0.3391 -0.1066
vn 0.9642 0.2258 -0.1388
vn 0.9653 0.2203 -0.1403
vn 0.9352 0.3376 -0.1071
vn 0.8906 0.4490 -0.0724
vn 0.8900 0.4503 -0.0720
vn 0.3603 0.8478 -0.3891
vn 0.3514 0.8360 -0.4214
vn 0.8326 0.5528 -0.0363
vn 0.8308 0.5554 -0.0353
vn 0.3854 0.8802 -0.2770
vn 0.5565 0.8097 -0.1864
vn 0.7616 0.6481 0.0029
vn 0.4025 0.9008 -0.1628
vn 0.5057 0.8556 -0.1100
vn 0.5107 0.8039 0.3049
vn 0.4728 0.8523 0.2236
vn 0.4578 0.8887 -0.0255
vn 0.4110 0.9104 -0.0476
vn -0.4034 0.9006 -0.1619
vn -0.3865 0.8802 -0.2755
vn -0.5562 0.8100 -0.1857
vn -0.5055 0.8558 -0.1098
vn -0.4113 0.9103 -0.0474
vn -0.4575 0.8889 -0.0254
vn -0.7606 0.6492 0.0021
vn -0.5105 0.8041 0.3047
vn -0.4728 0.8524 0.2236
vn -0.3816 0.7261 0.5720
vn -0.3937 0.7548 0.5246
vn -0.4238 0.8266 0.3704
vn -0.4409 0.8704 0.2191
vn 0.4409 0.8704 0.2191
vn 0.4238 0.8266 0.3704
vn 0.3937 0.7548 0.5247
vn 0.3817 0.7262 0.5718
vn 0.3507 0.6502 0.6740
vn 0.3333 0.6075 0.7210
vn -0.3333 0.6075 0.7210
vn -0.3507 0.6502 0.6740
vn -0.2734 0.4558 0.8470
vn -0.2952 0.5111 0.8072
vn 0.2953 0.5113 0.8071
vn 0.2734 0.4558 0.8470
vn -0.2056 0.2791 0.9380
vn -0.0000 0.3513 0.9363
vn 0.2056 0.2792 0.9380
vn -0.0000 0.1546 0.9880
vn 0.1346 0.0911 0.9867
vn -0.1346 0.0910 0.9867
vn -0.8316 0.5542 -0.0367
vn -0.8298 0.5569 -0.0357
vn -0.3616 0.8482 -0.3870
vn -0.3527 0.8364 -0.4195
vn -0.4481 0.8668 0.2185
vn -0.4462 0.8679 0.2184
vn 0.4464 0.8684 0.2158
vn 0.4482 0.8670 0.2176
vn 0.4317 0.8925 0.1306
vn 0.4317 0.8868 0.1652
vn -0.4311 0.8868 0.1665
vn -0.4315 0.8920 0.1349
vn -0.0415 0.9771 -0.2085
vn -0.0385 0.9804 -0.1933
vn -0.0814 0.9771 -0.1964
vn -0.0755 0.9804 -0.1822
vn 0.2021 0.8487 0.4887
vn 0.0521 0.9907 0.1257
vn 0.0774 0.9903 0.1151
vn -0.1181 0.9771 -0.1768
vn -0.1096 0.9804 -0.1640
vn 0.5440 0.0865 0.8346
vn 0.0266 0.9903 0.1362
vn 0.3824 0.0425 0.9230
vn 0.4882 0.0226 0.8725
vn 0.7071 0.0013 0.7071
vn 0.6856 -0.2450 0.6856
vn 0.6763 -0.2919 0.6763
vn 0.5605 -0.2942 0.7741
vn -0.8313 0.0001 0.5559
vn -0.8310 0.0027 0.5563
vn -0.8311 0.0016 0.5561
vn -0.8114 0.1128 0.5735
vn -0.8138 0.1022 0.5721
vn 0.6564 -0.0938 0.7486
vn 0.7065 -0.0414 0.7065
vn -0.6218 0.4762 -0.6218
vn -0.6410 0.4761 -0.6020
vn -0.6428 0.4782 -0.5984
vn -0.6196 0.4820 -0.6195
vn -0.5608 0.6093 -0.5606
vn -0.6897 0.5756 -0.4393
vn -0.5061 0.6988 -0.5056
vn -0.6701 0.6569 -0.3456
vn -0.7797 0.2268 0.5836
vn -0.7815 0.2214 0.5833
vn -0.7359 0.3406 0.5852
vn -0.7365 0.3392 0.5852
vn -0.6276 0.7473 -0.2184
vn -0.6388 0.7284 -0.2476
vn 0.6025 0.0911 0.7929
vn 0.6986 0.1547 0.6986
vn 0.5179 0.2791 0.8086
vn 0.6621 0.3512 0.6621
vn 0.7929 0.0909 0.6026
vn 0.8086 0.2792 0.5179
vn 0.7486 -0.0937 0.6564
vn 0.5856 0.3391 -0.7363
vn 0.5837 0.2258 -0.7800
vn 0.5834 0.2203 -0.7818
vn 0.5856 0.3377 -0.7369
vn 0.5735 0.1122 -0.8115
vn 0.5721 0.1017 -0.8138
vn -0.2201 0.7465 -0.6279
vn -0.2491 0.7277 -0.6391
vn -0.3465 0.6562 -0.6703
vn -0.4397 0.5752 -0.6898
vn -0.5984 0.4782 -0.6428
vn 0.5559 0.0026 -0.8312
vn 0.5557 0.0014 -0.8314
vn -0.6020 0.4761 -0.6410
vn 0.5554 -0.0001 -0.8316
vn -0.1504 0.9771 -0.1504
vn -0.1769 0.9771 -0.1182
vn -0.1640 0.9804 -0.1096
vn -0.1395 0.9804 -0.1395
vn -0.1966 0.9771 -0.0814
vn -0.1823 0.9803 -0.0755
vn 0.8346 0.0868 0.5440
vn 0.4884 0.8488 0.2024
vn 0.1256 0.9907 0.0520
vn 0.1361 0.9903 0.0266
vn 0.8724 0.0227 0.4882
vn 0.9230 0.0425 0.3823
vn 0.7741 -0.2942 0.5605
vn 0.9748 0.0867 0.2055
vn 0.1150 0.9903 0.0774
vn 0.9621 0.0226 0.2717
vn -0.1950 -0.0000 0.9808
vn -0.1944 0.0026 0.9809
vn -0.1947 0.0015 0.9809
vn 0.9695 -0.2450 -0.0001
vn 0.9564 -0.2919 -0.0000
vn 0.9437 -0.2942 0.1511
vn 1.0000 0.0013 -0.0000
vn 0.9621 0.0227 -0.2717
vn 0.9748 0.0867 -0.2055
vn 0.9437 -0.2942 -0.1511
vn 0.9230 0.0425 -0.3824
vn 0.4884 0.8488 -0.2024
vn 0.1256 0.9907 -0.0520
vn 0.1150 0.9903 -0.0774
vn -0.1950 -0.0000 -0.9808
vn -0.1947 0.0015 -0.9809
vn -0.1944 0.0026 -0.9809
vn 1.0000 0.0014 -0.0000
vn 0.9633 0.1330 -0.2333
vn 0.8924 0.2589 -0.3696
vn 0.8462 0.1335 -0.5158
vn 0.8725 0.0226 -0.4882
vn 0.8346 0.0868 -0.5440
vn 0.7071 0.0014 -0.7071
vn 0.7071 0.0013 -0.7071
vn 0.6856 -0.2450 -0.6855
vn 0.5159 0.1334 -0.8462
vn 0.4882 0.0227 -0.8725
vn 0.5440 0.0865 -0.8346
vn 0.3696 0.2589 -0.8924
vn 0.3823 0.0425 -0.9230
vn 0.2021 0.8487 -0.4887
vn 0.2717 0.0226 -0.9621
vn 0.2055 0.0867 -0.9748
vn 0.2333 0.1330 -0.9633
vn 0.5419 0.0676 -0.8377
vn 0.3794 0.1308 -0.9159
vn 0.2089 0.0674 -0.9756
vn -0.0000 0.0006 -1.0000
vn -0.0000 0.0014 -1.0000
vn -0.0000 0.0013 -1.0000
vn -0.2092 0.0676 -0.9755
vn -0.2333 0.1330 -0.9633
vn -0.2717 0.0226 -0.9621
vn -0.3794 0.1309 -0.9159
vn -0.3696 0.2589 -0.8924
vn -0.3823 0.0425 -0.9230
vn -0.5418 0.0676 -0.8378
vn -0.5160 0.1333 -0.8462
vn -0.4882 0.0227 -0.8725
vn -0.7071 0.0014 -0.7071
vn -0.7071 0.0013 -0.7071
vn -0.7071 0.0006 -0.7071
vn -0.3826 0.0206 -0.9237
vn -0.5551 0.0109 -0.8317
vn -0.7071 0.0001 -0.7071
vn -0.8317 0.0109 -0.5551
vn -0.8376 0.0674 -0.5422
vn -0.8461 0.1330 -0.5162
vn -0.9238 0.0206 -0.3824
vn -0.9158 0.1315 -0.3795
vn -0.8920 0.2602 -0.3697
vn -0.9806 0.0111 -0.1957
vn -0.9753 0.0692 -0.2097
vn -0.9626 0.1364 -0.2342
vn -1.0000 0.0002 -0.0000
vn -1.0000 0.0012 -0.0001
vn -1.0000 0.0026 -0.0003
vn -0.9756 0.0675 0.2089
vn -0.9633 0.1330 0.2333
vn -0.9806 0.0109 0.1956
vn -0.9835 -0.1808 -0.0000
vn -0.9646 -0.1809 -0.1918
vn -0.9237 0.0207 0.3826
vn -0.9159 0.1308 0.3794
vn -0.8317 0.0109 0.5550
vn -0.8376 0.0675 0.5422
vn -0.8924 0.2589 0.3696
vn -0.9230 0.0425 0.3823
vn -0.9621 0.0226 0.2717
vn -1.0000 0.0020 -0.0004
vn -0.9695 -0.2450 -0.0009
vn -0.9748 0.0863 0.2055
vn -0.4890 0.8485 0.2024
vn -0.1258 0.9907 0.0521
vn -0.1152 0.9903 0.0775
vn 0.1952 -0.0000 0.9808
vn 0.1948 0.0015 0.9808
vn 0.1946 0.0026 0.9809
vn -0.9437 -0.2942 0.1510
vn -0.9563 -0.2923 -0.0003
vn -0.9728 0.1055 -0.2061
vn -0.9622 0.0241 -0.2713
vn -0.9433 -0.2949 -0.1527
vn 0.2297 -0.0000 -0.9733
vn 0.2283 0.0021 -0.9736
vn 0.2288 0.0013 -0.9735
vn -0.4860 0.8511 -0.1988
vn -0.9234 0.0435 -0.3815
vn -0.1124 0.9910 -0.0734
vn -0.1246 0.9910 -0.0496
vn -0.8346 0.0862 -0.5440
vn -0.8725 0.0226 -0.4882
vn -0.6856 -0.2450 -0.6856
vn -0.5440 0.0865 -0.8346
vn -0.6763 -0.2919 -0.6763
vn -0.5605 -0.2942 -0.7741
vn -0.7741 -0.2942 -0.5605
vn -0.6564 -0.0939 -0.7485
vn -0.7065 -0.0414 -0.7065
vn -0.7485 -0.0938 -0.6564
vn -0.5735 0.1122 0.8115
vn -0.5563 0.0027 0.8310
vn -0.5561 0.0016 0.8311
vn -0.5721 0.1018 0.8138
vn -0.5558 0.0001 0.8313
vn 0.6198 0.4815 0.6197
vn 0.5608 0.6093 0.5606
vn 0.4397 0.5752 0.6898
vn 0.5988 0.4777 0.6429
vn 0.6023 0.4756 0.6411
vn 0.6220 0.4757 0.6220
vn 0.1501 0.9772 0.1501
vn 0.1765 0.9772 0.1179
vn 0.1637 0.9804 0.1094
vn 0.1392 0.9804 0.1393
vn 0.1871 0.9773 0.0993
vn 0.1736 0.9804 0.0934
vn -0.1362 0.9903 -0.0267
vn 0.1965 0.9797 0.0382
vn 0.1816 0.9827 0.0371
vn 0.0041 1.0000 0.0028
vn -0.0034 0.9998 0.0199
vn -0.0082 1.0000 -0.0013
vn -0.2690 0.9590 -0.0890
vn -0.2866 0.9564 -0.0567
vn -0.2346 0.9594 -0.1567
vn 0.0035 1.0000 0.0035
vn -0.1995 0.9594 -0.1995
vn 0.0028 1.0000 0.0041
vn 0.1094 0.9804 0.1638
vn -0.1567 0.9594 -0.2346
vn 0.0019 1.0000 0.0046
vn 0.0754 0.9804 0.1820
vn -0.1080 0.9594 -0.2606
vn 0.0010 1.0000 0.0049
vn 0.0384 0.9804 0.1933
vn -0.0550 0.9594 -0.2767
vn -0.0000 1.0000 0.0050
vn -0.0000 0.9804 0.1971
vn -0.0000 0.9594 -0.2821
vn -0.0010 1.0000 0.0048
vn -0.0385 0.9804 0.1933
vn 0.0550 0.9594 -0.2767
vn -0.0019 1.0000 0.0046
vn -0.0755 0.9804 0.1822
vn 0.1080 0.9594 -0.2606
vn 0.1079 0.8332 -0.5423
vn -0.0000 0.8332 -0.5529
vn 0.2116 0.8332 -0.5108
vn 0.1567 0.9594 -0.2346
vn -0.0028 1.0000 0.0041
vn 0.3072 0.8332 -0.4597
vn 0.1995 0.9594 -0.1995
vn -0.0035 1.0000 0.0035
vn 0.3910 0.8332 -0.3910
vn 0.2346 0.9594 -0.1567
vn -0.0041 1.0000 0.0028
vn 0.4597 0.8332 -0.3072
vn 0.2606 0.9594 -0.1080
vn -0.0046 1.0000 0.0019
vn 0.5108 0.8332 -0.2116
vn 0.2767 0.9594 -0.0550
vn -0.0049 1.0000 0.0010
vn 0.5423 0.8332 -0.1079
vn 0.2821 0.9594 -0.0000
vn -0.0050 1.0000 -0.0000
vn 0.5529 0.8332 -0.0000
vn 0.2767 0.9594 0.0550
vn -0.0049 1.0000 -0.0010
vn 0.5423 0.8332 0.1079
vn 0.7735 0.6338 -0.0000
vn 0.7586 0.6338 -0.1509
vn 0.7586 0.6338 0.1509
vn 0.5108 0.8332 0.2116
vn 0.2606 0.9594 0.1080
vn 0.7146 0.6338 0.2960
vn 0.4597 0.8332 0.3072
vn 0.2346 0.9594 0.1567
vn 0.6431 0.6338 0.4297
vn 0.3910 0.8332 0.3910
vn 0.1995 0.9594 0.1995
vn 0.5469 0.6339 0.5469
vn 0.3072 0.8332 0.4597
vn 0.1567 0.9594 0.2346
vn 0.4297 0.6339 0.6431
vn 0.2116 0.8332 0.5108
vn 0.1080 0.9594 0.2606
vn 0.2960 0.6338 0.7146
vn 0.1079 0.8332 0.5423
vn 0.0550 0.9594 0.2767
vn 0.1509 0.6338 0.7586
vn -0.0000 0.8332 0.5529
vn -0.0000 0.9594 0.2821
vn -0.0000 0.6338 0.7735
vn 0.1839 0.3337 0.9246
vn -0.0000 0.3337 0.9427
vn 0.3607 0.3337 0.8709
vn 0.3788 0.1417 0.9146
vn 0.1931 0.1417 0.9709
vn -0.0000 0.1417 0.9899
vn 0.5500 0.1417 0.8231
vn 0.5237 0.3337 0.7838
vn 0.7000 0.1417 0.7000
vn 0.6666 0.3337 0.6666
vn 0.8231 0.1417 0.5500
vn 0.7838 0.3337 0.5237
vn 0.8709 0.3337 0.3608
vn 0.9146 0.1417 0.3788
vn 0.9141 0.1451 0.3786
vn 0.8227 0.1451 0.5497
vn 0.6996 0.1450 0.6996
vn 0.6962 0.1746 0.6963
vn 0.8188 0.1741 0.5471
vn 0.9097 0.1744 0.3768
vn 0.5497 0.1451 0.8227
vn 0.5470 0.1747 0.8187
vn 0.7050 0.0770 0.7050
vn 0.8290 0.0769 0.5539
vn 0.5539 0.0770 0.8290
vn 0.3768 0.1746 0.9097
vn 0.3786 0.1451 0.9141
vn 0.3815 0.0769 0.9211
vn 0.7061 0.0545 0.7061
vn 0.5547 0.0546 0.8302
vn 0.3821 0.0546 0.9225
vn 0.5448 0.1962 0.8153
vn 0.6934 0.1962 0.6934
vn 0.3752 0.1963 0.9059
vn 0.8302 0.0545 0.5548
vn 0.8153 0.1962 0.5448
vn 0.9225 0.0545 0.3821
vn 0.9059 0.1962 0.3753
vn 0.9211 0.0769 0.3815
vn 0.9779 0.0770 0.1945
vn 0.9793 0.0546 0.1948
vn 0.9657 0.1746 0.1921
vn 0.9970 0.0769 -0.0000
vn 0.9985 0.0545 -0.0000
vn 0.9847 0.1741 -0.0000
vn 0.9658 0.1741 -0.1921
vn 0.9779 0.0769 -0.1945
vn 0.9793 0.0545 -0.1948
vn 0.9097 0.1747 -0.3768
vn 0.9211 0.0769 -0.3815
vn 0.9225 0.0545 -0.3821
vn 0.9617 0.1962 -0.1913
vn 0.9059 0.1961 -0.3753
vn 0.9806 0.1961 -0.0000
vn 0.8302 0.0546 -0.5548
vn 0.8153 0.1961 -0.5448
vn 0.8290 0.0769 -0.5539
vn 0.7061 0.0546 -0.7061
vn 0.6934 0.1962 -0.6934
vn 0.7050 0.0770 -0.7050
vn 0.8187 0.1744 -0.5470
vn 0.6962 0.1747 -0.6962
vn 0.9141 0.1450 -0.3786
vn 0.8227 0.1450 -0.5497
vn 0.6996 0.1450 -0.6996
vn 0.8231 0.1417 -0.5500
vn 0.7000 0.1417 -0.7000
vn 0.9146 0.1417 -0.3788
vn 0.9704 0.1450 -0.1930
vn 0.9709 0.1417 -0.1931
vn 0.9894 0.1450 -0.0000
vn 0.9899 0.1417 -0.0000
vn 0.9704 0.1450 0.1931
vn 0.9709 0.1417 0.1931
vn 0.9246 0.3337 0.1839
vn 0.9427 0.3337 -0.0000
vn 0.9246 0.3337 -0.1839
vn 0.8709 0.3337 -0.3608
vn 0.7146 0.6338 -0.2960
vn 0.7838 0.3337 -0.5237
vn 0.6431 0.6338 -0.4297
vn 0.5469 0.6338 -0.5469
vn 0.6666 0.3337 -0.6666
vn 0.4297 0.6338 -0.6431
vn 0.5237 0.3337 -0.7838
vn 0.5500 0.1417 -0.8231
vn 0.3607 0.3337 -0.8709
vn 0.2960 0.6338 -0.7146
vn 0.3788 0.1417 -0.9146
vn 0.3786 0.1450 -0.9141
vn 0.5497 0.1450 -0.8227
vn 0.5470 0.1746 -0.8187
vn 0.3768 0.1746 -0.9097
vn 0.1930 0.1450 -0.9704
vn 0.1921 0.1741 -0.9658
vn 0.1931 0.1417 -0.9709
vn -0.0000 0.1450 -0.9894
vn -0.0000 0.1741 -0.9847
vn -0.0000 0.1417 -0.9899
vn 0.1839 0.3337 -0.9246
vn -0.0000 0.3337 -0.9427
vn 0.1509 0.6338 -0.7586
vn -0.0000 0.6338 -0.7735
vn -0.1839 0.3337 -0.9246
vn -0.1509 0.6338 -0.7586
vn -0.1931 0.1417 -0.9709
vn -0.3608 0.3337 -0.8709
vn -0.2960 0.6338 -0.7146
vn -0.3788 0.1416 -0.9146
vn -0.5500 0.1417 -0.8231
vn -0.5237 0.3337 -0.7838
vn -0.4297 0.6338 -0.6431
vn -0.1079 0.8332 -0.5423
vn -0.2116 0.8332 -0.5108
vn -0.3072 0.8332 -0.4597
vn -0.3910 0.8332 -0.3910
vn -0.5469 0.6338 -0.5469
vn -0.6666 0.3337 -0.6666
vn -0.4597 0.8332 -0.3072
vn -0.6431 0.6338 -0.4297
vn -0.7838 0.3337 -0.5237
vn -0.8231 0.1417 -0.5500
vn -0.7000 0.1417 -0.7000
vn -0.8754 0.3315 -0.3518
vn -0.7210 0.6330 -0.2819
vn -0.9166 0.1413 -0.3740
vn -0.9159 0.1451 -0.3744
vn -0.8227 0.1450 -0.5497
vn -0.6996 0.1450 -0.6996
vn -0.6963 0.1741 -0.6963
vn -0.8187 0.1747 -0.5470
vn -0.9115 0.1739 -0.3727
vn -0.5497 0.1450 -0.8227
vn -0.5470 0.1746 -0.8187
vn -0.7050 0.0769 -0.7050
vn -0.8290 0.0769 -0.5539
vn -0.5539 0.0770 -0.8290
vn -0.3768 0.1741 -0.9098
vn -0.3786 0.1450 -0.9141
vn -0.3816 0.0769 -0.9211
vn -0.7060 0.0546 -0.7061
vn -0.5547 0.0545 -0.8302
vn -0.3821 0.0545 -0.9225
vn -0.5448 0.1961 -0.8153
vn -0.6934 0.1960 -0.6934
vn -0.3753 0.1962 -0.9059
vn -0.8302 0.0546 -0.5547
vn -0.8153 0.1962 -0.5448
vn -0.9227 0.0542 -0.3816
vn -0.9059 0.1962 -0.3753
vn -0.9222 0.0750 -0.3793
vn -0.9778 0.0775 -0.1947
vn -0.9794 0.0539 -0.1948
vn -0.9658 0.1740 -0.1920
vn -0.9972 0.0750 -0.0024
vn -0.9985 0.0542 -0.0006
vn -0.9847 0.1741 -0.0039
vn -0.9657 0.1746 0.1921
vn -0.9779 0.0770 0.1945
vn -0.9793 0.0545 0.1948
vn -0.9097 0.1744 0.3768
vn -0.9211 0.0769 0.3815
vn -0.9225 0.0545 0.3821
vn -0.9617 0.1962 0.1913
vn -0.9059 0.1962 0.3753
vn -0.9806 0.1961 -0.0000
vn -0.8302 0.0545 0.5547
vn -0.8153 0.1962 0.5448
vn -0.8290 0.0769 0.5539
vn -0.7060 0.0545 0.7061
vn -0.6934 0.1961 0.6934
vn -0.7050 0.0769 0.7050
vn -0.8187 0.1746 0.5470
vn -0.6962 0.1746 0.6963
vn -0.9141 0.1451 0.3786
vn -0.8227 0.1450 0.5497
vn -0.6996 0.1450 0.6996
vn -0.8231 0.1417 0.5500
vn -0.7000 0.1417 0.7000
vn -0.9146 0.1417 0.3788
vn -0.9704 0.1450 0.1930
vn -0.9709 0.1417 0.1931
vn -0.9894 0.1453 -0.0033
vn -0.9899 0.1414 -0.0032
vn -0.9706 0.1434 -0.1931
vn -0.9709 0.1415 -0.1931
vn -0.9234 0.3371 -0.1836
vn -0.9435 0.3312 -0.0078
vn -0.7603 0.6317 -0.1514
vn -0.7742 0.6328 -0.0131
vn -0.9246 0.3337 0.1839
vn -0.7586 0.6338 0.1509
vn -0.8709 0.3337 0.3608
vn -0.7146 0.6338 0.2960
vn -0.7838 0.3337 0.5237
vn -0.6431 0.6338 0.4297
vn -0.5423 0.8332 0.1078
vn -0.5108 0.8332 0.2116
vn -0.4597 0.8332 0.3072
vn -0.3910 0.8332 0.3910
vn -0.5469 0.6338 0.5469
vn -0.6666 0.3337 0.6666
vn -0.3072 0.8332 0.4597
vn -0.4297 0.6338 0.6431
vn -0.5237 0.3337 0.7838
vn -0.5500 0.1417 0.8231
vn -0.3607 0.3337 0.8709
vn -0.2960 0.6338 0.7146
vn -0.3788 0.1417 0.9146
vn -0.3786 0.1450 0.9141
vn -0.5497 0.1450 0.8227
vn -0.5470 0.1747 0.8187
vn -0.3768 0.1746 0.9097
vn -0.1930 0.1450 0.9704
vn -0.1921 0.1744 0.9657
vn -0.1931 0.1417 0.9709
vn -0.0000 0.1450 0.9894
vn -0.0000 0.1746 0.9846
vn -0.1839 0.3337 0.9246
vn -0.1509 0.6338 0.7586
vn -0.1079 0.8332 0.5423
vn -0.2116 0.8332 0.5108
vn -0.1080 0.9594 0.2606
vn -0.0550 0.9594 0.2767
vn -0.1567 0.9594 0.2346
vn -0.1995 0.9594 0.1995
vn 0.0028 1.0000 -0.0041
vn 0.0019 1.0000 -0.0046
vn 0.0035 1.0000 -0.0035
vn -0.2346 0.9594 0.1567
vn 0.0041 1.0000 -0.0028
vn -0.2606 0.9594 0.1080
vn 0.0046 1.0000 -0.0019
vn -0.2767 0.9594 0.0550
vn 0.0048 1.0000 -0.0010
vn -0.2842 0.9586 -0.0193
vn 0.0026 0.9998 -0.0213
vn -0.5548 0.8318 -0.0165
vn -0.5481 0.8293 -0.1088
vn -0.5190 0.8324 -0.1942
vn 0.1950 0.9805 -0.0255
vn 0.1931 0.9804 -0.0384
vn 0.2099 0.9774 -0.0267
vn 0.2082 0.9772 -0.0414
vn 0.1961 0.9772 -0.0812
vn 0.1819 0.9804 -0.0754
vn 0.1637 0.9804 -0.1094
vn 0.1765 0.9772 -0.1179
vn -0.1363 0.9903 0.0267
vn 0.6023 0.4756 -0.6411
vn 0.5987 0.4777 -0.6429
vn -0.5558 0.0001 -0.8313
vn -0.5563 0.0027 -0.8310
vn -0.5561 0.0016 -0.8311
vn 0.4393 0.5756 -0.6897
vn -0.5735 0.1128 -0.8114
vn -0.5721 0.1020 -0.8138
vn 0.5056 0.6988 -0.5061
vn 0.3456 0.6569 -0.6701
vn -0.5836 0.2269 -0.7797
vn -0.5833 0.2213 -0.7815
vn -0.7929 0.0911 0.6025
vn -0.6986 0.1546 0.6986
vn -0.5852 0.3406 -0.7359
vn -0.5853 0.3391 -0.7365
vn -0.8086 0.2790 0.5180
vn -0.6621 0.3511 0.6621
vn -0.6025 0.0910 0.7929
vn -0.5179 0.2791 0.8086
vn 0.7363 0.3391 0.5855
vn 0.7800 0.2258 0.5837
vn 0.7818 0.2203 0.5834
vn 0.7369 0.3377 0.5856
vn 0.6280 0.7463 -0.2204
vn 0.6391 0.7277 -0.2492
vn 0.6704 0.6559 -0.3469
vn 0.6810 0.4490 0.5785
vn 0.6802 0.4503 0.5784
vn 0.5834 0.8033 -0.1200
vn 0.5975 0.7878 -0.1496
vn 0.2188 0.7470 -0.6278
vn 0.2476 0.7284 -0.6388
vn 0.1180 0.8038 -0.5830
vn 0.1476 0.7885 -0.5971
vn -0.5778 0.4507 -0.6804
vn -0.5777 0.4520 -0.6797
vn -0.5620 0.5542 -0.6140
vn -0.5615 0.5570 -0.6120
vn 0.0182 0.8481 -0.5294
vn 0.0473 0.8364 -0.5460
vn -0.5393 0.6492 -0.5364
vn -0.2620 0.8100 -0.5246
vn -0.0786 0.8802 -0.4681
vn -0.5764 0.8041 -0.1456
vn -0.2798 0.8558 -0.4350
vn -0.1708 0.9006 -0.3996
vn 0.5299 0.8478 -0.0204
vn 0.4684 0.8802 0.0767
vn 0.5253 0.8097 0.2617
vn 0.5465 0.8360 -0.0495
vn 0.3998 0.9008 0.1695
vn 0.4354 0.8556 0.2798
vn 0.1455 0.8038 0.5768
vn 0.5365 0.6481 0.5406
vn 0.6144 0.5527 0.5631
vn 0.6124 0.5554 0.5626
vn 0.0378 0.8266 0.5615
vn -0.0925 0.7548 0.6494
vn -0.1345 0.7261 0.6743
vn -0.2286 0.6502 0.7246
vn -0.2741 0.6076 0.7455
vn -0.3620 0.5112 0.7795
vn -0.4055 0.4560 0.7922
vn -0.7455 0.6076 0.2742
vn -0.7923 0.4558 0.4056
vn -0.7795 0.5112 0.3620
vn -0.7245 0.6502 0.2286
vn -0.6743 0.7261 0.1346
vn -0.6494 0.7548 0.0926
vn 0.1568 0.8704 0.4667
vn 0.1763 0.8523 0.4924
vn 0.3417 0.8887 0.3057
vn 0.1632 0.8670 0.4708
vn 0.2129 0.8925 0.3977
vn 0.1631 0.8684 0.4682
vn -0.4924 0.8523 -0.1762
vn -0.5616 0.8266 -0.0377
vn -0.4667 0.8704 -0.1569
vn -0.4714 0.8669 -0.1624
vn -0.4700 0.8679 -0.1611
vn -0.4226 0.8868 -0.1871
vn -0.4005 0.8920 -0.2097
vn 0.1885 0.8867 0.4221
vn 0.3242 0.9104 0.2570
vn -0.2573 0.9103 -0.3244
vn -0.3055 0.8889 -0.3415
vn 0.8840 0.4662 -0.0355
vn 0.8850 0.4541 -0.1032
vn 0.8836 0.4562 -0.1052
vn 0.8811 0.4718 -0.0339
vn 0.8793 0.4754 0.0274
vn 0.8780 0.4776 0.0312
vn 0.8003 0.5996 -0.0050
vn 0.7986 0.5753 0.1768
vn 0.8106 0.5542 -0.1892
vn 0.1683 0.1123 0.9793
vn 0.1709 0.1018 0.9800
vn 0.1388 0.2258 0.9642
vn 0.1403 0.2203 0.9653
vn 0.7227 0.6912 -0.0042
vn 0.7190 0.6562 0.2289
vn 0.5996 0.7465 0.2884
vn 0.6281 0.7277 0.2757
vn 0.1066 0.3391 0.9347
vn 0.1070 0.3377 0.9352
vn -0.9363 0.3512 -0.0000
vn -0.9880 0.1546 -0.0001
vn -0.9867 0.0909 0.1345
vn -0.9380 0.2791 0.2056
vn -0.9991 -0.0415 -0.0001
vn -0.9935 -0.0938 0.0652
vn -0.8073 0.5111 0.2952
vn -0.8469 0.4560 0.2735
vn 0.0724 0.4490 0.8906
vn 0.0720 0.4503 0.8900
vn 0.0363 0.5527 0.8326
vn 0.0353 0.5554 0.8308
vn -0.6740 0.6502 0.3507
vn -0.7209 0.6076 0.3333
vn -0.8471 0.4557 -0.2735
vn -0.9381 0.2789 -0.2056
vn -0.8073 0.5110 -0.2953
vn -0.7208 0.6077 -0.3334
vn -0.6740 0.6502 -0.3508
vn -0.5720 0.7261 -0.3817
vn -0.5246 0.7548 -0.3938
vn -0.5246 0.7548 0.3937
vn -0.5719 0.7261 0.3816
vn -0.3704 0.8265 0.4238
vn -0.3049 0.8038 0.5108
vn -0.3036 0.8035 -0.5120
vn -0.3703 0.8266 -0.4238
vn 0.0472 0.5459 -0.8365
vn 0.0065 0.6429 -0.7660
vn 0.1944 0.8057 -0.5595
vn 0.0459 0.5492 -0.8344
vn 0.1161 0.8537 -0.5076
vn 0.1673 0.8991 -0.4045
vn 0.2830 0.8768 -0.3888
vn 0.3964 0.8424 -0.3650
vn 0.4291 0.8299 -0.3566
vn 0.3891 0.8478 0.3603
vn 0.2771 0.8802 0.3854
vn 0.1864 0.8097 0.5565
vn 0.4215 0.8360 0.3514
vn 0.1630 0.9008 0.4025
vn 0.1101 0.8556 0.5058
vn -0.0029 0.6481 0.7616
vn 0.4973 0.8033 0.3277
vn 0.5284 0.7877 0.3167
vn -0.2236 0.8523 0.4728
vn 0.0255 0.8887 0.4578
vn 0.0476 0.9104 0.4109
vn -0.2176 0.8670 0.4482
vn -0.1307 0.8925 0.4317
vn -0.1653 0.8868 0.4317
vn 0.0503 0.9099 -0.4117
vn 0.0292 0.8884 -0.4582
vn -0.1671 0.8868 -0.4308
vn -0.1375 0.8916 -0.4314
vn -0.2231 0.8521 -0.4734
vn -0.2188 0.8668 -0.4481
vn -0.2202 0.8675 -0.4461
vn -0.2191 0.8704 -0.4409
vn -0.2158 0.8684 0.4464
vn -0.2191 0.8704 0.4409
vn 0.5062 0.7952 -0.3338
vn 0.5375 0.7788 -0.3234
vn 0.6099 0.7351 -0.2961
vn 0.6387 0.7151 -0.2840
vn 0.7303 0.6399 -0.2391
vn 0.1205 0.3287 -0.9367
vn 0.0848 0.4403 -0.8938
vn 0.0842 0.4423 -0.8929
vn 0.1207 0.3281 -0.9369
vn 0.1542 0.2138 -0.9646
vn 0.1555 0.2093 -0.9654
vn 0.1853 0.0990 -0.9777
vn 0.1878 0.0894 -0.9781
vn -0.9934 -0.0939 -0.0652
vn -0.9867 0.0909 -0.1346
vn 0.0010 1.0000 -0.0049
vn -0.0000 1.0000 -0.0050
vn -0.0010 1.0000 -0.0049
vn -0.0019 1.0000 -0.0046
vn -0.0028 1.0000 -0.0041
vn -0.0035 1.0000 -0.0035
vn -0.0041 1.0000 -0.0028
vn -0.0046 1.0000 -0.0019
vn -0.1935 0.9803 -0.0385
vn -0.2087 0.9771 -0.0415
vn -0.2128 0.9771 -0.0000
vn -0.1973 0.9803 -0.0000
vn -0.2087 0.9771 0.0415
vn -0.1935 0.9803 0.0385
vn -0.1966 0.9771 0.0814
vn -0.1822 0.9804 0.0755
vn -0.1640 0.9804 0.1096
vn -0.1769 0.9771 0.1182
vn 0.1361 0.9903 -0.0266
vn -0.1504 0.9771 0.1504
vn -0.1395 0.9804 0.1395
vn -0.6218 0.4762 0.6218
vn -0.6020 0.4761 0.6410
vn -0.5984 0.4782 0.6428
vn -0.6195 0.4819 0.6196
vn 0.5554 -0.0001 0.8316
vn 0.5559 0.0026 0.8312
vn 0.5557 0.0015 0.8314
vn -0.5606 0.6093 0.5608
vn -0.4393 0.5756 0.6897
vn 0.5735 0.1128 0.8114
vn 0.5721 0.1022 0.8138
vn 0.7485 -0.0938 -0.6564
vn 0.7741 -0.2942 -0.5605
vn 0.6763 -0.2919 -0.6763
vn 0.7065 -0.0414 -0.7065
vn 0.5605 -0.2942 -0.7741
vn 0.6564 -0.0939 -0.7485
vn -0.8115 0.1124 -0.5735
vn -0.8310 0.0027 -0.5563
vn -0.8311 0.0016 -0.5561
vn -0.8138 0.1017 -0.5721
vn -0.8313 0.0001 -0.5559
vn -0.6898 0.5752 0.4397
vn -0.6428 0.4782 0.5984
vn -0.6410 0.4761 0.6020
vn -0.1181 0.9771 0.1768
vn -0.1096 0.9804 0.1640
vn -0.0814 0.9771 0.1964
vn 0.0521 0.9907 -0.1257
vn 0.0266 0.9903 -0.1362
vn -0.0415 0.9771 0.2085
vn 0.0774 0.9903 -0.1151
vn -0.0000 0.9772 0.2125
vn -0.0000 0.4760 0.8795
vn 0.0275 0.4758 0.8791
vn 0.0313 0.4779 0.8778
vn -0.0000 0.4817 0.8763
vn 0.9807 -0.0001 0.1955
vn 0.9808 0.0025 0.1949
vn 0.9808 0.0014 0.1951
vn -0.0000 -0.2450 -0.9695
vn -0.0000 -0.2919 -0.9564
vn 0.1510 -0.2942 -0.9437
vn -0.2055 0.0863 -0.9748
vn -0.1510 -0.2942 -0.9437
vn -0.2028 0.8486 -0.4887
vn -0.0521 0.9907 -0.1257
vn -0.0775 0.9903 -0.1152
vn -0.9809 0.0001 0.1947
vn -0.9809 0.0016 0.1944
vn -0.9810 0.0027 0.1941
vn -0.0275 0.4758 0.8791
vn -0.0313 0.4779 0.8778
vn 0.0415 0.9772 0.2084
vn 0.0813 0.9772 0.1962
vn -0.9793 0.1123 0.1683
vn -0.9800 0.1017 0.1709
vn 0.0002 0.6093 0.7930
vn -0.1768 0.5752 0.7986
vn 0.1771 0.5756 0.7983
vn 0.0003 0.6988 0.7154
vn -0.2289 0.6563 0.7190
vn 0.2295 0.6569 0.7183
vn 0.9793 0.1128 0.1682
vn 0.9640 0.2269 0.1386
vn 0.9651 0.2214 0.1401
vn 0.9800 0.1021 0.1709
vn 0.9342 0.3405 0.1065
vn 0.9346 0.3391 0.1070
vn 0.2892 0.7470 0.5986
vn 0.2766 0.7284 0.6268
vn 0.8897 0.4507 0.0725
vn 0.8891 0.4520 0.0721
vn 0.3288 0.8039 0.4957
vn 0.3178 0.7883 0.5269
vn -0.2883 0.7463 0.5999
vn -0.2757 0.7277 0.6281
vn -0.3276 0.8032 0.4975
vn -0.3167 0.7877 0.5284
vn -0.9347 0.3391 0.1066
vn -0.9642 0.2258 0.1388
vn -0.9653 0.2204 0.1402
vn -0.9351 0.3377 0.1070
vn -0.8906 0.4490 0.0724
vn -0.8900 0.4503 0.0720
vn -0.3603 0.8479 0.3890
vn -0.3514 0.8360 0.4214
vn -0.8326 0.5527 0.0363
vn -0.8308 0.5554 0.0353
vn -0.3854 0.8802 0.2770
vn -0.5565 0.8097 0.1864
vn -0.7615 0.6481 -0.0029
vn -0.4025 0.9008 0.1629
vn -0.5058 0.8556 0.1101
vn -0.5108 0.8038 -0.3049
vn -0.4728 0.8523 -0.2236
vn -0.4578 0.8887 0.0255
vn -0.4110 0.9104 0.0476
vn 0.4034 0.9006 0.1618
vn 0.3865 0.8802 0.2755
vn 0.5562 0.8100 0.1857
vn 0.5055 0.8558 0.1097
vn 0.4113 0.9103 0.0474
vn 0.4575 0.8889 0.0255
vn 0.7606 0.6492 -0.0020
vn 0.5105 0.8041 -0.3047
vn 0.4728 0.8523 -0.2236
vn 0.3816 0.7261 -0.5720
vn 0.3938 0.7548 -0.5246
vn 0.4238 0.8266 -0.3704
vn 0.4409 0.8704 -0.2192
vn -0.4409 0.8704 -0.2191
vn -0.4238 0.8265 -0.3704
vn -0.3938 0.7548 -0.5246
vn -0.3816 0.7261 -0.5719
vn -0.3507 0.6502 -0.6740
vn -0.3333 0.6075 -0.7210
vn 0.3333 0.6076 -0.7210
vn 0.3507 0.6503 -0.6739
vn 0.2735 0.4559 -0.8470
vn 0.2952 0.5112 -0.8072
vn -0.2953 0.5112 -0.8071
vn -0.2735 0.4560 -0.8469
vn 0.2056 0.2792 -0.9380
vn -0.0000 0.3513 -0.9363
vn -0.2056 0.2792 -0.9380
vn -0.0000 0.1547 -0.9880
vn -0.1346 0.0911 -0.9867
vn 0.1346 0.0910 -0.9867
vn -0.0000 -0.0413 -0.9991
vn -0.0652 -0.0937 -0.9935
vn 0.0651 -0.0938 -0.9935
vn 0.8315 0.5544 0.0367
vn 0.8297 0.5571 0.0357
vn 0.3615 0.8482 0.3872
vn 0.3527 0.8364 0.4195
vn 0.4481 0.8669 -0.2185
vn 0.4462 0.8679 -0.2184
vn -0.4464 0.8684 -0.2158
vn -0.4483 0.8670 -0.2176
vn -0.4318 0.8925 -0.1306
vn -0.4317 0.8867 -0.1652
vn 0.4311 0.8868 -0.1665
vn 0.4315 0.8920 -0.1349
vn 0.1180 0.9772 0.1766
vn -0.0267 0.9903 -0.1362
vn 0.6411 0.4755 0.6024
vn 0.6429 0.4777 0.5987
vn 0.8317 -0.0001 -0.5553
vn 0.8313 0.0025 -0.5558
vn 0.8314 0.0014 -0.5556
vn 0.6897 0.5756 0.4393
vn 0.8114 0.1129 -0.5735
vn 0.8137 0.1022 -0.5722
vn 0.5061 0.6988 0.5056
vn 0.6701 0.6568 0.3457
vn 0.7797 0.2268 -0.5836
vn 0.7815 0.2213 -0.5833
vn -0.6025 0.0910 -0.7929
vn -0.6986 0.1547 -0.6986
vn 0.7359 0.3405 -0.5852
vn 0.7366 0.3391 -0.5852
vn -0.5179 0.2791 -0.8086
vn -0.6621 0.3512 -0.6621
vn -0.7929 0.0910 -0.6025
vn -0.8086 0.2792 -0.5179
vn -0.5856 0.3391 0.7363
vn -0.5837 0.2258 0.7799
vn -0.5834 0.2203 0.7817
vn -0.5856 0.3377 0.7369
vn 0.2206 0.7462 0.6281
vn 0.2491 0.7277 0.6391
vn 0.3465 0.6562 0.6703
vn -0.5785 0.4490 0.6809
vn -0.5784 0.4503 0.6802
vn 0.1198 0.8034 0.5833
vn 0.1496 0.7878 0.5975
vn 0.6276 0.7472 0.2184
vn 0.6388 0.7284 0.2476
vn 0.5830 0.8038 0.1180
vn 0.5971 0.7885 0.1475
vn 0.6804 0.4507 -0.5779
vn 0.6797 0.4519 -0.5777
vn 0.6139 0.5543 -0.5620
vn 0.6119 0.5570 -0.5615
vn 0.5293 0.8482 0.0180
vn 0.5460 0.8364 0.0473
vn 0.5364 0.6492 -0.5393
vn 0.5246 0.8100 -0.2620
vn 0.4681 0.8802 -0.0786
vn 0.1456 0.8041 -0.5764
vn 0.4350 0.8558 -0.2798
vn 0.3996 0.9006 -0.1708
vn 0.0204 0.8479 0.5298
vn -0.0766 0.8802 0.4684
vn -0.2617 0.8097 0.5253
vn 0.0496 0.8360 0.5465
vn -0.1695 0.9008 0.3997
vn -0.2798 0.8556 0.4354
vn -0.5768 0.8038 0.1456
vn -0.5406 0.6481 0.5365
vn -0.5631 0.5528 0.6144
vn -0.5625 0.5554 0.6124
vn -0.5616 0.8266 0.0378
vn -0.6494 0.7548 -0.0925
vn -0.6743 0.7261 -0.1346
vn -0.7246 0.6502 -0.2287
vn -0.7454 0.6076 -0.2741
vn -0.7795 0.5111 -0.3621
vn -0.7923 0.4558 -0.4056
vn -0.2742 0.6075 -0.7455
vn -0.4055 0.4560 -0.7922
vn -0.3621 0.5111 -0.7795
vn -0.2286 0.6502 -0.7246
vn -0.1346 0.7261 -0.6743
vn -0.0926 0.7548 -0.6494
vn -0.4667 0.8704 0.1568
vn -0.4924 0.8523 0.1762
vn -0.3057 0.8887 0.3418
vn -0.4708 0.8670 0.1631
vn -0.3977 0.8925 0.2129
vn -0.4682 0.8684 0.1631
vn 0.1762 0.8523 -0.4924
vn 0.0377 0.8266 -0.5616
vn 0.1568 0.8704 -0.4667
vn 0.1624 0.8669 -0.4714
vn 0.1611 0.8679 -0.4700
vn 0.1871 0.8868 -0.4226
vn 0.2097 0.8920 -0.4005
vn -0.4221 0.8867 0.1884
vn -0.2570 0.9104 0.3242
vn 0.3243 0.9103 -0.2573
vn 0.3415 0.8889 -0.3055
vn -0.5056 0.6988 0.5061
vn -0.6702 0.6563 0.3465
vn -0.7799 0.2258 -0.5837
vn -0.7817 0.2203 -0.5834
vn -0.6279 0.7465 0.2201
vn -0.6392 0.7274 0.2496
vn -0.7363 0.3390 -0.5856
vn -0.7369 0.3376 -0.5856
vn -0.6809 0.4490 -0.5785
vn -0.6802 0.4503 -0.5784
vn -0.5833 0.8034 0.1198
vn -0.5973 0.7880 0.1492
vn -0.2188 0.7470 0.6278
vn -0.3456 0.6569 0.6701
vn -0.2476 0.7284 0.6388
vn -0.1178 0.8040 0.5829
vn -0.1475 0.7885 0.5971
vn 0.5836 0.2269 0.7797
vn 0.5852 0.3405 0.7359
vn 0.5853 0.3392 0.7365
vn 0.5833 0.2213 0.7815
vn 0.5779 0.4506 0.6805
vn 0.5777 0.4519 0.6797
vn 0.8086 0.2792 -0.5179
vn 0.7929 0.0911 -0.6025
vn 0.6986 0.1547 -0.6986
vn 0.6620 0.3513 -0.6620
vn 0.7923 0.4558 -0.4056
vn 0.7796 0.5111 -0.3620
vn 0.3620 0.5112 -0.7795
vn 0.5179 0.2792 -0.8086
vn 0.4056 0.4559 -0.7923
vn 0.6026 0.0910 -0.7929
vn 0.7455 0.6075 -0.2741
vn 0.7246 0.6502 -0.2287
vn 0.2286 0.6501 -0.7246
vn 0.2740 0.6077 -0.7454
vn -0.6144 0.5527 -0.5631
vn -0.6124 0.5554 -0.5626
vn -0.5365 0.6481 -0.5406
vn -0.5253 0.8097 -0.2617
vn 0.0925 0.7548 -0.6494
vn 0.1345 0.7262 -0.6743
vn -0.0377 0.8265 -0.5616
vn -0.1455 0.8038 -0.5768
vn -0.4354 0.8556 -0.2798
vn -0.4685 0.8802 -0.0766
vn -0.3998 0.9008 -0.1694
vn -0.5299 0.8478 0.0204
vn -0.5464 0.8361 0.0494
vn 0.0786 0.8802 0.4681
vn -0.0182 0.8482 0.5294
vn -0.0473 0.8364 0.5460
vn 0.2620 0.8100 0.5246
vn 0.1707 0.9006 0.3997
vn 0.2798 0.8558 0.4351
vn 0.5393 0.6492 0.5364
vn 0.5765 0.8041 0.1456
vn 0.5620 0.5543 0.6139
vn 0.5615 0.5570 0.6119
vn 0.6743 0.7261 -0.1347
vn 0.6494 0.7548 -0.0926
vn 0.4924 0.8524 0.1762
vn 0.3055 0.8889 0.3415
vn 0.2573 0.9103 0.3244
vn 0.5616 0.8266 0.0378
vn 0.4667 0.8704 0.1569
vn -0.1569 0.8704 -0.4667
vn -0.1762 0.8523 -0.4924
vn 0.4713 0.8669 0.1624
vn 0.4699 0.8679 0.1611
vn -0.1631 0.8684 -0.4682
vn -0.1632 0.8670 -0.4708
vn -0.3417 0.8887 -0.3057
vn -0.2129 0.8925 -0.3976
vn -0.3243 0.9104 -0.2569
vn -0.1884 0.8867 -0.4221
vn 0.4226 0.8868 0.1871
vn 0.4005 0.8920 0.2097
vn -0.8793 0.4764 -0.0000
vn -0.8789 0.4762 0.0276
vn -0.8776 0.4783 0.0315
vn -0.8761 0.4821 0.0001
vn -0.8789 0.4762 -0.0276
vn -0.8776 0.4783 -0.0314
vn -0.7930 0.6093 0.0002
vn -0.7987 0.5752 -0.1768
vn -0.7984 0.5756 0.1771
vn -0.1683 0.1123 -0.9793
vn -0.1709 0.1017 -0.9800
vn -0.1388 0.2258 -0.9642
vn -0.1402 0.2204 -0.9653
vn -0.7153 0.6988 0.0003
vn -0.7190 0.6563 -0.2289
vn -0.6000 0.7463 -0.2882
vn -0.6280 0.7277 -0.2758
vn -0.1066 0.3391 -0.9347
vn -0.1070 0.3377 -0.9351
vn 0.9363 0.3512 -0.0000
vn 0.9880 0.1547 -0.0000
vn 0.9867 0.0909 -0.1345
vn 0.9380 0.2792 -0.2056
vn 0.9991 -0.0414 -0.0000
vn 0.9935 -0.0937 -0.0652
vn 0.8071 0.5112 -0.2953
vn 0.8470 0.4559 -0.2735
vn -0.0724 0.4490 -0.8906
vn -0.0720 0.4503 -0.8900
vn -0.0363 0.5527 -0.8326
vn -0.0353 0.5554 -0.8308
vn 0.6741 0.6501 -0.3507
vn 0.7209 0.6076 -0.3333
vn 0.8471 0.4558 0.2734
vn 0.9380 0.2791 0.2056
vn 0.8071 0.5113 0.2953
vn 0.7210 0.6075 0.3333
vn 0.6740 0.6502 0.3507
vn 0.5719 0.7262 0.3817
vn 0.5246 0.7548 0.3937
vn 0.5246 0.7548 -0.3937
vn 0.5719 0.7262 -0.3816
vn 0.3704 0.8266 -0.4238
vn 0.3050 0.8038 -0.5107
vn 0.3047 0.8041 0.5105
vn 0.3704 0.8266 0.4238
vn -0.0367 0.5543 0.8315
vn 0.0020 0.6492 0.7606
vn -0.1857 0.8100 0.5562
vn -0.0357 0.5570 0.8297
vn -0.1097 0.8558 0.5055
vn -0.1619 0.9006 0.4033
vn -0.2754 0.8802 0.3866
vn -0.3872 0.8482 0.3615
vn -0.4194 0.8365 0.3527
vn -0.3890 0.8479 -0.3603
vn -0.2770 0.8802 -0.3854
vn -0.1864 0.8097 -0.5565
vn -0.4213 0.8361 -0.3515
vn -0.1629 0.9008 -0.4025
vn -0.1101 0.8556 -0.5057
vn 0.0029 0.6481 -0.7616
vn -0.4973 0.8033 -0.3277
vn -0.5281 0.7879 -0.3168
vn 0.2236 0.8523 -0.4729
vn -0.0255 0.8887 -0.4578
vn -0.0476 0.9104 -0.4110
vn 0.2175 0.8670 -0.4483
vn 0.1307 0.8925 -0.4317
vn 0.1652 0.8867 -0.4317
vn -0.0474 0.9103 0.4112
vn -0.0255 0.8889 0.4575
vn 0.1665 0.8868 0.4311
vn 0.1349 0.8920 0.4314
vn 0.2236 0.8523 0.4728
vn 0.2185 0.8669 0.4481
vn 0.2184 0.8679 0.4462
vn 0.2192 0.8704 0.4409
vn 0.2157 0.8684 -0.4464
vn 0.2191 0.8704 -0.4409
vn -0.4957 0.8039 0.3288
vn -0.5265 0.7885 0.3179
vn -0.5982 0.7473 0.2893
vn -0.6272 0.7282 0.2765
vn -0.7183 0.6569 0.2295
vn -0.1066 0.3405 0.9342
vn -0.0725 0.4507 0.8897
vn -0.0721 0.4520 0.8891
vn -0.1069 0.3392 0.9346
vn -0.1387 0.2268 0.9640
vn -0.1401 0.2213 0.9651
vn -0.1682 0.1129 0.9793
vn -0.1709 0.1022 0.9800
vn 0.9935 -0.0937 0.0652
vn 0.9867 0.0909 0.1345
vn 0.1930 0.1450 0.9704
vn 0.1921 0.1744 0.9657
vn 0.1945 0.0769 0.9779
vn -0.0000 0.0769 0.9970
vn 0.1948 0.0546 0.9793
vn -0.0000 0.0546 0.9985
vn 0.1913 0.1962 0.9617
vn -0.0000 0.1962 0.9806
vn -0.1913 0.1962 0.9617
vn -0.1948 0.0545 0.9793
vn -0.1945 0.0769 0.9779
vn -0.3752 0.1962 0.9059
vn -0.3821 0.0545 0.9225
vn -0.3815 0.0769 0.9211
vn -0.5539 0.0769 0.8290
vn -0.5547 0.0545 0.8302
vn -0.5448 0.1961 0.8153
vn -0.5130 0.3839 0.7677
vn -0.3533 0.3840 0.8531
vn -0.6529 0.3839 0.6529
vn -0.1801 0.3839 0.9056
vn -0.3181 0.5558 0.7681
vn -0.1622 0.5558 0.8154
vn -0.4618 0.5558 0.6912
vn -0.0000 0.3839 0.9234
vn -0.0000 0.5558 0.8313
vn 0.1801 0.3840 0.9056
vn 0.1622 0.5558 0.8154
vn 0.3534 0.3839 0.8531
vn 0.3181 0.5558 0.7680
vn 0.5130 0.3840 0.7677
vn 0.4619 0.5558 0.6912
vn 0.6529 0.3840 0.6529
vn 0.5878 0.5558 0.5879
vn 0.7677 0.3840 0.5130
vn 0.6912 0.5558 0.4619
vn 0.8530 0.3840 0.3534
vn 0.7681 0.5558 0.3181
vn 0.9056 0.3839 0.1801
vn 0.8154 0.5558 0.1622
vn 0.9617 0.1962 0.1913
vn 0.9234 0.3839 -0.0000
vn 0.8313 0.5559 -0.0000
vn 0.9056 0.3840 -0.1801
vn 0.8154 0.5558 -0.1622
vn 0.8531 0.3840 -0.3534
vn 0.7681 0.5558 -0.3181
vn 0.7677 0.3840 -0.5130
vn 0.6912 0.5558 -0.4619
vn 0.6529 0.3840 -0.6529
vn 0.5878 0.5558 -0.5878
vn 0.5130 0.3840 -0.7677
vn 0.4619 0.5558 -0.6912
vn 0.5448 0.1961 -0.8153
vn 0.3533 0.3840 -0.8531
vn 0.3181 0.5558 -0.7680
vn 0.3753 0.1961 -0.9059
vn 0.1801 0.3839 -0.9056
vn 0.1622 0.5558 -0.8153
vn 0.1913 0.1962 -0.9617
vn -0.0000 0.3839 -0.9234
vn -0.0000 0.5558 -0.8313
vn -0.0000 0.1961 -0.9806
vn -0.1801 0.3839 -0.9056
vn -0.1622 0.5558 -0.8153
vn -0.1913 0.1962 -0.9617
vn -0.3533 0.3840 -0.8531
vn -0.3181 0.5558 -0.7680
vn -0.5130 0.3840 -0.7677
vn -0.4619 0.5558 -0.6912
vn -0.6529 0.3840 -0.6529
vn -0.5878 0.5558 -0.5878
vn -0.7677 0.3840 -0.5130
vn -0.6912 0.5558 -0.4619
vn -0.8531 0.3839 -0.3534
vn -0.7680 0.5558 -0.3181
vn -0.9056 0.3839 -0.1801
vn -0.8153 0.5558 -0.1622
vn -0.9617 0.1962 -0.1913
vn -0.9233 0.3840 -0.0000
vn -0.8313 0.5558 -0.0000
vn -0.9056 0.3840 0.1801
vn -0.8154 0.5558 0.1622
vn -0.8531 0.3839 0.3534
vn -0.7680 0.5558 0.3181
vn -0.7678 0.3839 0.5130
vn -0.6912 0.5558 0.4619
vn -0.5878 0.5558 0.5878
vn -0.5897 0.7050 0.3940
vn -0.5015 0.7050 0.5015
vn -0.3940 0.7050 0.5897
vn -0.3982 0.8263 0.3982
vn -0.3129 0.8263 0.4683
vn -0.4683 0.8263 0.3129
vn -0.2714 0.7050 0.6552
vn -0.2155 0.8263 0.5203
vn -0.1384 0.7050 0.6956
vn -0.1099 0.8263 0.5524
vn -0.0000 0.7050 0.7092
vn -0.0000 0.8264 0.5631
vn 0.1384 0.7050 0.6956
vn 0.1099 0.8263 0.5524
vn 0.0783 0.9159 0.3938
vn -0.0000 0.9159 0.4015
vn -0.0783 0.9159 0.3938
vn 0.0474 0.9701 0.2382
vn -0.0000 0.9701 0.2428
vn -0.0474 0.9701 0.2382
vn -0.0929 0.9701 0.2244
vn -0.1536 0.9159 0.3709
vn -0.1349 0.9701 0.2019
vn -0.2230 0.9159 0.3338
vn -0.1717 0.9701 0.1717
vn -0.2839 0.9158 0.2839
vn -0.2019 0.9701 0.1349
vn -0.3339 0.9158 0.2231
vn -0.2244 0.9701 0.0929
vn -0.3709 0.9159 0.1536
vn -0.5203 0.8263 0.2155
vn -0.6552 0.7050 0.2714
vn -0.3938 0.9159 0.0783
vn -0.5524 0.8263 0.1099
vn -0.6956 0.7050 0.1383
vn -0.5632 0.8263 -0.0000
vn -0.7092 0.7050 -0.0000
vn -0.5524 0.8263 -0.1099
vn -0.6956 0.7050 -0.1383
vn -0.5203 0.8263 -0.2155
vn -0.6552 0.7050 -0.2714
vn -0.4683 0.8263 -0.3129
vn -0.5897 0.7050 -0.3940
vn -0.3982 0.8263 -0.3982
vn -0.5015 0.7050 -0.5015
vn -0.3129 0.8264 -0.4682
vn -0.3940 0.7050 -0.5897
vn -0.2155 0.8263 -0.5203
vn -0.2714 0.7050 -0.6552
vn -0.1099 0.8263 -0.5524
vn -0.1384 0.7050 -0.6956
vn -0.0000 0.8263 -0.5632
vn -0.0000 0.7050 -0.7092
vn 0.1099 0.8263 -0.5523
vn 0.1384 0.7050 -0.6956
vn 0.2155 0.8263 -0.5203
vn 0.2714 0.7050 -0.6552
vn 0.3129 0.8263 -0.4683
vn 0.3940 0.7050 -0.5897
vn 0.3982 0.8263 -0.3982
vn 0.5015 0.7050 -0.5015
vn 0.4683 0.8263 -0.3129
vn 0.5897 0.7050 -0.3940
vn 0.5203 0.8264 -0.2155
vn 0.6552 0.7050 -0.2714
vn 0.5523 0.8263 -0.1099
vn 0.6955 0.7050 -0.1384
vn 0.5632 0.8263 -0.0000
vn 0.7092 0.7050 -0.0000
vn 0.5524 0.8263 0.1099
vn 0.6956 0.7050 0.1384
vn 0.5203 0.8263 0.2155
vn 0.6552 0.7050 0.2714
vn 0.4683 0.8263 0.3129
vn 0.5897 0.7050 0.3940
vn 0.3982 0.8263 0.3982
vn 0.5015 0.7050 0.5015
vn 0.3129 0.8263 0.4683
vn 0.3940 0.7050 0.5897
vn 0.2155 0.8263 0.5203
vn 0.2714 0.7050 0.6552
vn 0.1537 0.9158 0.3710
vn 0.2231 0.9158 0.3339
vn 0.0929 0.9701 0.2244
vn 0.1349 0.9701 0.2019
vn 0.2840 0.9158 0.2839
vn 0.1717 0.9701 0.1717
vn 0.3339 0.9158 0.2231
vn 0.2019 0.9701 0.1349
vn 0.3709 0.9159 0.1536
vn 0.2244 0.9701 0.0929
vn 0.3938 0.9159 0.0783
vn 0.2382 0.9701 0.0474
vn 0.4015 0.9159 -0.0000
vn 0.2428 0.9701 -0.0000
vn 0.3938 0.9158 -0.0784
vn 0.2382 0.9701 -0.0474
vn 0.3709 0.9159 -0.1536
vn 0.2244 0.9701 -0.0929
vn 0.3338 0.9159 -0.2231
vn 0.2019 0.9701 -0.1349
vn 0.2839 0.9158 -0.2840
vn 0.1717 0.9701 -0.1717
vn 0.2231 0.9159 -0.3338
vn 0.1349 0.9701 -0.2019
vn 0.1537 0.9158 -0.3710
vn 0.0929 0.9701 -0.2244
vn 0.0783 0.9159 -0.3938
vn 0.0474 0.9701 -0.2382
vn -0.0000 0.9159 -0.4015
vn -0.0000 0.9701 -0.2428
vn -0.0784 0.9158 -0.3938
vn -0.0474 0.9701 -0.2382
vn -0.1537 0.9158 -0.3710
vn -0.0929 0.9701 -0.2243
vn -0.2231 0.9159 -0.3338
vn -0.1349 0.9701 -0.2019
vn -0.2839 0.9159 -0.2839
vn -0.1717 0.9701 -0.1717
vn -0.3339 0.9158 -0.2231
vn -0.2019 0.9701 -0.1349
vn -0.3709 0.9159 -0.1536
vn -0.2244 0.9701 -0.0929
vn -0.3938 0.9159 -0.0783
vn -0.2382 0.9701 -0.0474
vn -0.4015 0.9159 -0.0000
vn -0.2428 0.9701 -0.0000
vn -0.2382 0.9701 0.0474
vn -0.0000 1.0000 -0.0000
vn -0.1948 0.0546 -0.9793
vn -0.0000 0.0546 -0.9985
vn -0.0000 0.0769 -0.9970
vn -0.1945 0.0769 -0.9779
vn -0.1921 0.1741 -0.9658
vn 0.1945 0.0769 -0.9779
vn 0.1948 0.0545 -0.9793
vn 0.3816 0.0769 -0.9211
vn 0.3821 0.0545 -0.9225
vn 0.5539 0.0769 -0.8290
vn 0.5547 0.0546 -0.8302
vn -0.1930 0.1450 -0.9704
vn -0.9818 -0.1901 -0.0000
vn -0.9629 -0.1901 -0.1915
vn -0.9086 -0.1811 -0.3764
vn -0.9070 -0.1901 -0.3757
vn -0.6287 0.7327 -0.2604
vn -0.8177 -0.1810 -0.5464
vn -0.8163 -0.1901 -0.5454
vn -0.5658 0.7327 -0.3781
vn -0.5847 0.7110 -0.3907
vn -0.4812 0.7327 -0.4812
vn -0.4973 0.7110 -0.4973
vn -0.3907 0.7110 -0.5847
vn -0.4888 0.4754 -0.7315
vn -0.3781 0.7327 -0.5658
vn -0.6954 -0.1809 -0.6954
vn -0.6942 -0.1901 -0.6942
vn -0.5464 -0.1810 -0.8177
vn -0.5454 -0.1901 -0.8163
vn -0.3764 -0.1811 -0.9086
vn -0.3757 -0.1901 -0.9070
vn -0.2604 0.7327 -0.6287
vn -0.2691 0.7110 -0.6497
vn -0.1919 -0.1810 -0.9646
vn -0.1915 -0.1901 -0.9629
vn -0.1328 0.7327 -0.6674
vn -0.1372 0.7110 -0.6897
vn -0.3367 0.4754 -0.8128
vn -0.1716 0.4753 -0.8629
vn -0.0000 0.7327 -0.6805
vn -0.0000 0.7109 -0.7032
vn -0.0000 0.4753 -0.8798
vn 0.1372 0.7110 -0.6897
vn 0.1717 0.4750 -0.8631
vn 0.1328 0.7327 -0.6674
vn 0.2691 0.7110 -0.6497
vn 0.3368 0.4750 -0.8130
vn 0.3907 0.7110 -0.5847
vn 0.4887 0.4755 -0.7314
vn 0.4972 0.7110 -0.4972
vn 0.6222 0.4750 -0.6222
vn 0.7317 0.4750 -0.4889
vn 0.5847 0.7110 -0.3907
vn 0.4812 0.7327 -0.4812
vn 0.5658 0.7327 -0.3781
vn 0.3781 0.7327 -0.5658
vn 0.5464 -0.1810 -0.8177
vn 0.6954 -0.1809 -0.6954
vn 0.6942 -0.1901 -0.6942
vn 0.5454 -0.1901 -0.8163
vn 0.8177 -0.1810 -0.5464
vn 0.8163 -0.1901 -0.5454
vn 0.2604 0.7327 -0.6287
vn 0.3763 -0.1811 -0.9086
vn 0.3757 -0.1901 -0.9070
vn 0.5551 0.0109 -0.8317
vn 0.7071 0.0001 -0.7071
vn 0.3826 0.0206 -0.9237
vn 0.1918 -0.1810 -0.9646
vn 0.1956 0.0109 -0.9806
vn 0.1915 -0.1901 -0.9629
vn -0.0000 -0.1809 -0.9835
vn -0.0000 0.0001 -1.0000
vn -0.0000 -0.1901 -0.9818
vn -0.1956 0.0109 -0.9806
vn 0.7071 0.0006 -0.7071
vn 0.8378 0.0676 -0.5418
vn 0.8317 0.0109 -0.5551
vn 0.9159 0.1308 -0.3794
vn 0.9237 0.0207 -0.3826
vn 0.9086 -0.1811 -0.3764
vn 0.9756 0.0674 -0.2089
vn 0.9806 0.0109 -0.1956
vn 1.0000 0.0006 -0.0000
vn 1.0000 0.0001 -0.0000
vn 0.9646 -0.1810 -0.1918
vn 0.9835 -0.1809 -0.0000
vn 0.9646 -0.1810 0.1918
vn 0.9806 0.0109 0.1956
vn 0.9756 0.0674 0.2089
vn 0.9086 -0.1811 0.3764
vn 0.9237 0.0206 0.3826
vn 0.9159 0.1308 0.3794
vn 0.8177 -0.1810 0.5465
vn 0.8317 0.0109 0.5551
vn 0.8377 0.0676 0.5419
vn 0.8461 0.1330 0.5162
vn 0.8924 0.2589 0.3696
vn 0.9632 0.1333 0.2335
vn 0.7071 0.0014 0.7071
vn 0.7071 0.0006 0.7071
vn 0.5159 0.1334 0.8462
vn 0.5419 0.0676 0.8377
vn 0.7071 0.0001 0.7071
vn 0.5551 0.0109 0.8317
vn 0.3794 0.1308 0.9159
vn 0.3696 0.2589 0.8924
vn 0.5465 -0.1810 0.8177
vn 0.6955 -0.1809 0.6954
vn 0.5454 -0.1901 0.8163
vn 0.6942 -0.1901 0.6942
vn 0.4812 0.7327 0.4812
vn 0.4973 0.7110 0.4973
vn 0.8163 -0.1901 0.5454
vn 0.5658 0.7327 0.3781
vn 0.5847 0.7110 0.3907
vn 0.6222 0.4750 0.6222
vn 0.7317 0.4750 0.4889
vn 0.8128 0.4753 0.3367
vn 0.6497 0.7110 0.2691
vn 0.8629 0.4754 0.1716
vn 0.6897 0.7110 0.1372
vn 0.8797 0.4756 -0.0000
vn 0.7032 0.7110 -0.0000
vn 0.8628 0.4756 -0.1716
vn 0.6897 0.7110 -0.1372
vn 0.8130 0.4750 -0.3368
vn 0.6497 0.7110 -0.2691
vn 0.6287 0.7327 -0.2604
vn 0.6674 0.7327 -0.1328
vn 0.9070 -0.1901 -0.3757
vn 0.9629 -0.1901 -0.1915
vn 0.9818 -0.1901 -0.0000
vn 0.6805 0.7327 -0.0000
vn 0.9629 -0.1901 0.1915
vn 0.6674 0.7327 0.1328
vn 0.9070 -0.1901 0.3757
vn 0.6287 0.7327 0.2604
vn 0.2089 0.0675 0.9756
vn 0.2333 0.1330 0.9633
vn 0.5785 0.4490 -0.6810
vn 0.5784 0.4503 -0.6802
vn -0.1200 0.8033 -0.5834
vn -0.1492 0.7880 -0.5973
vn -0.5828 0.8041 -0.1176
vn -0.5971 0.7884 -0.1477
vn -0.0203 0.8479 -0.5298
vn -0.0494 0.8360 -0.5464
vn -0.5294 0.8482 -0.0180
vn -0.5461 0.8364 -0.0473
vn -0.6804 0.4507 0.5779
vn -0.6140 0.5543 0.5620
vn -0.6120 0.5569 0.5615
vn -0.6797 0.4520 0.5777
vn -0.5364 0.6492 0.5393
vn -0.5246 0.8100 0.2620
vn -0.4681 0.8802 0.0786
vn -0.1456 0.8041 0.5764
vn -0.4350 0.8558 0.2799
vn -0.3997 0.9006 0.1708
vn 0.0766 0.8802 -0.4684
vn 0.2618 0.8097 -0.5253
vn 0.1694 0.9008 -0.3998
vn 0.2798 0.8556 -0.4354
vn 0.5768 0.8038 -0.1455
vn 0.5406 0.6481 -0.5365
vn 0.5631 0.5527 -0.6144
vn 0.5626 0.5554 -0.6124
vn 0.5616 0.8266 -0.0378
vn 0.6494 0.7548 0.0925
vn 0.6743 0.7261 0.1346
vn 0.7246 0.6502 0.2286
vn 0.7455 0.6076 0.2742
vn 0.7795 0.5112 0.3620
vn 0.7923 0.4558 0.4056
vn 0.2741 0.6076 0.7455
vn 0.4056 0.4558 0.7923
vn 0.3619 0.5113 0.7795
vn 0.2285 0.6503 0.7245
vn 0.1346 0.7261 0.6743
vn 0.0926 0.7548 0.6494
vn 0.4667 0.8704 -0.1569
vn 0.4924 0.8523 -0.1763
vn 0.3057 0.8887 -0.3418
vn 0.4708 0.8670 -0.1631
vn 0.3977 0.8925 -0.2129
vn 0.4682 0.8684 -0.1631
vn -0.1762 0.8523 0.4924
vn -0.0378 0.8266 0.5615
vn -0.1569 0.8704 0.4667
vn -0.1624 0.8669 0.4714
vn -0.1611 0.8679 0.4700
vn -0.1871 0.8868 0.4226
vn -0.2097 0.8920 0.4005
vn 0.4221 0.8867 -0.1885
vn 0.2570 0.9104 -0.3243
vn -0.3243 0.9103 0.2573
vn -0.3415 0.8889 0.3055
vn -0.5023 -0.7039 -0.5023
vn -0.3947 -0.7039 -0.5906
vn -0.4865 -0.7256 -0.4865
vn -0.3823 -0.7257 -0.5721
vn -0.2718 -0.7039 -0.6563
vn -0.2633 -0.7257 -0.6357
vn -0.1386 -0.7038 -0.6967
vn -0.1342 -0.7257 -0.6748
vn -0.1533 -0.6186 -0.7706
vn -0.3006 -0.6187 -0.7258
vn -0.4365 -0.6186 -0.6533
vn -0.1708 -0.4828 -0.8589
vn -0.3350 -0.4833 -0.8088
vn -0.4864 -0.4832 -0.7279
vn -0.6191 -0.4832 -0.6191
vn -0.5556 -0.6185 -0.5556
vn -0.7279 -0.4832 -0.4864
vn -0.8088 -0.4833 -0.3350
vn -0.6670 -0.3321 -0.6670
vn -0.7844 -0.3316 -0.5241
vn -0.8715 -0.3320 -0.3610
vn -0.9253 -0.3316 -0.1840
vn -0.8587 -0.4832 -0.1708
vn -0.9434 -0.3317 -0.0000
vn -0.8755 -0.4832 -0.0000
vn -0.9251 -0.3321 0.1840
vn -0.8588 -0.4831 0.1708
vn -0.8716 -0.3315 0.3610
vn -0.8087 -0.4835 0.3350
vn -0.7844 -0.3316 0.5241
vn -0.7279 -0.4833 0.4864
vn -0.6671 -0.3316 0.6671
vn -0.6191 -0.4833 0.6190
vn -0.5241 -0.3316 0.7844
vn -0.4864 -0.4831 0.7280
vn -0.3610 -0.3319 0.8715
vn -0.3351 -0.4828 0.8091
vn -0.1840 -0.3316 0.9253
vn -0.1708 -0.4828 0.8589
vn -0.0000 -0.3316 0.9434
vn -0.0000 -0.4833 0.8754
vn 0.1841 -0.3316 0.9253
vn 0.1708 -0.4832 0.8587
vn 0.3610 -0.3316 0.8716
vn 0.3351 -0.4828 0.8090
vn 0.5240 -0.3321 0.7843
vn 0.4864 -0.4831 0.7280
vn 0.4364 -0.6189 0.6531
vn 0.6670 -0.3320 0.6670
vn 0.6191 -0.4832 0.6191
vn 0.5556 -0.6186 0.5556
vn 0.7844 -0.3316 0.5241
vn 0.7279 -0.4832 0.4864
vn 0.6532 -0.6187 0.4365
vn 0.8716 -0.3316 0.3610
vn 0.8088 -0.4833 0.3350
vn 0.7259 -0.6186 0.3007
vn 0.9251 -0.3321 0.1840
vn 0.8587 -0.4832 0.1708
vn 0.7706 -0.6186 0.1533
vn 0.9433 -0.3319 -0.0000
vn 0.8755 -0.4832 -0.0000
vn 0.7857 -0.6187 -0.0000
vn 0.9253 -0.3316 -0.1841
vn 0.8587 -0.4831 -0.1708
vn 0.7706 -0.6186 -0.1533
vn 0.8714 -0.3322 -0.3609
vn 0.8091 -0.4828 -0.3351
vn 0.7258 -0.6187 -0.3006
vn 0.7844 -0.3316 -0.5241
vn 0.7279 -0.4834 -0.4864
vn 0.6532 -0.6187 -0.4365
vn 0.6670 -0.3320 -0.6670
vn 0.6190 -0.4833 -0.6190
vn 0.5556 -0.6186 -0.5556
vn 0.5241 -0.3316 -0.7844
vn 0.4865 -0.4828 -0.7281
vn 0.4366 -0.6184 -0.6534
vn 0.3610 -0.3321 -0.8714
vn 0.3350 -0.4832 -0.8089
vn 0.3006 -0.6188 -0.7258
vn 0.1840 -0.3319 -0.9252
vn 0.1708 -0.4828 -0.8589
vn 0.1533 -0.6186 -0.7706
vn -0.0000 -0.3316 -0.9434
vn -0.0000 -0.4832 -0.8755
vn -0.0000 -0.6186 -0.7857
vn -0.1840 -0.3321 -0.9251
vn -0.3610 -0.3320 -0.8715
vn -0.0000 -0.1688 -0.9856
vn -0.1923 -0.1694 -0.9666
vn -0.3772 -0.1689 -0.9106
vn -0.5476 -0.1689 -0.8195
vn -0.5241 -0.3316 -0.7844
vn -0.6969 -0.1689 -0.6970
vn -0.8195 -0.1688 -0.5476
vn -0.5555 -0.0148 -0.8314
vn -0.7070 -0.0148 -0.7070
vn -0.8314 -0.0148 -0.5555
vn -0.9238 -0.0148 -0.3826
vn -0.9106 -0.1689 -0.3772
vn -0.9807 -0.0147 -0.1951
vn -0.9667 -0.1688 -0.1923
vn -0.9999 -0.0148 -0.0000
vn -0.9857 -0.1688 -0.0000
vn -0.9807 -0.0148 0.1951
vn -0.9667 -0.1688 0.1923
vn -0.9238 -0.0148 0.3826
vn -0.9106 -0.1689 0.3772
vn -0.8314 -0.0148 0.5555
vn -0.8195 -0.1688 0.5476
vn -0.7070 -0.0148 0.7070
vn -0.6969 -0.1691 0.6969
vn -0.5555 -0.0148 0.8314
vn -0.5476 -0.1688 0.8195
vn -0.3826 -0.0148 0.9238
vn -0.3772 -0.1692 0.9106
vn -0.1951 -0.0148 0.9807
vn -0.1923 -0.1689 0.9667
vn -0.0000 -0.0148 0.9999
vn -0.0000 -0.1689 0.9856
vn 0.1923 -0.1688 0.9667
vn 0.1951 -0.0148 0.9807
vn -0.1950 0.0213 0.9806
vn -0.0000 0.0213 0.9998
vn 0.1951 0.0213 0.9806
vn -0.1895 0.2374 0.9527
vn -0.0000 0.2375 0.9714
vn 0.1895 0.2375 0.9527
vn -0.1734 0.4581 0.8718
vn -0.0000 0.4580 0.8890
vn 0.1734 0.4581 0.8718
vn 0.1486 0.6483 0.7467
vn -0.0000 0.6483 0.7614
vn -0.1485 0.6483 0.7468
vn 0.3402 0.4581 0.8213
vn 0.3717 0.2374 0.8975
vn 0.2914 0.6483 0.7035
vn 0.4939 0.4580 0.7391
vn 0.5398 0.2369 0.8078
vn 0.4230 0.6483 0.6331
vn 0.2296 0.8000 0.5543
vn 0.3333 0.8001 0.4988
vn 0.1170 0.8001 0.5884
vn 0.1635 0.9042 0.3946
vn 0.2373 0.9042 0.3552
vn 0.0833 0.9042 0.4189
vn -0.0000 0.8001 0.5999
vn -0.0000 0.9042 0.4272
vn -0.1170 0.8001 0.5884
vn -0.0833 0.9042 0.4189
vn -0.2914 0.6483 0.7035
vn -0.2296 0.8001 0.5542
vn -0.1635 0.9042 0.3946
vn -0.4230 0.6484 0.6330
vn -0.3333 0.8000 0.4988
vn -0.2373 0.9042 0.3552
vn -0.2481 0.8948 0.3712
vn -0.1709 0.8948 0.4125
vn -0.0871 0.8948 0.4379
vn -0.2787 0.6854 0.6727
vn -0.1421 0.6853 0.7143
vn -0.4046 0.6854 0.6055
vn -0.3157 0.8948 0.3157
vn -0.5149 0.6854 0.5149
vn -0.3021 0.9042 0.3020
vn -0.3552 0.9042 0.2373
vn -0.3713 0.8948 0.2481
vn -0.6054 0.6855 0.4045
vn -0.4243 0.8000 0.4242
vn -0.4988 0.8001 0.3333
vn -0.3946 0.9042 0.1635
vn -0.4125 0.8948 0.1708
vn -0.5543 0.8000 0.2296
vn -0.5884 0.8001 0.1170
vn -0.4190 0.9042 0.0833
vn -0.4379 0.8948 0.0871
vn -0.7468 0.6482 0.1486
vn -0.7034 0.6484 0.2913
vn -0.6331 0.6483 0.4230
vn -0.8213 0.4580 0.3402
vn -0.7391 0.4581 0.4939
vn -0.8718 0.4581 0.1734
vn -0.8889 0.4582 -0.0000
vn -0.7614 0.6482 -0.0000
vn -0.6000 0.8000 -0.0000
vn -0.9714 0.2374 -0.0000
vn -0.9528 0.2373 0.1895
vn -0.8975 0.2374 0.3717
vn -0.9806 0.0213 0.1951
vn -0.9237 0.0213 0.3826
vn -0.9998 0.0213 -0.0000
vn -0.9529 0.2369 -0.1895
vn -0.8719 0.4580 -0.1734
vn -0.9806 0.0213 -0.1951
vn -0.9237 0.0213 -0.3826
vn -0.8974 0.2376 -0.3717
vn -0.8313 0.0213 -0.5554
vn -0.8077 0.2376 -0.5397
vn -0.7070 0.0213 -0.7069
vn -0.6869 0.2374 -0.6869
vn -0.5554 0.0213 -0.8313
vn -0.5397 0.2369 -0.8078
vn -0.4939 0.4581 -0.7391
vn -0.6285 0.4581 -0.6286
vn -0.7391 0.4581 -0.4939
vn -0.5384 0.6483 -0.5384
vn -0.6332 0.6481 -0.4231
vn -0.4230 0.6483 -0.6331
vn -0.3717 0.2377 -0.8974
vn -0.3402 0.4579 -0.8213
vn -0.2914 0.6483 -0.7035
vn -0.1895 0.2372 -0.9528
vn -0.1734 0.4581 -0.8718
vn -0.1485 0.6483 -0.7468
vn -0.0000 0.2375 -0.9714
vn -0.0000 0.4580 -0.8890
vn -0.0000 0.6484 -0.7613
vn -0.0000 0.8000 -0.6000
vn -0.1170 0.8000 -0.5885
vn -0.2296 0.8001 -0.5542
vn -0.0833 0.9042 -0.4189
vn -0.1635 0.9042 -0.3947
vn -0.0000 0.9042 -0.4272
vn 0.1485 0.6483 -0.7467
vn 0.1171 0.8000 -0.5885
vn 0.0833 0.9042 -0.4190
vn 0.2914 0.6483 -0.7035
vn 0.2296 0.8001 -0.5542
vn 0.1635 0.9042 -0.3946
vn 0.4230 0.6483 -0.6330
vn 0.3333 0.8001 -0.4988
vn 0.2373 0.9042 -0.3552
vn 0.2481 0.8948 -0.3712
vn 0.1709 0.8948 -0.4125
vn 0.0871 0.8948 -0.4379
vn 0.2787 0.6854 -0.6727
vn 0.1421 0.6854 -0.7141
vn 0.4045 0.6854 -0.6054
vn 0.3157 0.8948 -0.3157
vn 0.5149 0.6854 -0.5149
vn 0.3021 0.9042 -0.3021
vn 0.3552 0.9042 -0.2373
vn 0.3712 0.8948 -0.2480
vn 0.6055 0.6853 -0.4046
vn 0.4242 0.8001 -0.4242
vn 0.4989 0.8000 -0.3333
vn 0.3946 0.9042 -0.1634
vn 0.4125 0.8948 -0.1708
vn 0.5543 0.8000 -0.2296
vn 0.5883 0.8001 -0.1170
vn 0.4190 0.9042 -0.0833
vn 0.4379 0.8948 -0.0871
vn 0.7467 0.6483 -0.1485
vn 0.7035 0.6482 -0.2914
vn 0.6331 0.6483 -0.4230
vn 0.8213 0.4579 -0.3402
vn 0.7391 0.4581 -0.4938
vn 0.8720 0.4578 -0.1735
vn 0.8889 0.4580 -0.0000
vn 0.7614 0.6482 -0.0000
vn 0.5999 0.8001 -0.0000
vn 0.9714 0.2375 -0.0000
vn 0.9528 0.2374 -0.1895
vn 0.8975 0.2374 -0.3718
vn 0.9806 0.0213 -0.1950
vn 0.9237 0.0213 -0.3826
vn 0.9998 0.0213 -0.0000
vn 0.9528 0.2372 0.1895
vn 0.8719 0.4580 0.1734
vn 0.9806 0.0213 0.1950
vn 0.9999 -0.0148 -0.0000
vn 0.9807 -0.0148 0.1951
vn 0.9807 -0.0148 -0.1951
vn 0.9667 -0.1689 0.1923
vn 0.9856 -0.1689 -0.0000
vn 0.9667 -0.1688 -0.1923
vn 0.9238 -0.0148 -0.3826
vn 0.9106 -0.1688 -0.3772
vn 0.8314 -0.0148 -0.5555
vn 0.8195 -0.1689 -0.5476
vn 0.7070 -0.0148 -0.7070
vn 0.6969 -0.1694 -0.6969
vn 0.5555 -0.0148 -0.8314
vn 0.5476 -0.1689 -0.8195
vn 0.3826 -0.0148 -0.9238
vn 0.3772 -0.1689 -0.9106
vn 0.1951 -0.0148 -0.9807
vn 0.1923 -0.1694 -0.9666
vn -0.0000 -0.0148 -0.9999
vn -0.1951 -0.0148 -0.9807
vn 0.1950 0.0213 -0.9806
vn -0.0000 0.0213 -0.9998
vn -0.1951 0.0213 -0.9806
vn -0.3826 -0.0148 -0.9238
vn -0.3826 0.0213 -0.9237
vn 0.1895 0.2372 -0.9528
vn 0.1734 0.4581 -0.8718
vn 0.3826 0.0213 -0.9237
vn 0.3718 0.2374 -0.8975
vn 0.3402 0.4581 -0.8212
vn 0.5555 0.0213 -0.8313
vn 0.5397 0.2376 -0.8076
vn 0.4939 0.4581 -0.7391
vn 0.7070 0.0213 -0.7069
vn 0.6869 0.2373 -0.6869
vn 0.6285 0.4581 -0.6286
vn 0.8078 0.2370 -0.5397
vn 0.8313 0.0213 -0.5554
vn 0.5384 0.6483 -0.5384
vn 0.9106 -0.1688 0.3772
vn 0.9238 -0.0148 0.3826
vn 0.8195 -0.1688 0.5476
vn 0.8314 -0.0148 0.5555
vn 0.6969 -0.1689 0.6970
vn 0.7070 -0.0148 0.7070
vn 0.5476 -0.1688 0.8195
vn 0.5555 -0.0148 0.8314
vn 0.5555 0.0213 0.8313
vn 0.7069 0.0213 0.7069
vn 0.8313 0.0213 0.5554
vn 0.6869 0.2374 0.6869
vn 0.8078 0.2369 0.5398
vn 0.6286 0.4579 0.6286
vn 0.7391 0.4581 0.4938
vn 0.8976 0.2369 0.3718
vn 0.9237 0.0213 0.3826
vn 0.8213 0.4579 0.3402
vn 0.7034 0.6483 0.2914
vn 0.7467 0.6484 0.1485
vn 0.6331 0.6482 0.4230
vn 0.5885 0.8000 0.1171
vn 0.5544 0.7999 0.2296
vn 0.4190 0.9042 0.0833
vn 0.4272 0.9042 -0.0000
vn 0.3946 0.9042 0.1635
vn 0.4989 0.8000 0.3334
vn 0.3552 0.9042 0.2373
vn 0.3713 0.8948 0.2481
vn 0.4125 0.8948 0.1709
vn 0.4379 0.8948 0.0871
vn 0.6727 0.6855 0.2786
vn 0.7143 0.6853 0.1421
vn 0.6055 0.6853 0.4046
vn 0.3157 0.8948 0.3157
vn 0.5148 0.6855 0.5148
vn 0.3021 0.9042 0.3020
vn 0.2481 0.8948 0.3712
vn 0.4045 0.6854 0.6054
vn 0.4242 0.8001 0.4242
vn 0.1708 0.8948 0.4125
vn 0.5383 0.6484 0.5383
vn 0.5182 0.3604 0.7756
vn 0.6596 0.3605 0.6596
vn 0.7755 0.3606 0.5182
vn 0.7068 -0.0297 0.7068
vn 0.8311 -0.0297 0.5553
vn 0.5553 -0.0297 0.8311
vn 0.2787 0.6853 0.6728
vn 0.3569 0.3606 0.8617
vn 0.3825 -0.0297 0.9235
vn 0.1421 0.6854 0.7141
vn 0.1820 0.3603 0.9149
vn 0.1950 -0.0297 0.9804
vn -0.0000 0.6853 0.7283
vn -0.0000 0.3606 0.9327
vn -0.0000 -0.0297 0.9996
vn -0.1820 0.3607 0.9147
vn -0.1950 -0.0297 0.9804
vn -0.0000 0.8948 0.4465
vn 0.0871 0.8948 0.4379
vn -0.3570 0.3605 0.8618
vn -0.3825 -0.0297 0.9235
vn -0.5182 0.3605 0.7756
vn -0.5553 -0.0297 0.8311
vn -0.6596 0.3605 0.6596
vn -0.7068 -0.0297 0.7068
vn -0.6435 -0.4145 0.6435
vn -0.5056 -0.4147 0.7566
vn -0.3483 -0.4145 0.8408
vn -0.4099 -0.6750 0.6135
vn -0.2824 -0.6749 0.6817
vn -0.5218 -0.6749 0.5218
vn -0.8311 -0.0297 0.5553
vn -0.7567 -0.4145 0.5056
vn -0.6135 -0.6749 0.4099
vn -0.9235 -0.0297 0.3825
vn -0.8407 -0.4146 0.3483
vn -0.6817 -0.6749 0.2824
vn -0.9804 -0.0297 0.1950
vn -0.8925 -0.4145 0.1775
vn -0.7237 -0.6749 0.1440
vn -0.7035 -0.6968 0.1399
vn -0.6627 -0.6968 0.2745
vn -0.5964 -0.6968 0.3985
vn -0.8410 -0.4140 0.3484
vn -0.7569 -0.4140 0.5057
vn -0.8928 -0.4139 0.1776
vn -0.7379 -0.6749 -0.0000
vn -0.7173 -0.6968 -0.0000
vn -0.9103 -0.4139 -0.0000
vn -0.7035 -0.6968 -0.1399
vn -0.8929 -0.4138 -0.1776
vn -0.7237 -0.6749 -0.1440
vn -0.9808 -0.0050 -0.1951
vn -1.0000 -0.0049 -0.0000
vn -0.9808 -0.0049 0.1951
vn -0.9144 0.4047 -0.0000
vn -0.8969 0.4047 0.1784
vn -0.8969 0.4047 -0.1784
vn -0.8410 -0.4139 -0.3484
vn -0.9239 -0.0050 -0.3827
vn -0.8448 0.4047 -0.3499
vn -0.7569 -0.4139 -0.5057
vn -0.8315 -0.0050 -0.5556
vn -0.7603 0.4048 -0.5080
vn -0.6437 -0.4138 -0.6437
vn -0.7071 -0.0050 -0.7071
vn -0.6466 0.4048 -0.6466
vn -0.4817 0.7320 -0.4817
vn -0.5665 0.7320 -0.3785
vn -0.6294 0.7321 -0.2607
vn -0.3127 0.9266 -0.2089
vn -0.3475 0.9266 -0.1439
vn -0.2659 0.9266 -0.2659
vn -0.5080 0.4047 -0.7603
vn -0.3785 0.7320 -0.5665
vn -0.2090 0.9266 -0.3127
vn -0.3499 0.4047 -0.8448
vn -0.2607 0.7320 -0.6294
vn -0.1439 0.9266 -0.3474
vn -0.1784 0.4048 -0.8969
vn -0.1329 0.7320 -0.6682
vn -0.0734 0.9266 -0.3689
vn -0.0761 0.9207 -0.3828
vn -0.1493 0.9207 -0.3605
vn -0.2168 0.9207 -0.3244
vn -0.2868 0.6620 -0.6924
vn -0.4164 0.6621 -0.6231
vn -0.1462 0.6621 -0.7350
vn -0.0000 0.9207 -0.3903
vn -0.0000 0.6621 -0.7494
vn -0.0000 0.9266 -0.3761
vn 0.0734 0.9266 -0.3689
vn 0.0761 0.9207 -0.3827
vn 0.1462 0.6620 -0.7351
vn -0.0000 0.7321 -0.6812
vn 0.1329 0.7320 -0.6682
vn 0.1439 0.9266 -0.3475
vn 0.1493 0.9207 -0.3605
vn 0.2607 0.7320 -0.6294
vn 0.3785 0.7320 -0.5665
vn 0.2090 0.9266 -0.3127
vn 0.2168 0.9207 -0.3245
vn 0.5080 0.4047 -0.7603
vn 0.3499 0.4048 -0.8448
vn 0.1784 0.4047 -0.8969
vn 0.3827 -0.0049 -0.9239
vn 0.1951 -0.0050 -0.9808
vn 0.5556 -0.0049 -0.8315
vn 0.7071 -0.0049 -0.7071
vn 0.6466 0.4047 -0.6466
vn 0.4817 0.7321 -0.4817
vn 0.6437 -0.4139 -0.6437
vn 0.5057 -0.4140 -0.7569
vn 0.3484 -0.4139 -0.8410
vn 0.3985 -0.6968 -0.5964
vn 0.2745 -0.6968 -0.6627
vn 0.5072 -0.6968 -0.5072
vn 0.7569 -0.4139 -0.5057
vn 0.8315 -0.0050 -0.5556
vn 0.5964 -0.6968 -0.3985
vn 0.5217 -0.6750 -0.5217
vn 0.6135 -0.6750 -0.4099
vn 0.4099 -0.6749 -0.6135
vn 0.6435 -0.4146 -0.6435
vn 0.5055 -0.4147 -0.7566
vn 0.7566 -0.4146 -0.5056
vn 0.8407 -0.4146 -0.3482
vn 0.6817 -0.6749 -0.2824
vn 0.6627 -0.6968 -0.2745
vn 0.7237 -0.6749 -0.1440
vn 0.7035 -0.6968 -0.1399
vn 0.8925 -0.4146 -0.1775
vn 0.8410 -0.4139 -0.3484
vn 0.8928 -0.4140 -0.1776
vn 0.7379 -0.6749 -0.0000
vn 0.7173 -0.6968 -0.0000
vn 0.9103 -0.4140 -0.0000
vn 0.7035 -0.6968 0.1399
vn 0.8928 -0.4140 0.1776
vn 0.7237 -0.6749 0.1440
vn 0.9808 -0.0049 0.1951
vn 1.0000 -0.0049 -0.0000
vn 0.9808 -0.0050 -0.1951
vn 0.9144 0.4048 -0.0000
vn 0.8968 0.4048 -0.1784
vn 0.8968 0.4048 0.1784
vn 0.8410 -0.4141 0.3483
vn 0.9239 -0.0049 0.3827
vn 0.8448 0.4047 0.3499
vn 0.7569 -0.4140 0.5057
vn 0.8315 -0.0049 0.5556
vn 0.7603 0.4047 0.5080
vn 0.6437 -0.4139 0.6437
vn 0.7071 -0.0049 0.7071
vn 0.6466 0.4048 0.6466
vn 0.4817 0.7320 0.4818
vn 0.5665 0.7320 0.3785
vn 0.6294 0.7320 0.2607
vn 0.3127 0.9266 0.2090
vn 0.3475 0.9266 0.1439
vn 0.2659 0.9266 0.2659
vn 0.5080 0.4047 0.7603
vn 0.3785 0.7321 0.5664
vn 0.2090 0.9266 0.3127
vn 0.3499 0.4047 0.8448
vn 0.2607 0.7320 0.6294
vn 0.1439 0.9266 0.3474
vn 0.2168 0.9207 0.3244
vn 0.2759 0.9207 0.2759
vn 0.1493 0.9207 0.3605
vn 0.1329 0.7320 0.6682
vn 0.0734 0.9266 0.3688
vn 0.0761 0.9207 0.3828
vn 0.2868 0.6620 0.6924
vn 0.4164 0.6620 0.6232
vn 0.1462 0.6621 0.7350
vn -0.0000 0.9207 0.3902
vn -0.0000 0.6621 0.7494
vn -0.0000 0.9266 0.3761
vn -0.0734 0.9266 0.3689
vn -0.0761 0.9207 0.3827
vn -0.1462 0.6621 0.7350
vn -0.0000 0.7321 0.6812
vn -0.1329 0.7320 0.6682
vn -0.1439 0.9266 0.3475
vn -0.1493 0.9207 0.3605
vn -0.2607 0.7321 0.6294
vn -0.3785 0.7320 0.5665
vn -0.2089 0.9266 0.3127
vn -0.2168 0.9207 0.3245
vn -0.5080 0.4048 0.7603
vn -0.3499 0.4047 0.8448
vn -0.1784 0.4048 0.8968
vn -0.3827 -0.0050 0.9239
vn -0.1951 -0.0050 0.9808
vn -0.5556 -0.0050 0.8315
vn -0.7071 -0.0050 0.7071
vn -0.6466 0.4048 0.6466
vn -0.4817 0.7320 0.4818
vn -0.6437 -0.4139 0.6437
vn -0.5058 -0.4139 0.7569
vn -0.3484 -0.4139 0.8410
vn -0.3985 -0.6968 0.5964
vn -0.2745 -0.6968 0.6627
vn -0.5072 -0.6968 0.5072
vn -0.8315 -0.0049 0.5556
vn -0.9239 -0.0049 0.3827
vn -0.7603 0.4047 0.5081
vn -0.8448 0.4047 0.3499
vn -0.6294 0.7320 0.2607
vn -0.5665 0.7320 0.3785
vn -0.6682 0.7320 0.1329
vn -0.6813 0.7320 -0.0000
vn -0.3689 0.9266 0.0734
vn -0.3474 0.9266 0.1439
vn -0.3761 0.9266 -0.0000
vn -0.6682 0.7321 -0.1329
vn -0.3689 0.9266 -0.0734
vn -0.3827 0.9207 -0.0761
vn -0.3902 0.9207 -0.0000
vn -0.3605 0.9207 -0.1493
vn -0.3245 0.9207 -0.2168
vn -0.6924 0.6620 -0.2868
vn -0.7351 0.6620 -0.1462
vn -0.6231 0.6621 -0.4164
vn -0.2759 0.9207 -0.2759
vn -0.5299 0.6621 -0.5299
vn -0.5389 0.2427 -0.8066
vn -0.6859 0.2428 -0.6860
vn -0.8066 0.2428 -0.5390
vn -0.6860 -0.2427 -0.6860
vn -0.8066 -0.2428 -0.5389
vn -0.5389 -0.2428 -0.8066
vn -0.3713 0.2426 -0.8963
vn -0.3712 -0.2428 -0.8962
vn -0.1892 0.2429 -0.9514
vn -0.1892 -0.2428 -0.9514
vn -0.0000 0.2427 -0.9701
vn -0.0000 -0.2427 -0.9701
vn -0.0000 -0.6620 -0.7495
vn -0.1462 -0.6620 -0.7351
vn -0.2868 -0.6621 -0.6924
vn -0.0543 -0.9604 -0.2732
vn -0.1066 -0.9604 -0.2574
vn -0.0000 -0.9604 -0.2786
vn 0.1893 -0.2427 -0.9515
vn 0.1462 -0.6621 -0.7350
vn 0.0544 -0.9604 -0.2733
vn 0.3712 -0.2428 -0.8962
vn 0.2868 -0.6620 -0.6924
vn 0.1066 -0.9604 -0.2574
vn 0.5390 -0.2427 -0.8066
vn 0.4164 -0.6620 -0.6232
vn 0.1548 -0.9604 -0.2316
vn 0.0984 -0.9664 -0.2376
vn 0.0502 -0.9664 -0.2522
vn 0.1429 -0.9664 -0.2138
vn 0.1970 -0.9604 -0.1970
vn 0.1818 -0.9664 -0.1818
vn 0.5299 -0.6621 -0.5299
vn 0.6232 -0.6620 -0.4164
vn 0.2317 -0.9604 -0.1548
vn 0.2138 -0.9664 -0.1429
vn 0.6847 -0.2497 -0.6847
vn 0.8051 -0.2497 -0.5380
vn 0.8240 -0.1335 -0.5506
vn 0.7008 -0.1335 -0.7008
vn 0.5380 -0.2497 -0.8051
vn 0.5506 -0.1335 -0.8240
vn 0.8313 0.0221 -0.5554
vn 0.7069 0.0221 -0.7069
vn 0.5554 0.0221 -0.8313
vn 0.8250 0.1243 -0.5512
vn 0.7016 0.1243 -0.7016
vn 0.5513 0.1242 -0.8250
vn 0.3826 0.0221 -0.9237
vn 0.3797 0.1242 -0.9167
vn 0.3793 -0.1335 -0.9156
vn 0.1950 0.0221 -0.9805
vn 0.1936 0.1243 -0.9732
vn 0.1933 -0.1335 -0.9720
vn 0.1889 -0.2497 -0.9497
vn 0.3706 -0.2497 -0.8946
vn -0.0000 -0.1335 -0.9910
vn -0.0000 0.0221 -0.9998
vn -0.0000 -0.2497 -0.9683
vn -0.0000 -0.9664 -0.2572
vn -0.0502 -0.9664 -0.2522
vn -0.1889 -0.2497 -0.9497
vn -0.1933 -0.1335 -0.9720
vn -0.0984 -0.9664 -0.2376
vn -0.3706 -0.2497 -0.8946
vn -0.3793 -0.1335 -0.9156
vn -0.1950 0.0221 -0.9805
vn -0.3826 0.0221 -0.9237
vn -0.5506 -0.1335 -0.8240
vn -0.5554 0.0221 -0.8313
vn -0.5380 -0.2497 -0.8051
vn -0.3797 0.1243 -0.9167
vn -0.5513 0.1243 -0.8250
vn -0.1936 0.1242 -0.9732
vn -0.3766 0.1768 -0.9093
vn -0.5468 0.1767 -0.8184
vn -0.1920 0.1771 -0.9653
vn -0.0000 0.1243 -0.9923
vn -0.0000 0.1775 -0.9841
vn -0.0000 0.1671 -0.9859
vn -0.1923 0.1671 -0.9670
vn -0.3773 0.1675 -0.9108
vn -0.0000 0.1784 -0.9840
vn -0.1920 0.1784 -0.9651
vn -0.3765 0.1789 -0.9090
vn -0.5477 0.1675 -0.8197
vn -0.5467 0.1784 -0.8181
vn -0.3758 0.1889 -0.9073
vn -0.5456 0.1889 -0.8165
vn -0.1916 0.1889 -0.9631
vn -0.3746 0.2047 -0.9043
vn -0.5438 0.2047 -0.8139
vn -0.1910 0.2047 -0.9600
vn -0.0000 0.1893 -0.9819
vn -0.0000 0.2047 -0.9788
vn -0.0000 0.2161 -0.9764
vn -0.1905 0.2161 -0.9576
vn -0.3736 0.2161 -0.9021
vn -0.1838 0.3350 -0.9241
vn -0.3606 0.3350 -0.8705
vn -0.0000 0.3350 -0.9422
vn 0.1905 0.2161 -0.9576
vn 0.1838 0.3350 -0.9241
vn 0.1910 0.2047 -0.9600
vn -0.0000 0.4486 -0.8937
vn -0.1743 0.4490 -0.8764
vn 0.1744 0.4486 -0.8766
vn 0.3736 0.2161 -0.9021
vn 0.3606 0.3350 -0.8705
vn 0.3420 0.4486 -0.8257
vn 0.5424 0.2161 -0.8118
vn 0.5234 0.3350 -0.7835
vn 0.4964 0.4489 -0.7430
vn 0.6663 0.3349 -0.6663
vn 0.6320 0.4486 -0.6320
vn 0.6904 0.2161 -0.6904
vn 0.5887 0.5539 -0.5887
vn 0.4625 0.5539 -0.6923
vn 0.3186 0.5539 -0.7692
vn 0.4224 0.6494 -0.6323
vn 0.2909 0.6498 -0.7022
vn 0.5377 0.6495 -0.5377
vn 0.7432 0.4486 -0.4965
vn 0.6923 0.5539 -0.4625
vn 0.6323 0.6494 -0.4224
vn 0.8257 0.4486 -0.3420
vn 0.7693 0.5539 -0.3186
vn 0.7026 0.6494 -0.2910
vn 0.8764 0.4489 -0.1744
vn 0.8166 0.5538 -0.1625
vn 0.7458 0.6495 -0.1484
vn 0.6732 0.7272 -0.1339
vn 0.6342 0.7272 -0.2627
vn 0.5708 0.7272 -0.3813
vn 0.6848 0.6713 -0.2836
vn 0.6163 0.6714 -0.4117
vn 0.7269 0.6713 -0.1446
vn 0.8133 0.4745 -0.3368
vn 0.7320 0.4744 -0.4890
vn 0.8632 0.4747 -0.1717
vn 0.7412 0.6713 -0.0000
vn 0.8803 0.4745 -0.0000
vn 0.6865 0.7272 -0.0000
vn 0.6733 0.7272 0.1339
vn 0.7269 0.6713 0.1446
vn 0.8631 0.4750 0.1717
vn 0.7601 0.6498 -0.0000
vn 0.7457 0.6495 0.1483
vn 0.7022 0.6498 0.2909
vn 0.6342 0.7272 0.2627
vn 0.6847 0.6713 0.2836
vn 0.8166 0.5538 0.1624
vn 0.8326 0.5539 -0.0000
vn 0.7692 0.5539 0.3186
vn 0.6921 0.5543 0.4624
vn 0.6322 0.6495 0.4225
vn 0.5708 0.7272 0.3814
vn 0.7430 0.4489 0.4965
vn 0.8257 0.4486 0.3420
vn 0.8764 0.4490 0.1743
vn 0.8705 0.3349 0.3606
vn 0.9241 0.3349 0.1838
vn 0.7834 0.3350 0.5235
vn 0.6663 0.3350 0.6662
vn 0.6320 0.4486 0.6320
vn 0.5886 0.5543 0.5885
vn 0.6904 0.2161 0.6904
vn 0.8118 0.2161 0.5425
vn 0.9020 0.2161 0.3737
vn 0.9043 0.2047 0.3746
vn 0.8139 0.2047 0.5438
vn 0.6921 0.2047 0.6921
vn 0.5425 0.2161 0.8118
vn 0.5235 0.3350 0.7834
vn 0.5438 0.2047 0.8139
vn 0.6944 0.1889 0.6944
vn 0.5456 0.1889 0.8165
vn 0.8165 0.1888 0.5456
vn 0.6958 0.1784 0.6958
vn 0.5467 0.1784 0.8181
vn 0.8181 0.1784 0.5467
vn 0.6971 0.1675 0.6971
vn 0.5478 0.1671 0.8198
vn 0.8198 0.1671 0.5478
vn 0.6959 0.1772 0.6959
vn 0.5468 0.1769 0.8184
vn 0.8183 0.1771 0.5468
vn 0.7016 0.1243 0.7016
vn 0.5513 0.1243 0.8250
vn 0.8250 0.1242 0.5513
vn 0.7069 0.0221 0.7069
vn 0.5554 0.0221 0.8313
vn 0.8313 0.0221 0.5554
vn 0.7008 -0.1335 0.7008
vn 0.5506 -0.1335 0.8240
vn 0.8240 -0.1335 0.5506
vn 0.6847 -0.2497 0.6847
vn 0.5380 -0.2497 0.8051
vn 0.8051 -0.2497 0.5380
vn 0.1970 -0.9604 0.1970
vn 0.1548 -0.9604 0.2316
vn 0.1429 -0.9664 0.2138
vn 0.1818 -0.9664 0.1818
vn 0.2316 -0.9604 0.1548
vn 0.2138 -0.9664 0.1429
vn 0.2574 -0.9604 0.1066
vn 0.2376 -0.9664 0.0984
vn 0.8946 -0.2497 0.3706
vn 0.9156 -0.1335 0.3793
vn 0.2732 -0.9604 0.0543
vn 0.2522 -0.9664 0.0502
vn 0.9497 -0.2497 0.1889
vn 0.9720 -0.1335 0.1933
vn 0.9236 0.0224 0.3826
vn 0.9805 0.0221 0.1950
vn 0.9167 0.1243 0.3797
vn 0.9732 0.1243 0.1936
vn 0.9998 0.0221 -0.0000
vn 0.9923 0.1243 -0.0000
vn 0.9910 -0.1335 -0.0000
vn 0.9805 0.0221 -0.1951
vn 0.9732 0.1243 -0.1936
vn 0.9720 -0.1336 -0.1934
vn 0.9683 -0.2497 -0.0000
vn 0.9497 -0.2497 -0.1889
vn 0.2786 -0.9604 -0.0000
vn 0.2572 -0.9664 -0.0000
vn 0.2732 -0.9604 -0.0544
vn 0.2522 -0.9664 -0.0502
vn 0.2574 -0.9604 -0.1066
vn 0.2376 -0.9664 -0.0984
vn 0.8946 -0.2497 -0.3706
vn 0.9156 -0.1335 -0.3792
vn 0.9237 0.0224 -0.3826
vn 0.9167 0.1243 -0.3797
vn 0.9653 0.1770 -0.1920
vn 0.9093 0.1767 -0.3766
vn 0.8184 0.1769 -0.5468
vn 0.6959 0.1772 -0.6959
vn 0.9109 0.1671 -0.3773
vn 0.8197 0.1676 -0.5477
vn 0.6972 0.1671 -0.6972
vn 0.5468 0.1769 -0.8184
vn 0.5477 0.1671 -0.8198
vn 0.3766 0.1771 -0.9093
vn 0.3773 0.1671 -0.9109
vn 0.1920 0.1771 -0.9653
vn 0.1923 0.1671 -0.9670
vn 0.3765 0.1784 -0.9091
vn 0.1920 0.1784 -0.9651
vn 0.3758 0.1889 -0.9073
vn 0.1916 0.1889 -0.9631
vn 0.3746 0.2047 -0.9043
vn 0.5456 0.1889 -0.8165
vn 0.5438 0.2047 -0.8139
vn 0.6921 0.2047 -0.6921
vn 0.6944 0.1889 -0.6944
vn 0.5466 0.1784 -0.8181
vn 0.6958 0.1784 -0.6958
vn 0.8182 0.1784 -0.5466
vn 0.8165 0.1889 -0.5455
vn 0.9091 0.1784 -0.3765
vn 0.9073 0.1889 -0.3758
vn 0.9043 0.2047 -0.3745
vn 0.8139 0.2047 -0.5437
vn 0.9021 0.2161 -0.3736
vn 0.8119 0.2161 -0.5424
vn 0.7835 0.3349 -0.5234
vn 0.8705 0.3350 -0.3605
vn 0.9576 0.2161 -0.1905
vn 0.9241 0.3350 -0.1839
vn 0.9600 0.2047 -0.1910
vn 0.9788 0.2047 -0.0000
vn 0.9764 0.2161 -0.0000
vn 0.9422 0.3350 -0.0000
vn 0.9576 0.2161 0.1905
vn 0.9600 0.2047 0.1910
vn 0.8938 0.4486 -0.0000
vn 0.9819 0.1892 -0.0000
vn 0.9631 0.1892 0.1916
vn 0.9631 0.1889 -0.1916
vn 0.9840 0.1784 -0.0000
vn 0.9651 0.1784 0.1920
vn 0.9650 0.1789 -0.1920
vn 0.9859 0.1671 -0.0000
vn 0.9670 0.1671 0.1924
vn 0.9670 0.1671 -0.1924
vn 0.9843 0.1768 -0.0000
vn 0.9653 0.1767 0.1920
vn 0.9093 0.1768 0.3767
vn 0.9109 0.1671 0.3773
vn 0.9091 0.1784 0.3766
vn 0.9072 0.1888 0.3758
vn 0.7350 -0.6621 -0.1462
vn 0.6924 -0.6621 -0.2868
vn 0.9514 -0.2428 -0.1893
vn 0.8963 -0.2427 -0.3712
vn 0.8066 -0.2427 -0.5390
vn 0.6860 -0.2428 -0.6860
vn 0.8066 0.2427 -0.5390
vn 0.6860 0.2428 -0.6859
vn 0.8962 0.2428 -0.3712
vn 0.5390 0.2428 -0.8066
vn 0.3712 0.2427 -0.8962
vn 0.5300 0.6620 -0.5300
vn 0.4164 0.6620 -0.6232
vn 0.2868 0.6620 -0.6925
vn 0.1893 0.2427 -0.9515
vn 0.2759 0.9207 -0.2759
vn 0.6231 0.6621 -0.4164
vn 0.3244 0.9207 -0.2168
vn 0.2659 0.9266 -0.2660
vn 0.3127 0.9266 -0.2089
vn 0.5664 0.7320 -0.3785
vn 0.3475 0.9266 -0.1439
vn 0.3605 0.9207 -0.1493
vn 0.6294 0.7321 -0.2607
vn 0.6681 0.7321 -0.1329
vn 0.3689 0.9266 -0.0734
vn 0.3827 0.9207 -0.0761
vn 0.8448 0.4047 -0.3499
vn 0.7603 0.4047 -0.5080
vn 0.9239 -0.0050 -0.3827
vn 0.6813 0.7320 -0.0000
vn 0.3761 0.9266 -0.0000
vn 0.6682 0.7320 0.1329
vn 0.3689 0.9266 0.0734
vn 0.3827 0.9207 0.0761
vn 0.3902 0.9207 -0.0000
vn 0.3605 0.9207 0.1493
vn 0.3245 0.9207 0.2168
vn 0.6924 0.6620 0.2868
vn 0.7351 0.6620 0.1462
vn 0.6231 0.6621 0.4164
vn 0.5300 0.6620 0.5299
vn 0.5390 0.2427 0.8066
vn 0.6859 0.2428 0.6860
vn 0.8066 0.2427 0.5390
vn 0.6859 -0.2428 0.6860
vn 0.8066 -0.2428 0.5389
vn 0.5390 -0.2426 0.8066
vn 0.3712 0.2428 0.8962
vn 0.3712 -0.2426 0.8963
vn 0.1893 0.2427 0.9515
vn 0.1893 -0.2428 0.9514
vn -0.0000 0.2426 0.9701
vn -0.0000 -0.2428 0.9701
vn -0.1893 0.2427 0.9515
vn -0.1893 -0.2428 0.9514
vn -0.2868 0.6621 0.6924
vn -0.3712 0.2428 0.8962
vn -0.3712 -0.2427 0.8962
vn -0.4164 0.6621 0.6231
vn -0.5390 0.2427 0.8066
vn -0.5390 -0.2428 0.8066
vn -0.5300 0.6620 0.5300
vn -0.6859 0.2428 0.6859
vn -0.6860 -0.2427 0.6860
vn -0.5300 -0.6620 0.5300
vn -0.4164 -0.6621 0.6231
vn -0.2868 -0.6621 0.6924
vn -0.1548 -0.9604 0.2316
vn -0.1066 -0.9604 0.2574
vn -0.1970 -0.9604 0.1970
vn -0.8066 -0.2428 0.5390
vn -0.6232 -0.6620 0.4164
vn -0.2316 -0.9604 0.1548
vn -0.8962 -0.2428 0.3712
vn -0.6924 -0.6621 0.2868
vn -0.2574 -0.9604 0.1066
vn -0.9514 -0.2428 0.1893
vn -0.7351 -0.6620 0.1462
vn -0.2733 -0.9604 0.0543
vn -0.2522 -0.9664 0.0502
vn -0.2376 -0.9664 0.0984
vn -0.2138 -0.9664 0.1429
vn -0.8946 -0.2497 0.3706
vn -0.9497 -0.2497 0.1889
vn -0.9720 -0.1335 0.1933
vn -0.9156 -0.1336 0.3793
vn -0.8051 -0.2497 0.5380
vn -0.8240 -0.1335 0.5506
vn -0.9805 0.0221 0.1950
vn -0.9237 0.0221 0.3826
vn -0.8313 0.0221 0.5554
vn -0.9732 0.1243 0.1936
vn -0.9167 0.1243 0.3797
vn -0.8250 0.1243 0.5513
vn -0.7069 0.0221 0.7069
vn -0.7016 0.1243 0.7016
vn -0.7008 -0.1335 0.7008
vn -0.5554 0.0221 0.8313
vn -0.5513 0.1243 0.8250
vn -0.5506 -0.1335 0.8240
vn -0.6847 -0.2497 0.6847
vn -0.5380 -0.2497 0.8051
vn -0.1818 -0.9664 0.1818
vn -0.1429 -0.9664 0.2138
vn -0.0984 -0.9664 0.2376
vn -0.3706 -0.2497 0.8946
vn -0.3793 -0.1335 0.9156
vn -0.0543 -0.9604 0.2732
vn -0.0502 -0.9664 0.2522
vn -0.1889 -0.2497 0.9497
vn -0.1933 -0.1335 0.9720
vn -0.3826 0.0221 0.9237
vn -0.1950 0.0221 0.9805
vn -0.3797 0.1242 0.9167
vn -0.1936 0.1243 0.9732
vn -0.0000 0.0221 0.9998
vn -0.0000 0.1243 0.9923
vn -0.0000 -0.1335 0.9910
vn 0.1950 0.0221 0.9805
vn 0.1936 0.1243 0.9732
vn 0.1933 -0.1335 0.9720
vn -0.0000 -0.2497 0.9683
vn 0.1889 -0.2497 0.9497
vn -0.0000 -0.9604 0.2786
vn -0.0000 -0.9664 0.2572
vn 0.0544 -0.9604 0.2733
vn 0.0502 -0.9664 0.2522
vn 0.3706 -0.2497 0.8946
vn 0.3792 -0.1335 0.9156
vn 0.1066 -0.9604 0.2574
vn 0.0984 -0.9664 0.2376
vn 0.2868 -0.6621 0.6924
vn 0.1462 -0.6621 0.7350
vn -0.0000 -0.6620 0.7495
vn -0.1462 -0.6621 0.7350
vn 0.4164 -0.6621 0.6231
vn 0.5300 -0.6620 0.5300
vn 0.6232 -0.6620 0.4164
vn 0.6924 -0.6621 0.2868
vn 0.8962 -0.2428 0.3712
vn 0.8962 0.2428 0.3712
vn 0.9515 -0.2427 0.1893
vn 0.9514 0.2428 0.1893
vn 0.7350 -0.6621 0.1462
vn 0.9701 -0.2427 -0.0000
vn 0.9701 0.2427 -0.0000
vn 0.7495 -0.6621 -0.0000
vn 0.9515 0.2427 -0.1893
vn 0.7495 0.6620 -0.0000
vn 0.7351 0.6620 -0.1462
vn 0.6924 0.6621 -0.2868
vn 0.3826 0.0221 0.9237
vn 0.3797 0.1243 0.9167
vn 0.1920 0.1772 0.9653
vn 0.3766 0.1775 0.9092
vn 0.1924 0.1671 0.9670
vn 0.3773 0.1671 0.9109
vn 0.1920 0.1784 0.9651
vn 0.3765 0.1784 0.9091
vn 0.1916 0.1889 0.9631
vn 0.3758 0.1889 0.9073
vn 0.1910 0.2047 0.9600
vn 0.3746 0.2047 0.9043
vn 0.1905 0.2161 0.9576
vn 0.3736 0.2161 0.9021
vn 0.3606 0.3350 0.8705
vn 0.1838 0.3350 0.9241
vn 0.3419 0.4490 0.8255
vn 0.4964 0.4490 0.7429
vn 0.1744 0.4486 0.8766
vn -0.0000 0.2161 0.9764
vn -0.0000 0.3350 0.9422
vn -0.0000 0.4486 0.8937
vn -0.1838 0.3350 0.9241
vn -0.1744 0.4486 0.8766
vn -0.1905 0.2161 0.9576
vn -0.0000 0.2047 0.9788
vn -0.1910 0.2047 0.9600
vn -0.0000 0.1893 0.9819
vn -0.1916 0.1889 0.9631
vn -0.0000 0.1784 0.9840
vn -0.1920 0.1789 0.9650
vn -0.0000 0.1671 0.9859
vn -0.1923 0.1671 0.9670
vn -0.0000 0.1768 0.9843
vn -0.1920 0.1769 0.9653
vn -0.3767 0.1767 0.9093
vn -0.3773 0.1671 0.9109
vn -0.5468 0.1769 0.8184
vn -0.5478 0.1671 0.8198
vn -0.6960 0.1769 0.6960
vn -0.6972 0.1671 0.6972
vn -0.6958 0.1784 0.6958
vn -0.5467 0.1784 0.8181
vn -0.3766 0.1784 0.9091
vn -0.6944 0.1889 0.6944
vn -0.5456 0.1889 0.8165
vn -0.3758 0.1889 0.9073
vn -0.3746 0.2047 0.9043
vn -0.5438 0.2047 0.8138
vn -0.3737 0.2161 0.9021
vn -0.5425 0.2161 0.8118
vn -0.6921 0.2047 0.6921
vn -0.6904 0.2161 0.6904
vn -0.5235 0.3350 0.7834
vn -0.3606 0.3350 0.8705
vn -0.6663 0.3350 0.6662
vn -0.8118 0.2161 0.5424
vn -0.7834 0.3350 0.5235
vn -0.8139 0.2047 0.5438
vn -0.6320 0.4486 0.6320
vn -0.4966 0.4486 0.7431
vn -0.7431 0.4486 0.4965
vn -0.9020 0.2161 0.3736
vn -0.8705 0.3350 0.3606
vn -0.8257 0.4486 0.3420
vn -0.9576 0.2161 0.1905
vn -0.9241 0.3350 0.1838
vn -0.8766 0.4486 0.1744
vn -0.9422 0.3350 -0.0000
vn -0.8938 0.4485 -0.0000
vn -0.9764 0.2161 -0.0000
vn -0.8324 0.5541 -0.0000
vn -0.8164 0.5541 0.1624
vn -0.7690 0.5542 0.3186
vn -0.7455 0.6498 0.1483
vn -0.7025 0.6494 0.2910
vn -0.7603 0.6495 -0.0000
vn -0.8766 0.4486 -0.1744
vn -0.8166 0.5539 -0.1624
vn -0.7454 0.6499 -0.1483
vn -0.8255 0.4490 -0.3419
vn -0.7692 0.5539 -0.3186
vn -0.7022 0.6499 -0.2909
vn -0.7431 0.4486 -0.4965
vn -0.6923 0.5539 -0.4625
vn -0.6323 0.6494 -0.4225
vn -0.5707 0.7272 -0.3814
vn -0.6342 0.7272 -0.2627
vn -0.6733 0.7272 -0.1339
vn -0.6847 0.6713 -0.2836
vn -0.7269 0.6714 -0.1446
vn -0.6162 0.6713 -0.4118
vn -0.8132 0.4747 -0.3368
vn -0.8634 0.4744 -0.1717
vn -0.7319 0.4746 -0.4890
vn -0.5240 0.6714 -0.5240
vn -0.6225 0.4745 -0.6224
vn -0.4854 0.7272 -0.4854
vn -0.3814 0.7272 -0.5708
vn -0.4117 0.6714 -0.6162
vn -0.4890 0.4746 -0.7319
vn -0.5375 0.6498 -0.5375
vn -0.4223 0.6499 -0.6319
vn -0.2910 0.6494 -0.7025
vn -0.2627 0.7272 -0.6342
vn -0.2836 0.6714 -0.6847
vn -0.4624 0.5543 -0.6921
vn -0.5887 0.5539 -0.5887
vn -0.3186 0.5539 -0.7692
vn -0.1624 0.5539 -0.8166
vn -0.1483 0.6499 -0.7454
vn -0.1339 0.7272 -0.6732
vn -0.3419 0.4489 -0.8256
vn -0.4965 0.4486 -0.7431
vn -0.5235 0.3350 -0.7834
vn -0.0000 0.5543 -0.8323
vn -0.6319 0.4489 -0.6319
vn -0.6663 0.3350 -0.6663
vn -0.7834 0.3349 -0.5235
vn -0.8705 0.3349 -0.3606
vn -0.6904 0.2161 -0.6904
vn -0.8118 0.2161 -0.5424
vn -0.9021 0.2161 -0.3736
vn -0.9240 0.3353 -0.1838
vn -0.9576 0.2161 -0.1905
vn -0.9788 0.2047 -0.0000
vn -0.9600 0.2047 -0.1910
vn -0.9043 0.2047 -0.3746
vn -0.9600 0.2047 0.1910
vn -0.9820 0.1889 -0.0000
vn -0.9631 0.1889 -0.1916
vn -0.9631 0.1889 0.1916
vn -0.9073 0.1889 0.3758
vn -0.9043 0.2047 0.3746
vn -0.8165 0.1889 0.5456
vn -0.8181 0.1784 0.5467
vn -0.9091 0.1784 0.3765
vn -0.8198 0.1671 0.5478
vn -0.9109 0.1671 0.3773
vn -0.8183 0.1770 0.5468
vn -0.9093 0.1770 0.3766
vn -0.9653 0.1770 0.1920
vn -0.9670 0.1671 0.1923
vn -0.9923 0.1243 -0.0000
vn -0.9842 0.1769 -0.0000
vn -0.9859 0.1671 -0.0000
vn -0.9997 0.0224 -0.0000
vn -0.9805 0.0221 -0.1950
vn -0.9732 0.1243 -0.1936
vn -0.9653 0.1771 -0.1920
vn -0.9910 -0.1335 -0.0000
vn -0.9720 -0.1335 -0.1933
vn -0.9683 -0.2497 -0.0000
vn -0.9497 -0.2497 -0.1889
vn -0.2786 -0.9604 -0.0000
vn -0.2732 -0.9604 -0.0543
vn -0.2522 -0.9664 -0.0502
vn -0.2572 -0.9664 -0.0000
vn -0.7494 -0.6621 -0.0000
vn -0.7350 -0.6621 -0.1462
vn -0.2574 -0.9604 -0.1066
vn -0.2376 -0.9664 -0.0984
vn -0.6924 -0.6620 -0.2868
vn -0.2316 -0.9604 -0.1548
vn -0.2138 -0.9664 -0.1429
vn -0.6232 -0.6620 -0.4164
vn -0.8963 -0.2427 -0.3712
vn -0.9514 -0.2428 -0.1893
vn -0.8962 0.2428 -0.3712
vn -0.9515 0.2426 -0.1893
vn -0.5300 -0.6620 -0.5300
vn -0.9701 -0.2428 -0.0000
vn -0.9701 0.2427 -0.0000
vn -0.9514 0.2428 0.1893
vn -0.8962 0.2428 0.3712
vn -0.7495 0.6620 -0.0000
vn -0.7350 0.6621 0.1462
vn -0.6924 0.6621 0.2868
vn -0.8066 0.2428 0.5390
vn -0.6231 0.6621 0.4163
vn -0.3245 0.9207 0.2168
vn -0.2759 0.9207 0.2759
vn -0.3605 0.9207 0.1493
vn -0.2659 0.9266 0.2659
vn -0.3127 0.9266 0.2090
vn -0.3827 0.9207 0.0761
vn -0.1970 -0.9604 -0.1970
vn -0.4164 -0.6620 -0.6232
vn -0.1548 -0.9604 -0.2316
vn -0.1429 -0.9664 -0.2138
vn -0.1818 -0.9664 -0.1818
vn -0.6847 -0.2497 -0.6847
vn -0.7008 -0.1335 -0.7008
vn -0.8051 -0.2497 -0.5380
vn -0.8240 -0.1335 -0.5506
vn -0.7069 0.0224 -0.7069
vn -0.8313 0.0221 -0.5554
vn -0.7016 0.1243 -0.7016
vn -0.8250 0.1243 -0.5513
vn -0.9237 0.0221 -0.3826
vn -0.9167 0.1243 -0.3797
vn -0.9156 -0.1335 -0.3793
vn -0.8946 -0.2497 -0.3706
vn -0.9093 0.1769 -0.3767
vn -0.8184 0.1769 -0.5468
vn -0.9109 0.1671 -0.3773
vn -0.9670 0.1671 -0.1923
vn -0.8198 0.1671 -0.5478
vn -0.6960 0.1769 -0.6960
vn -0.6972 0.1671 -0.6972
vn -0.6958 0.1784 -0.6958
vn -0.8181 0.1784 -0.5467
vn -0.9091 0.1784 -0.3765
vn -0.6944 0.1889 -0.6944
vn -0.8165 0.1889 -0.5456
vn -0.9073 0.1889 -0.3758
vn -0.9651 0.1784 -0.1920
vn -0.9840 0.1784 -0.0000
vn -0.9651 0.1784 0.1920
vn -0.8139 0.2047 -0.5438
vn -0.6921 0.2047 -0.6921
vn -0.5424 0.2161 -0.8118
vn -0.0000 0.6495 -0.7604
vn 0.1624 0.5539 -0.8166
vn 0.1483 0.6497 -0.7456
vn 0.1339 0.7272 -0.6733
vn -0.0000 0.7272 -0.6864
vn 0.2627 0.7272 -0.6342
vn 0.3813 0.7272 -0.5708
vn 0.2836 0.6713 -0.6847
vn 0.1446 0.6713 -0.7269
vn 0.4117 0.6714 -0.6162
vn 0.3369 0.4744 -0.8133
vn 0.1717 0.4746 -0.8633
vn 0.4890 0.4747 -0.7318
vn 0.5241 0.6713 -0.5241
vn 0.6225 0.4744 -0.6225
vn 0.4854 0.7272 -0.4854
vn 0.6973 0.1656 -0.6974
vn 0.5479 0.1656 -0.8200
vn 0.8200 0.1656 -0.5478
vn 0.8200 -0.1656 -0.5478
vn 0.9673 0.1652 -0.1924
vn 0.9672 -0.1656 -0.1924
vn 0.9862 0.1655 -0.0000
vn 0.8634 -0.4743 -0.1718
vn 0.8130 -0.4750 -0.3367
vn 0.8802 -0.4746 -0.0000
vn 0.9673 -0.1651 0.1924
vn 0.9111 0.1656 0.3774
vn 0.9111 -0.1656 0.3774
vn 0.8131 -0.4747 0.3368
vn 0.8200 -0.1656 0.5479
vn 0.7319 -0.4745 0.4891
vn 0.6190 -0.6676 0.4136
vn 0.6878 -0.6677 0.2849
vn 0.7302 -0.6676 0.1453
vn 0.6443 -0.7166 0.2669
vn 0.6841 -0.7166 0.1361
vn 0.5799 -0.7166 0.3875
vn 0.6225 -0.4744 0.6225
vn 0.5264 -0.6676 0.5264
vn 0.4932 -0.7166 0.4932
vn 0.4890 -0.4747 0.7318
vn 0.4136 -0.6676 0.6190
vn 0.3875 -0.7166 0.5799
vn 0.2849 -0.6677 0.6878
vn 0.2669 -0.7166 0.6444
vn 0.3369 -0.4744 0.8133
vn 0.4768 -0.5132 0.7136
vn 0.6069 -0.5132 0.6069
vn 0.3284 -0.5133 0.7929
vn 0.1452 -0.6677 0.7301
vn 0.1361 -0.7166 0.6840
vn 0.1674 -0.5132 0.8418
vn 0.3719 -0.2354 0.8979
vn 0.5399 -0.2358 0.8080
vn 0.1896 -0.2359 0.9531
vn -0.0000 -0.7166 0.6974
vn -0.0000 -0.5131 0.8583
vn -0.0000 -0.2357 0.9718
vn -0.1674 -0.5132 0.8418
vn -0.1896 -0.2358 0.9531
vn -0.1361 -0.7166 0.6840
vn -0.0000 -0.6677 0.7445
vn -0.1452 -0.6677 0.7302
vn 0.1717 -0.4745 0.8634
vn -0.0000 -0.4744 0.8803
vn -0.2849 -0.6677 0.6878
vn -0.2669 -0.7166 0.6443
vn -0.3369 -0.4743 0.8134
vn -0.1924 -0.1656 0.9673
vn -0.0000 -0.1656 0.9862
vn -0.3774 -0.1651 0.9112
vn -0.4889 -0.4750 0.7317
vn -0.4136 -0.6676 0.6190
vn -0.5479 0.1656 0.8200
vn -0.3369 0.4744 0.8133
vn -0.1717 0.4746 0.8633
vn -0.4891 0.4745 0.7319
vn -0.6225 0.4744 0.6225
vn -0.6974 0.1656 0.6973
vn -0.6973 -0.1656 0.6973
vn -0.5240 0.6714 0.5240
vn -0.4118 0.6713 0.6162
vn -0.2836 0.6714 0.6847
vn -0.2627 0.7272 0.6342
vn -0.3814 0.7272 0.5708
vn -0.4854 0.7272 0.4854
vn -0.5707 0.7272 0.3814
vn -0.6162 0.6714 0.4118
vn -0.5377 0.6494 0.5377
vn -0.4225 0.6495 0.6322
vn -0.6323 0.6494 0.4225
vn -0.6342 0.7272 0.2627
vn -0.6847 0.6713 0.2836
vn -0.6923 0.5539 0.4626
vn -0.5887 0.5539 0.5887
vn -0.6732 0.7272 0.1339
vn -0.4626 0.5539 0.6923
vn -0.2909 0.6498 0.7022
vn -0.3186 0.5542 0.7691
vn -0.3420 0.4486 0.8257
vn -0.1624 0.5544 0.8163
vn -0.0000 0.5543 0.8323
vn -0.1483 0.6498 0.7455
vn -0.0000 0.6498 0.7601
vn 0.1624 0.5539 0.8166
vn 0.1483 0.6498 0.7455
vn 0.3186 0.5539 0.7692
vn 0.2909 0.6498 0.7023
vn 0.2627 0.7272 0.6342
vn 0.1339 0.7272 0.6732
vn -0.0000 0.7272 0.6865
vn -0.0000 0.6713 0.7412
vn 0.1446 0.6713 0.7269
vn 0.2836 0.6714 0.6847
vn -0.0000 0.4744 0.8803
vn 0.3368 0.4746 0.8132
vn 0.3814 0.7272 0.5708
vn 0.4117 0.6714 0.6162
vn 0.4891 0.4743 0.7320
vn 0.5479 0.1656 0.8200
vn 0.1924 0.1656 0.9672
vn 0.1924 -0.1656 0.9672
vn -0.1446 0.6714 0.7269
vn -0.1339 0.7272 0.6733
vn 0.6974 0.1656 0.6973
vn 0.6224 0.4745 0.6224
vn 0.7319 0.4746 0.4890
vn 0.8132 0.4746 0.3369
vn 0.5241 0.6713 0.5241
vn 0.6162 0.6713 0.4118
vn 0.4854 0.7272 0.4854
vn 0.5374 0.6499 0.5374
vn 0.4225 0.6494 0.6322
vn 0.4626 0.5539 0.6923
vn -0.7269 0.6714 0.1446
vn -0.8132 0.4746 0.3368
vn -0.8633 0.4746 0.1717
vn -0.7412 0.6713 -0.0000
vn -0.8802 0.4746 -0.0000
vn -0.6865 0.7272 -0.0000
vn -0.9673 0.1656 -0.1924
vn -0.9111 0.1656 -0.3774
vn -0.9673 -0.1656 -0.1924
vn -0.9862 -0.1655 -0.0000
vn -0.9111 -0.1656 -0.3774
vn -0.8200 0.1656 -0.5479
vn -0.8200 -0.1656 -0.5479
vn -0.6973 0.1656 -0.6974
vn -0.6973 -0.1656 -0.6974
vn -0.7319 -0.4745 -0.4891
vn -0.8133 -0.4744 -0.3369
vn -0.6225 -0.4744 -0.6225
vn -0.5479 0.1656 -0.8200
vn -0.5479 -0.1656 -0.8200
vn -0.4890 -0.4747 -0.7318
vn -0.3774 0.1656 -0.9111
vn -0.3774 -0.1656 -0.9111
vn -0.3369 -0.4744 -0.8133
vn -0.1924 0.1656 -0.9673
vn -0.1924 -0.1656 -0.9673
vn -0.1717 -0.4746 -0.8633
vn -0.1452 -0.6677 -0.7301
vn -0.2849 -0.6677 -0.6878
vn -0.4136 -0.6676 -0.6190
vn -0.2669 -0.7166 -0.6444
vn -0.3875 -0.7166 -0.5799
vn -0.1361 -0.7166 -0.6840
vn -0.0000 -0.4746 -0.8802
vn -0.0000 -0.6676 -0.7445
vn -0.0000 -0.7166 -0.6975
vn 0.1717 -0.4744 -0.8634
vn 0.1452 -0.6677 -0.7301
vn 0.1361 -0.7166 -0.6840
vn 0.2849 -0.6677 -0.6878
vn 0.2669 -0.7166 -0.6444
vn 0.3367 -0.4750 -0.8130
vn 0.1674 -0.5132 -0.8418
vn -0.0000 -0.5131 -0.8583
vn 0.3284 -0.5132 -0.7929
vn 0.4136 -0.6676 -0.6190
vn 0.3875 -0.7166 -0.5799
vn 0.4768 -0.5133 -0.7136
vn 0.5264 -0.6677 -0.5264
vn 0.4932 -0.7166 -0.4932
vn 0.6068 -0.5133 -0.6069
vn 0.5799 -0.7166 -0.3874
vn 0.7137 -0.5132 -0.4768
vn 0.6190 -0.6677 -0.4136
vn 0.6871 -0.2360 -0.6871
vn 0.5399 -0.2358 -0.8080
vn 0.8080 -0.2360 -0.5398
vn 0.6444 -0.7166 -0.2669
vn 0.7930 -0.5131 -0.3284
vn 0.8979 -0.2356 -0.3719
vn 0.6841 -0.7166 -0.1361
vn 0.8417 -0.5133 -0.1675
vn 0.9532 -0.2356 -0.1896
vn 0.8582 -0.5133 -0.0000
vn 0.9718 -0.2357 -0.0000
vn 0.6975 -0.7166 -0.0000
vn 0.9977 0.0682 -0.0000
vn 0.9785 0.0682 -0.1947
vn 0.9217 0.0681 -0.3818
vn 0.9132 0.3648 -0.1817
vn 0.8602 0.3648 -0.3563
vn 0.9310 0.3649 -0.0000
vn 0.9532 -0.2354 0.1896
vn 0.9785 0.0681 0.1946
vn 0.9132 0.3647 0.1817
vn 0.8978 -0.2359 0.3719
vn 0.9217 0.0682 0.3818
vn 0.8602 0.3648 0.3563
vn 0.8080 -0.2358 0.5399
vn 0.8295 0.0682 0.5543
vn 0.7742 0.3648 0.5173
vn 0.6552 0.6157 0.4378
vn 0.7280 0.6157 0.3016
vn 0.7728 0.6158 0.1537
vn 0.7320 0.6102 0.3032
vn 0.7770 0.6102 0.1546
vn 0.6587 0.6102 0.4402
vn 0.8482 0.3965 0.3513
vn 0.9004 0.3965 0.1791
vn 0.7633 0.3965 0.5100
vn 0.5602 0.6102 0.5602
vn 0.6492 0.3965 0.6491
vn 0.5572 0.6157 0.5572
vn 0.4378 0.6158 0.6551
vn 0.4402 0.6102 0.6587
vn 0.5100 0.3965 0.7633
vn 0.6584 0.3648 0.6584
vn 0.5173 0.3647 0.7742
vn 0.3015 0.6157 0.7280
vn 0.3032 0.6102 0.7320
vn 0.3563 0.3647 0.8602
vn 0.3818 0.0681 0.9217
vn 0.5543 0.0681 0.8295
vn 0.7055 0.0686 0.7054
vn 0.6871 -0.2361 0.6871
vn 0.7136 -0.5133 0.4768
vn 0.7929 -0.5133 0.3284
vn 0.8417 -0.5133 0.1674
vn 0.7445 -0.6677 -0.0000
vn 0.7301 -0.6677 -0.1453
vn 0.6878 -0.6676 -0.2849
vn 0.7319 -0.4746 -0.4890
vn 0.6225 -0.4744 -0.6225
vn 0.4890 -0.4747 -0.7318
vn 0.5479 -0.1656 -0.8200
vn 0.3774 -0.1656 -0.9111
vn 0.1924 -0.1656 -0.9673
vn 0.3774 0.1656 -0.9111
vn 0.1924 0.1656 -0.9673
vn -0.0000 0.4745 -0.8803
vn -0.1717 0.4745 -0.8634
vn -0.3369 0.4743 -0.8133
vn -0.0000 0.6713 -0.7412
vn -0.1446 0.6713 -0.7269
vn 0.1946 0.0686 0.9785
vn 0.1817 0.3648 0.9132
vn -0.0000 0.0685 0.9977
vn -0.0000 0.3646 0.9312
vn -0.1946 0.0681 0.9785
vn -0.1817 0.3647 0.9132
vn -0.3719 -0.2357 0.8978
vn -0.3818 0.0681 0.9217
vn -0.3563 0.3647 0.8603
vn -0.5399 -0.2358 0.8080
vn -0.5543 0.0681 0.8295
vn -0.5174 0.3645 0.7743
vn -0.4378 0.6157 0.6552
vn -0.3015 0.6158 0.7280
vn -0.1537 0.6158 0.7728
vn -0.3032 0.6102 0.7319
vn -0.1546 0.6102 0.7770
vn -0.4402 0.6102 0.6587
vn -0.3513 0.3965 0.8482
vn -0.1791 0.3965 0.9004
vn -0.5101 0.3965 0.7633
vn -0.5602 0.6102 0.5602
vn -0.6492 0.3965 0.6491
vn -0.5572 0.6158 0.5571
vn -0.6552 0.6157 0.4378
vn -0.6587 0.6102 0.4402
vn -0.7633 0.3965 0.5100
vn -0.6584 0.3647 0.6584
vn -0.7742 0.3647 0.5173
vn -0.8603 0.3645 0.3564
vn -0.7280 0.6157 0.3016
vn -0.7320 0.6102 0.3032
vn -0.8295 0.0681 0.5543
vn -0.7055 0.0681 0.7055
vn -0.9217 0.0682 0.3818
vn -0.9785 0.0683 0.1946
vn -0.9132 0.3647 0.1817
vn -0.7728 0.6158 0.1537
vn -0.9532 -0.2356 0.1896
vn -0.8978 -0.2357 0.3719
vn -0.8080 -0.2358 0.5399
vn -0.7929 -0.5132 0.3285
vn -0.7136 -0.5132 0.4769
vn -0.8418 -0.5131 0.1675
vn -0.8582 -0.5133 -0.0000
vn -0.9718 -0.2358 -0.0000
vn -0.9977 0.0682 -0.0000
vn -0.6975 -0.7166 -0.0000
vn -0.6841 -0.7166 0.1361
vn -0.6444 -0.7166 0.2669
vn -0.6878 -0.6677 0.2849
vn -0.7302 -0.6676 0.1452
vn -0.7445 -0.6676 -0.0000
vn -0.6841 -0.7166 -0.1361
vn -0.8418 -0.5132 -0.1674
vn -0.7302 -0.6677 -0.1452
vn -0.8802 -0.4746 -0.0000
vn -0.8632 -0.4747 0.1717
vn -0.8633 -0.4746 -0.1717
vn -0.6878 -0.6676 -0.2849
vn -0.6444 -0.7166 -0.2669
vn -0.6190 -0.6677 -0.4136
vn -0.5799 -0.7167 -0.3875
vn -0.5264 -0.6676 -0.5264
vn -0.4932 -0.7166 -0.4932
vn -0.4768 -0.5132 -0.7136
vn -0.6069 -0.5132 -0.6069
vn -0.7137 -0.5131 -0.4768
vn -0.6871 -0.2359 -0.6872
vn -0.8081 -0.2356 -0.5399
vn -0.5399 -0.2357 -0.8081
vn -0.3284 -0.5132 -0.7930
vn -0.3719 -0.2358 -0.8978
vn -0.1674 -0.5132 -0.8418
vn -0.1896 -0.2358 -0.9531
vn -0.0000 -0.2357 -0.9718
vn -0.0000 0.0681 -0.9977
vn -0.1946 0.0684 -0.9785
vn -0.3818 0.0684 -0.9217
vn -0.1817 0.3647 -0.9132
vn -0.3563 0.3646 -0.8603
vn -0.0000 0.3647 -0.9311
vn 0.1896 -0.2360 -0.9531
vn 0.1946 0.0681 -0.9785
vn 0.1817 0.3647 -0.9132
vn 0.3719 -0.2357 -0.8979
vn 0.3818 0.0682 -0.9217
vn 0.3563 0.3647 -0.8603
vn 0.5543 0.0681 -0.8296
vn 0.5173 0.3647 -0.7742
vn 0.4377 0.6157 -0.6552
vn 0.3015 0.6158 -0.7280
vn 0.1537 0.6158 -0.7728
vn 0.3032 0.6102 -0.7320
vn 0.1546 0.6102 -0.7770
vn 0.4401 0.6102 -0.6588
vn 0.3513 0.3965 -0.8482
vn 0.1791 0.3965 -0.9004
vn 0.5100 0.3965 -0.7633
vn 0.5602 0.6102 -0.5602
vn 0.6491 0.3965 -0.6492
vn 0.5571 0.6158 -0.5572
vn 0.6552 0.6158 -0.4377
vn 0.6588 0.6102 -0.4401
vn 0.7634 0.3965 -0.5100
vn 0.6584 0.3648 -0.6584
vn 0.7742 0.3648 -0.5172
vn 0.7280 0.6157 -0.3015
vn 0.7320 0.6102 -0.3031
vn 0.8296 0.0681 -0.5542
vn 0.7054 0.0681 -0.7055
vn 0.7728 0.6157 -0.1537
vn 0.7770 0.6102 -0.1546
vn 0.8482 0.3965 -0.3513
vn 0.9004 0.3965 -0.1791
vn 0.7923 0.6102 -0.0000
vn 0.9180 0.3965 -0.0000
vn 0.7879 0.6157 -0.0000
vn 0.9886 0.1506 -0.0000
vn 0.9696 0.1506 -0.1929
vn 0.9696 0.1506 0.1929
vn 0.9133 0.1506 0.3783
vn 0.9751 -0.1075 0.1940
vn 0.9942 -0.1075 -0.0000
vn 0.9185 -0.1075 0.3805
vn 0.8220 0.1506 0.5492
vn 0.8266 -0.1075 0.5524
vn 0.6991 0.1506 0.6990
vn 0.7030 -0.1075 0.7030
vn 0.7767 -0.3570 0.5190
vn 0.8630 -0.3570 0.3575
vn 0.6605 -0.3570 0.6605
vn 0.5492 0.1506 0.8220
vn 0.5524 -0.1075 0.8266
vn 0.5190 -0.3570 0.7767
vn 0.3783 0.1506 0.9134
vn 0.3804 -0.1075 0.9185
vn 0.3575 -0.3569 0.8630
vn 0.3191 -0.5519 0.7704
vn 0.4633 -0.5519 0.6934
vn 0.5897 -0.5519 0.5896
vn 0.3134 -0.5738 0.7566
vn 0.4550 -0.5738 0.6809
vn 0.5791 -0.5738 0.5791
vn 0.3689 -0.2662 0.8905
vn 0.5355 -0.2664 0.8014
vn 0.6816 -0.2664 0.6815
vn 0.8014 -0.2664 0.5355
vn 0.6810 -0.5738 0.4550
vn 0.6934 -0.5519 0.4633
vn 0.8905 -0.2663 0.3689
vn 0.7567 -0.5738 0.3134
vn 0.7704 -0.5519 0.3191
vn 0.8179 -0.5519 0.1627
vn 0.8033 -0.5738 0.1598
vn 0.9454 -0.2663 0.1881
vn 0.8275 0.0981 0.5529
vn 0.9194 0.0981 0.3809
vn 0.9761 0.0977 0.1942
vn 0.9951 0.0984 -0.0000
vn 0.9639 -0.2663 -0.0000
vn 0.8190 -0.5738 -0.0000
vn 0.9761 0.0977 -0.1942
vn 0.9454 -0.2663 -0.1881
vn 0.8033 -0.5738 -0.1598
vn 0.9195 0.0976 -0.3808
vn 0.8905 -0.2662 -0.3688
vn 0.7567 -0.5738 -0.3134
vn 0.8275 0.0981 -0.5528
vn 0.8015 -0.2664 -0.5354
vn 0.6810 -0.5738 -0.4550
vn 0.7037 0.0982 -0.7037
vn 0.6816 -0.2664 -0.6816
vn 0.5791 -0.5738 -0.5791
vn 0.5529 0.0977 -0.8275
vn 0.5355 -0.2664 -0.8015
vn 0.4550 -0.5738 -0.6810
vn 0.3808 0.0981 -0.9194
vn 0.3688 -0.2664 -0.8905
vn 0.3134 -0.5738 -0.7567
vn 0.1941 0.0984 -0.9760
vn 0.1880 -0.2663 -0.9454
vn 0.1598 -0.5738 -0.8033
vn -0.0000 0.0977 -0.9952
vn -0.0000 -0.2664 -0.9639
vn -0.0000 -0.5738 -0.8190
vn -0.1942 0.0977 -0.9761
vn -0.1880 -0.2664 -0.9453
vn -0.1598 -0.5738 -0.8032
vn -0.3808 0.0982 -0.9194
vn -0.3689 -0.2663 -0.8905
vn -0.3134 -0.5738 -0.7567
vn -0.5529 0.0977 -0.8275
vn -0.5355 -0.2664 -0.8014
vn -0.4550 -0.5738 -0.6810
vn -0.7037 0.0981 -0.7037
vn -0.6816 -0.2663 -0.6816
vn -0.5791 -0.5738 -0.5791
vn -0.8275 0.0976 -0.5529
vn -0.8014 -0.2663 -0.5355
vn -0.6810 -0.5738 -0.4550
vn -0.9194 0.0982 -0.3808
vn -0.8905 -0.2663 -0.3689
vn -0.7567 -0.5738 -0.3134
vn -0.9761 0.0977 -0.1942
vn -0.9454 -0.2663 -0.1880
vn -0.8032 -0.5738 -0.1598
vn -0.9952 0.0982 -0.0000
vn -0.9639 -0.2663 -0.0000
vn -0.8190 -0.5738 -0.0000
vn -0.9760 0.0983 0.1941
vn -0.9454 -0.2663 0.1881
vn -0.8033 -0.5738 0.1598
vn -0.9195 0.0977 0.3809
vn -0.8905 -0.2663 0.3689
vn -0.7566 -0.5738 0.3134
vn -0.8274 0.0982 0.5529
vn -0.8014 -0.2663 0.5355
vn -0.6810 -0.5738 0.4550
vn -0.7037 0.0977 0.7037
vn -0.6816 -0.2664 0.6815
vn -0.5791 -0.5738 0.5791
vn -0.5529 0.0977 0.8275
vn -0.5355 -0.2664 0.8014
vn -0.4550 -0.5738 0.6810
vn -0.3809 0.0981 0.9194
vn -0.3689 -0.2663 0.8905
vn -0.3134 -0.5738 0.7567
vn -0.1942 0.0981 0.9761
vn -0.1880 -0.2664 0.9454
vn -0.1598 -0.5738 0.8033
vn -0.0000 0.0980 0.9952
vn -0.0000 -0.2664 0.9639
vn -0.0000 -0.5738 0.8190
vn 0.1941 0.0980 0.9761
vn 0.1881 -0.2662 0.9454
vn 0.1598 -0.5738 0.8032
vn 0.3808 0.0977 0.9195
vn 0.1627 -0.5519 0.8179
vn -0.0000 -0.5519 0.8339
vn 0.1822 -0.3569 0.9162
vn -0.0000 -0.3570 0.9341
vn 0.1940 -0.1075 0.9751
vn -0.0000 -0.1075 0.9942
vn -0.1939 -0.1075 0.9751
vn -0.1822 -0.3570 0.9162
vn -0.1627 -0.5519 0.8179
vn -0.3805 -0.1075 0.9185
vn -0.3575 -0.3570 0.8630
vn -0.3191 -0.5519 0.7704
vn -0.5524 -0.1075 0.8266
vn -0.5190 -0.3570 0.7767
vn -0.4633 -0.5519 0.6934
vn -0.6605 -0.3570 0.6605
vn -0.5897 -0.5519 0.5896
vn -0.7767 -0.3570 0.5190
vn -0.6934 -0.5519 0.4633
vn -0.7704 -0.5519 0.3191
vn -0.8630 -0.3570 0.3575
vn -0.8266 -0.1075 0.5524
vn -0.7030 -0.1075 0.7030
vn -0.9185 -0.1075 0.3805
vn -0.9751 -0.1075 0.1940
vn -0.9162 -0.3570 0.1822
vn -0.8179 -0.5519 0.1627
vn -0.9696 0.1506 0.1929
vn -0.9133 0.1506 0.3783
vn -0.8220 0.1506 0.5492
vn -0.8482 0.3965 0.3513
vn -0.9004 0.3965 0.1791
vn -0.9180 0.3965 -0.0000
vn -0.9886 0.1506 -0.0000
vn -0.9942 -0.1075 -0.0000
vn -0.7923 0.6102 -0.0000
vn -0.7770 0.6102 0.1546
vn -0.7879 0.6158 -0.0000
vn -0.7728 0.6157 -0.1537
vn -0.7770 0.6102 -0.1546
vn -0.9004 0.3965 -0.1791
vn -0.9311 0.3647 -0.0000
vn -0.9132 0.3647 -0.1817
vn -0.8603 0.3646 -0.3563
vn -0.7280 0.6157 -0.3015
vn -0.7320 0.6102 -0.3032
vn -0.9785 0.0682 -0.1946
vn -0.9217 0.0682 -0.3818
vn -0.8295 0.0681 -0.5543
vn -0.7742 0.3647 -0.5173
vn -0.6552 0.6157 -0.4378
vn -0.8978 -0.2358 -0.3719
vn -0.9531 -0.2359 -0.1896
vn -0.7929 -0.5133 -0.3284
vn -0.7055 0.0681 -0.7055
vn -0.6584 0.3647 -0.6584
vn -0.5543 0.0681 -0.8295
vn -0.5173 0.3647 -0.7742
vn -0.4377 0.6158 -0.6551
vn -0.5572 0.6157 -0.5572
vn -0.3015 0.6157 -0.7280
vn -0.1537 0.6157 -0.7728
vn -0.3032 0.6102 -0.7320
vn -0.4401 0.6102 -0.6587
vn -0.1546 0.6102 -0.7770
vn -0.3513 0.3965 -0.8482
vn -0.5100 0.3965 -0.7633
vn -0.1791 0.3965 -0.9004
vn -0.0000 0.6102 -0.7923
vn -0.0000 0.3965 -0.9180
vn -0.0000 0.6157 -0.7880
vn -0.0000 0.1506 -0.9886
vn -0.1929 0.1506 -0.9696
vn 0.1929 0.1506 -0.9696
vn 0.3783 0.1506 -0.9134
vn 0.1940 -0.1075 -0.9751
vn -0.0000 -0.1075 -0.9942
vn 0.3805 -0.1075 -0.9185
vn 0.5492 0.1506 -0.8220
vn 0.5523 -0.1075 -0.8267
vn 0.6990 0.1506 -0.6991
vn 0.7030 -0.1075 -0.7030
vn 0.5189 -0.3569 -0.7767
vn 0.3575 -0.3570 -0.8630
vn 0.6605 -0.3569 -0.6605
vn 0.8220 0.1506 -0.5492
vn 0.8267 -0.1075 -0.5523
vn 0.7767 -0.3569 -0.5189
vn 0.9134 0.1506 -0.3783
vn 0.9185 -0.1075 -0.3804
vn 0.8630 -0.3570 -0.3574
vn 0.9751 -0.1075 -0.1940
vn 0.9162 -0.3570 -0.1823
vn 0.8179 -0.5519 -0.1627
vn 0.7704 -0.5519 -0.3191
vn 0.6934 -0.5519 -0.4632
vn 0.9341 -0.3570 -0.0000
vn 0.8339 -0.5519 -0.0000
vn 0.9162 -0.3570 0.1822
vn 0.5897 -0.5519 -0.5897
vn 0.4633 -0.5519 -0.6934
vn 0.3191 -0.5519 -0.7704
vn 0.1627 -0.5519 -0.8179
vn 0.1822 -0.3570 -0.9162
vn -0.0000 -0.3569 -0.9341
vn -0.0000 -0.5519 -0.8339
vn -0.1822 -0.3569 -0.9162
vn -0.1940 -0.1075 -0.9751
vn -0.1627 -0.5519 -0.8179
vn -0.3575 -0.3569 -0.8630
vn -0.3804 -0.1075 -0.9185
vn -0.3191 -0.5519 -0.7704
vn -0.5190 -0.3570 -0.7767
vn -0.5523 -0.1075 -0.8267
vn -0.4633 -0.5519 -0.6934
vn -0.6605 -0.3570 -0.6605
vn -0.7030 -0.1075 -0.7030
vn -0.5897 -0.5519 -0.5897
vn -0.7767 -0.3570 -0.5190
vn -0.8267 -0.1075 -0.5523
vn -0.6934 -0.5519 -0.4633
vn -0.8630 -0.3569 -0.3575
vn -0.9185 -0.1075 -0.3805
vn -0.7704 -0.5519 -0.3191
vn -0.9162 -0.3569 -0.1822
vn -0.9751 -0.1075 -0.1940
vn -0.8179 -0.5519 -0.1627
vn -0.9341 -0.3569 -0.0000
vn -0.8339 -0.5519 -0.0000
vn -0.9696 0.1506 -0.1929
vn -0.9134 0.1505 -0.3783
vn -0.8482 0.3965 -0.3513
vn -0.7633 0.3965 -0.5100
vn -0.8220 0.1506 -0.5492
vn -0.6492 0.3965 -0.6492
vn -0.6990 0.1506 -0.6990
vn -0.5602 0.6102 -0.5602
vn -0.6587 0.6102 -0.4401
vn -0.5492 0.1506 -0.8220
vn -0.3783 0.1506 -0.9134
vn -0.6991 0.1506 0.6990
vn -0.5493 0.1506 0.8220
vn -0.3783 0.1506 0.9133
vn -0.1929 0.1506 0.9696
vn -0.0000 0.1506 0.9886
vn -0.0000 0.3965 0.9180
vn 0.1929 0.1506 0.9696
vn 0.1791 0.3965 0.9004
vn 0.3513 0.3965 0.8482
vn 0.1546 0.6102 0.7770
vn 0.1537 0.6157 0.7728
vn -0.0000 0.6102 0.7923
vn -0.0000 0.6158 0.7879
vn 0.3425 0.4461 0.8268
vn 0.1746 0.4461 0.8778
vn -0.0000 0.4461 0.8950
vn 0.1342 0.7259 0.6746
vn -0.0000 0.7260 0.6877
vn 0.2632 0.7260 0.6354
vn 0.3821 0.7260 0.5718
vn 0.4972 0.4461 0.7441
vn 0.5529 0.0977 0.8275
vn 0.4863 0.7260 0.4863
vn 0.6328 0.4462 0.6328
vn 0.7037 0.0982 0.7037
vn 0.5719 0.7259 0.3821
vn 0.7441 0.4462 0.4972
vn 0.6354 0.7260 0.2632
vn 0.8269 0.4461 0.3425
vn 0.6745 0.7260 0.1342
vn 0.8778 0.4462 0.1746
vn 0.6877 0.7260 -0.0000
vn 0.8950 0.4462 -0.0000
vn 0.6745 0.7260 -0.1342
vn 0.8778 0.4460 -0.1747
vn 0.6354 0.7260 -0.2631
vn 0.8269 0.4460 -0.3425
vn 0.5718 0.7260 -0.3820
vn 0.7442 0.4461 -0.4972
vn 0.4863 0.7260 -0.4863
vn 0.6328 0.4461 -0.6328
vn 0.3821 0.7259 -0.5719
vn 0.4972 0.4461 -0.7442
vn 0.2632 0.7260 -0.6354
vn 0.3425 0.4461 -0.8269
vn 0.1342 0.7260 -0.6745
vn 0.1746 0.4461 -0.8778
vn -0.0000 0.7259 -0.6877
vn -0.0000 0.4461 -0.8950
vn -0.1342 0.7259 -0.6746
vn -0.1746 0.4461 -0.8778
vn -0.2632 0.7259 -0.6355
vn -0.3425 0.4461 -0.8269
vn -0.3821 0.7260 -0.5718
vn -0.4972 0.4462 -0.7441
vn -0.4862 0.7260 -0.4862
vn -0.6328 0.4461 -0.6328
vn -0.5718 0.7259 -0.3821
vn -0.7441 0.4461 -0.4972
vn -0.6354 0.7259 -0.2632
vn -0.8269 0.4461 -0.3425
vn -0.6745 0.7260 -0.1342
vn -0.8778 0.4460 -0.1746
vn -0.6878 0.7259 -0.0000
vn -0.8951 0.4460 -0.0000
vn -0.6745 0.7260 0.1342
vn -0.8778 0.4461 0.1746
vn -0.6354 0.7260 0.2632
vn -0.8268 0.4461 0.3425
vn -0.5718 0.7260 0.3821
vn -0.7442 0.4461 0.4972
vn -0.4863 0.7259 0.4863
vn -0.6328 0.4461 0.6328
vn -0.3821 0.7259 0.5718
vn -0.4972 0.4461 0.7441
vn -0.2632 0.7259 0.6354
vn -0.3425 0.4461 0.8268
vn -0.1342 0.7260 0.6745
vn -0.1746 0.4461 0.8778
vn -0.0845 0.9012 0.4251
vn -0.0000 0.9012 0.4334
vn -0.1659 0.9012 0.4004
vn 0.0846 0.9012 0.4251
vn -0.0862 0.8971 0.4333
vn -0.0000 0.8971 0.4418
vn 0.0862 0.8971 0.4333
vn 0.1189 0.7928 0.5978
vn -0.0000 0.7928 0.6095
vn -0.1189 0.7928 0.5978
vn -0.1691 0.8971 0.4082
vn -0.2333 0.7928 0.5631
vn -0.1498 0.6405 0.7532
vn -0.0000 0.6408 0.7677
vn -0.2939 0.6405 0.7095
vn -0.3386 0.7928 0.5068
vn -0.4267 0.6405 0.6385
vn -0.2455 0.8971 0.3674
vn -0.4958 0.4513 0.7420
vn -0.3415 0.4513 0.8244
vn -0.1741 0.4513 0.8752
vn -0.3721 0.2336 0.8983
vn -0.1897 0.2335 0.9537
vn -0.5402 0.2336 0.8085
vn -0.6310 0.4513 0.6310
vn -0.6875 0.2339 0.6875
vn -0.5430 0.6405 0.5430
vn -0.7071 0.0069 0.7071
vn -0.5556 0.0069 0.8314
vn -0.3827 0.0069 0.9239
vn -0.5556 -0.0000 0.8315
vn -0.3827 -0.0000 0.9239
vn -0.7071 -0.0000 0.7071
vn -0.8085 0.2335 0.5402
vn -0.8314 0.0069 0.5556
vn -0.8315 -0.0000 0.5556
vn -0.0000 -1.0000 -0.0000
vn -0.1951 -0.0000 0.9808
vn -0.0000 -0.0000 1.0000
vn -0.1951 0.0069 0.9808
vn -0.0000 0.0069 1.0000
vn -0.0000 0.2335 0.9723
vn -0.0000 0.4513 0.8924
vn 0.1897 0.2335 0.9537
vn 0.1741 0.4513 0.8752
vn 0.1951 0.0069 0.9808
vn 0.3827 0.0069 0.9239
vn 0.3721 0.2335 0.8983
vn 0.3415 0.4513 0.8244
vn 0.5556 0.0069 0.8314
vn 0.5402 0.2335 0.8085
vn 0.4958 0.4513 0.7420
vn 0.7071 0.0069 0.7071
vn 0.6876 0.2335 0.6875
vn 0.6310 0.4513 0.6310
vn 0.8085 0.2336 0.5402
vn 0.7420 0.4513 0.4958
vn 0.8314 0.0069 0.5556
vn 0.5556 -0.0000 0.8315
vn 0.7071 -0.0000 0.7071
vn 0.8315 -0.0000 0.5556
vn 0.9238 0.0069 0.3827
vn 0.9239 -0.0000 0.3827
vn 0.8983 0.2336 0.3721
vn 0.9808 0.0069 0.1951
vn 0.9808 -0.0000 0.1951
vn 0.9537 0.2335 0.1897
vn 0.8241 0.4520 0.3414
vn 0.8752 0.4514 0.1741
vn 1.0000 0.0069 -0.0000
vn 0.9723 0.2335 -0.0000
vn 0.8923 0.4513 -0.0000
vn 0.9536 0.2339 -0.1897
vn 0.8752 0.4513 -0.1741
vn 0.9808 0.0069 -0.1951
vn 1.0000 -0.0000 -0.0000
vn 0.9808 -0.0000 -0.1951
vn 0.9239 0.0069 -0.3826
vn 0.9239 -0.0000 -0.3826
vn 0.8983 0.2336 -0.3721
vn 0.8315 0.0069 -0.5555
vn 0.8085 0.2336 -0.5401
vn 0.8315 -0.0000 -0.5555
vn 0.7071 -0.0000 -0.7071
vn 0.7071 0.0069 -0.7071
vn 0.5555 -0.0000 -0.8315
vn 0.5555 0.0069 -0.8315
vn 0.6875 0.2335 -0.6876
vn 0.5402 0.2335 -0.8085
vn 0.6310 0.4513 -0.6310
vn 0.4956 0.4517 -0.7419
vn 0.7420 0.4513 -0.4957
vn 0.8242 0.4518 -0.3414
vn 0.6384 0.6408 -0.4265
vn 0.5428 0.6409 -0.5428
vn 0.7095 0.6405 -0.2939
vn 0.7529 0.6409 -0.1498
vn 0.7680 0.6405 -0.0000
vn 0.5978 0.7928 -0.1189
vn 0.5631 0.7928 -0.2332
vn 0.6095 0.7928 -0.0000
vn 0.7532 0.6405 0.1498
vn 0.5978 0.7928 0.1189
vn 0.7095 0.6405 0.2939
vn 0.5631 0.7928 0.2333
vn 0.6385 0.6405 0.4267
vn 0.5068 0.7928 0.3386
vn 0.3673 0.8971 0.2455
vn 0.4082 0.8971 0.1691
vn 0.4333 0.8971 0.0862
vn 0.4251 0.9012 0.0846
vn 0.4004 0.9012 0.1659
vn 0.3604 0.9012 0.2408
vn 0.3065 0.9012 0.3065
vn 0.3124 0.8971 0.3124
vn 0.2408 0.9012 0.3603
vn 0.2455 0.8971 0.3674
vn 0.4310 0.7928 0.4310
vn 0.3386 0.7928 0.5068
vn 0.1659 0.9012 0.4004
vn 0.1691 0.8971 0.4082
vn 0.2332 0.7928 0.5631
vn 0.2939 0.6405 0.7095
vn 0.4267 0.6405 0.6385
vn 0.5428 0.6409 0.5428
vn 0.1498 0.6405 0.7532
vn 0.4334 0.9012 -0.0000
vn 0.4418 0.8971 -0.0000
vn 0.4251 0.9012 -0.0846
vn 0.4333 0.8971 -0.0862
vn 0.4082 0.8971 -0.1691
vn 0.4004 0.9012 -0.1658
vn 0.5068 0.7928 -0.3386
vn 0.3674 0.8971 -0.2454
vn 0.3604 0.9012 -0.2408
vn 0.4310 0.7928 -0.4310
vn 0.3124 0.8971 -0.3124
vn 0.4265 0.6408 -0.6384
vn 0.3386 0.7928 -0.5068
vn 0.2454 0.8971 -0.3674
vn 0.2939 0.6405 -0.7095
vn 0.2332 0.7928 -0.5631
vn 0.1691 0.8971 -0.4082
vn 0.1498 0.6405 -0.7532
vn 0.1189 0.7928 -0.5978
vn 0.0862 0.8971 -0.4333
vn -0.0000 0.6405 -0.7680
vn -0.0000 0.7928 -0.6095
vn -0.0000 0.8971 -0.4418
vn -0.1498 0.6405 -0.7532
vn -0.1188 0.7931 -0.5974
vn -0.0862 0.8971 -0.4333
vn -0.2939 0.6405 -0.7095
vn -0.2332 0.7928 -0.5631
vn -0.1691 0.8971 -0.4082
vn -0.4264 0.6410 -0.6382
vn -0.3386 0.7928 -0.5068
vn -0.2455 0.8971 -0.3674
vn -0.5430 0.6405 -0.5430
vn -0.4310 0.7928 -0.4310
vn -0.3124 0.8971 -0.3124
vn -0.6385 0.6405 -0.4267
vn -0.5068 0.7928 -0.3386
vn -0.3674 0.8971 -0.2455
vn -0.7095 0.6405 -0.2939
vn -0.5631 0.7928 -0.2332
vn -0.4082 0.8971 -0.1691
vn -0.7532 0.6405 -0.1498
vn -0.5978 0.7928 -0.1189
vn -0.4333 0.8971 -0.0862
vn -0.7680 0.6405 -0.0000
vn -0.6095 0.7928 -0.0000
vn -0.4418 0.8971 -0.0000
vn -0.7532 0.6405 0.1498
vn -0.5978 0.7928 0.1189
vn -0.4333 0.8971 0.0862
vn -0.7095 0.6405 0.2939
vn -0.5631 0.7928 0.2332
vn -0.4082 0.8971 0.1691
vn -0.6385 0.6405 0.4267
vn -0.5068 0.7928 0.3386
vn -0.3674 0.8971 0.2455
vn -0.4310 0.7928 0.4310
vn -0.3124 0.8971 0.3124
vn -0.2408 0.9012 0.3603
vn -0.3065 0.9012 0.3065
vn -0.3604 0.9012 0.2408
vn -0.4004 0.9012 0.1659
vn -0.4251 0.9012 0.0846
vn -0.4334 0.9012 -0.0000
vn -0.4251 0.9012 -0.0846
vn -0.4004 0.9012 -0.1659
vn -0.3604 0.9012 -0.2408
vn -0.3065 0.9012 -0.3065
vn -0.2408 0.9012 -0.3604
vn -0.1658 0.9012 -0.4004
vn -0.0845 0.9012 -0.4251
vn -0.0000 0.9012 -0.4334
vn 0.0846 0.9012 -0.4251
vn 0.1659 0.9012 -0.4004
vn 0.2407 0.9012 -0.3604
vn 0.3065 0.9012 -0.3065
vn -0.7420 0.4513 0.4958
vn -0.8243 0.4516 0.3414
vn -0.8983 0.2335 0.3721
vn -0.8752 0.4513 0.1741
vn -0.9537 0.2335 0.1897
vn -0.8924 0.4513 -0.0000
vn -0.9723 0.2336 -0.0000
vn -1.0000 0.0069 -0.0000
vn -0.9808 0.0069 0.1951
vn -0.9239 0.0069 0.3827
vn -0.9808 -0.0000 0.1951
vn -0.9239 -0.0000 0.3827
vn -1.0000 -0.0000 -0.0000
vn -0.9535 0.2341 -0.1897
vn -0.9808 0.0069 -0.1951
vn -0.9808 -0.0000 -0.1951
vn -0.9239 -0.0000 -0.3827
vn -0.8315 -0.0000 -0.5556
vn -0.9239 0.0069 -0.3827
vn -0.8315 0.0069 -0.5556
vn -0.8983 0.2335 -0.3721
vn -0.8085 0.2335 -0.5402
vn -0.7071 0.0069 -0.7071
vn -0.7071 -0.0000 -0.7071
vn -0.6876 0.2335 -0.6876
vn -0.5402 0.2335 -0.8085
vn -0.5556 0.0069 -0.8315
vn -0.5556 -0.0000 -0.8315
vn -0.6310 0.4513 -0.6310
vn -0.7420 0.4513 -0.4958
vn -0.4958 0.4513 -0.7420
vn -0.3721 0.2335 -0.8983
vn -0.3827 0.0069 -0.9239
vn -0.3415 0.4513 -0.8244
vn -0.1897 0.2336 -0.9537
vn -0.1951 0.0069 -0.9808
vn -0.1740 0.4518 -0.8750
vn -0.0000 0.2336 -0.9723
vn -0.0000 0.0069 -1.0000
vn -0.0000 0.4513 -0.8924
vn 0.1741 0.4513 -0.8752
vn 0.1897 0.2336 -0.9537
vn 0.3415 0.4513 -0.8244
vn 0.3721 0.2335 -0.8983
vn 0.3827 0.0069 -0.9239
vn 0.1951 0.0069 -0.9808
vn 0.3827 -0.0000 -0.9239
vn 0.1951 -0.0000 -0.9808
vn -0.0000 -0.0000 -1.0000
vn -0.1951 -0.0000 -0.9808
vn -0.3827 -0.0000 -0.9239
vn 0.3827 -0.0000 0.9239
vn 0.1951 -0.0000 0.9808
vn -0.8244 0.4513 -0.3415
vn -0.8751 0.4516 -0.1741
vn -0.8133 -0.4745 0.3369
vn -0.7320 -0.4743 0.4891
vn -0.8200 -0.1656 0.5479
vn -0.6190 -0.6677 0.4136
vn -0.6224 -0.4746 0.6224
vn -0.5264 -0.6676 0.5264
vn -0.4932 -0.7166 0.4932
vn -0.3875 -0.7166 0.5799
vn -0.5799 -0.7166 0.3875
vn -0.6069 -0.5132 0.6069
vn -0.4768 -0.5133 0.7136
vn -0.6872 -0.2359 0.6871
vn -0.3285 -0.5132 0.7930
vn -0.9111 0.1655 0.3774
vn -0.1776 -0.4139 0.8928
vn -0.1399 -0.6968 0.7035
vn -0.0000 -0.4139 0.9103
vn -0.0000 -0.6968 0.7173
vn -0.0000 -0.0050 1.0000
vn 0.1776 -0.4139 0.8928
vn 0.1399 -0.6968 0.7035
vn 0.1951 -0.0050 0.9808
vn 0.1784 0.4047 0.8969
vn -0.0000 0.4047 0.9144
vn 0.3827 -0.0050 0.9239
vn 0.3483 -0.4140 0.8410
vn 0.5556 -0.0050 0.8315
vn 0.5057 -0.4140 0.7568
vn 0.3985 -0.6968 0.5964
vn 0.5072 -0.6968 0.5072
vn 0.2745 -0.6968 0.6627
vn 0.5964 -0.6968 0.3985
vn 0.5218 -0.6749 0.5218
vn 0.4099 -0.6749 0.6135
vn 0.6135 -0.6749 0.4099
vn 0.6817 -0.6749 0.2824
vn 0.6627 -0.6968 0.2745
vn 0.7567 -0.4145 0.5056
vn 0.8407 -0.4147 0.3482
vn 0.8925 -0.4145 0.1775
vn 0.9100 -0.4146 -0.0000
vn 0.9804 -0.0297 0.1950
vn 0.9996 -0.0297 -0.0000
vn 0.9235 -0.0297 0.3825
vn 0.9803 -0.0297 -0.1950
vn 0.9235 -0.0297 -0.3825
vn 0.9328 0.3605 -0.0000
vn 0.9148 0.3605 -0.1820
vn 0.8618 0.3604 -0.3570
vn 0.8311 -0.0297 -0.5553
vn 0.7756 0.3605 -0.5182
vn 0.7068 -0.0297 -0.7068
vn 0.6596 0.3604 -0.6596
vn 0.5553 -0.0297 -0.8311
vn 0.5183 0.3603 -0.7756
vn 0.3825 -0.0297 -0.9235
vn 0.3569 0.3605 -0.8618
vn 0.3482 -0.4147 -0.8407
vn 0.1950 -0.0297 -0.9804
vn 0.1820 0.3604 -0.9149
vn 0.1775 -0.4145 -0.8925
vn -0.0000 -0.0297 -0.9996
vn -0.0000 0.3605 -0.9327
vn -0.0000 -0.4146 -0.9100
vn -0.1950 -0.0297 -0.9804
vn -0.1820 0.3605 -0.9148
vn -0.1775 -0.4146 -0.8925
vn -0.3825 -0.0297 -0.9235
vn -0.3570 0.3603 -0.8618
vn -0.3482 -0.4147 -0.8407
vn -0.5553 -0.0297 -0.8311
vn -0.5182 0.3605 -0.7756
vn -0.5056 -0.4145 -0.7567
vn -0.7068 -0.0297 -0.7068
vn -0.6596 0.3604 -0.6596
vn -0.6435 -0.4146 -0.6435
vn -0.8311 -0.0297 -0.5553
vn -0.7756 0.3603 -0.5183
vn -0.7566 -0.4147 -0.5055
vn -0.9235 -0.0297 -0.3825
vn -0.8618 0.3605 -0.3570
vn -0.8407 -0.4146 -0.3482
vn -0.9804 -0.0297 -0.1950
vn -0.9148 0.3605 -0.1820
vn -0.8925 -0.4146 -0.1775
vn -0.9996 -0.0297 -0.0000
vn -0.9327 0.3606 -0.0000
vn -0.9100 -0.4146 -0.0000
vn -0.9149 0.3603 0.1820
vn -0.8618 0.3605 0.3570
vn -0.7282 0.6853 -0.0000
vn -0.7141 0.6854 0.1421
vn -0.6727 0.6855 0.2786
vn -0.7756 0.3604 0.5182
vn -0.4465 0.8948 -0.0000
vn -0.7142 0.6854 -0.1421
vn -0.4379 0.8948 -0.0871
vn -0.4272 0.9042 -0.0000
vn -0.4190 0.9042 -0.0833
vn -0.5884 0.8001 -0.1170
vn -0.3946 0.9042 -0.1635
vn -0.4125 0.8948 -0.1709
vn -0.5543 0.8000 -0.2296
vn -0.4989 0.8000 -0.3334
vn -0.3552 0.9042 -0.2373
vn -0.3712 0.8948 -0.2481
vn -0.7035 0.6482 -0.2914
vn -0.7467 0.6483 -0.1485
vn -0.8212 0.4581 -0.3402
vn -0.4242 0.8000 -0.4242
vn -0.3021 0.9042 -0.3021
vn -0.3333 0.8001 -0.4988
vn -0.2373 0.9042 -0.3552
vn -0.2481 0.8948 -0.3712
vn -0.3157 0.8948 -0.3157
vn -0.1709 0.8948 -0.4125
vn -0.0871 0.8948 -0.4379
vn -0.2787 0.6854 -0.6727
vn -0.4046 0.6854 -0.6055
vn -0.1420 0.6854 -0.7141
vn -0.0000 0.8948 -0.4465
vn -0.0000 0.6855 -0.7281
vn -0.5149 0.6854 -0.5149
vn -0.6054 0.6854 -0.4045
vn -0.6728 0.6853 -0.2787
vn -0.6817 -0.6749 -0.2824
vn -0.6627 -0.6968 -0.2745
vn -0.6135 -0.6750 -0.4099
vn -0.5964 -0.6968 -0.3985
vn -0.5217 -0.6750 -0.5217
vn -0.5072 -0.6968 -0.5072
vn -0.3985 -0.6967 -0.5964
vn -0.5058 -0.4139 -0.7569
vn -0.4099 -0.6749 -0.6135
vn -0.5556 -0.0050 -0.8315
vn -0.2745 -0.6968 -0.6627
vn -0.3484 -0.4140 -0.8410
vn -0.3827 -0.0050 -0.9239
vn -0.1399 -0.6968 -0.7035
vn -0.1776 -0.4140 -0.8928
vn -0.1951 -0.0050 -0.9808
vn -0.0000 -0.6968 -0.7173
vn -0.0000 -0.4139 -0.9103
vn -0.0000 -0.0050 -1.0000
vn 0.1776 -0.4139 -0.8928
vn 0.1399 -0.6968 -0.7035
vn -0.0000 0.4047 -0.9144
vn -0.0000 -0.6749 -0.7379
vn 0.1439 -0.6750 -0.7237
vn -0.1440 -0.6749 -0.7237
vn 0.2824 -0.6749 -0.6817
vn -0.2824 -0.6749 -0.6817
vn 0.6727 0.6855 -0.2786
vn 0.7142 0.6854 -0.1421
vn 0.4465 0.8948 -0.0000
vn 0.7281 0.6854 -0.0000
vn 0.9149 0.3603 0.1820
vn 0.8618 0.3605 0.3569
vn 0.6434 -0.4147 0.6434
vn 0.5056 -0.4145 0.7567
vn 0.3482 -0.4146 0.8407
vn 0.2824 -0.6749 0.6817
vn 0.1775 -0.4146 0.8925
vn 0.1440 -0.6749 0.7237
vn -0.0000 -0.6749 0.7379
vn -0.0000 -0.4147 0.9099
vn -0.1775 -0.4146 0.8925
vn -0.1440 -0.6749 0.7237
vn 0.3826 0.0213 0.9237
vn 0.3826 -0.0148 0.9238
vn 0.3772 -0.1688 0.9106
vn -0.8077 0.2374 0.5397
vn -0.8313 0.0213 0.5554
vn -0.6869 0.2373 0.6869
vn -0.7070 0.0213 0.7069
vn -0.6286 0.4580 0.6286
vn -0.5397 0.2376 0.8077
vn -0.5555 0.0213 0.8313
vn -0.4938 0.4581 0.7391
vn -0.3718 0.2372 0.8975
vn -0.3826 0.0213 0.9237
vn -0.3402 0.4581 0.8212
vn -0.5384 0.6483 0.5384
vn -0.0000 -0.7256 -0.6881
vn 0.1342 -0.7257 -0.6748
vn -0.0000 -0.7038 -0.7104
vn 0.1386 -0.7038 -0.6967
vn 0.2633 -0.7257 -0.6357
vn 0.2718 -0.7038 -0.6563
vn 0.3823 -0.7257 -0.5721
vn 0.3946 -0.7038 -0.5906
vn 0.5023 -0.7038 -0.5023
vn 0.4865 -0.7257 -0.4865
vn 0.5907 -0.7038 -0.3947
vn 0.5721 -0.7257 -0.3823
vn 0.6563 -0.7038 -0.2718
vn 0.6357 -0.7257 -0.2633
vn 0.6967 -0.7039 -0.1386
vn 0.6748 -0.7257 -0.1342
vn 0.6881 -0.7257 -0.0000
vn 0.7103 -0.7039 -0.0000
vn 0.6748 -0.7257 0.1342
vn 0.6967 -0.7038 0.1386
vn 0.6357 -0.7257 0.2633
vn 0.5721 -0.7257 0.3822
vn 0.4865 -0.7257 0.4865
vn 0.3823 -0.7257 0.5721
vt 0.638255 0.162569
vt 0.638255 0.142263
vt 0.643263 0.142263
vt 0.642987 0.162569
vt 0.638255 0.121958
vt 0.642674 0.121958
vt 0.532455 0.142263
vt 0.532455 0.121958
vt 0.532455 0.162569
vt 0.527724 0.142263
vt 0.527724 0.121958
vt 0.527724 0.162569
vt 0.526530 0.142263
vt 0.526530 0.162569
vt 0.526530 0.121958
vt 0.532455 0.101652
vt 0.527724 0.101652
vt 0.526531 0.101652
vt 0.525128 0.121958
vt 0.525128 0.101652
vt 0.525128 0.142263
vt 0.523651 0.121958
vt 0.523651 0.101652
vt 0.523651 0.142263
vt 0.525128 0.162569
vt 0.523651 0.162569
vt 0.525128 0.182874
vt 0.523651 0.182874
vt 0.526531 0.182874
vt 0.527724 0.182874
vt 0.527724 0.203180
vt 0.526531 0.203180
vt 0.525128 0.203180
vt 0.527724 0.223485
vt 0.526530 0.223485
vt 0.525128 0.223485
vt 0.527724 0.243790
vt 0.526530 0.243790
vt 0.525128 0.243790
vt 0.526530 0.264096
vt 0.525128 0.264096
vt 0.527724 0.264095
vt 0.523651 0.243790
vt 0.523651 0.223485
vt 0.523651 0.264096
vt 0.526530 0.284400
vt 0.525128 0.284400
vt 0.523651 0.284400
vt 0.526530 0.304706
vt 0.525128 0.304706
vt 0.523651 0.304706
vt 0.526530 0.325011
vt 0.525128 0.325011
vt 0.523651 0.325011
vt 0.522247 0.325011
vt 0.522247 0.304706
vt 0.522247 0.284400
vt 0.521055 0.304706
vt 0.521055 0.284400
vt 0.521055 0.325011
vt 0.523651 0.345316
vt 0.522247 0.345316
vt 0.521055 0.345316
vt 0.523651 0.365622
vt 0.522247 0.365622
vt 0.521055 0.365622
vt 0.523651 0.385927
vt 0.522247 0.385926
vt 0.521055 0.385927
vt 0.517792 0.385927
vt 0.517792 0.365622
vt 0.517792 0.345316
vt 0.517194 0.385927
vt 0.517194 0.365622
vt 0.517194 0.345316
vt 0.517194 0.325011
vt 0.517792 0.325011
vt 0.517194 0.304706
vt 0.517792 0.304706
vt 0.517194 0.284401
vt 0.517792 0.284401
vt 0.517194 0.264095
vt 0.517792 0.264096
vt 0.521055 0.264095
vt 0.517194 0.243790
vt 0.517792 0.243789
vt 0.521055 0.243790
vt 0.517194 0.223485
vt 0.517792 0.223485
vt 0.521055 0.223485
vt 0.517194 0.203180
vt 0.517792 0.203180
vt 0.521055 0.203180
vt 0.517194 0.182874
vt 0.517792 0.182874
vt 0.521055 0.182874
vt 0.517194 0.162569
vt 0.517792 0.162569
vt 0.521055 0.162569
vt 0.517194 0.142263
vt 0.517792 0.142263
vt 0.521055 0.142263
vt 0.517194 0.121958
vt 0.517792 0.121958
vt 0.521055 0.121958
vt 0.522247 0.121958
vt 0.522247 0.142263
vt 0.522247 0.162569
vt 0.522247 0.182874
vt 0.523651 0.203180
vt 0.522247 0.203180
vt 0.522247 0.223485
vt 0.522247 0.243790
vt 0.522247 0.264096
vt 0.522247 0.101652
vt 0.521055 0.101652
vt 0.522247 0.081347
vt 0.523651 0.081347
vt 0.521055 0.081347
vt 0.522247 0.061042
vt 0.523651 0.061042
vt 0.521055 0.061042
vt 0.521055 0.040736
vt 0.522247 0.040737
vt 0.523651 0.040736
vt 0.525128 0.081347
vt 0.525128 0.061042
vt 0.525128 0.040736
vt 0.523651 0.020432
vt 0.525128 0.020432
vt 0.522247 0.020432
vt 0.523651 0.000126
vt 0.525128 0.000126
vt 0.522247 0.000126
vt 0.525128 0.649895
vt 0.523651 0.649895
vt 0.523651 0.629589
vt 0.525128 0.629589
vt 0.522247 0.649895
vt 0.522247 0.629589
vt 0.523651 0.609284
vt 0.525128 0.609284
vt 0.522247 0.609284
vt 0.523651 0.588979
vt 0.525128 0.588979
vt 0.522247 0.588979
vt 0.523651 0.568674
vt 0.525128 0.568674
vt 0.522247 0.568674
vt 0.523651 0.548369
vt 0.525128 0.548369
vt 0.522247 0.548369
vt 0.523651 0.528063
vt 0.525128 0.528063
vt 0.522247 0.528063
vt 0.523651 0.507758
vt 0.525128 0.507758
vt 0.522247 0.507758
vt 0.523651 0.487452
vt 0.525128 0.487452
vt 0.522247 0.487452
vt 0.523651 0.467148
vt 0.525128 0.467148
vt 0.522247 0.467148
vt 0.523651 0.446843
vt 0.525128 0.446843
vt 0.522247 0.446843
vt 0.523651 0.426537
vt 0.525128 0.426537
vt 0.522247 0.426537
vt 0.523651 0.406233
vt 0.525128 0.406233
vt 0.522247 0.406232
vt 0.525128 0.385927
vt 0.525128 0.365622
vt 0.526530 0.406232
vt 0.526530 0.385926
vt 0.526530 0.365622
vt 0.525128 0.345316
vt 0.526530 0.345316
vt 0.527724 0.345316
vt 0.527724 0.325011
vt 0.527724 0.365622
vt 0.527724 0.304706
vt 0.532455 0.325011
vt 0.532455 0.345316
vt 0.532455 0.304706
vt 0.532455 0.284400
vt 0.527724 0.284400
vt 0.532455 0.264096
vt 0.638255 0.264096
vt 0.638255 0.284400
vt 0.638255 0.304706
vt 0.638255 0.243790
vt 0.532455 0.243790
vt 0.638255 0.223485
vt 0.532455 0.223485
vt 0.532455 0.203180
vt 0.638255 0.203180
vt 0.643263 0.223485
vt 0.642987 0.243790
vt 0.642674 0.203180
vt 0.638255 0.182874
vt 0.643263 0.182874
vt 0.532455 0.182874
vt 0.645451 0.182874
vt 0.645205 0.162569
vt 0.644930 0.203180
vt 0.647625 0.182874
vt 0.647417 0.162569
vt 0.647104 0.203180
vt 0.645451 0.223485
vt 0.647625 0.223485
vt 0.649826 0.223485
vt 0.649121 0.203180
vt 0.649826 0.182874
vt 0.895736 0.248589
vt 0.902533 0.255958
vt 0.894688 0.263976
vt 0.889035 0.255192
vt 0.902394 0.242042
vt 0.910801 0.248495
vt 0.649616 0.243790
vt 0.647417 0.243790
vt 0.987483 0.251109
vt 0.989215 0.252757
vt 0.983686 0.268175
vt 0.973165 0.265852
vt 0.649826 0.264095
vt 0.647625 0.264096
vt 0.992473 0.233328
vt 0.999875 0.241885
vt 0.951602 0.232144
vt 0.961146 0.213856
vt 0.942991 0.249704
vt 0.959891 0.214596
vt 0.950781 0.231631
vt 0.942781 0.248290
vt 0.925234 0.236742
vt 0.926575 0.236453
vt 0.890866 0.218871
vt 0.927550 0.239786
vt 0.929291 0.256512
vt 0.933120 0.222485
vt 0.933928 0.222882
vt 0.895873 0.204771
vt 0.877281 0.210236
vt 0.882826 0.199626
vt 0.876857 0.227808
vt 0.867838 0.219500
vt 0.866902 0.241594
vt 0.858623 0.227698
vt 0.852866 0.245665
vt 0.847029 0.233149
vt 0.882538 0.279505
vt 0.867374 0.284526
vt 0.900903 0.284596
vt 0.884491 0.280981
vt 0.900838 0.334474
vt 0.884516 0.343338
vt 0.873222 0.304363
vt 0.893113 0.298621
vt 0.899878 0.345741
vt 0.884557 0.345729
vt 0.869696 0.352527
vt 0.863987 0.343372
vt 0.854895 0.310144
vt 0.891705 0.298235
vt 0.873023 0.303422
vt 0.855747 0.309018
vt 0.851463 0.288446
vt 0.852619 0.289219
vt 0.830801 0.277132
vt 0.839305 0.252986
vt 0.850664 0.292177
vt 0.840060 0.305236
vt 0.867640 0.285367
vt 0.882058 0.280754
vt 0.867926 0.286270
vt 0.853779 0.290009
vt 0.881584 0.282023
vt 0.890208 0.297775
vt 0.888629 0.297237
vt 0.881105 0.283319
vt 0.868225 0.287222
vt 0.886983 0.296605
vt 0.880605 0.284659
vt 0.868535 0.288216
vt 0.854961 0.290821
vt 0.856185 0.291656
vt 0.857540 0.306473
vt 0.856631 0.307796
vt 0.858449 0.305045
vt 0.868851 0.289242
vt 0.857439 0.292512
vt 0.859373 0.303507
vt 0.869173 0.290296
vt 0.858732 0.293375
vt 0.860298 0.301861
vt 0.869502 0.291381
vt 0.860072 0.294227
vt 0.861220 0.300120
vt 0.862153 0.298314
vt 0.861470 0.295041
vt 0.869844 0.292502
vt 0.879544 0.287438
vt 0.878949 0.288859
vt 0.878280 0.290275
vt 0.883468 0.295070
vt 0.881628 0.294171
vt 0.879738 0.293220
vt 0.871606 0.298245
vt 0.871269 0.297122
vt 0.870915 0.295963
vt 0.871927 0.299338
vt 0.885258 0.295884
vt 0.872234 0.300403
vt 0.872521 0.301438
vt 0.872787 0.302446
vt 0.880090 0.286035
vt 0.877797 0.292277
vt 0.870542 0.294758
vt 0.863133 0.296489
vt 0.862942 0.295783
vt 0.870205 0.293673
vt 0.877505 0.291669
vt 0.835731 0.237045
vt 0.822923 0.249118
vt 0.822469 0.236885
vt 0.821562 0.277373
vt 0.805986 0.251766
vt 0.810068 0.236128
vt 0.812059 0.277201
vt 0.832574 0.287643
vt 0.821295 0.287385
vt 0.809953 0.287464
vt 0.764038 0.341464
vt 0.755391 0.348751
vt 0.744574 0.337907
vt 0.746236 0.336187
vt 0.765810 0.300640
vt 0.783929 0.310651
vt 0.799644 0.306329
vt 0.790601 0.292161
vt 0.783206 0.309383
vt 0.788787 0.290247
vt 0.790013 0.289710
vt 0.766334 0.299833
vt 0.793082 0.244729
vt 0.775715 0.282487
vt 0.775306 0.283270
vt 0.774868 0.284109
vt 0.787552 0.290803
vt 0.782474 0.308000
vt 0.781739 0.306503
vt 0.786292 0.291376
vt 0.774405 0.284993
vt 0.766858 0.298975
vt 0.767383 0.298074
vt 0.751648 0.291327
vt 0.753226 0.291034
vt 0.750157 0.291567
vt 0.762230 0.276700
vt 0.762489 0.278113
vt 0.761970 0.275316
vt 0.761702 0.273950
vt 0.748759 0.291763
vt 0.778210 0.240262
vt 0.755209 0.251210
vt 0.758514 0.275919
vt 0.741768 0.277644
vt 0.787149 0.226548
vt 0.797966 0.231779
vt 0.768959 0.226081
vt 0.777799 0.217176
vt 0.748830 0.244559
vt 0.748902 0.259713
vt 0.741439 0.251247
vt 0.729260 0.332201
vt 0.731700 0.321691
vt 0.743367 0.237235
vt 0.753947 0.216341
vt 0.734177 0.242771
vt 0.720212 0.245711
vt 0.723844 0.229306
vt 0.669318 0.246494
vt 0.659866 0.230753
vt 0.698428 0.218226
vt 0.705922 0.237093
vt 0.657952 0.245840
vt 0.657476 0.230826
vt 0.650145 0.216160
vt 0.659103 0.210335
vt 0.690742 0.200150
vt 0.723554 0.177947
vt 0.712929 0.179144
vt 0.713500 0.168486
vt 0.723506 0.169074
vt 0.750943 0.170854
vt 0.747115 0.186994
vt 0.709411 0.196009
vt 0.696394 0.185375
vt 0.649616 0.649895
vt 0.647417 0.649895
vt 0.647625 0.629589
vt 0.649826 0.629589
vt 0.647104 0.609284
vt 0.649121 0.609284
vt 0.647625 0.588979
vt 0.649826 0.588980
vt 0.713221 0.157751
vt 0.723285 0.160049
vt 0.647417 0.568674
vt 0.649616 0.568673
vt 0.658596 0.112458
vt 0.651312 0.103806
vt 0.662153 0.093002
vt 0.663870 0.094667
vt 0.647625 0.548369
vt 0.649826 0.548369
vt 0.667864 0.077700
vt 0.678368 0.080153
vt 0.647104 0.528063
vt 0.649121 0.528063
vt 0.748976 0.104235
vt 0.740512 0.097894
vt 0.748939 0.090623
vt 0.755623 0.098060
vt 0.757171 0.083190
vt 0.762690 0.092272
vt 0.647625 0.507758
vt 0.649826 0.507758
vt 0.645451 0.548369
vt 0.644930 0.528063
vt 0.645451 0.507758
vt 0.645205 0.487452
vt 0.647417 0.487452
vt 0.649616 0.487452
vt 0.645451 0.467147
vt 0.647625 0.467148
vt 0.649826 0.467148
vt 0.644930 0.446843
vt 0.647104 0.446843
vt 0.649121 0.446843
vt 0.645451 0.426537
vt 0.647625 0.426537
vt 0.649826 0.426537
vt 0.647417 0.406232
vt 0.649616 0.406232
vt 0.645205 0.406232
vt 0.642674 0.446843
vt 0.643263 0.426537
vt 0.642987 0.406232
vt 0.643263 0.385927
vt 0.645451 0.385927
vt 0.647625 0.385926
vt 0.642675 0.365622
vt 0.644930 0.365622
vt 0.647105 0.365622
vt 0.643336 0.345316
vt 0.645523 0.345313
vt 0.647694 0.345303
vt 0.642987 0.325011
vt 0.645205 0.325011
vt 0.647417 0.325011
vt 0.645451 0.304706
vt 0.647625 0.304706
vt 0.643263 0.304706
vt 0.638255 0.325011
vt 0.638255 0.345316
vt 0.642674 0.284400
vt 0.644930 0.284400
vt 0.643263 0.264096
vt 0.645451 0.264095
vt 0.647104 0.284400
vt 0.645205 0.243790
vt 0.649121 0.284400
vt 0.649826 0.304706
vt 0.649616 0.325011
vt 0.987333 0.114617
vt 0.989608 0.113839
vt 0.996856 0.129584
vt 0.987483 0.135442
vt 0.926654 0.168616
vt 0.937356 0.166663
vt 0.937583 0.177534
vt 0.927609 0.177284
vt 0.900714 0.175142
vt 0.905475 0.158582
vt 0.936455 0.151612
vt 0.949419 0.161473
vt 0.953793 0.146403
vt 0.947820 0.127951
vt 0.974863 0.098034
vt 0.985810 0.096938
vt 0.941906 0.109271
vt 0.896201 0.131561
vt 0.904301 0.106992
vt 0.928496 0.098982
vt 0.925288 0.116130
vt 0.894932 0.110493
vt 0.898983 0.101080
vt 0.906812 0.098618
vt 0.878964 0.122092
vt 0.649121 0.365622
vt 0.649894 0.345285
vt 0.891489 0.100721
vt 0.896421 0.094480
vt 0.649826 0.385927
vt 0.903819 0.012493
vt 0.905468 0.010761
vt 0.920932 0.016305
vt 0.918625 0.026829
vt 0.886000 0.007541
vt 0.894560 0.000125
vt 0.885004 0.048286
vt 0.866459 0.038945
vt 0.902642 0.057047
vt 0.867237 0.040166
vt 0.884500 0.049088
vt 0.901224 0.057233
vt 0.889674 0.074425
vt 0.889377 0.073098
vt 0.870105 0.108471
vt 0.891087 0.074551
vt 0.907632 0.073099
vt 0.875349 0.066480
vt 0.875746 0.065698
vt 0.856856 0.103157
vt 0.861190 0.121252
vt 0.850247 0.115315
vt 0.870215 0.130418
vt 0.879686 0.140544
vt 0.858420 0.125013
vt 0.867062 0.133187
vt 0.875389 0.142651
vt 0.863775 0.135765
vt 0.871231 0.144461
vt 0.855683 0.128600
vt 0.848288 0.119423
vt 0.846334 0.123405
vt 0.837735 0.115453
vt 0.839323 0.110854
vt 0.836371 0.119893
vt 0.826021 0.114314
vt 0.826281 0.109832
vt 0.825706 0.118755
vt 0.814663 0.114628
vt 0.814167 0.109603
vt 0.815174 0.119368
vt 0.803714 0.118340
vt 0.802287 0.113998
vt 0.805058 0.122615
vt 0.793559 0.123501
vt 0.791493 0.119251
vt 0.795659 0.127537
vt 0.784597 0.131219
vt 0.781715 0.128001
vt 0.787418 0.134481
vt 0.797681 0.131325
vt 0.806325 0.126701
vt 0.790109 0.137661
vt 0.780443 0.142433
vt 0.776846 0.139546
vt 0.783804 0.145149
vt 0.775494 0.151813
vt 0.771538 0.149751
vt 0.779216 0.153819
vt 0.772239 0.161880
vt 0.767921 0.160406
vt 0.776277 0.163219
vt 0.771231 0.172750
vt 0.767075 0.172260
vt 0.775265 0.173182
vt 0.771545 0.183562
vt 0.767023 0.184032
vt 0.775785 0.183121
vt 0.774102 0.193919
vt 0.769746 0.195143
vt 0.778234 0.192671
vt 0.778475 0.203535
vt 0.774194 0.205723
vt 0.782447 0.201474
vt 0.782059 0.191488
vt 0.779698 0.182709
vt 0.786075 0.199562
vt 0.788538 0.209151
vt 0.785121 0.211857
vt 0.791707 0.206611
vt 0.796005 0.215511
vt 0.793158 0.218910
vt 0.798641 0.212391
vt 0.804698 0.220150
vt 0.802597 0.223923
vt 0.806654 0.216639
vt 0.814149 0.223058
vt 0.812836 0.227170
vt 0.815371 0.219252
vt 0.824060 0.224047
vt 0.823633 0.228241
vt 0.824472 0.220124
vt 0.833959 0.223275
vt 0.834412 0.227576
vt 0.833576 0.219324
vt 0.843439 0.220318
vt 0.844668 0.224413
vt 0.842224 0.216510
vt 0.832220 0.212678
vt 0.839628 0.210194
vt 0.824445 0.213361
vt 0.824354 0.204653
vt 0.830380 0.204177
vt 0.836216 0.202434
vt 0.818325 0.203986
vt 0.816692 0.212563
vt 0.812556 0.202147
vt 0.809261 0.210284
vt 0.807278 0.199205
vt 0.802454 0.206597
vt 0.796547 0.201629
vt 0.802697 0.195278
vt 0.804762 0.192914
vt 0.808852 0.196492
vt 0.813573 0.199193
vt 0.814854 0.197582
vt 0.810424 0.195160
vt 0.806561 0.191911
vt 0.818749 0.200911
vt 0.819673 0.199081
vt 0.816037 0.196068
vt 0.811878 0.193910
vt 0.820533 0.197352
vt 0.824683 0.199593
vt 0.824187 0.201573
vt 0.825190 0.197693
vt 0.816493 0.194075
vt 0.820610 0.195310
vt 0.824902 0.195694
vt 0.821792 0.192993
vt 0.818095 0.192021
vt 0.825625 0.193224
vt 0.812707 0.192043
vt 0.814669 0.190337
vt 0.809396 0.189300
vt 0.811645 0.188007
vt 0.808224 0.190969
vt 0.805217 0.187360
vt 0.806687 0.185955
vt 0.803409 0.187961
vt 0.802972 0.183224
vt 0.804680 0.182136
vt 0.801089 0.183460
vt 0.799687 0.178584
vt 0.801572 0.178721
vt 0.803453 0.177993
vt 0.799252 0.173517
vt 0.801066 0.174024
vt 0.803048 0.173684
vt 0.806018 0.178165
vt 0.805525 0.174357
vt 0.807237 0.181801
vt 0.803479 0.169373
vt 0.805775 0.170520
vt 0.801475 0.169311
vt 0.804731 0.165225
vt 0.806757 0.166803
vt 0.802780 0.164764
vt 0.799797 0.168456
vt 0.801302 0.163593
vt 0.797304 0.172963
vt 0.797999 0.167527
vt 0.799721 0.162324
vt 0.794960 0.167132
vt 0.796819 0.161333
vt 0.794237 0.173183
vt 0.797661 0.178426
vt 0.794681 0.179254
vt 0.799062 0.183704
vt 0.796282 0.185107
vt 0.801459 0.188596
vt 0.798986 0.190518
vt 0.791768 0.195576
vt 0.788302 0.188668
vt 0.786251 0.181175
vt 0.785669 0.173388
vt 0.779061 0.173576
vt 0.786542 0.165621
vt 0.779995 0.164427
vt 0.782648 0.155701
vt 0.788855 0.158170
vt 0.786875 0.147668
vt 0.792531 0.151314
vt 0.799749 0.156004
vt 0.797456 0.145315
vt 0.792606 0.140664
vt 0.803645 0.151350
vt 0.805954 0.153399
vt 0.802406 0.157554
vt 0.803710 0.159113
vt 0.806933 0.155191
vt 0.810236 0.150021
vt 0.810849 0.151976
vt 0.808361 0.147551
vt 0.815086 0.147554
vt 0.815311 0.149597
vt 0.813720 0.144755
vt 0.803436 0.140391
vt 0.810250 0.136743
vt 0.799554 0.134830
vt 0.807492 0.130509
vt 0.817636 0.134519
vt 0.816098 0.127815
vt 0.819516 0.143076
vt 0.825318 0.133821
vt 0.825060 0.126988
vt 0.825527 0.142585
vt 0.831513 0.143305
vt 0.832996 0.134659
vt 0.834059 0.127922
vt 0.815659 0.123777
vt 0.825380 0.123016
vt 0.835158 0.124072
vt 0.844457 0.127184
vt 0.842693 0.130681
vt 0.840373 0.137007
vt 0.853094 0.131984
vt 0.850697 0.135072
vt 0.847149 0.140759
vt 0.842438 0.148249
vt 0.837231 0.145214
vt 0.852966 0.145818
vt 0.857714 0.140983
vt 0.846938 0.152299
vt 0.844903 0.154617
vt 0.840851 0.150952
vt 0.836210 0.148195
vt 0.834980 0.149825
vt 0.839393 0.152355
vt 0.843295 0.155662
vt 0.831104 0.146421
vt 0.830177 0.148255
vt 0.833845 0.151318
vt 0.838044 0.153580
vt 0.829330 0.149958
vt 0.825168 0.147693
vt 0.825733 0.145712
vt 0.824655 0.149536
vt 0.833385 0.153269
vt 0.829269 0.151985
vt 0.824988 0.151543
vt 0.828104 0.154299
vt 0.831785 0.155303
vt 0.824297 0.154045
vt 0.837171 0.155340
vt 0.835195 0.157024
vt 0.840362 0.158176
vt 0.838176 0.159432
vt 0.841799 0.156642
vt 0.845168 0.160029
vt 0.843326 0.161173
vt 0.846989 0.159324
vt 0.846944 0.164235
vt 0.845212 0.165179
vt 0.848885 0.163821
vt 0.850423 0.168557
vt 0.848487 0.168593
vt 0.846569 0.169300
vt 0.850890 0.173622
vt 0.849050 0.173203
vt 0.847046 0.173580
vt 0.843997 0.169140
vt 0.844535 0.172938
vt 0.842750 0.165467
vt 0.846635 0.177876
vt 0.844312 0.176762
vt 0.848655 0.177890
vt 0.845375 0.182023
vt 0.843333 0.180476
vt 0.847336 0.182436
vt 0.850349 0.178693
vt 0.848824 0.183566
vt 0.852830 0.174126
vt 0.852151 0.179586
vt 0.850413 0.184799
vt 0.855199 0.179964
vt 0.853334 0.185768
vt 0.855882 0.173907
vt 0.852426 0.168625
vt 0.855367 0.167838
vt 0.850954 0.163298
vt 0.853787 0.161982
vt 0.848865 0.158345
vt 0.851381 0.156435
vt 0.858288 0.151611
vt 0.861675 0.158581
vt 0.863917 0.147957
vt 0.867942 0.155953
vt 0.863880 0.166039
vt 0.870616 0.164584
vt 0.864569 0.173767
vt 0.871406 0.173583
vt 0.863731 0.181494
vt 0.870446 0.182627
vt 0.874641 0.164100
vt 0.875372 0.173916
vt 0.874272 0.183763
vt 0.871212 0.193153
vt 0.867711 0.191315
vt 0.861386 0.188920
vt 0.866408 0.201832
vt 0.863335 0.199348
vt 0.857636 0.195762
vt 0.850362 0.191091
vt 0.852625 0.201754
vt 0.857452 0.206385
vt 0.846410 0.195726
vt 0.844084 0.193718
vt 0.847688 0.189568
vt 0.846371 0.188055
vt 0.843082 0.191995
vt 0.839754 0.197116
vt 0.839079 0.195254
vt 0.841633 0.199513
vt 0.834898 0.199695
vt 0.834546 0.197733
vt 0.846554 0.206659
vt 0.850330 0.212220
vt 0.852167 0.215695
vt 0.859922 0.209386
vt 0.862571 0.212606
vt 0.854186 0.219475
vt 0.869757 0.204518
vt 0.874977 0.195146
vt 0.873367 0.207359
vt 0.865283 0.215993
vt 0.878907 0.197292
vt 0.878407 0.185010
vt 0.882799 0.186360
vt 0.879616 0.174298
vt 0.884009 0.174770
vt 0.879044 0.163601
vt 0.883767 0.163011
vt 0.875939 0.153476
vt 0.880361 0.152173
vt 0.871765 0.154684
vt 0.867367 0.146147
vt 0.860614 0.138413
vt 0.884857 0.151008
vt 0.888762 0.162216
vt 0.897513 0.145335
vt 0.888357 0.175457
vt 0.887418 0.187734
vt 0.903087 0.192133
vt 0.927869 0.186567
vt 0.940174 0.207870
vt 0.956809 0.198767
vt 0.942664 0.207805
vt 0.940726 0.209101
vt 0.934790 0.223308
vt 0.941298 0.210341
vt 0.958524 0.215345
vt 0.949910 0.231120
vt 0.957045 0.216097
vt 0.941891 0.211607
vt 0.948997 0.230606
vt 0.942524 0.246780
vt 0.942215 0.245179
vt 0.927934 0.236172
vt 0.929322 0.235892
vt 0.935695 0.223761
vt 0.941827 0.243501
vt 0.930754 0.235598
vt 0.936634 0.224235
vt 0.942501 0.212918
vt 0.955455 0.216829
vt 0.953747 0.217556
vt 0.943126 0.214267
vt 0.937602 0.224726
vt 0.951928 0.218263
vt 0.943752 0.215658
vt 0.938593 0.225234
vt 0.950013 0.218948
vt 0.944358 0.217095
vt 0.939611 0.225756
vt 0.933724 0.234973
vt 0.932223 0.235297
vt 0.935248 0.234608
vt 0.940234 0.237977
vt 0.940838 0.239887
vt 0.941372 0.241733
vt 0.945007 0.228488
vt 0.946053 0.229030
vt 0.947066 0.229563
vt 0.948048 0.230088
vt 0.943922 0.227935
vt 0.939589 0.236010
vt 0.936785 0.234174
vt 0.938958 0.233997
vt 0.938321 0.233634
vt 0.942788 0.227364
vt 0.948028 0.219631
vt 0.946014 0.220359
vt 0.941765 0.226851
vt 0.945377 0.220138
vt 0.940664 0.226294
vt 0.944909 0.218587
vt 0.922533 0.119890
vt 0.928072 0.134663
vt 0.932666 0.150077
vt 0.928897 0.134381
vt 0.933374 0.148923
vt 0.923805 0.120321
vt 0.952685 0.145559
vt 0.951474 0.144687
vt 0.934104 0.147761
vt 0.929785 0.134076
vt 0.930722 0.133751
vt 0.934855 0.146579
vt 0.950157 0.143796
vt 0.944905 0.128930
vt 0.945912 0.128593
vt 0.946885 0.128266
vt 0.943867 0.129279
vt 0.948731 0.142911
vt 0.935630 0.145355
vt 0.947191 0.142014
vt 0.936426 0.144099
vt 0.942800 0.129638
vt 0.939829 0.115220
vt 0.940469 0.113618
vt 0.939109 0.116903
vt 0.938296 0.118652
vt 0.941706 0.130007
vt 0.945542 0.141120
vt 0.940579 0.130388
vt 0.943794 0.140233
vt 0.937403 0.120459
vt 0.930637 0.122632
vt 0.929199 0.122125
vt 0.932090 0.123187
vt 0.934838 0.132346
vt 0.933761 0.132710
vt 0.932716 0.133065
vt 0.937228 0.142804
vt 0.938017 0.141463
vt 0.931702 0.133412
vt 0.941977 0.139334
vt 0.938763 0.140062
vt 0.935954 0.131967
vt 0.940135 0.138389
vt 0.939437 0.138586
vt 0.937123 0.131569
vt 0.933542 0.123819
vt 0.934972 0.124548
vt 0.936463 0.122315
vt 0.935542 0.124232
vt 0.938210 0.131197
vt 0.939419 0.130784
vt 0.927791 0.121648
vt 0.926421 0.121187
vt 0.925097 0.120750
vt 0.941016 0.112083
vt 0.941494 0.110631
vt 0.856322 0.223503
vt 0.845911 0.228722
vt 0.834961 0.232184
vt 0.823142 0.232582
vt 0.811450 0.231535
vt 0.800362 0.227857
vt 0.790161 0.222573
vt 0.781522 0.214606
vt 0.769657 0.208090
vt 0.752480 0.201051
vt 0.765284 0.196168
vt 0.762268 0.184586
vt 0.762966 0.171638
vt 0.763328 0.158846
vt 0.748163 0.154363
vt 0.755263 0.141479
vt 0.767442 0.147736
vt 0.710354 0.138432
vt 0.717544 0.124212
vt 0.693699 0.148076
vt 0.707842 0.139051
vt 0.716761 0.123801
vt 0.709815 0.137211
vt 0.689430 0.132342
vt 0.690695 0.131622
vt 0.699397 0.114275
vt 0.700203 0.114800
vt 0.708235 0.097287
vt 0.708433 0.098683
vt 0.726044 0.110250
vt 0.724680 0.110513
vt 0.759694 0.127239
vt 0.724371 0.107273
vt 0.722673 0.090536
vt 0.773113 0.136495
vt 0.774347 0.118673
vt 0.784353 0.105465
vt 0.798368 0.100929
vt 0.770374 0.071442
vt 0.785861 0.067594
vt 0.751610 0.065111
vt 0.768011 0.068773
vt 0.752640 0.017570
vt 0.769109 0.009034
vt 0.780131 0.047948
vt 0.759929 0.052792
vt 0.753677 0.006374
vt 0.769078 0.006642
vt 0.784059 0.000125
vt 0.789755 0.009382
vt 0.798810 0.043490
vt 0.821125 0.071305
vt 0.819297 0.060606
vt 0.830124 0.060546
vt 0.829774 0.070515
vt 0.827855 0.097461
vt 0.810988 0.092212
vt 0.804080 0.061330
vt 0.813972 0.048403
vt 0.802016 0.064474
vt 0.797918 0.044525
vt 0.800844 0.063686
vt 0.785600 0.066770
vt 0.770888 0.070285
vt 0.785319 0.065885
vt 0.799667 0.062880
vt 0.771394 0.069103
vt 0.761353 0.053210
vt 0.762866 0.053701
vt 0.764460 0.054272
vt 0.771904 0.067891
vt 0.785024 0.064949
vt 0.766121 0.054939
vt 0.772432 0.066634
vt 0.784719 0.063969
vt 0.798471 0.062051
vt 0.797235 0.061197
vt 0.796047 0.046880
vt 0.796995 0.045654
vt 0.795101 0.048211
vt 0.784405 0.062956
vt 0.795968 0.060321
vt 0.794138 0.049647
vt 0.784088 0.061911
vt 0.794661 0.059436
vt 0.793174 0.051189
vt 0.783761 0.060833
vt 0.793307 0.058560
vt 0.792213 0.052825
vt 0.791239 0.054527
vt 0.791894 0.057723
vt 0.783422 0.059716
vt 0.773551 0.064021
vt 0.774174 0.062684
vt 0.774874 0.061349
vt 0.769666 0.056543
vt 0.771524 0.057477
vt 0.773428 0.058463
vt 0.781682 0.053987
vt 0.782012 0.055103
vt 0.782358 0.056257
vt 0.781370 0.052903
vt 0.767862 0.055694
vt 0.781074 0.051849
vt 0.780797 0.050826
vt 0.780542 0.049832
vt 0.780317 0.048872
vt 0.772977 0.065342
vt 0.775386 0.059441
vt 0.782727 0.057463
vt 0.790220 0.056250
vt 0.790405 0.056952
vt 0.783063 0.058547
vt 0.775675 0.060033
vt 0.844517 0.095459
vt 0.838885 0.070461
vt 0.860756 0.059003
vt 0.851203 0.041728
vt 0.859481 0.055739
vt 0.861991 0.058528
vt 0.876174 0.064860
vt 0.863235 0.058026
vt 0.868022 0.041499
vt 0.883998 0.049940
vt 0.868809 0.042941
vt 0.864503 0.057500
vt 0.883492 0.050837
vt 0.899709 0.057464
vt 0.898104 0.057748
vt 0.889091 0.071752
vt 0.888805 0.070378
vt 0.876630 0.063977
vt 0.896421 0.058109
vt 0.888507 0.068959
vt 0.877107 0.063059
vt 0.865816 0.056953
vt 0.869575 0.044495
vt 0.870335 0.046164
vt 0.867167 0.056388
vt 0.877603 0.062111
vt 0.871076 0.047943
vt 0.868560 0.055821
vt 0.878115 0.061136
vt 0.871792 0.049818
vt 0.870000 0.055273
vt 0.878642 0.060133
vt 0.887874 0.066016
vt 0.888202 0.067503
vt 0.887505 0.064505
vt 0.890880 0.059614
vt 0.892797 0.059039
vt 0.894648 0.058536
vt 0.881396 0.054776
vt 0.881935 0.053740
vt 0.882464 0.052738
vt 0.882982 0.051770
vt 0.880842 0.055852
vt 0.888908 0.060228
vt 0.887067 0.062980
vt 0.886889 0.060828
vt 0.886523 0.061454
vt 0.880266 0.056980
vt 0.872507 0.051763
vt 0.873267 0.053741
vt 0.879748 0.057997
vt 0.873051 0.054361
vt 0.879186 0.059090
vt 0.871496 0.054777
vt 0.841068 0.060285
vt 0.715924 0.123361
vt 0.723299 0.110768
vt 0.708676 0.100171
vt 0.715041 0.122896
vt 0.721888 0.111022
vt 0.708971 0.101746
vt 0.709343 0.103397
vt 0.720432 0.111290
vt 0.714121 0.122409
vt 0.709258 0.135978
vt 0.708683 0.134721
vt 0.708093 0.133421
vt 0.692076 0.130894
vt 0.693570 0.130162
vt 0.695178 0.129451
vt 0.701061 0.115324
vt 0.701962 0.115850
vt 0.702898 0.116382
vt 0.696903 0.128747
vt 0.703867 0.116919
vt 0.709781 0.105136
vt 0.718939 0.111565
vt 0.710293 0.106952
vt 0.717412 0.111863
vt 0.704867 0.117467
vt 0.705898 0.118024
vt 0.710875 0.108832
vt 0.715861 0.112200
vt 0.712202 0.121382
vt 0.711203 0.120845
vt 0.713174 0.121904
vt 0.707489 0.132084
vt 0.706886 0.130705
vt 0.706307 0.129280
vt 0.698740 0.128063
vt 0.700674 0.127403
vt 0.702678 0.126746
vt 0.705783 0.127804
vt 0.710169 0.120291
vt 0.706967 0.118596
vt 0.711495 0.110768
vt 0.704714 0.126047
vt 0.708083 0.119187
vt 0.712095 0.112750
vt 0.714297 0.112607
vt 0.712730 0.113117
vt 0.709088 0.119717
vt 0.705348 0.126271
vt 0.724963 0.226702
vt 0.718144 0.211769
vt 0.712608 0.196728
vt 0.717308 0.212066
vt 0.711923 0.197850
vt 0.723622 0.226245
vt 0.691961 0.200966
vt 0.693283 0.201818
vt 0.711220 0.198980
vt 0.716413 0.212380
vt 0.715466 0.212707
vt 0.710496 0.200129
vt 0.694711 0.202697
vt 0.701348 0.217429
vt 0.700343 0.217724
vt 0.699369 0.217993
vt 0.702380 0.217113
vt 0.696250 0.203576
vt 0.709750 0.201319
vt 0.697905 0.204471
vt 0.708987 0.202541
vt 0.703440 0.216777
vt 0.707543 0.231132
vt 0.707014 0.232727
vt 0.708155 0.229459
vt 0.708857 0.227722
vt 0.704527 0.216426
vt 0.699672 0.205366
vt 0.705644 0.216058
vt 0.701535 0.206255
vt 0.709642 0.225934
vt 0.716462 0.223859
vt 0.717966 0.224377
vt 0.714940 0.223294
vt 0.711334 0.214098
vt 0.712412 0.213739
vt 0.713460 0.213388
vt 0.708218 0.203801
vt 0.707465 0.205106
vt 0.714480 0.213044
vt 0.703468 0.207154
vt 0.706754 0.206469
vt 0.710221 0.214474
vt 0.705423 0.208095
vt 0.706121 0.207904
vt 0.709062 0.214876
vt 0.713414 0.222654
vt 0.711906 0.221914
vt 0.710475 0.224096
vt 0.711294 0.222206
vt 0.707988 0.215252
vt 0.706793 0.215668
vt 0.719438 0.224867
vt 0.720873 0.225341
vt 0.722263 0.225795
vt 0.706576 0.234262
vt 0.706213 0.235719
vt 0.829666 0.201093
vt 0.829623 0.198995
vt 0.829914 0.197139
vt 0.834411 0.195829
vt 0.829223 0.195267
vt 0.833398 0.194052
vt 0.829446 0.192717
vt 0.833095 0.191494
vt 0.836424 0.189566
vt 0.837204 0.192011
vt 0.838543 0.193475
vt 0.839307 0.187008
vt 0.840559 0.189233
vt 0.842173 0.190378
vt 0.845145 0.186653
vt 0.843322 0.185858
vt 0.841642 0.183936
vt 0.839783 0.182031
vt 0.837868 0.184769
vt 0.841127 0.178977
vt 0.835456 0.187079
vt 0.836228 0.182560
vt 0.834283 0.184587
vt 0.837737 0.180191
vt 0.832635 0.188864
vt 0.831976 0.186190
vt 0.829517 0.190055
vt 0.829398 0.187308
vt 0.826223 0.190623
vt 0.826651 0.187903
vt 0.822888 0.190543
vt 0.823843 0.187952
vt 0.819643 0.189816
vt 0.821083 0.187452
vt 0.816611 0.188468
vt 0.818482 0.186424
vt 0.813906 0.186550
vt 0.816135 0.184905
vt 0.811630 0.184135
vt 0.814132 0.182954
vt 0.809136 0.185124
vt 0.809869 0.181317
vt 0.812547 0.180647
vt 0.808689 0.178205
vt 0.811441 0.178071
vt 0.808133 0.174919
vt 0.810855 0.175327
vt 0.808219 0.171585
vt 0.810808 0.172519
vt 0.808947 0.168330
vt 0.811304 0.169754
vt 0.810287 0.165277
vt 0.812322 0.167139
vt 0.808436 0.163348
vt 0.812190 0.162544
vt 0.813825 0.164773
vt 0.810749 0.160285
vt 0.814584 0.160238
vt 0.815758 0.162747
vt 0.813609 0.157736
vt 0.817378 0.158448
vt 0.818043 0.161141
vt 0.816906 0.155798
vt 0.820465 0.157245
vt 0.820597 0.160019
vt 0.820515 0.154551
vt 0.823726 0.156677
vt 0.823319 0.159425
vt 0.827034 0.156768
vt 0.826105 0.159383
vt 0.830260 0.157517
vt 0.828847 0.159898
vt 0.833278 0.158897
vt 0.831439 0.160947
vt 0.835974 0.160858
vt 0.833788 0.162487
vt 0.838326 0.163247
vt 0.835827 0.164431
vt 0.840839 0.162229
vt 0.840118 0.166023
vt 0.837438 0.166723
vt 0.841334 0.169113
vt 0.838573 0.169278
vt 0.841914 0.172396
vt 0.839182 0.172011
vt 0.841846 0.175724
vt 0.839243 0.174813
vt 0.838755 0.177575
vt 0.836515 0.174077
vt 0.836226 0.176320
vt 0.835505 0.178464
vt 0.833555 0.175255
vt 0.833094 0.176898
vt 0.833686 0.173554
vt 0.834379 0.180427
vt 0.832321 0.178419
vt 0.832889 0.182131
vt 0.831266 0.179758
vt 0.831093 0.183509
vt 0.829967 0.180865
vt 0.829061 0.184508
vt 0.828476 0.181695
vt 0.827621 0.178916
vt 0.828585 0.178307
vt 0.829409 0.177521
vt 0.826480 0.176224
vt 0.826939 0.175891
vt 0.827325 0.175473
vt 0.827622 0.174988
vt 0.830064 0.176587
vt 0.827817 0.174453
vt 0.830522 0.175543
vt 0.827904 0.173888
vt 0.830768 0.174430
vt 0.827879 0.173318
vt 0.830792 0.173289
vt 0.827745 0.172763
vt 0.830593 0.172165
vt 0.833482 0.171861
vt 0.836359 0.171822
vt 0.830180 0.171100
vt 0.832952 0.170241
vt 0.835765 0.169644
vt 0.832117 0.168750
vt 0.834757 0.167620
vt 0.831011 0.167449
vt 0.833375 0.165826
vt 0.829673 0.166384
vt 0.831670 0.164329
vt 0.828160 0.165594
vt 0.829718 0.163181
vt 0.826527 0.165116
vt 0.827588 0.162435
vt 0.824836 0.164967
vt 0.825359 0.162125
vt 0.823151 0.165156
vt 0.823116 0.162262
vt 0.821537 0.165674
vt 0.820945 0.162843
vt 0.820056 0.166503
vt 0.818930 0.163841
vt 0.818766 0.167609
vt 0.817147 0.165220
vt 0.817715 0.168948
vt 0.815667 0.166923
vt 0.816943 0.170470
vt 0.814543 0.168886
vt 0.816481 0.172113
vt 0.813820 0.171031
vt 0.816344 0.173817
vt 0.813525 0.173277
vt 0.816538 0.175514
vt 0.813668 0.175538
vt 0.817056 0.177142
vt 0.814244 0.177727
vt 0.817880 0.178635
vt 0.815233 0.179760
vt 0.818977 0.179941
vt 0.816597 0.181561
vt 0.820307 0.181006
vt 0.818285 0.183059
vt 0.821818 0.181791
vt 0.820235 0.184196
vt 0.823456 0.182264
vt 0.822370 0.184930
vt 0.825155 0.182407
vt 0.824613 0.185232
vt 0.826851 0.182216
vt 0.826872 0.185090
vt 0.826557 0.179323
vt 0.825433 0.179513
vt 0.825963 0.176461
vt 0.825410 0.176591
vt 0.824294 0.179478
vt 0.824841 0.176609
vt 0.823184 0.179221
vt 0.824279 0.176515
vt 0.822146 0.178753
vt 0.823746 0.176313
vt 0.821219 0.178088
vt 0.823261 0.176011
vt 0.820437 0.177257
vt 0.822845 0.175620
vt 0.819832 0.176290
vt 0.822512 0.175154
vt 0.819424 0.175222
vt 0.822274 0.174634
vt 0.819231 0.174096
vt 0.822141 0.174077
vt 0.819258 0.172953
vt 0.822118 0.173506
vt 0.819505 0.171839
vt 0.822206 0.172943
vt 0.819965 0.170795
vt 0.822402 0.172407
vt 0.820617 0.169862
vt 0.822697 0.171922
vt 0.821438 0.169076
vt 0.823082 0.171504
vt 0.822395 0.168469
vt 0.823540 0.171172
vt 0.823454 0.168064
vt 0.824055 0.170936
vt 0.824573 0.167876
vt 0.824607 0.170808
vt 0.825707 0.167912
vt 0.825174 0.170790
vt 0.826815 0.168171
vt 0.825734 0.170885
vt 0.827854 0.168641
vt 0.826267 0.171086
vt 0.828783 0.169305
vt 0.826751 0.171389
vt 0.829568 0.170135
vt 0.827170 0.171779
vt 0.827504 0.172242
vt 0.825011 0.173702
vt 0.820707 0.151963
vt 0.816592 0.153225
vt 0.815532 0.151496
vt 0.819997 0.150057
vt 0.820146 0.148149
vt 0.811433 0.153792
vt 0.812801 0.155278
vt 0.807854 0.156852
vt 0.809481 0.158038
vt 0.804934 0.160557
vt 0.806757 0.161397
vt 0.820321 0.146096
vt 0.938039 0.188528
vt 0.638255 0.365622
vt 0.532455 0.365622
vt 0.638255 0.385927
vt 0.532455 0.385927
vt 0.527724 0.385927
vt 0.532455 0.406232
vt 0.527724 0.406233
vt 0.527724 0.426537
vt 0.526531 0.426537
vt 0.532455 0.426537
vt 0.638255 0.406232
vt 0.638255 0.426537
vt 0.638255 0.446843
vt 0.532455 0.446843
vt 0.527724 0.446843
vt 0.638255 0.467148
vt 0.532455 0.467147
vt 0.527724 0.467148
vt 0.526530 0.446843
vt 0.526530 0.467148
vt 0.532455 0.487452
vt 0.527724 0.487452
vt 0.526530 0.487452
vt 0.527724 0.507758
vt 0.526530 0.507758
vt 0.532455 0.507758
vt 0.527724 0.528063
vt 0.526530 0.528063
vt 0.527724 0.548369
vt 0.526530 0.548369
vt 0.527724 0.568673
vt 0.526531 0.568674
vt 0.526531 0.588979
vt 0.527724 0.588979
vt 0.532455 0.568673
vt 0.532455 0.588979
vt 0.532455 0.548369
vt 0.638255 0.548369
vt 0.638255 0.568674
vt 0.638255 0.588979
vt 0.532455 0.528063
vt 0.638255 0.528063
vt 0.643263 0.548369
vt 0.642987 0.568674
vt 0.642674 0.528063
vt 0.638255 0.507758
vt 0.643263 0.507758
vt 0.638255 0.487452
vt 0.642987 0.487452
vt 0.643263 0.467148
vt 0.645205 0.568674
vt 0.645451 0.588979
vt 0.643263 0.588979
vt 0.644930 0.609284
vt 0.642674 0.609284
vt 0.638255 0.609284
vt 0.645451 0.629589
vt 0.643263 0.629589
vt 0.645205 0.649895
vt 0.642987 0.649895
vt 0.638255 0.629589
vt 0.638255 0.649895
vt 0.638255 0.020432
vt 0.638255 0.000126
vt 0.642987 0.000126
vt 0.643263 0.020432
vt 0.645451 0.020432
vt 0.645205 0.000126
vt 0.638255 0.040737
vt 0.642674 0.040737
vt 0.644930 0.040736
vt 0.638255 0.061042
vt 0.643263 0.061042
vt 0.645451 0.061043
vt 0.647625 0.061042
vt 0.647104 0.040736
vt 0.647625 0.020432
vt 0.649826 0.061042
vt 0.649121 0.040737
vt 0.649826 0.020432
vt 0.647417 0.000126
vt 0.649616 0.000126
vt 0.647417 0.081347
vt 0.645205 0.081347
vt 0.649616 0.081347
vt 0.647625 0.101652
vt 0.645451 0.101652
vt 0.649826 0.101652
vt 0.642987 0.081347
vt 0.643263 0.101652
vt 0.644930 0.121958
vt 0.647104 0.121958
vt 0.638255 0.101652
vt 0.638255 0.081347
vt 0.532455 0.081347
vt 0.527724 0.081347
vt 0.532455 0.061042
vt 0.527724 0.061042
vt 0.526531 0.081347
vt 0.526530 0.061042
vt 0.526530 0.040737
vt 0.527724 0.040736
vt 0.526530 0.020432
vt 0.527724 0.020432
vt 0.526530 0.000126
vt 0.527724 0.000126
vt 0.527724 0.649895
vt 0.526530 0.649895
vt 0.526530 0.629589
vt 0.527724 0.629589
vt 0.526530 0.609284
vt 0.527724 0.609284
vt 0.532455 0.609284
vt 0.532455 0.629589
vt 0.532455 0.649895
vt 0.532455 0.020432
vt 0.532455 0.000126
vt 0.532455 0.040736
vt 0.645451 0.142263
vt 0.647625 0.142263
vt 0.649826 0.142263
vt 0.649616 0.162569
vt 0.649121 0.121958
vt 0.754880 0.290664
vt 0.762761 0.279572
vt 0.773920 0.285912
vt 0.784989 0.291966
vt 0.773417 0.286860
vt 0.763040 0.281068
vt 0.783648 0.292568
vt 0.781024 0.304892
vt 0.780316 0.303164
vt 0.779629 0.301323
vt 0.782266 0.293170
vt 0.772897 0.287832
vt 0.778965 0.299386
vt 0.780840 0.293748
vt 0.772362 0.288832
vt 0.763341 0.282597
vt 0.763684 0.284149
vt 0.760322 0.289138
vt 0.758439 0.289718
vt 0.756620 0.290229
vt 0.769552 0.294137
vt 0.768995 0.295168
vt 0.768449 0.296169
vt 0.767912 0.297138
vt 0.770121 0.293069
vt 0.762260 0.288520
vt 0.764094 0.285716
vt 0.764245 0.287921
vt 0.764608 0.287285
vt 0.770710 0.291953
vt 0.778304 0.297378
vt 0.777600 0.295341
vt 0.771239 0.290948
vt 0.777826 0.294706
vt 0.771811 0.289866
vt 0.779361 0.294272
vt 0.521055 0.406233
vt 0.521055 0.426537
vt 0.517792 0.406233
vt 0.517792 0.426537
vt 0.521055 0.446843
vt 0.517792 0.446843
vt 0.521055 0.467148
vt 0.517792 0.467148
vt 0.517194 0.467148
vt 0.517194 0.446843
vt 0.517194 0.426537
vt 0.516523 0.467148
vt 0.516523 0.446843
vt 0.516524 0.426537
vt 0.516523 0.406232
vt 0.517194 0.406232
vt 0.516523 0.385927
vt 0.516523 0.365622
vt 0.515796 0.406233
vt 0.515796 0.385927
vt 0.515796 0.365622
vt 0.515796 0.345316
vt 0.516523 0.345316
vt 0.515796 0.325011
vt 0.516523 0.325011
vt 0.515796 0.304706
vt 0.516523 0.304706
vt 0.515796 0.284401
vt 0.516523 0.284400
vt 0.515796 0.264095
vt 0.516523 0.264096
vt 0.515796 0.243790
vt 0.516523 0.243790
vt 0.515796 0.223485
vt 0.516523 0.223485
vt 0.515796 0.203180
vt 0.516524 0.203180
vt 0.515796 0.182874
vt 0.516524 0.182874
vt 0.515796 0.162569
vt 0.516523 0.162569
vt 0.515796 0.142263
vt 0.516523 0.142263
vt 0.515796 0.121958
vt 0.516523 0.121958
vt 0.515796 0.101652
vt 0.516523 0.101652
vt 0.517194 0.101652
vt 0.515796 0.081347
vt 0.516523 0.081347
vt 0.517194 0.081347
vt 0.515796 0.061043
vt 0.516523 0.061043
vt 0.517194 0.061043
vt 0.515796 0.040736
vt 0.516523 0.040736
vt 0.517194 0.040736
vt 0.515796 0.020432
vt 0.516523 0.020432
vt 0.517194 0.020432
vt 0.515796 0.000126
vt 0.516523 0.000126
vt 0.517194 0.000126
vt 0.516523 0.649895
vt 0.515796 0.649895
vt 0.515796 0.629589
vt 0.516523 0.629589
vt 0.517194 0.649895
vt 0.517194 0.629589
vt 0.515796 0.609284
vt 0.516523 0.609284
vt 0.517194 0.609284
vt 0.515796 0.588979
vt 0.516524 0.588979
vt 0.517194 0.588979
vt 0.515796 0.568674
vt 0.516524 0.568673
vt 0.517194 0.568674
vt 0.515796 0.548369
vt 0.516523 0.548369
vt 0.517194 0.548369
vt 0.515796 0.528063
vt 0.516523 0.528063
vt 0.517194 0.528063
vt 0.515796 0.507758
vt 0.516523 0.507758
vt 0.517194 0.507758
vt 0.515796 0.487452
vt 0.516523 0.487452
vt 0.517194 0.487452
vt 0.515796 0.467148
vt 0.515796 0.446843
vt 0.515032 0.487452
vt 0.515032 0.467148
vt 0.515032 0.446843
vt 0.515032 0.426537
vt 0.515796 0.426537
vt 0.515032 0.406232
vt 0.515032 0.385927
vt 0.514247 0.426537
vt 0.514247 0.406233
vt 0.514247 0.385927
vt 0.514247 0.365622
vt 0.515032 0.365622
vt 0.514247 0.345316
vt 0.515032 0.345316
vt 0.514247 0.325011
vt 0.515032 0.325011
vt 0.514247 0.304706
vt 0.515032 0.304706
vt 0.514247 0.284400
vt 0.515032 0.284401
vt 0.514247 0.264096
vt 0.515032 0.264096
vt 0.514247 0.243790
vt 0.515032 0.243790
vt 0.514247 0.223485
vt 0.515032 0.223485
vt 0.514247 0.203180
vt 0.515032 0.203180
vt 0.514247 0.182874
vt 0.515032 0.182874
vt 0.514247 0.162569
vt 0.515032 0.162569
vt 0.515032 0.142263
vt 0.514247 0.142263
vt 0.510513 0.182874
vt 0.510513 0.162569
vt 0.510513 0.142263
vt 0.509712 0.182874
vt 0.509712 0.162569
vt 0.509712 0.142263
vt 0.508949 0.182874
vt 0.508949 0.162569
vt 0.508949 0.142263
vt 0.508264 0.142263
vt 0.508264 0.162569
vt 0.508264 0.182874
vt 0.508949 0.121958
vt 0.509712 0.121958
vt 0.508264 0.121958
vt 0.508949 0.101652
vt 0.509712 0.101652
vt 0.508264 0.101652
vt 0.507688 0.121958
vt 0.507688 0.101652
vt 0.507688 0.142263
vt 0.507250 0.121958
vt 0.507250 0.101652
vt 0.507250 0.142263
vt 0.507688 0.162569
vt 0.507250 0.162569
vt 0.507688 0.182874
vt 0.507250 0.182874
vt 0.508264 0.203180
vt 0.507688 0.203179
vt 0.507250 0.203180
vt 0.508264 0.223485
vt 0.507688 0.223485
vt 0.507250 0.223485
vt 0.502743 0.223485
vt 0.502743 0.203180
vt 0.502743 0.182874
vt 0.501804 0.203180
vt 0.501804 0.182874
vt 0.501804 0.223485
vt 0.502743 0.243790
vt 0.501804 0.243790
vt 0.507250 0.243790
vt 0.507250 0.264096
vt 0.502743 0.264095
vt 0.501804 0.264095
vt 0.507688 0.243790
vt 0.507688 0.264096
vt 0.507250 0.284401
vt 0.502743 0.284400
vt 0.507688 0.284400
vt 0.507688 0.304706
vt 0.507250 0.304706
vt 0.502743 0.304706
vt 0.508264 0.304706
vt 0.508264 0.284400
vt 0.508264 0.264096
vt 0.508949 0.284401
vt 0.508949 0.264096
vt 0.508949 0.304706
vt 0.508949 0.325011
vt 0.508264 0.325011
vt 0.507688 0.325011
vt 0.509712 0.325011
vt 0.509712 0.304706
vt 0.509712 0.284400
vt 0.510513 0.304706
vt 0.510513 0.284400
vt 0.510513 0.325011
vt 0.509712 0.345316
vt 0.508949 0.345316
vt 0.510513 0.345316
vt 0.510513 0.365622
vt 0.509712 0.365622
vt 0.510513 0.385927
vt 0.509712 0.385927
vt 0.510513 0.406232
vt 0.509712 0.406233
vt 0.510513 0.426537
vt 0.509712 0.426537
vt 0.508949 0.426537
vt 0.508949 0.406232
vt 0.508949 0.385927
vt 0.508264 0.406232
vt 0.508264 0.385926
vt 0.508264 0.426537
vt 0.509712 0.446843
vt 0.508949 0.446843
vt 0.508264 0.446843
vt 0.509712 0.467147
vt 0.508949 0.467148
vt 0.508264 0.467148
vt 0.509712 0.487452
vt 0.508949 0.487452
vt 0.508264 0.487452
vt 0.507688 0.487452
vt 0.507688 0.467148
vt 0.507688 0.446843
vt 0.507250 0.467148
vt 0.507250 0.446843
vt 0.507250 0.487452
vt 0.508264 0.507758
vt 0.507688 0.507758
vt 0.507250 0.507758
vt 0.508264 0.528063
vt 0.507688 0.528063
vt 0.507250 0.528063
vt 0.508264 0.548369
vt 0.507688 0.548369
vt 0.507250 0.548369
vt 0.502743 0.548369
vt 0.502743 0.528063
vt 0.502743 0.507758
vt 0.501804 0.528063
vt 0.501804 0.507758
vt 0.501804 0.548369
vt 0.502743 0.568673
vt 0.501804 0.568673
vt 0.507250 0.568674
vt 0.507250 0.588979
vt 0.502743 0.588979
vt 0.501804 0.588979
vt 0.507688 0.568674
vt 0.507688 0.588979
vt 0.507250 0.609284
vt 0.502743 0.609284
vt 0.507688 0.609284
vt 0.507688 0.629589
vt 0.507249 0.629589
vt 0.502743 0.629589
vt 0.508263 0.629589
vt 0.508264 0.609284
vt 0.508264 0.588979
vt 0.508949 0.609284
vt 0.508949 0.588979
vt 0.508949 0.629589
vt 0.508949 0.649895
vt 0.508264 0.649895
vt 0.507688 0.649895
vt 0.509712 0.649895
vt 0.509712 0.629589
vt 0.509712 0.609284
vt 0.510513 0.629589
vt 0.510513 0.609284
vt 0.510513 0.649895
vt 0.509712 0.020431
vt 0.508949 0.020432
vt 0.508949 0.000126
vt 0.509712 0.000126
vt 0.510513 0.020432
vt 0.510513 0.000126
vt 0.514247 0.000126
vt 0.514247 0.020432
vt 0.514247 0.629589
vt 0.514247 0.649895
vt 0.515032 0.020432
vt 0.515032 0.000126
vt 0.515032 0.649895
vt 0.515032 0.629589
vt 0.514247 0.609284
vt 0.515032 0.609284
vt 0.514247 0.588979
vt 0.515032 0.588979
vt 0.514247 0.568673
vt 0.515032 0.568674
vt 0.514247 0.548369
vt 0.515032 0.548369
vt 0.514247 0.528063
vt 0.515032 0.528063
vt 0.514247 0.507758
vt 0.515032 0.507758
vt 0.514247 0.487452
vt 0.514247 0.467147
vt 0.510513 0.507758
vt 0.510513 0.487452
vt 0.510513 0.467147
vt 0.514247 0.446843
vt 0.510513 0.446843
vt 0.509712 0.507758
vt 0.508949 0.507758
vt 0.510513 0.528063
vt 0.509712 0.528063
vt 0.508949 0.528063
vt 0.510513 0.548369
vt 0.509712 0.548369
vt 0.508949 0.548369
vt 0.510513 0.568673
vt 0.509712 0.568674
vt 0.508949 0.568673
vt 0.509712 0.588979
vt 0.510513 0.588979
vt 0.508264 0.568674
vt 0.515032 0.040736
vt 0.514247 0.040736
vt 0.515032 0.061042
vt 0.514247 0.061042
vt 0.515032 0.081347
vt 0.514247 0.081347
vt 0.515032 0.101652
vt 0.514247 0.101652
vt 0.510513 0.101652
vt 0.510513 0.081347
vt 0.510513 0.061042
vt 0.509712 0.081347
vt 0.509712 0.061043
vt 0.508949 0.081347
vt 0.508949 0.061043
vt 0.509712 0.040736
vt 0.510513 0.040736
vt 0.508949 0.040736
vt 0.508264 0.040736
vt 0.508264 0.020432
vt 0.508264 0.061042
vt 0.508264 0.000126
vt 0.507688 0.020432
vt 0.507688 0.000126
vt 0.507688 0.040736
vt 0.507250 0.020432
vt 0.507250 0.000126
vt 0.507250 0.040736
vt 0.507688 0.061043
vt 0.507250 0.061042
vt 0.502743 0.061043
vt 0.502743 0.040736
vt 0.502743 0.020432
vt 0.501804 0.040736
vt 0.501804 0.020432
vt 0.501804 0.061043
vt 0.502743 0.081347
vt 0.501804 0.081347
vt 0.507250 0.081347
vt 0.502743 0.101652
vt 0.501804 0.101652
vt 0.507688 0.081347
vt 0.502743 0.121958
vt 0.508264 0.081347
vt 0.500477 0.101652
vt 0.500477 0.081347
vt 0.500477 0.061042
vt 0.498948 0.081347
vt 0.498948 0.061043
vt 0.498948 0.101652
vt 0.501804 0.121958
vt 0.500477 0.121958
vt 0.498948 0.121958
vt 0.501804 0.142263
vt 0.500477 0.142263
vt 0.498948 0.142263
vt 0.501804 0.162569
vt 0.500477 0.162569
vt 0.498948 0.162569
vt 0.500477 0.182874
vt 0.498948 0.182874
vt 0.502743 0.162569
vt 0.502743 0.142263
vt 0.500477 0.203180
vt 0.498948 0.203180
vt 0.500477 0.223485
vt 0.498948 0.223485
vt 0.500477 0.243790
vt 0.498948 0.243790
vt 0.497438 0.243790
vt 0.497438 0.223485
vt 0.497438 0.203180
vt 0.496160 0.223485
vt 0.496160 0.203180
vt 0.496160 0.243790
vt 0.498948 0.264095
vt 0.497438 0.264095
vt 0.496160 0.264096
vt 0.498948 0.284400
vt 0.497438 0.284400
vt 0.496160 0.284400
vt 0.498948 0.304706
vt 0.497438 0.304706
vt 0.496160 0.304706
vt 0.494547 0.304706
vt 0.494547 0.284400
vt 0.494547 0.264096
vt 0.493801 0.284400
vt 0.493801 0.264095
vt 0.493801 0.304706
vt 0.496160 0.325011
vt 0.494547 0.325011
vt 0.493801 0.325011
vt 0.494547 0.345316
vt 0.493801 0.345316
vt 0.496160 0.345316
vt 0.492920 0.345316
vt 0.492920 0.325011
vt 0.492920 0.304706
vt 0.492038 0.325011
vt 0.492038 0.304706
vt 0.492038 0.345316
vt 0.493801 0.365622
vt 0.492920 0.365622
vt 0.492038 0.365622
vt 0.493801 0.385927
vt 0.492920 0.385927
vt 0.492038 0.385927
vt 0.493801 0.406232
vt 0.492920 0.406232
vt 0.492038 0.406233
vt 0.491286 0.406232
vt 0.491286 0.385926
vt 0.491286 0.365622
vt 0.490779 0.385926
vt 0.490779 0.365622
vt 0.490779 0.406232
vt 0.492038 0.426537
vt 0.491286 0.426537
vt 0.490779 0.426537
vt 0.492038 0.446843
vt 0.491286 0.446843
vt 0.490779 0.446843
vt 0.492038 0.467147
vt 0.491286 0.467148
vt 0.490779 0.467147
vt 0.483363 0.467148
vt 0.483363 0.446843
vt 0.483363 0.426537
vt 0.482365 0.446843
vt 0.482365 0.426537
vt 0.482365 0.467147
vt 0.483363 0.487453
vt 0.482365 0.487453
vt 0.490779 0.487452
vt 0.490779 0.507758
vt 0.483363 0.507758
vt 0.482365 0.507758
vt 0.491286 0.487452
vt 0.491286 0.507758
vt 0.490779 0.528063
vt 0.483363 0.528063
vt 0.491286 0.528063
vt 0.491286 0.548369
vt 0.490779 0.548369
vt 0.483363 0.548369
vt 0.492038 0.548369
vt 0.492038 0.528063
vt 0.492038 0.507758
vt 0.492920 0.528063
vt 0.492920 0.507758
vt 0.492920 0.548369
vt 0.492920 0.568674
vt 0.492038 0.568674
vt 0.491286 0.568673
vt 0.493801 0.568673
vt 0.493801 0.548369
vt 0.493801 0.528063
vt 0.494547 0.548369
vt 0.494547 0.528063
vt 0.494547 0.568674
vt 0.493801 0.588979
vt 0.492920 0.588979
vt 0.494547 0.588979
vt 0.496160 0.568673
vt 0.496160 0.588979
vt 0.496160 0.548369
vt 0.497438 0.568674
vt 0.497438 0.548369
vt 0.497438 0.588979
vt 0.497438 0.609284
vt 0.496160 0.609284
vt 0.494547 0.609284
vt 0.496160 0.629589
vt 0.494546 0.629589
vt 0.497438 0.629589
vt 0.493801 0.609284
vt 0.493801 0.629589
vt 0.496160 0.649895
vt 0.494547 0.649895
vt 0.493801 0.649895
vt 0.494547 0.020432
vt 0.493801 0.020432
vt 0.493801 0.000126
vt 0.494547 0.000126
vt 0.496160 0.000126
vt 0.496160 0.020432
vt 0.492920 0.020432
vt 0.492920 0.000126
vt 0.492920 0.649895
vt 0.492920 0.629589
vt 0.492038 0.649895
vt 0.492037 0.629589
vt 0.492038 0.020432
vt 0.492038 0.000126
vt 0.493801 0.040736
vt 0.492920 0.040736
vt 0.492038 0.040736
vt 0.493801 0.061043
vt 0.492920 0.061043
vt 0.492038 0.061042
vt 0.493801 0.081347
vt 0.492920 0.081347
vt 0.492038 0.081347
vt 0.491286 0.081347
vt 0.491286 0.061042
vt 0.491286 0.040737
vt 0.490779 0.061043
vt 0.490779 0.040736
vt 0.490779 0.081347
vt 0.492038 0.101652
vt 0.491286 0.101652
vt 0.490779 0.101652
vt 0.492038 0.121958
vt 0.491286 0.121958
vt 0.490779 0.121958
vt 0.483363 0.101652
vt 0.483363 0.081347
vt 0.483363 0.121958
vt 0.491286 0.142263
vt 0.490779 0.142263
vt 0.483363 0.142263
vt 0.482365 0.121958
vt 0.482365 0.101652
vt 0.482365 0.142263
vt 0.483363 0.162569
vt 0.482365 0.162569
vt 0.490779 0.162569
vt 0.490779 0.182874
vt 0.483363 0.182874
vt 0.482365 0.182874
vt 0.491286 0.162569
vt 0.491286 0.182874
vt 0.490779 0.203179
vt 0.483363 0.203180
vt 0.491286 0.203179
vt 0.491286 0.223485
vt 0.490779 0.223485
vt 0.483363 0.223485
vt 0.492038 0.223485
vt 0.492038 0.203180
vt 0.492038 0.182874
vt 0.492920 0.203180
vt 0.492920 0.182874
vt 0.492920 0.223485
vt 0.492920 0.243790
vt 0.492038 0.243789
vt 0.491286 0.243790
vt 0.493801 0.243790
vt 0.493801 0.223485
vt 0.493801 0.203180
vt 0.494547 0.223485
vt 0.494547 0.203179
vt 0.494547 0.243790
vt 0.492920 0.264096
vt 0.492920 0.284400
vt 0.492038 0.264096
vt 0.492038 0.284400
vt 0.491286 0.284400
vt 0.491286 0.264096
vt 0.491286 0.304706
vt 0.491286 0.325011
vt 0.490779 0.304706
vt 0.490779 0.284400
vt 0.490779 0.325011
vt 0.491286 0.345316
vt 0.490779 0.345316
vt 0.483363 0.345316
vt 0.483363 0.325011
vt 0.483363 0.365622
vt 0.483363 0.385926
vt 0.482365 0.365622
vt 0.482365 0.345316
vt 0.482365 0.385927
vt 0.483363 0.406232
vt 0.482365 0.406232
vt 0.480867 0.426537
vt 0.480867 0.406232
vt 0.480867 0.385926
vt 0.479189 0.406232
vt 0.479189 0.385926
vt 0.479189 0.426537
vt 0.480867 0.446843
vt 0.479189 0.446843
vt 0.480867 0.467147
vt 0.479189 0.467147
vt 0.480867 0.487453
vt 0.479189 0.487453
vt 0.477691 0.487453
vt 0.477691 0.467147
vt 0.477691 0.446843
vt 0.476694 0.467148
vt 0.476694 0.446843
vt 0.476694 0.487453
vt 0.479189 0.507758
vt 0.477691 0.507758
vt 0.476694 0.507758
vt 0.479189 0.528063
vt 0.477691 0.528063
vt 0.476694 0.528063
vt 0.479189 0.548369
vt 0.477691 0.548369
vt 0.476694 0.548369
vt 0.467930 0.528063
vt 0.467930 0.507758
vt 0.467930 0.548369
vt 0.476694 0.568674
vt 0.467930 0.568674
vt 0.477691 0.568674
vt 0.477691 0.588979
vt 0.476694 0.588979
vt 0.467930 0.588979
vt 0.437460 0.588979
vt 0.437460 0.568674
vt 0.437460 0.548369
vt 0.406991 0.588978
vt 0.406991 0.568674
vt 0.406990 0.548369
vt 0.376520 0.588978
vt 0.376520 0.568674
vt 0.376520 0.548369
vt 0.406990 0.528064
vt 0.376520 0.528063
vt 0.437460 0.528064
vt 0.406990 0.507758
vt 0.376520 0.507758
vt 0.437460 0.507758
vt 0.437460 0.487453
vt 0.406990 0.487453
vt 0.467930 0.487453
vt 0.467930 0.467148
vt 0.437460 0.467147
vt 0.467930 0.446843
vt 0.437460 0.446843
vt 0.406990 0.467147
vt 0.406990 0.446843
vt 0.437460 0.426537
vt 0.406990 0.426537
vt 0.467930 0.426537
vt 0.376520 0.446843
vt 0.376520 0.426537
vt 0.376520 0.467148
vt 0.346050 0.446843
vt 0.346050 0.426537
vt 0.346050 0.467148
vt 0.376520 0.487453
vt 0.346050 0.487453
vt 0.315580 0.487453
vt 0.315580 0.467147
vt 0.315580 0.446843
vt 0.285110 0.487453
vt 0.285110 0.467147
vt 0.285110 0.446843
vt 0.315580 0.426537
vt 0.285110 0.426537
vt 0.254640 0.446843
vt 0.254640 0.426537
vt 0.254640 0.467147
vt 0.224170 0.446843
vt 0.224170 0.426537
vt 0.224170 0.467147
vt 0.254640 0.487453
vt 0.224170 0.487453
vt 0.195830 0.487453
vt 0.195830 0.467147
vt 0.195830 0.446843
vt 0.195014 0.467147
vt 0.195014 0.446843
vt 0.195014 0.487453
vt 0.195830 0.507759
vt 0.195014 0.507759
vt 0.224170 0.507759
vt 0.194229 0.487453
vt 0.194229 0.467147
vt 0.194229 0.507759
vt 0.195830 0.528064
vt 0.195014 0.528064
vt 0.194229 0.528064
vt 0.195830 0.548370
vt 0.195014 0.548370
vt 0.194229 0.548370
vt 0.195014 0.568674
vt 0.194229 0.568674
vt 0.195830 0.568674
vt 0.193485 0.568674
vt 0.193485 0.548370
vt 0.193485 0.528064
vt 0.192794 0.548370
vt 0.192793 0.528064
vt 0.192794 0.568674
vt 0.194229 0.588977
vt 0.193485 0.588977
vt 0.192794 0.588977
vt 0.194229 0.609285
vt 0.193485 0.609285
vt 0.192793 0.609285
vt 0.194229 0.629589
vt 0.193485 0.629589
vt 0.192793 0.629589
vt 0.192162 0.629589
vt 0.192162 0.609285
vt 0.192163 0.588977
vt 0.188860 0.609285
vt 0.188860 0.588978
vt 0.188860 0.629589
vt 0.184820 0.609285
vt 0.184821 0.588978
vt 0.184821 0.629589
vt 0.188860 0.649895
vt 0.184821 0.649895
vt 0.192162 0.649895
vt 0.192162 0.000126
vt 0.192162 0.020432
vt 0.188859 0.020432
vt 0.188859 0.000126
vt 0.184821 0.020432
vt 0.184821 0.000125
vt 0.192793 0.649895
vt 0.192793 0.020432
vt 0.192793 0.000126
vt 0.192793 0.040736
vt 0.192162 0.040736
vt 0.188859 0.040736
vt 0.193485 0.020432
vt 0.193485 0.000126
vt 0.193485 0.040736
vt 0.193485 0.061044
vt 0.192793 0.061044
vt 0.192162 0.061044
vt 0.194229 0.061044
vt 0.194229 0.040736
vt 0.194229 0.020432
vt 0.195014 0.040736
vt 0.195014 0.020432
vt 0.195014 0.061044
vt 0.195014 0.081348
vt 0.194229 0.081348
vt 0.193485 0.081348
vt 0.195830 0.081348
vt 0.195830 0.061044
vt 0.195830 0.040736
vt 0.224170 0.040736
vt 0.224170 0.061044
vt 0.224170 0.081348
vt 0.195830 0.101653
vt 0.195014 0.101653
vt 0.224170 0.101653
vt 0.254640 0.081348
vt 0.254640 0.101652
vt 0.254640 0.061044
vt 0.285110 0.081348
vt 0.285110 0.101652
vt 0.285110 0.061043
vt 0.315580 0.081348
vt 0.315580 0.101652
vt 0.315580 0.061043
vt 0.346050 0.081348
vt 0.346050 0.101652
vt 0.346050 0.061043
vt 0.376520 0.081348
vt 0.376520 0.101652
vt 0.376520 0.061043
vt 0.406990 0.081348
vt 0.406990 0.101652
vt 0.406990 0.061043
vt 0.437460 0.081347
vt 0.437460 0.101652
vt 0.437459 0.061043
vt 0.467930 0.081348
vt 0.467930 0.101652
vt 0.467930 0.061043
vt 0.476694 0.081347
vt 0.476694 0.101652
vt 0.476694 0.061043
vt 0.476694 0.040737
vt 0.467930 0.040737
vt 0.437460 0.040736
vt 0.476694 0.020432
vt 0.467930 0.020432
vt 0.437460 0.020432
vt 0.406990 0.040736
vt 0.406990 0.020431
vt 0.376520 0.040736
vt 0.376520 0.020432
vt 0.406990 0.000126
vt 0.376520 0.000126
vt 0.437460 0.000126
vt 0.406990 0.629589
vt 0.406990 0.649895
vt 0.376520 0.649895
vt 0.376520 0.629589
vt 0.437460 0.629589
vt 0.437460 0.649895
vt 0.467930 0.000126
vt 0.467930 0.629589
vt 0.467930 0.649895
vt 0.476694 0.000126
vt 0.476694 0.629589
vt 0.476694 0.649895
vt 0.476694 0.609284
vt 0.467930 0.609284
vt 0.437459 0.609284
vt 0.406990 0.609284
vt 0.376520 0.609284
vt 0.346050 0.629589
vt 0.346050 0.609284
vt 0.346050 0.588978
vt 0.346050 0.568674
vt 0.315580 0.609284
vt 0.315580 0.588978
vt 0.315580 0.568674
vt 0.346050 0.548369
vt 0.315580 0.548369
vt 0.346050 0.528064
vt 0.315580 0.528064
vt 0.346050 0.507758
vt 0.315580 0.507759
vt 0.285110 0.528064
vt 0.285110 0.507759
vt 0.254640 0.528064
vt 0.254640 0.507759
vt 0.224170 0.528064
vt 0.254640 0.548370
vt 0.224170 0.548370
vt 0.224170 0.568674
vt 0.254640 0.568674
vt 0.285110 0.548369
vt 0.285110 0.568674
vt 0.285110 0.588978
vt 0.254640 0.588978
vt 0.285110 0.609284
vt 0.254640 0.609285
vt 0.224170 0.609284
vt 0.224170 0.588978
vt 0.195830 0.609285
vt 0.195830 0.588977
vt 0.195014 0.588977
vt 0.195014 0.609285
vt 0.195830 0.629589
vt 0.195014 0.629589
vt 0.224170 0.629589
vt 0.224170 0.649895
vt 0.195830 0.649895
vt 0.195014 0.649895
vt 0.195830 0.020432
vt 0.195014 0.000126
vt 0.195830 0.000126
vt 0.224170 0.000126
vt 0.224170 0.020432
vt 0.194229 0.649895
vt 0.194229 0.000126
vt 0.193485 0.649895
vt 0.254640 0.000126
vt 0.254640 0.020432
vt 0.254640 0.629589
vt 0.254640 0.649895
vt 0.285110 0.000126
vt 0.285110 0.020432
vt 0.285110 0.629589
vt 0.285110 0.649895
vt 0.315580 0.000126
vt 0.315580 0.020432
vt 0.315580 0.629589
vt 0.315580 0.649895
vt 0.346050 0.000126
vt 0.346050 0.020432
vt 0.346050 0.649895
vt 0.346050 0.040736
vt 0.315580 0.040736
vt 0.285110 0.040736
vt 0.254640 0.040736
vt 0.477691 0.629589
vt 0.477691 0.609284
vt 0.479189 0.629589
vt 0.479189 0.609284
vt 0.479190 0.588979
vt 0.479190 0.568674
vt 0.480867 0.588979
vt 0.480867 0.568674
vt 0.480867 0.609284
vt 0.480867 0.548369
vt 0.480867 0.528063
vt 0.482366 0.568674
vt 0.482365 0.548369
vt 0.482365 0.528063
vt 0.480867 0.507758
vt 0.483363 0.568674
vt 0.482366 0.588979
vt 0.483363 0.588979
vt 0.490779 0.568674
vt 0.490779 0.588979
vt 0.491286 0.588979
vt 0.490779 0.609284
vt 0.483363 0.609284
vt 0.491286 0.609284
vt 0.491286 0.629589
vt 0.490779 0.629589
vt 0.483363 0.629589
vt 0.492038 0.609284
vt 0.492038 0.588979
vt 0.492920 0.609284
vt 0.491286 0.649895
vt 0.490779 0.649895
vt 0.491286 0.020432
vt 0.491286 0.000126
vt 0.490779 0.020432
vt 0.490779 0.000126
vt 0.483363 0.020432
vt 0.483363 0.000126
vt 0.483363 0.040737
vt 0.483363 0.061043
vt 0.482365 0.040736
vt 0.482365 0.020432
vt 0.482365 0.061043
vt 0.482365 0.081347
vt 0.480867 0.101652
vt 0.480867 0.081347
vt 0.480867 0.061043
vt 0.479189 0.081347
vt 0.479189 0.061043
vt 0.479189 0.101652
vt 0.480867 0.121958
vt 0.479189 0.121958
vt 0.480867 0.142263
vt 0.479189 0.142263
vt 0.480867 0.162569
vt 0.479189 0.162569
vt 0.480867 0.182874
vt 0.479189 0.182874
vt 0.482365 0.203180
vt 0.480867 0.203179
vt 0.479189 0.203179
vt 0.482365 0.223485
vt 0.480867 0.223485
vt 0.479189 0.223485
vt 0.482365 0.243789
vt 0.480867 0.243789
vt 0.479189 0.243789
vt 0.477691 0.243789
vt 0.477691 0.223485
vt 0.477691 0.203180
vt 0.476694 0.223485
vt 0.476694 0.203180
vt 0.476694 0.243790
vt 0.479189 0.264096
vt 0.477691 0.264095
vt 0.476694 0.264096
vt 0.479189 0.284400
vt 0.477691 0.284400
vt 0.476694 0.284400
vt 0.479189 0.304706
vt 0.477691 0.304706
vt 0.476694 0.304706
vt 0.467930 0.304706
vt 0.467930 0.284400
vt 0.467930 0.264096
vt 0.437460 0.304706
vt 0.437460 0.284400
vt 0.437459 0.264096
vt 0.406990 0.304706
vt 0.406990 0.284400
vt 0.406990 0.264096
vt 0.376520 0.304706
vt 0.376520 0.284400
vt 0.376520 0.264096
vt 0.406990 0.243789
vt 0.376520 0.243789
vt 0.437460 0.243789
vt 0.406990 0.223485
vt 0.376520 0.223485
vt 0.437460 0.223485
vt 0.467930 0.243790
vt 0.467930 0.223485
vt 0.467930 0.203180
vt 0.437460 0.203180
vt 0.476694 0.182874
vt 0.467930 0.182874
vt 0.437460 0.182873
vt 0.406990 0.203180
vt 0.406990 0.182873
vt 0.376520 0.203180
vt 0.376520 0.182873
vt 0.406990 0.162570
vt 0.376520 0.162570
vt 0.437460 0.162569
vt 0.406990 0.142263
vt 0.376520 0.142263
vt 0.437460 0.142263
vt 0.467930 0.162569
vt 0.467930 0.142263
vt 0.476694 0.162569
vt 0.476694 0.142263
vt 0.467930 0.121958
vt 0.437460 0.121958
vt 0.476694 0.121958
vt 0.477691 0.121958
vt 0.477691 0.142263
vt 0.477691 0.162569
vt 0.477691 0.182874
vt 0.477691 0.101652
vt 0.477691 0.081347
vt 0.477691 0.061043
vt 0.477691 0.040736
vt 0.479189 0.040737
vt 0.480867 0.040737
vt 0.479189 0.020432
vt 0.480867 0.020432
vt 0.477691 0.020432
vt 0.479189 0.000126
vt 0.480867 0.000126
vt 0.477691 0.000126
vt 0.480867 0.649895
vt 0.479189 0.649895
vt 0.480867 0.629589
vt 0.477691 0.649895
vt 0.482365 0.649895
vt 0.482365 0.629589
vt 0.482365 0.609284
vt 0.483363 0.649895
vt 0.482365 0.000126
vt 0.406990 0.121958
vt 0.376520 0.121958
vt 0.346050 0.142263
vt 0.346050 0.121958
vt 0.315580 0.142263
vt 0.315580 0.121958
vt 0.285110 0.142263
vt 0.285110 0.121958
vt 0.254640 0.142263
vt 0.254640 0.121958
vt 0.224170 0.142263
vt 0.224170 0.121958
vt 0.195830 0.142263
vt 0.195830 0.121958
vt 0.195014 0.121958
vt 0.195014 0.142263
vt 0.194229 0.121958
vt 0.194229 0.101652
vt 0.194229 0.142263
vt 0.195830 0.162571
vt 0.195014 0.162571
vt 0.194229 0.162571
vt 0.195014 0.182872
vt 0.194229 0.182873
vt 0.195830 0.182872
vt 0.224170 0.162571
vt 0.224170 0.182873
vt 0.254640 0.162571
vt 0.254640 0.182873
vt 0.285110 0.162571
vt 0.285110 0.182873
vt 0.315580 0.162570
vt 0.315580 0.182873
vt 0.346050 0.162570
vt 0.346050 0.182873
vt 0.346050 0.203180
vt 0.315580 0.203180
vt 0.346050 0.223485
vt 0.315580 0.223485
vt 0.346050 0.243788
vt 0.315580 0.243788
vt 0.285110 0.243788
vt 0.285110 0.223485
vt 0.285110 0.203180
vt 0.254640 0.243787
vt 0.254640 0.223485
vt 0.254640 0.203180
vt 0.224170 0.203180
vt 0.224170 0.223485
vt 0.195830 0.203180
vt 0.195830 0.223485
vt 0.224170 0.243787
vt 0.195830 0.243787
vt 0.195014 0.223485
vt 0.195014 0.203180
vt 0.195014 0.243787
vt 0.195830 0.264097
vt 0.195014 0.264097
vt 0.224170 0.264097
vt 0.194229 0.243787
vt 0.194229 0.223485
vt 0.194229 0.264097
vt 0.195830 0.284400
vt 0.195014 0.284400
vt 0.194229 0.284400
vt 0.195830 0.304706
vt 0.195014 0.304706
vt 0.194229 0.304706
vt 0.195014 0.325011
vt 0.194229 0.325011
vt 0.195830 0.325011
vt 0.193485 0.325011
vt 0.193485 0.304706
vt 0.193485 0.284400
vt 0.192794 0.304706
vt 0.192794 0.284400
vt 0.192793 0.325011
vt 0.194229 0.345316
vt 0.193485 0.345316
vt 0.192793 0.345316
vt 0.194229 0.365622
vt 0.193485 0.365622
vt 0.192793 0.365622
vt 0.194229 0.385926
vt 0.193485 0.385926
vt 0.192794 0.385926
vt 0.192162 0.385926
vt 0.192162 0.365622
vt 0.192162 0.345316
vt 0.188860 0.365622
vt 0.188860 0.345316
vt 0.188860 0.385926
vt 0.184821 0.365622
vt 0.184821 0.345316
vt 0.184821 0.385926
vt 0.188860 0.406233
vt 0.184821 0.406233
vt 0.192162 0.406233
vt 0.192162 0.426537
vt 0.188860 0.426537
vt 0.184821 0.426537
vt 0.192793 0.406233
vt 0.192794 0.426537
vt 0.192794 0.446843
vt 0.192162 0.446843
vt 0.188860 0.446843
vt 0.193485 0.426537
vt 0.193485 0.406233
vt 0.193485 0.446843
vt 0.193485 0.467147
vt 0.192793 0.467147
vt 0.192162 0.467148
vt 0.194229 0.446843
vt 0.194229 0.426537
vt 0.195014 0.426537
vt 0.193485 0.487453
vt 0.194229 0.406233
vt 0.195014 0.406233
vt 0.195014 0.385926
vt 0.195014 0.365622
vt 0.195830 0.406233
vt 0.195830 0.385926
vt 0.195830 0.365622
vt 0.195014 0.345316
vt 0.195830 0.345316
vt 0.224170 0.325011
vt 0.224170 0.345316
vt 0.224170 0.365622
vt 0.224170 0.304706
vt 0.254640 0.325011
vt 0.254640 0.345316
vt 0.254640 0.304706
vt 0.254640 0.284400
vt 0.224170 0.284400
vt 0.254640 0.264097
vt 0.285110 0.264096
vt 0.285110 0.284400
vt 0.315580 0.264096
vt 0.315580 0.284400
vt 0.346050 0.264096
vt 0.346050 0.284400
vt 0.346050 0.304706
vt 0.315580 0.304706
vt 0.376520 0.325011
vt 0.346050 0.325011
vt 0.315580 0.325011
vt 0.406990 0.325011
vt 0.406990 0.345316
vt 0.376520 0.345316
vt 0.346050 0.345316
vt 0.437460 0.325011
vt 0.437460 0.345316
vt 0.467930 0.325011
vt 0.467930 0.345316
vt 0.476694 0.325011
vt 0.476694 0.345316
vt 0.477691 0.325011
vt 0.477691 0.345316
vt 0.476694 0.365622
vt 0.467930 0.365622
vt 0.477691 0.365622
vt 0.476694 0.385926
vt 0.467930 0.385927
vt 0.477691 0.385927
vt 0.479189 0.365622
vt 0.479189 0.345316
vt 0.480867 0.365622
vt 0.480867 0.345316
vt 0.477691 0.406232
vt 0.479189 0.325011
vt 0.480867 0.325011
vt 0.480867 0.304706
vt 0.480867 0.284400
vt 0.482365 0.325011
vt 0.482365 0.304706
vt 0.482365 0.284400
vt 0.480867 0.264096
vt 0.482365 0.264095
vt 0.483363 0.264096
vt 0.483363 0.243790
vt 0.483363 0.284400
vt 0.490779 0.243790
vt 0.490779 0.264096
vt 0.483363 0.304706
vt 0.476694 0.406232
vt 0.477691 0.426537
vt 0.476694 0.426537
vt 0.467930 0.406232
vt 0.437460 0.406233
vt 0.437460 0.385927
vt 0.406990 0.406233
vt 0.406990 0.385927
vt 0.376520 0.406233
vt 0.376520 0.385927
vt 0.406990 0.365622
vt 0.376520 0.365622
vt 0.437460 0.365622
vt 0.346050 0.365622
vt 0.346050 0.385926
vt 0.315580 0.365622
vt 0.315580 0.345316
vt 0.315580 0.385926
vt 0.346050 0.406233
vt 0.315580 0.406233
vt 0.285110 0.406233
vt 0.285110 0.385926
vt 0.285110 0.365622
vt 0.254640 0.406233
vt 0.254640 0.385926
vt 0.254640 0.365622
vt 0.285110 0.345316
vt 0.285110 0.325011
vt 0.285110 0.304706
vt 0.224170 0.385926
vt 0.224170 0.406233
vt 0.195830 0.426537
vt 0.192793 0.487453
vt 0.193485 0.507759
vt 0.192793 0.507759
vt 0.192162 0.507759
vt 0.192162 0.487453
vt 0.192162 0.528064
vt 0.192162 0.548370
vt 0.188860 0.528064
vt 0.188860 0.507759
vt 0.188860 0.548370
vt 0.184821 0.528064
vt 0.184821 0.507759
vt 0.184821 0.548369
vt 0.188860 0.568674
vt 0.184821 0.568674
vt 0.192163 0.568674
vt 0.180069 0.568674
vt 0.180069 0.548369
vt 0.180069 0.588978
vt 0.180069 0.609285
vt 0.175069 0.588978
vt 0.175069 0.568674
vt 0.175069 0.609285
vt 0.180069 0.629589
vt 0.175069 0.629589
vt 0.180069 0.649895
vt 0.175069 0.649895
vt 0.170316 0.629589
vt 0.170316 0.609285
vt 0.170316 0.649895
vt 0.180069 0.020432
vt 0.175069 0.020432
vt 0.175069 0.000125
vt 0.180068 0.000125
vt 0.170316 0.020432
vt 0.170316 0.000125
vt 0.180069 0.040736
vt 0.175069 0.040736
vt 0.170316 0.040736
vt 0.180068 0.061044
vt 0.175069 0.061044
vt 0.170316 0.061044
vt 0.166278 0.061044
vt 0.166278 0.040736
vt 0.166278 0.020432
vt 0.163373 0.040736
vt 0.163373 0.020432
vt 0.163373 0.061044
vt 0.170316 0.081348
vt 0.166278 0.081348
vt 0.163373 0.081348
vt 0.170316 0.101652
vt 0.166278 0.101653
vt 0.163373 0.101653
vt 0.166278 0.121958
vt 0.163373 0.121958
vt 0.170316 0.121958
vt 0.162652 0.101653
vt 0.162652 0.081348
vt 0.162652 0.121958
vt 0.166278 0.142263
vt 0.163373 0.142263
vt 0.162652 0.142263
vt 0.161806 0.121958
vt 0.161806 0.101652
vt 0.161806 0.142263
vt 0.163373 0.162571
vt 0.162652 0.162571
vt 0.161806 0.162571
vt 0.162652 0.182873
vt 0.161806 0.182873
vt 0.163373 0.182872
vt 0.166278 0.162571
vt 0.166278 0.182873
vt 0.170316 0.142263
vt 0.170316 0.162571
vt 0.170316 0.182873
vt 0.166278 0.203180
vt 0.163373 0.203180
vt 0.170316 0.203180
vt 0.175069 0.182873
vt 0.175069 0.162571
vt 0.175069 0.203180
vt 0.175069 0.223485
vt 0.170316 0.223485
vt 0.166278 0.223485
vt 0.180069 0.223485
vt 0.180069 0.203180
vt 0.180069 0.182873
vt 0.184821 0.203180
vt 0.184821 0.182873
vt 0.184821 0.223485
vt 0.184821 0.243787
vt 0.180069 0.243787
vt 0.175069 0.243787
vt 0.188860 0.243787
vt 0.188860 0.223485
vt 0.188860 0.203180
vt 0.192162 0.203180
vt 0.192162 0.223485
vt 0.192162 0.243787
vt 0.192162 0.264097
vt 0.188860 0.264097
vt 0.184820 0.264097
vt 0.192794 0.243787
vt 0.192794 0.223485
vt 0.192793 0.264097
vt 0.192162 0.284400
vt 0.188860 0.284400
vt 0.193485 0.264097
vt 0.193485 0.243787
vt 0.192162 0.304706
vt 0.193485 0.223485
vt 0.192794 0.203180
vt 0.193485 0.203180
vt 0.194229 0.203180
vt 0.193485 0.182873
vt 0.193485 0.162571
vt 0.192794 0.182873
vt 0.192793 0.162571
vt 0.193485 0.142263
vt 0.192793 0.142263
vt 0.193485 0.121958
vt 0.192794 0.121958
vt 0.192162 0.121958
vt 0.192162 0.142263
vt 0.192162 0.162571
vt 0.188860 0.162571
vt 0.188860 0.142263
vt 0.188859 0.121958
vt 0.184821 0.142263
vt 0.184821 0.162571
vt 0.184821 0.121958
vt 0.192162 0.101653
vt 0.188859 0.101653
vt 0.184821 0.101652
vt 0.180069 0.121958
vt 0.180069 0.101652
vt 0.180069 0.142263
vt 0.175069 0.121958
vt 0.175069 0.101652
vt 0.175069 0.142263
vt 0.180069 0.162571
vt 0.188860 0.182873
vt 0.192162 0.182873
vt 0.175069 0.081348
vt 0.180069 0.081348
vt 0.184821 0.081348
vt 0.184820 0.061044
vt 0.184821 0.040736
vt 0.188859 0.081348
vt 0.188859 0.061044
vt 0.192162 0.081348
vt 0.192793 0.081348
vt 0.192794 0.101652
vt 0.193485 0.101653
vt 0.188860 0.304706
vt 0.184821 0.284400
vt 0.184821 0.304706
vt 0.188860 0.325011
vt 0.184821 0.325011
vt 0.192162 0.325011
vt 0.180069 0.325011
vt 0.180069 0.304705
vt 0.180069 0.345316
vt 0.180069 0.365622
vt 0.175069 0.345316
vt 0.175069 0.325011
vt 0.175069 0.365622
vt 0.180069 0.385926
vt 0.175069 0.385926
vt 0.180069 0.406233
vt 0.175069 0.406233
vt 0.170316 0.385926
vt 0.170316 0.365622
vt 0.170316 0.406233
vt 0.180069 0.426537
vt 0.175069 0.426537
vt 0.170316 0.426537
vt 0.180069 0.446843
vt 0.175069 0.446843
vt 0.170316 0.446843
vt 0.180069 0.467147
vt 0.175069 0.467147
vt 0.170316 0.467147
vt 0.166278 0.467147
vt 0.166278 0.446843
vt 0.166278 0.426537
vt 0.163373 0.446843
vt 0.163373 0.426537
vt 0.163373 0.467147
vt 0.170316 0.487453
vt 0.166278 0.487453
vt 0.163373 0.487453
vt 0.170316 0.507759
vt 0.166278 0.507759
vt 0.163373 0.507759
vt 0.166278 0.528064
vt 0.163373 0.528064
vt 0.170316 0.528064
vt 0.162652 0.507759
vt 0.162652 0.487453
vt 0.162652 0.528064
vt 0.166278 0.548370
vt 0.163373 0.548370
vt 0.162652 0.548370
vt 0.166278 0.568674
vt 0.163373 0.568674
vt 0.162652 0.568674
vt 0.163373 0.588977
vt 0.162652 0.588977
vt 0.166278 0.588978
vt 0.161806 0.568674
vt 0.161806 0.548370
vt 0.161806 0.588977
vt 0.163373 0.609285
vt 0.162652 0.609285
vt 0.161806 0.609285
vt 0.163373 0.629589
vt 0.162652 0.629589
vt 0.161806 0.629589
vt 0.162652 0.649895
vt 0.161806 0.649895
vt 0.163373 0.649895
vt 0.160906 0.649895
vt 0.160906 0.629589
vt 0.160906 0.609285
vt 0.160021 0.629589
vt 0.160021 0.609285
vt 0.160021 0.649895
vt 0.161806 0.020432
vt 0.160906 0.020432
vt 0.160906 0.000126
vt 0.161806 0.000126
vt 0.160021 0.020432
vt 0.160021 0.000126
vt 0.161806 0.040736
vt 0.160906 0.040736
vt 0.160021 0.040736
vt 0.161806 0.061044
vt 0.160906 0.061044
vt 0.160021 0.061044
vt 0.159223 0.061044
vt 0.159224 0.040736
vt 0.159224 0.020432
vt 0.083843 0.040737
vt 0.083844 0.020432
vt 0.083843 0.061044
vt 0.079653 0.040737
vt 0.079654 0.020432
vt 0.079653 0.061044
vt 0.083844 0.081348
vt 0.079653 0.081348
vt 0.159224 0.081348
vt 0.159224 0.101653
vt 0.083844 0.101652
vt 0.079653 0.101652
vt 0.160021 0.081348
vt 0.160021 0.101652
vt 0.159224 0.121958
vt 0.083844 0.121958
vt 0.160021 0.121958
vt 0.160906 0.121958
vt 0.160906 0.101653
vt 0.160906 0.081348
vt 0.161806 0.081348
vt 0.162652 0.061044
vt 0.162652 0.040736
vt 0.162652 0.020432
vt 0.162652 0.000126
vt 0.163373 0.000126
vt 0.166278 0.000126
vt 0.166278 0.629589
vt 0.166278 0.649895
vt 0.166278 0.609285
vt 0.170317 0.588978
vt 0.170317 0.568674
vt 0.170316 0.548370
vt 0.175069 0.548369
vt 0.175069 0.528064
vt 0.175069 0.507759
vt 0.180069 0.528064
vt 0.180069 0.507759
vt 0.175069 0.487453
vt 0.180069 0.487453
vt 0.184821 0.487453
vt 0.184821 0.467147
vt 0.184821 0.446843
vt 0.188860 0.487453
vt 0.188860 0.467147
vt 0.160906 0.142263
vt 0.160021 0.142263
vt 0.160906 0.162571
vt 0.160021 0.162571
vt 0.160906 0.182873
vt 0.160021 0.182873
vt 0.161806 0.203180
vt 0.160906 0.203180
vt 0.160021 0.203180
vt 0.161806 0.223485
vt 0.160906 0.223485
vt 0.160021 0.223485
vt 0.159224 0.223485
vt 0.159224 0.203180
vt 0.159224 0.182873
vt 0.083844 0.203181
vt 0.083844 0.182873
vt 0.083844 0.223485
vt 0.079654 0.203181
vt 0.079654 0.182872
vt 0.079654 0.223486
vt 0.083844 0.243788
vt 0.079654 0.243788
vt 0.159224 0.243787
vt 0.159223 0.264097
vt 0.083843 0.264096
vt 0.079654 0.264096
vt 0.160021 0.243787
vt 0.160021 0.264097
vt 0.160021 0.284400
vt 0.159224 0.284400
vt 0.083843 0.284400
vt 0.160906 0.264097
vt 0.160906 0.243787
vt 0.160906 0.284400
vt 0.160906 0.304706
vt 0.160021 0.304706
vt 0.159224 0.304706
vt 0.161806 0.304705
vt 0.161806 0.284400
vt 0.161806 0.264097
vt 0.162652 0.284400
vt 0.162652 0.264097
vt 0.162652 0.304706
vt 0.162652 0.325011
vt 0.161806 0.325011
vt 0.160906 0.325011
vt 0.163373 0.325011
vt 0.163373 0.304706
vt 0.163373 0.284400
vt 0.166278 0.284400
vt 0.166278 0.304706
vt 0.166278 0.325011
vt 0.163373 0.345316
vt 0.162652 0.345316
vt 0.166278 0.345316
vt 0.170316 0.325011
vt 0.170316 0.304706
vt 0.170316 0.345316
vt 0.166278 0.365622
vt 0.163373 0.365622
vt 0.166278 0.385926
vt 0.163373 0.385926
vt 0.166278 0.406233
vt 0.163373 0.406233
vt 0.162652 0.426537
vt 0.162652 0.406233
vt 0.162652 0.385926
vt 0.161806 0.406233
vt 0.161806 0.385926
vt 0.161806 0.426537
vt 0.162652 0.446843
vt 0.161806 0.446843
vt 0.162652 0.467147
vt 0.161806 0.467147
vt 0.161806 0.487453
vt 0.160906 0.487453
vt 0.160906 0.467147
vt 0.160906 0.446843
vt 0.160021 0.467147
vt 0.160021 0.446843
vt 0.160021 0.487453
vt 0.161806 0.507759
vt 0.160906 0.507759
vt 0.160021 0.507759
vt 0.161806 0.528064
vt 0.160906 0.528064
vt 0.160021 0.528064
vt 0.160906 0.548370
vt 0.160021 0.548370
vt 0.159224 0.548370
vt 0.159224 0.528064
vt 0.159224 0.507759
vt 0.083843 0.528064
vt 0.083843 0.507758
vt 0.083844 0.548368
vt 0.079654 0.528064
vt 0.079654 0.507758
vt 0.079654 0.548368
vt 0.083844 0.568673
vt 0.079654 0.568673
vt 0.159224 0.568674
vt 0.159224 0.588977
vt 0.083844 0.588981
vt 0.079654 0.588981
vt 0.160021 0.568674
vt 0.160021 0.588977
vt 0.159223 0.609285
vt 0.083843 0.609286
vt 0.160906 0.588977
vt 0.160906 0.568674
vt 0.159224 0.629589
vt 0.083843 0.629588
vt 0.079654 0.609287
vt 0.079654 0.629588
vt 0.083844 0.649894
vt 0.079654 0.649894
vt 0.159224 0.649895
vt 0.159224 0.000126
vt 0.083844 0.000125
vt 0.079653 0.000125
vt 0.075023 0.649894
vt 0.075023 0.629588
vt 0.075023 0.020432
vt 0.075023 0.000125
vt 0.075023 0.040737
vt 0.070226 0.020432
vt 0.070226 0.000125
vt 0.070226 0.040737
vt 0.075023 0.061044
vt 0.070226 0.061044
vt 0.075023 0.081347
vt 0.070226 0.081347
vt 0.065549 0.061044
vt 0.065549 0.040737
vt 0.065549 0.081348
vt 0.075023 0.101652
vt 0.070226 0.101652
vt 0.065549 0.101652
vt 0.075023 0.121959
vt 0.070226 0.121959
vt 0.065549 0.121959
vt 0.061267 0.121959
vt 0.061267 0.101652
vt 0.061267 0.081348
vt 0.051137 0.121959
vt 0.051137 0.101652
vt 0.051137 0.081348
vt 0.050281 0.121958
vt 0.050281 0.101652
vt 0.050281 0.081348
vt 0.050281 0.061044
vt 0.051136 0.061044
vt 0.061267 0.061044
vt 0.050281 0.040737
vt 0.051136 0.040737
vt 0.061267 0.040737
vt 0.061267 0.020432
vt 0.051137 0.020432
vt 0.050281 0.020432
vt 0.049347 0.061044
vt 0.049347 0.040737
vt 0.049347 0.020432
vt 0.049347 0.000125
vt 0.050281 0.000125
vt 0.051137 0.000125
vt 0.050281 0.649894
vt 0.049347 0.649894
vt 0.049347 0.629588
vt 0.050281 0.629588
vt 0.051137 0.649894
vt 0.051136 0.629588
vt 0.049347 0.609286
vt 0.050281 0.609287
vt 0.051136 0.609286
vt 0.049347 0.588980
vt 0.050281 0.588980
vt 0.051137 0.588980
vt 0.049347 0.568673
vt 0.050281 0.568673
vt 0.051137 0.568673
vt 0.049347 0.548369
vt 0.050281 0.548369
vt 0.051137 0.548369
vt 0.049347 0.528064
vt 0.050281 0.528064
vt 0.051136 0.528064
vt 0.049347 0.507758
vt 0.050281 0.507758
vt 0.051136 0.507758
vt 0.049347 0.487453
vt 0.050281 0.487453
vt 0.051137 0.487453
vt 0.049347 0.467147
vt 0.050281 0.467147
vt 0.051136 0.467148
vt 0.049347 0.446843
vt 0.050281 0.446843
vt 0.051137 0.446843
vt 0.049347 0.426537
vt 0.050281 0.426537
vt 0.051137 0.426537
vt 0.049347 0.406233
vt 0.050281 0.406233
vt 0.051137 0.406233
vt 0.049347 0.385925
vt 0.050281 0.385925
vt 0.051137 0.385925
vt 0.049347 0.365622
vt 0.050281 0.365622
vt 0.051137 0.365622
vt 0.049347 0.345316
vt 0.050281 0.345316
vt 0.051137 0.345316
vt 0.049347 0.325011
vt 0.050281 0.325011
vt 0.051137 0.325011
vt 0.049347 0.304705
vt 0.050281 0.304705
vt 0.051136 0.304705
vt 0.049347 0.284400
vt 0.050281 0.284400
vt 0.051136 0.284400
vt 0.049347 0.264096
vt 0.050281 0.264096
vt 0.051136 0.264096
vt 0.049347 0.243787
vt 0.050281 0.243787
vt 0.051137 0.243787
vt 0.049347 0.223485
vt 0.050281 0.223485
vt 0.051137 0.223485
vt 0.049347 0.203181
vt 0.050281 0.203181
vt 0.051137 0.203181
vt 0.049347 0.182873
vt 0.050281 0.182872
vt 0.051137 0.182872
vt 0.049347 0.162570
vt 0.050281 0.162570
vt 0.051136 0.162570
vt 0.049347 0.142263
vt 0.050281 0.142263
vt 0.051137 0.142263
vt 0.049347 0.121958
vt 0.061267 0.142263
vt 0.061267 0.162570
vt 0.065549 0.142263
vt 0.065549 0.162570
vt 0.070226 0.142263
vt 0.070226 0.162570
vt 0.070227 0.182873
vt 0.065549 0.182873
vt 0.061268 0.182872
vt 0.070226 0.203181
vt 0.065549 0.203181
vt 0.061268 0.203181
vt 0.070226 0.223486
vt 0.065549 0.223485
vt 0.061268 0.223486
vt 0.065549 0.243788
vt 0.061267 0.243788
vt 0.065549 0.264096
vt 0.061267 0.264096
vt 0.061267 0.284400
vt 0.065549 0.284400
vt 0.070226 0.264096
vt 0.070226 0.243788
vt 0.070226 0.284400
vt 0.070226 0.304705
vt 0.065549 0.304705
vt 0.061267 0.304705
vt 0.075023 0.304705
vt 0.075023 0.284400
vt 0.075023 0.264096
vt 0.079654 0.284400
vt 0.079654 0.304705
vt 0.079654 0.325011
vt 0.075023 0.325011
vt 0.070226 0.325011
vt 0.083844 0.325011
vt 0.083843 0.304705
vt 0.159224 0.325011
vt 0.159224 0.345316
vt 0.083844 0.345316
vt 0.079654 0.345316
vt 0.160021 0.325011
vt 0.160021 0.345316
vt 0.160021 0.365622
vt 0.159224 0.365622
vt 0.083844 0.365622
vt 0.160906 0.345316
vt 0.160906 0.365622
vt 0.160906 0.385926
vt 0.160021 0.385926
vt 0.159224 0.385926
vt 0.161806 0.365622
vt 0.161806 0.345316
vt 0.162652 0.365622
vt 0.160906 0.406233
vt 0.160021 0.406233
vt 0.160906 0.426537
vt 0.160021 0.426537
vt 0.159224 0.426537
vt 0.159224 0.406233
vt 0.159224 0.446843
vt 0.159224 0.467147
vt 0.083844 0.446843
vt 0.083844 0.426537
vt 0.083843 0.467147
vt 0.079654 0.446843
vt 0.079654 0.426537
vt 0.079654 0.467148
vt 0.083844 0.487453
vt 0.079654 0.487453
vt 0.159224 0.487453
vt 0.075023 0.487453
vt 0.075023 0.467148
vt 0.075023 0.507758
vt 0.075023 0.528064
vt 0.070226 0.507758
vt 0.070226 0.487453
vt 0.070226 0.528064
vt 0.075023 0.548368
vt 0.070226 0.548368
vt 0.075023 0.568673
vt 0.070227 0.568673
vt 0.065549 0.548368
vt 0.065549 0.528064
vt 0.065549 0.568673
vt 0.075023 0.588981
vt 0.070227 0.588981
vt 0.065549 0.588981
vt 0.075023 0.609287
vt 0.070226 0.609287
vt 0.065549 0.609287
vt 0.070226 0.629588
vt 0.065549 0.629588
vt 0.061267 0.629588
vt 0.061267 0.609287
vt 0.061268 0.588981
vt 0.065549 0.649894
vt 0.061267 0.649894
vt 0.065549 0.020432
vt 0.061267 0.000125
vt 0.065549 0.000125
vt 0.070226 0.649894
vt 0.061268 0.568673
vt 0.061267 0.548369
vt 0.061267 0.528064
vt 0.061267 0.507758
vt 0.065549 0.507758
vt 0.065549 0.487453
vt 0.061267 0.487453
vt 0.065549 0.467148
vt 0.070226 0.467148
vt 0.061267 0.467148
vt 0.065549 0.446843
vt 0.070226 0.446843
vt 0.061268 0.446843
vt 0.065549 0.426537
vt 0.070226 0.426537
vt 0.061268 0.426537
vt 0.065549 0.406233
vt 0.070226 0.406233
vt 0.061267 0.406233
vt 0.065549 0.385925
vt 0.070226 0.385925
vt 0.061268 0.385925
vt 0.065549 0.365622
vt 0.070226 0.365622
vt 0.061267 0.365622
vt 0.065549 0.345316
vt 0.070226 0.345316
vt 0.061267 0.345316
vt 0.065549 0.325011
vt 0.061267 0.325011
vt 0.075023 0.345316
vt 0.075023 0.365622
vt 0.079654 0.365622
vt 0.079654 0.385925
vt 0.075023 0.385925
vt 0.079654 0.406233
vt 0.075023 0.406233
vt 0.083844 0.406233
vt 0.083844 0.385925
vt 0.075023 0.426537
vt 0.075023 0.446843
vt 0.075023 0.243788
vt 0.075023 0.223486
vt 0.075023 0.203181
vt 0.075023 0.182872
vt 0.075023 0.162570
vt 0.079653 0.162570
vt 0.075023 0.142263
vt 0.079653 0.142263
vt 0.079654 0.121958
vt 0.083844 0.142263
vt 0.159224 0.142263
vt 0.083843 0.162570
vt 0.159224 0.162571
vt 0.048441 0.121958
vt 0.048441 0.142263
vt 0.048441 0.162570
vt 0.047666 0.142263
vt 0.047666 0.162570
vt 0.047666 0.121958
vt 0.047666 0.101652
vt 0.048441 0.101652
vt 0.049347 0.101652
vt 0.047666 0.081348
vt 0.048441 0.081348
vt 0.049347 0.081348
vt 0.047666 0.061044
vt 0.048441 0.061044
vt 0.047666 0.040737
vt 0.048441 0.040737
vt 0.047666 0.020432
vt 0.048441 0.020432
vt 0.047666 0.000125
vt 0.048441 0.000125
vt 0.048441 0.649894
vt 0.047666 0.649894
vt 0.047666 0.629588
vt 0.048441 0.629588
vt 0.047666 0.609286
vt 0.048441 0.609286
vt 0.047667 0.588980
vt 0.048442 0.588980
vt 0.047667 0.568673
vt 0.048442 0.568674
vt 0.047666 0.548369
vt 0.048441 0.548369
vt 0.047666 0.528064
vt 0.048441 0.528064
vt 0.047666 0.507758
vt 0.048441 0.507758
vt 0.047666 0.487453
vt 0.048441 0.487453
vt 0.047666 0.467148
vt 0.048441 0.467148
vt 0.047667 0.446843
vt 0.048441 0.446843
vt 0.047667 0.426537
vt 0.048441 0.426537
vt 0.047666 0.406233
vt 0.048441 0.406233
vt 0.047667 0.385925
vt 0.048441 0.385925
vt 0.047666 0.365622
vt 0.048441 0.365622
vt 0.047666 0.345316
vt 0.048441 0.345316
vt 0.047666 0.325011
vt 0.048441 0.325011
vt 0.047666 0.304705
vt 0.048441 0.304705
vt 0.047666 0.284400
vt 0.048441 0.284400
vt 0.047666 0.264096
vt 0.048441 0.264096
vt 0.047666 0.243787
vt 0.048441 0.243787
vt 0.047667 0.223485
vt 0.048441 0.223485
vt 0.047667 0.203181
vt 0.048441 0.203180
vt 0.047667 0.182872
vt 0.048442 0.182872
vt 0.047113 0.182873
vt 0.047112 0.162570
vt 0.047113 0.203181
vt 0.047113 0.142263
vt 0.043117 0.182872
vt 0.043117 0.162570
vt 0.043117 0.142263
vt 0.041960 0.142263
vt 0.041960 0.162570
vt 0.041961 0.182873
vt 0.043117 0.203181
vt 0.041960 0.203181
vt 0.040439 0.182872
vt 0.040439 0.162570
vt 0.040439 0.203181
vt 0.041960 0.223486
vt 0.040439 0.223486
vt 0.043117 0.223485
vt 0.038628 0.223485
vt 0.038628 0.203181
vt 0.038628 0.182873
vt 0.036615 0.203181
vt 0.036615 0.182872
vt 0.036615 0.223486
vt 0.038628 0.243787
vt 0.036614 0.243788
vt 0.040439 0.243787
vt 0.034498 0.243788
vt 0.034498 0.223486
vt 0.034498 0.203181
vt 0.000125 0.223485
vt 0.000125 0.203181
vt 0.000125 0.243787
vt 0.036614 0.264096
vt 0.034498 0.264096
vt 0.000125 0.264096
vt 0.836521 0.591323
vt 0.813502 0.600857
vt 0.811741 0.595074
vt 0.833666 0.585994
vt 0.857233 0.577484
vt 0.853393 0.572815
vt 0.793883 0.511555
vt 0.799852 0.507568
vt 0.787244 0.514304
vt 0.874848 0.559869
vt 0.870172 0.556039
vt 0.804931 0.502491
vt 0.785247 0.495402
vt 0.788231 0.493412
vt 0.790773 0.490866
vt 0.792766 0.487887
vt 0.808921 0.496518
vt 0.883357 0.536309
vt 0.794141 0.484566
vt 0.811669 0.489887
vt 0.892436 0.514390
vt 0.888692 0.539153
vt 0.898224 0.516139
vt 0.034498 0.182873
vt 0.000125 0.182873
vt 0.034498 0.162570
vt 0.000125 0.162570
vt 0.036614 0.162570
vt 0.038628 0.162570
vt 0.036614 0.142263
vt 0.038628 0.142263
vt 0.034498 0.142263
vt 0.034498 0.121959
vt 0.036614 0.121959
vt 0.038628 0.121959
vt 0.034498 0.101652
vt 0.036614 0.101652
vt 0.038628 0.101652
vt 0.034498 0.081348
vt 0.036614 0.081348
vt 0.038628 0.081348
vt 0.036614 0.061044
vt 0.038627 0.061044
vt 0.034498 0.061044
vt 0.000125 0.101652
vt 0.000125 0.081348
vt 0.000125 0.061044
vt 0.034498 0.040737
vt 0.000125 0.040737
vt 0.036614 0.040737
vt 0.034498 0.020432
vt 0.000125 0.020432
vt 0.036614 0.020432
vt 0.038627 0.040737
vt 0.038628 0.020432
vt 0.034498 0.000125
vt 0.036614 0.000125
vt 0.038628 0.000125
vt 0.038628 0.649894
vt 0.036614 0.649894
vt 0.036614 0.629588
vt 0.038628 0.629588
vt 0.034498 0.649894
vt 0.034498 0.629588
vt 0.000125 0.000125
vt 0.000125 0.649894
vt 0.000125 0.629588
vt 0.034498 0.609287
vt 0.000125 0.609287
vt 0.036614 0.609287
vt 0.034498 0.588981
vt 0.036615 0.588981
vt 0.000126 0.588981
vt 0.764161 0.352779
vt 0.789068 0.352778
vt 0.788482 0.358795
vt 0.764760 0.358794
vt 0.739725 0.357637
vt 0.741486 0.363421
vt 0.716707 0.367171
vt 0.719562 0.372498
vt 0.034498 0.568673
vt 0.000126 0.568673
vt 0.695994 0.381012
vt 0.699834 0.385681
vt 0.034498 0.548368
vt 0.000125 0.548369
vt 0.036615 0.568673
vt 0.036614 0.548368
vt 0.038628 0.568673
vt 0.038628 0.548368
vt 0.038628 0.588981
vt 0.038627 0.609287
vt 0.040439 0.588981
vt 0.040439 0.568673
vt 0.040439 0.609287
vt 0.040439 0.629588
vt 0.040439 0.649894
vt 0.041960 0.629588
vt 0.041960 0.609287
vt 0.041960 0.649894
vt 0.040439 0.020432
vt 0.040439 0.000125
vt 0.041960 0.020432
vt 0.041960 0.000125
vt 0.040439 0.040737
vt 0.041960 0.040737
vt 0.040439 0.061044
vt 0.041960 0.061044
vt 0.043117 0.061044
vt 0.043117 0.040737
vt 0.043117 0.020432
vt 0.047113 0.020432
vt 0.047112 0.040737
vt 0.047112 0.061044
vt 0.047112 0.081348
vt 0.043117 0.081348
vt 0.047113 0.101652
vt 0.043117 0.101652
vt 0.041960 0.081348
vt 0.041960 0.101652
vt 0.047113 0.121958
vt 0.043117 0.121959
vt 0.041960 0.121959
vt 0.040439 0.121959
vt 0.040439 0.101652
vt 0.040439 0.081348
vt 0.040439 0.142263
vt 0.047113 0.000125
vt 0.043117 0.000125
vt 0.047113 0.649894
vt 0.047112 0.629588
vt 0.043117 0.649894
vt 0.043117 0.629588
vt 0.043117 0.609287
vt 0.047112 0.609286
vt 0.041961 0.588981
vt 0.043117 0.588981
vt 0.047113 0.588980
vt 0.041961 0.568673
vt 0.043117 0.568673
vt 0.040439 0.548368
vt 0.041960 0.548369
vt 0.043117 0.548369
vt 0.040439 0.528064
vt 0.041960 0.528064
vt 0.043117 0.528064
vt 0.040439 0.507758
vt 0.041960 0.507758
vt 0.043117 0.507758
vt 0.040439 0.487453
vt 0.041960 0.487453
vt 0.043117 0.487453
vt 0.040439 0.467148
vt 0.041960 0.467148
vt 0.043117 0.467148
vt 0.040439 0.446843
vt 0.041960 0.446843
vt 0.043117 0.446843
vt 0.040439 0.426537
vt 0.041960 0.426537
vt 0.043117 0.426537
vt 0.040439 0.406233
vt 0.041960 0.406233
vt 0.043117 0.406233
vt 0.040439 0.385925
vt 0.041960 0.385925
vt 0.043117 0.385925
vt 0.040439 0.365622
vt 0.041960 0.365622
vt 0.043117 0.365622
vt 0.040439 0.345316
vt 0.041960 0.345316
vt 0.043117 0.345316
vt 0.040439 0.325011
vt 0.041960 0.325011
vt 0.043117 0.325011
vt 0.040439 0.304705
vt 0.041960 0.304705
vt 0.043117 0.304705
vt 0.040439 0.284400
vt 0.041960 0.284400
vt 0.043117 0.284400
vt 0.040439 0.264096
vt 0.041960 0.264096
vt 0.043117 0.264096
vt 0.041960 0.243787
vt 0.043117 0.243788
vt 0.047113 0.223485
vt 0.047113 0.243787
vt 0.047112 0.264096
vt 0.047112 0.284400
vt 0.047112 0.304705
vt 0.047113 0.325011
vt 0.047113 0.345316
vt 0.047113 0.365622
vt 0.047113 0.385925
vt 0.047113 0.406233
vt 0.047113 0.426537
vt 0.047113 0.446843
vt 0.047112 0.467148
vt 0.047112 0.487453
vt 0.047112 0.507758
vt 0.047112 0.528064
vt 0.047113 0.548369
vt 0.047113 0.568673
vt 0.038627 0.264096
vt 0.038627 0.284400
vt 0.036614 0.284400
vt 0.038627 0.304705
vt 0.036614 0.304705
vt 0.038628 0.325011
vt 0.036614 0.325011
vt 0.034498 0.325011
vt 0.034498 0.304705
vt 0.034498 0.284400
vt 0.000125 0.304705
vt 0.000125 0.284400
vt 0.000125 0.325011
vt 0.036614 0.345316
vt 0.034498 0.345316
vt 0.000125 0.345317
vt 0.739724 0.600858
vt 0.716708 0.591324
vt 0.719552 0.585990
vt 0.741473 0.595070
vt 0.764158 0.605717
vt 0.764744 0.599701
vt 0.759343 0.511555
vt 0.765977 0.514303
vt 0.773021 0.515705
vt 0.789070 0.605717
vt 0.788472 0.599702
vt 0.780202 0.515705
vt 0.771296 0.496774
vt 0.774818 0.497475
vt 0.778407 0.497476
vt 0.781929 0.496776
vt 0.776613 0.479251
vt 0.792769 0.470611
vt 0.794141 0.473936
vt 0.794844 0.477449
vt 0.781933 0.461719
vt 0.785249 0.463095
vt 0.788235 0.465090
vt 0.767982 0.463090
vt 0.771298 0.461722
vt 0.774820 0.461020
vt 0.759085 0.473933
vt 0.760460 0.470613
vt 0.762457 0.467624
vt 0.760459 0.487881
vt 0.759085 0.484567
vt 0.758388 0.481033
vt 0.767978 0.495401
vt 0.764993 0.493405
vt 0.790774 0.467631
vt 0.778411 0.461019
vt 0.764994 0.465093
vt 0.758385 0.477451
vt 0.762454 0.490869
vt 0.794842 0.481046
vt 0.753371 0.507563
vt 0.748294 0.502487
vt 0.699824 0.572806
vt 0.683048 0.556028
vt 0.695993 0.577483
vt 0.678379 0.559869
vt 0.034498 0.365622
vt 0.034498 0.385925
vt 0.000125 0.385925
vt 0.000125 0.365622
vt 0.036614 0.365622
vt 0.036615 0.385925
vt 0.034498 0.406233
vt 0.000125 0.406233
vt 0.036614 0.406233
vt 0.036615 0.426537
vt 0.034498 0.426537
vt 0.000125 0.426537
vt 0.038628 0.406233
vt 0.038628 0.385925
vt 0.038628 0.426537
vt 0.036615 0.446843
vt 0.034498 0.446843
vt 0.038628 0.446843
vt 0.036614 0.467148
vt 0.034498 0.467148
vt 0.038628 0.467148
vt 0.036614 0.487453
vt 0.034498 0.487453
vt 0.038628 0.487453
vt 0.038628 0.507758
vt 0.036614 0.507758
vt 0.038627 0.528064
vt 0.036614 0.528064
vt 0.034498 0.528064
vt 0.034498 0.507758
vt 0.000125 0.528064
vt 0.000125 0.507758
vt 0.000125 0.487453
vt 0.664538 0.419342
vt 0.678379 0.398628
vt 0.683056 0.402457
vt 0.669872 0.422186
vt 0.655005 0.442358
vt 0.660792 0.444107
vt 0.650145 0.466792
vt 0.656162 0.467378
vt 0.000125 0.467148
vt 0.650145 0.491704
vt 0.656160 0.491104
vt 0.000125 0.446843
vt 0.655004 0.516137
vt 0.660787 0.514376
vt 0.664538 0.539153
vt 0.669866 0.536297
vt 0.741557 0.489879
vt 0.744304 0.496514
vt 0.740157 0.482836
vt 0.740158 0.475655
vt 0.741559 0.468611
vt 0.744308 0.461977
vt 0.748299 0.456005
vt 0.753377 0.450926
vt 0.759347 0.446937
vt 0.765979 0.444192
vt 0.773027 0.442791
vt 0.780208 0.442791
vt 0.787251 0.444193
vt 0.811755 0.363425
vt 0.813503 0.357638
vt 0.836520 0.367172
vt 0.833676 0.372506
vt 0.793886 0.446941
vt 0.799855 0.450932
vt 0.853404 0.385690
vt 0.857234 0.381014
vt 0.874851 0.398631
vt 0.870181 0.402471
vt 0.804934 0.456011
vt 0.808923 0.461982
vt 0.883361 0.422198
vt 0.811671 0.468617
vt 0.892441 0.444119
vt 0.888690 0.419342
vt 0.898223 0.442358
vt 0.813071 0.475660
vt 0.897069 0.467391
vt 0.903084 0.466793
vt 0.000125 0.121959
vt 0.903084 0.491704
vt 0.897067 0.491118
vt 0.000125 0.142263
vt 0.813071 0.482841
vt 0.038628 0.365622
vt 0.038628 0.345316
vt 0.175069 0.304705
vt 0.170316 0.284400
vt 0.175069 0.284400
vt 0.170316 0.264097
vt 0.175069 0.264097
vt 0.166278 0.264097
vt 0.170316 0.243787
vt 0.166278 0.243787
vt 0.163373 0.243787
vt 0.163373 0.223485
vt 0.163373 0.264097
vt 0.162652 0.243787
vt 0.162652 0.223485
vt 0.161806 0.243787
vt 0.162652 0.203180
vt 0.180068 0.264097
vt 0.180069 0.284400
vt 0.493801 0.182874
vt 0.494547 0.182874
vt 0.493801 0.162569
vt 0.494547 0.162569
vt 0.492920 0.162569
vt 0.493801 0.142263
vt 0.494547 0.142263
vt 0.492920 0.142263
vt 0.492038 0.142263
vt 0.492038 0.162569
vt 0.492920 0.121958
vt 0.493801 0.121958
vt 0.492920 0.101652
vt 0.493801 0.101652
vt 0.494547 0.101652
vt 0.494547 0.081347
vt 0.494547 0.121958
vt 0.494547 0.061042
vt 0.496160 0.081347
vt 0.496160 0.101652
vt 0.496160 0.061043
vt 0.496160 0.040737
vt 0.494547 0.040736
vt 0.497438 0.061043
vt 0.497438 0.040736
vt 0.497438 0.020432
vt 0.497438 0.000126
vt 0.498948 0.020432
vt 0.498948 0.000126
vt 0.498948 0.040737
vt 0.498948 0.649895
vt 0.497438 0.649895
vt 0.498948 0.629589
vt 0.498948 0.609284
vt 0.500477 0.649895
vt 0.500477 0.629589
vt 0.500477 0.609284
vt 0.498948 0.588979
vt 0.500477 0.588979
vt 0.498948 0.568673
vt 0.500477 0.568673
vt 0.498948 0.548369
vt 0.500477 0.548369
vt 0.498948 0.528063
vt 0.500477 0.528063
vt 0.497438 0.528063
vt 0.498948 0.507758
vt 0.500477 0.507758
vt 0.497438 0.507758
vt 0.498948 0.487452
vt 0.500477 0.487452
vt 0.497438 0.487452
vt 0.498948 0.467147
vt 0.500477 0.467147
vt 0.497438 0.467148
vt 0.498948 0.446843
vt 0.500477 0.446843
vt 0.497438 0.446843
vt 0.498948 0.426537
vt 0.500477 0.426537
vt 0.497438 0.426537
vt 0.498948 0.406232
vt 0.500477 0.406232
vt 0.497438 0.406232
vt 0.498948 0.385927
vt 0.500477 0.385927
vt 0.497438 0.385927
vt 0.498948 0.365622
vt 0.500477 0.365622
vt 0.497438 0.365622
vt 0.498948 0.345316
vt 0.500477 0.345316
vt 0.497438 0.345316
vt 0.498948 0.325011
vt 0.500477 0.325011
vt 0.497438 0.325011
vt 0.500477 0.304706
vt 0.500477 0.284400
vt 0.501804 0.325011
vt 0.501804 0.304706
vt 0.501804 0.284400
vt 0.500477 0.264096
vt 0.502743 0.325011
vt 0.501804 0.345316
vt 0.502743 0.345316
vt 0.507250 0.325011
vt 0.507250 0.345316
vt 0.507688 0.345316
vt 0.507250 0.365622
vt 0.502743 0.365622
vt 0.507688 0.365622
vt 0.507688 0.385927
vt 0.507250 0.385927
vt 0.502743 0.385927
vt 0.508264 0.365622
vt 0.508264 0.345316
vt 0.508949 0.365622
vt 0.507688 0.406233
vt 0.507250 0.406232
vt 0.507688 0.426537
vt 0.507250 0.426537
vt 0.502743 0.426537
vt 0.502743 0.406232
vt 0.502743 0.446843
vt 0.502743 0.467147
vt 0.501804 0.446843
vt 0.501804 0.426537
vt 0.501804 0.467148
vt 0.502743 0.487452
vt 0.501804 0.487452
vt 0.501804 0.406232
vt 0.501804 0.385927
vt 0.501804 0.365622
vt 0.496160 0.365622
vt 0.494547 0.365622
vt 0.496160 0.385927
vt 0.494547 0.385927
vt 0.496160 0.406232
vt 0.494547 0.406233
vt 0.494547 0.426537
vt 0.493801 0.426537
vt 0.496160 0.426537
vt 0.492920 0.426537
vt 0.494547 0.446843
vt 0.493801 0.446843
vt 0.492920 0.446843
vt 0.494547 0.467147
vt 0.493801 0.467147
vt 0.492920 0.467148
vt 0.494547 0.487452
vt 0.493801 0.487452
vt 0.492920 0.487452
vt 0.493801 0.507758
vt 0.494547 0.507758
vt 0.492038 0.487452
vt 0.496160 0.487452
vt 0.496160 0.507758
vt 0.496160 0.467147
vt 0.496160 0.528063
vt 0.496160 0.446843
vt 0.501804 0.609284
vt 0.501804 0.629589
vt 0.502743 0.649895
vt 0.501804 0.649895
vt 0.500477 0.020432
vt 0.500477 0.000126
vt 0.501804 0.000126
vt 0.502743 0.000126
vt 0.500477 0.040736
vt 0.497438 0.081347
vt 0.497438 0.101652
vt 0.497438 0.121958
vt 0.496160 0.121958
vt 0.497438 0.142263
vt 0.496160 0.142263
vt 0.496160 0.162569
vt 0.497438 0.162569
vt 0.497438 0.182874
vt 0.496160 0.182874
vt 0.507250 0.649895
vt 0.510513 0.121958
vt 0.514247 0.121958
vt 0.515032 0.121958
vt 0.509712 0.264096
vt 0.510513 0.264096
vt 0.509712 0.243790
vt 0.510513 0.243790
vt 0.508949 0.243790
vt 0.509712 0.223485
vt 0.510513 0.223485
vt 0.508949 0.223485
vt 0.509712 0.203179
vt 0.510513 0.203180
vt 0.508949 0.203180
vt 0.508264 0.243790
vt 0.517792 0.487452
vt 0.517792 0.507758
vt 0.521055 0.487452
vt 0.521055 0.507758
vt 0.517792 0.528063
vt 0.521055 0.528063
vt 0.517792 0.548369
vt 0.521055 0.548369
vt 0.521055 0.568673
vt 0.517792 0.568674
vt 0.521055 0.588979
vt 0.517792 0.588979
vt 0.521055 0.609284
vt 0.517792 0.609284
vt 0.521055 0.629589
vt 0.517792 0.629589
vt 0.517792 0.649895
vt 0.521055 0.649895
vt 0.517792 0.020432
vt 0.517792 0.000126
vt 0.521055 0.000126
vt 0.521055 0.020432
vt 0.517792 0.040736
vt 0.517792 0.061043
vt 0.517792 0.081347
vt 0.517792 0.101652
s 1
usemtl initialShadingGroup
f 4/1/1 1/2/2 2/3/3 191/4/4
f 1/2/2 3/5/5 1445/6/6 2/3/3
f 3/5/5 1/2/2 5/7/7 6/8/8
f 1/2/2 4/1/1 7/9/9 5/7/7
f 6/8/10 5/7/11 8/10/12 11/11/13
f 5/7/11 7/9/14 9/12/15 8/10/12
f 10/13/16 8/10/12 9/12/15 23/14/17
f 13/15/18 11/11/13 8/10/12 10/13/16
f 1448/16/19 6/8/10 11/11/13 12/17/20
f 11/11/13 13/15/18 14/18/21 12/17/20
f 13/15/18 15/19/22 16/20/23 14/18/21
f 15/19/22 13/15/18 10/13/16 18/21/24
f 15/19/22 17/22/25 107/23/26 16/20/23
f 17/22/25 15/19/22 18/21/24 19/24/27
f 18/21/24 10/13/16 23/14/17 20/25/28
f 19/24/27 18/21/24 20/25/28 21/26/29
f 22/27/30 99/28/31 21/26/29 20/25/28
f 24/29/32 22/27/30 20/25/28 23/14/17
f 25/30/33 24/29/32 23/14/17 9/12/15
f 27/31/34 26/32/35 24/29/32 25/30/33
f 26/32/35 28/33/36 22/27/30 24/29/32
f 30/34/37 29/35/38 26/32/35 27/31/34
f 29/35/38 31/36/39 28/33/36 26/32/35
f 34/37/40 32/38/41 29/35/38 30/34/37
f 32/38/41 35/39/42 31/36/39 29/35/38
f 33/40/43 37/41/44 35/39/42 32/38/41
f 175/42/45 33/40/43 32/38/41 34/37/40
f 35/39/42 36/43/46 103/44/47 31/36/39
f 37/41/44 38/45/48 36/43/46 35/39/42
f 40/46/49 39/47/50 37/41/44 33/40/43
f 39/47/50 41/48/51 38/45/48 37/41/44
f 44/49/52 42/50/53 39/47/50 40/46/49
f 42/50/53 45/51/54 41/48/51 39/47/50
f 169/52/55 43/53/56 42/50/53 44/49/52
f 43/53/56 46/54/57 45/51/54 42/50/53
f 46/54/57 50/55/58 47/56/59 45/51/54
f 45/51/54 47/56/59 49/57/60 41/48/51
f 47/56/59 48/58/61 71/59/62 49/57/60
f 50/55/58 51/60/63 48/58/61 47/56/59
f 53/61/64 52/62/65 50/55/58 46/54/57
f 52/62/65 54/63/66 51/60/63 50/55/58
f 57/64/67 55/65/68 52/62/65 53/61/64
f 55/65/68 58/66/69 54/63/66 52/62/65
f 161/67/70 56/68/71 55/65/68 57/64/67
f 56/68/71 59/69/72 58/66/69 55/65/68
f 58/66/69 59/69/72 61/70/73 60/71/74
f 54/63/66 58/66/69 60/71/74 63/72/75
f 61/70/73 1532/73/76 62/74/77 60/71/74
f 60/71/74 62/74/77 64/75/78 63/72/75
f 63/72/75 64/75/78 66/76/79 65/77/80
f 51/60/63 54/63/66 63/72/75 65/77/80
f 65/77/80 66/76/79 68/78/81 67/79/82
f 48/58/61 51/60/63 65/77/80 67/79/82
f 67/79/82 68/78/81 70/80/83 69/81/84
f 71/59/62 48/58/61 67/79/82 69/81/84
f 69/81/84 70/80/83 73/82/85 72/83/86
f 74/84/87 71/59/62 69/81/84 72/83/86
f 72/83/86 73/82/85 76/85/88 75/86/89
f 77/87/90 74/84/87 72/83/86 75/86/89
f 75/86/89 76/85/88 79/88/91 78/89/92
f 80/90/93 77/87/90 75/86/89 78/89/92
f 78/89/92 79/88/91 82/91/94 81/92/95
f 83/93/96 80/90/93 78/89/92 81/92/95
f 81/92/95 82/91/94 85/94/97 84/95/98
f 86/96/99 83/93/96 81/92/95 84/95/98
f 84/95/98 85/94/97 88/97/100 87/98/101
f 89/99/102 86/96/99 84/95/98 87/98/101
f 92/100/103 90/101/104 87/98/101 88/97/100
f 93/102/105 89/99/102 87/98/101 90/101/104
f 1561/103/106 91/104/107 90/101/104 92/100/103
f 94/105/108 93/102/105 90/101/104 91/104/107
f 94/105/108 96/106/109 95/107/110 93/102/105
f 93/102/105 95/107/110 97/108/111 89/99/102
f 96/106/109 17/22/25 19/24/27 95/107/110
f 95/107/110 19/24/27 21/26/29 97/108/111
f 99/28/31 98/109/112 97/108/111 21/26/29
f 98/109/112 86/96/99 89/99/102 97/108/111
f 102/110/113 100/111/114 98/109/112 99/28/31
f 100/111/114 83/93/96 86/96/99 98/109/112
f 103/44/47 101/112/115 100/111/114 102/110/113
f 101/112/115 80/90/93 83/93/96 100/111/114
f 28/33/36 102/110/113 99/28/31 22/27/30
f 31/36/39 103/44/47 102/110/113 28/33/36
f 36/43/46 104/113/116 101/112/115 103/44/47
f 104/113/116 77/87/90 80/90/93 101/112/115
f 38/45/48 105/114/117 104/113/116 36/43/46
f 105/114/117 74/84/87 77/87/90 104/113/116
f 41/48/51 49/57/60 105/114/117 38/45/48
f 49/57/60 71/59/62 74/84/87 105/114/117
f 17/22/25 96/106/109 106/115/118 107/23/26
f 96/106/109 94/105/108 108/116/119 106/115/118
f 107/23/26 106/115/118 109/117/120 110/118/121
f 106/115/118 108/116/119 111/119/122 109/117/120
f 110/118/121 109/117/120 112/120/123 115/121/124
f 109/117/120 111/119/122 113/122/125 112/120/123
f 112/120/123 113/122/125 4032/123/126 114/124/127
f 115/121/124 112/120/123 114/124/127 117/125/128
f 1454/126/129 110/118/121 115/121/124 116/127/130
f 116/127/130 115/121/124 117/125/128 118/128/131
f 118/128/131 117/125/128 119/129/132 120/130/133
f 117/125/128 114/124/127 121/131/134 119/129/132
f 120/130/133 119/129/132 122/132/135 123/133/136
f 119/129/132 121/131/134 124/134/137 122/132/135
f 123/135/136 122/136/135 125/137/138 126/138/139
f 122/136/135 124/139/137 127/140/140 125/137/138
f 126/138/139 125/137/138 128/141/141 129/142/142
f 125/137/138 127/140/140 130/143/143 128/141/141
f 129/142/142 128/141/141 131/144/144 132/145/145
f 128/141/141 130/143/143 133/146/146 131/144/144
f 132/145/145 131/144/144 134/147/147 135/148/148
f 131/144/144 133/146/146 136/149/149 134/147/147
f 135/148/148 134/147/147 137/150/150 138/151/151
f 134/147/147 136/149/149 139/152/152 137/150/150
f 138/151/151 137/150/150 140/153/153 141/154/154
f 137/150/150 139/152/152 142/155/155 140/153/153
f 141/154/154 140/153/153 143/156/156 144/157/157
f 140/153/153 142/155/155 145/158/158 143/156/156
f 144/157/157 143/156/156 146/159/159 147/160/160
f 143/156/156 145/158/158 148/161/161 146/159/159
f 147/160/160 146/159/159 149/162/162 150/163/163
f 146/159/159 148/161/161 151/164/164 149/162/162
f 150/163/163 149/162/162 152/165/165 153/166/166
f 149/162/162 151/164/164 154/167/167 152/165/165
f 153/166/166 152/165/165 155/168/168 156/169/169
f 152/165/165 154/167/167 157/170/170 155/168/168
f 156/169/169 155/168/168 158/171/171 159/172/172
f 155/168/168 157/170/170 160/173/173 158/171/171
f 159/172/172 158/171/171 161/67/70 162/174/174
f 158/171/171 160/173/173 56/68/71 161/67/70
f 162/174/174 161/67/70 57/64/67 164/175/175
f 1369/176/176 159/172/172 162/174/174 163/177/177
f 163/177/177 162/174/174 164/175/175 165/178/178
f 165/178/178 164/175/175 166/179/179 167/180/180
f 164/175/175 57/64/67 53/61/64 166/179/179
f 167/180/180 166/179/179 43/53/56 169/52/55
f 166/179/179 53/61/64 46/54/57 43/53/56
f 168/181/181 167/180/180 169/52/55 170/182/182
f 1365/183/183 165/178/178 167/180/180 168/181/181
f 170/182/182 169/52/55 44/49/52 172/184/184
f 171/185/185 1362/186/186 168/181/181 170/182/182
f 173/187/187 171/185/185 170/182/182 172/184/184
f 176/188/188 173/187/187 172/184/184 174/189/189
f 172/184/184 44/49/52 40/46/49 174/189/189
f 174/189/189 40/46/49 33/40/43 175/42/45
f 178/190/190 176/188/188 174/189/189 175/42/45
f 179/191/191 177/192/192 176/188/193 178/190/194
f 177/192/192 392/193/195 173/187/196 176/188/193
f 181/194/197 179/191/191 178/190/194 180/195/198
f 180/195/199 178/190/190 175/42/45 34/37/40
f 184/196/200 181/194/197 180/195/198 182/197/201
f 182/197/202 180/195/199 34/37/40 30/34/37
f 183/198/203 182/197/202 30/34/37 27/31/34
f 186/199/204 184/196/200 182/197/201 183/198/205
f 181/194/197 184/196/200 185/200/206 400/201/207
f 184/196/200 186/199/204 187/202/208 185/200/206
f 186/199/204 188/203/209 189/204/210 187/202/208
f 188/203/209 186/199/204 183/198/205 190/205/211
f 188/203/209 4/1/1 191/4/4 189/204/210
f 4/1/1 188/203/209 190/205/211 7/9/9
f 190/205/212 183/198/203 27/31/34 25/30/33
f 7/9/14 190/205/212 25/30/33 9/12/15
f 192/206/213 189/204/210 191/4/4 194/207/214
f 195/208/215 187/202/208 189/204/210 192/206/213
f 193/209/216 192/206/213 194/207/214 1476/210/217
f 197/211/218 195/208/215 192/206/213 193/209/216
f 196/212/219 185/200/206 187/202/208 195/208/215
f 198/213/220 196/212/219 195/208/215 197/211/218
f 202/214/221 198/213/220 197/211/218 199/215/222
f 199/215/222 197/211/218 193/209/216 201/216/223
f 200/217/224 199/218/222 201/219/223 226/220/225
f 203/221/226 202/222/221 199/218/222 200/217/224
f 204/223/227 206/224/228 198/213/220 202/214/221
f 207/225/229 204/226/227 202/227/221 203/228/226
f 205/229/230 398/230/231 206/224/228 204/223/227
f 208/231/232 205/232/230 204/226/227 207/225/229
f 208/231/232 207/225/229 209/233/233 210/234/234
f 207/225/229 203/228/226 212/235/235 209/233/233
f 741/236/236 210/234/234 209/233/233 211/237/237
f 211/237/237 209/233/233 212/235/235 213/238/238
f 213/238/239 212/235/240 214/239/241 216/240/242
f 203/221/243 217/241/243 214/242/241 212/243/240
f 215/244/244 739/245/245 216/240/246 214/239/247
f 217/241/248 218/246/249 215/244/244 214/239/247
f 218/246/250 217/241/251 219/247/252 789/248/253
f 217/241/251 220/249/254 221/250/255 219/247/252
f 203/221/226 200/217/224 220/249/256 217/241/257
f 220/249/254 222/251/258 223/252/259 221/250/255
f 200/217/224 226/220/225 222/251/260 220/249/256
f 222/251/258 224/253/261 852/254/262 223/252/259
f 224/253/263 222/251/264 225/255/265 238/256/266
f 222/251/267 226/220/267 227/257/268 225/258/269
f 226/259/225 228/260/270 231/261/271 227/262/272
f 226/259/225 201/263/223 230/264/273 228/260/270
f 1477/265/274 229/266/275 228/260/270 230/264/273
f 228/260/270 229/266/275 233/267/276 231/261/271
f 242/268/277 227/262/272 231/261/271 232/269/278
f 232/269/278 231/261/271 233/267/276 234/270/279
f 234/270/280 233/267/281 235/271/282 236/272/283
f 229/273/284 237/274/284 235/275/282 233/276/281
f 238/256/266 239/277/285 236/272/286 235/271/287
f 237/274/288 224/253/263 238/256/266 235/271/287
f 239/277/285 238/256/266 225/255/265 241/278/289
f 239/277/285 240/279/290 251/280/291 236/272/286
f 240/279/290 239/277/285 241/278/289 243/281/292
f 242/268/293 244/282/294 243/281/295 241/278/296
f 227/262/268 242/268/293 241/278/296 225/255/269
f 244/282/294 247/283/297 245/284/298 243/281/295
f 248/285/299 240/279/290 243/281/292 245/284/300
f 247/283/297 278/286/301 246/287/302 245/284/298
f 249/288/303 248/285/299 245/284/300 246/287/304
f 240/279/290 248/285/305 250/289/306 251/280/291
f 248/285/305 249/288/307 253/290/308 250/289/306
f 252/291/309 281/292/310 251/280/311 250/289/312
f 254/293/313 252/291/309 250/289/312 253/290/314
f 249/288/307 256/294/315 255/295/316 253/290/308
f 257/296/317 254/293/313 253/290/314 255/295/318
f 256/294/315 259/297/319 258/298/320 255/295/316
f 260/299/321 257/296/317 255/295/318 258/298/320
f 259/297/319 264/300/322 261/301/323 258/298/320
f 262/302/324 260/299/321 258/298/320 261/301/323
f 284/303/325 262/302/324 261/301/323 263/304/326
f 264/300/322 265/305/327 263/304/326 261/301/323
f 264/300/328 259/297/329 267/306/330 266/307/331
f 265/305/332 264/300/328 266/307/331 268/308/333
f 270/309/334 269/310/335 266/307/331 267/306/330
f 269/310/335 271/311/336 268/308/333 266/307/331
f 269/310/335 270/309/337 274/312/338 272/313/339
f 271/311/336 269/310/335 272/313/339 273/314/340
f 273/314/341 272/313/342 262/302/324 284/303/325
f 272/313/342 274/312/343 260/299/344 262/302/324
f 274/312/343 275/315/345 257/296/346 260/299/344
f 270/309/337 276/316/347 275/315/348 274/312/338
f 276/316/347 278/286/349 277/317/350 275/315/348
f 275/315/345 277/317/351 254/293/352 257/296/346
f 278/286/349 247/283/353 279/318/354 277/317/350
f 277/317/351 279/318/354 252/291/355 254/293/352
f 279/318/354 280/319/356 281/292/357 252/291/355
f 247/283/353 244/282/358 280/319/356 279/318/354
f 280/319/356 232/269/278 234/270/279 281/292/357
f 244/282/358 242/268/277 232/269/278 280/319/356
f 281/292/310 234/270/280 236/272/283 251/280/311
f 278/286/301 276/316/359 282/320/360 246/287/302
f 276/316/359 270/309/334 267/306/330 282/320/360
f 256/294/361 249/288/303 246/287/304 282/320/362
f 259/297/329 256/294/361 282/320/362 267/306/330
f 289/321/363 271/311/336 273/314/340 283/322/364
f 283/322/365 273/314/341 284/303/325 285/323/366
f 285/323/366 284/303/325 263/304/326 286/324/367
f 283/322/365 285/323/366 286/324/367 287/325/368
f 265/305/327 287/325/368 286/324/367 263/304/326
f 289/321/363 283/322/364 287/325/369 288/326/370
f 287/325/369 265/305/332 268/308/333 288/326/370
f 271/311/336 289/321/363 288/326/370 268/308/333
f 224/253/261 237/274/371 290/327/372 852/254/262
f 237/274/371 291/328/373 292/329/374 290/327/372
f 229/273/275 294/330/375 291/328/376 237/274/377
f 291/328/373 293/331/378 856/332/379 292/329/374
f 294/330/375 296/333/380 293/331/381 291/328/376
f 229/273/275 1477/334/274 295/335/382 294/330/375
f 294/330/375 295/335/382 297/336/383 296/333/380
f 296/337/380 297/338/383 1440/339/384 298/340/385
f 296/337/380 298/340/385 301/341/386 299/342/387
f 293/331/388 296/333/388 299/343/389 302/344/390
f 299/342/389 300/345/391 304/346/392 302/347/390
f 300/345/393 299/342/387 301/341/386 313/348/394
f 323/349/395 293/331/396 302/347/397 303/350/398
f 305/351/399 303/350/398 302/347/397 304/346/400
f 308/352/401 305/351/399 304/346/400 306/353/402
f 300/345/391 309/354/403 306/353/404 304/346/392
f 309/354/403 310/355/405 307/356/406 306/353/404
f 1481/357/407 308/352/401 306/353/402 307/356/408
f 309/354/409 300/345/393 313/348/394 311/358/410
f 310/355/411 309/354/409 311/358/410 312/359/412
f 312/359/412 311/358/410 314/360/413 315/361/414
f 311/358/410 313/348/394 316/362/415 314/360/413
f 315/361/416 314/360/417 317/363/418 318/364/419
f 314/360/417 316/362/420 319/365/421 317/363/418
f 308/352/401 1481/357/422 318/364/423 317/363/424
f 305/351/399 308/352/401 317/363/424 319/365/425
f 303/350/398 305/351/399 319/365/425 320/366/426
f 316/362/420 321/367/427 320/366/428 319/365/421
f 322/368/429 323/349/395 303/350/398 320/366/426
f 326/369/430 322/368/430 320/370/428 321/371/427
f 323/349/431 322/368/432 324/372/433 858/373/434
f 322/368/432 325/374/435 862/375/436 324/372/433
f 326/369/437 328/376/438 325/374/439 322/368/440
f 326/369/437 327/377/441 329/378/442 328/376/438
f 298/340/385 1440/339/384 327/379/441 326/380/437
f 298/340/385 326/380/437 321/367/443 301/341/386
f 328/376/438 330/381/444 332/382/445 325/374/439
f 328/376/438 329/378/442 333/383/446 330/381/444
f 332/382/447 330/381/447 331/384/448 1060/385/449
f 330/386/444 334/387/450 336/388/451 331/389/452
f 330/386/444 333/390/446 335/391/453 334/387/450
f 334/387/450 335/391/453 341/392/454 337/393/455
f 334/387/450 337/393/455 339/394/456 336/388/451
f 337/395/455 341/396/454 343/397/457 338/398/458
f 337/395/455 338/398/458 869/399/459 340/400/460
f 337/395/461 340/400/461 1061/401/462 339/402/463
f 335/403/453 1436/404/464 342/405/465 341/406/454
f 341/406/454 342/405/465 344/407/466 343/408/457
f 343/408/457 344/407/466 346/409/467 345/410/468
f 338/398/458 343/397/457 345/411/468 347/412/469
f 345/410/468 346/409/467 349/413/470 348/414/471
f 347/415/469 345/416/468 348/417/471 350/418/472
f 348/414/471 349/413/470 352/419/473 351/420/474
f 350/418/472 348/417/471 351/421/474 353/422/475
f 351/420/474 352/419/473 357/423/476 354/424/477
f 353/425/475 351/426/474 354/427/477 355/428/478
f 355/428/478 354/427/477 356/429/479 890/430/480
f 354/424/477 357/423/476 359/431/481 356/432/479
f 352/419/473 1411/433/482 358/434/483 357/423/476
f 357/423/476 358/434/483 360/435/484 359/431/481
f 359/431/481 360/435/484 362/436/485 361/437/486
f 356/432/479 359/431/481 361/437/486 363/438/487
f 361/437/486 362/436/485 365/439/488 364/440/489
f 363/438/487 361/437/486 364/440/489 366/441/490
f 364/440/489 365/439/488 368/442/491 367/443/492
f 366/441/490 364/440/489 367/443/492 369/444/493
f 367/443/492 368/442/491 373/445/494 370/446/495
f 369/444/493 367/443/492 370/446/495 371/447/496
f 371/447/496 370/446/495 372/448/497 419/449/498
f 370/446/495 373/445/494 375/450/499 372/448/497
f 368/442/491 1410/451/500 374/452/501 373/445/494
f 373/445/494 374/452/501 376/453/502 375/450/499
f 375/450/499 376/453/502 378/454/503 377/455/504
f 372/448/497 375/450/499 377/455/504 379/456/505
f 377/455/504 378/454/503 381/457/506 380/458/507
f 379/456/505 377/455/504 380/458/507 382/459/508
f 380/458/507 381/457/506 384/460/509 383/461/510
f 382/459/508 380/458/507 383/461/510 385/462/511
f 383/461/510 384/460/509 389/463/512 386/464/513
f 385/462/511 383/461/510 386/464/513 387/465/514
f 387/465/514 386/464/513 388/466/515 402/467/516
f 386/464/513 389/463/512 391/468/517 388/466/515
f 390/469/518 392/193/195 391/468/517 389/463/512
f 1360/470/519 390/469/518 389/463/512 384/460/509
f 392/193/195 177/192/192 393/471/520 391/468/517
f 388/466/515 391/468/517 393/471/520 395/472/521
f 395/472/521 393/471/520 394/473/522 397/474/523
f 177/192/192 179/191/191 394/473/522 393/471/520
f 396/475/524 395/472/521 397/474/523 398/230/231
f 402/467/516 388/466/515 395/472/521 396/475/524
f 397/474/523 394/473/522 400/201/207 399/476/227
f 398/230/231 397/474/523 399/476/227 206/224/228
f 399/476/227 400/201/207 185/200/206 196/212/219
f 206/224/228 399/476/227 196/212/219 198/213/220
f 179/191/191 181/194/197 400/201/207 394/473/522
f 401/477/525 396/475/524 398/230/231 205/229/230
f 403/478/526 402/467/516 396/475/524 401/477/525
f 404/479/527 387/465/514 402/467/516 403/478/526
f 409/480/528 404/481/527 403/482/526 405/483/529
f 405/484/529 403/485/526 401/486/525 406/487/530
f 405/484/529 406/487/530 735/488/531 408/489/532
f 405/484/533 408/489/533 793/490/534 407/491/535
f 409/480/528 405/483/529 407/492/536 410/493/537
f 411/494/538 415/495/539 404/481/527 409/480/528
f 411/494/538 409/480/528 410/493/537 412/496/540
f 414/497/541 411/498/541 412/499/542 792/500/543
f 413/501/544 416/502/545 415/503/539 411/498/538
f 413/501/544 411/498/538 414/497/546 433/504/547
f 416/505/545 382/459/508 385/462/511 415/506/539
f 415/506/539 385/462/511 387/465/514 404/479/527
f 418/507/548 417/508/549 416/502/545 413/501/544
f 417/509/549 379/456/505 382/459/508 416/505/545
f 419/449/498 372/448/497 379/456/505 417/509/549
f 420/510/550 419/511/498 417/512/549 418/513/548
f 421/514/551 371/515/496 419/511/498 420/510/550
f 421/514/551 420/510/550 422/516/552 423/517/553
f 420/510/550 418/513/548 425/518/554 422/516/552
f 960/519/555 423/517/553 422/516/552 424/520/556
f 424/520/556 422/516/552 425/518/554 426/521/557
f 426/521/558 425/518/559 427/522/560 429/523/561
f 418/507/562 430/524/562 427/525/560 425/526/559
f 428/527/563 958/528/564 429/523/565 427/522/566
f 430/524/567 431/529/568 428/527/563 427/522/566
f 431/529/569 430/524/570 432/530/571 442/531/572
f 430/524/570 433/504/573 434/532/574 432/530/571
f 418/507/548 413/501/544 433/504/547 430/524/575
f 433/504/573 414/497/576 435/533/577 434/532/574
f 439/534/578 432/530/571 434/532/574 436/535/579
f 436/535/579 434/532/574 435/533/577 438/536/580
f 437/537/581 436/535/579 438/536/580 723/538/582
f 440/539/583 439/534/578 436/535/579 437/537/581
f 441/540/584 442/531/572 432/530/571 439/534/578
f 443/541/585 441/540/584 439/534/578 440/539/583
f 444/542/586 445/543/587 442/531/572 441/540/584
f 446/544/588 444/542/586 441/540/584 443/541/585
f 447/545/589 448/546/590 445/543/587 444/542/586
f 449/547/591 447/545/589 444/542/586 446/544/588
f 450/548/592 451/549/593 448/546/590 447/545/589
f 452/550/594 450/548/592 447/545/589 449/547/591
f 453/551/595 454/552/596 451/549/593 450/548/592
f 455/553/597 453/551/595 450/548/592 452/550/594
f 456/554/598 458/555/599 454/552/596 453/551/595
f 459/556/600 456/554/598 453/551/595 455/553/597
f 457/557/601 886/558/602 458/555/599 456/554/598
f 461/559/603 457/557/601 456/554/598 459/556/600
f 460/560/604 459/556/600 455/553/597 1358/561/605
f 462/562/606 461/559/603 459/556/600 460/560/604
f 463/563/607 464/564/608 457/557/601 461/559/603
f 465/565/609 463/563/607 461/559/603 462/562/606
f 466/566/610 467/567/611 464/564/608 463/563/607
f 468/568/612 466/566/610 463/563/607 465/565/609
f 469/569/613 470/570/614 467/567/611 466/566/610
f 471/571/615 469/569/613 466/566/610 468/568/612
f 472/572/616 473/573/617 470/570/614 469/569/613
f 474/574/618 472/572/616 469/569/613 471/571/615
f 475/575/619 476/576/620 473/573/617 472/572/616
f 477/577/621 475/575/619 472/572/616 474/574/618
f 478/578/622 480/579/623 476/576/620 475/575/619
f 481/580/624 478/578/622 475/575/619 477/577/621
f 479/581/625 861/582/626 480/579/623 478/578/622
f 483/583/627 479/581/625 478/578/622 481/580/624
f 482/584/628 481/580/624 477/577/621 575/585/629
f 484/586/630 483/583/627 481/580/624 482/584/628
f 485/587/631 486/588/632 479/581/625 483/583/627
f 487/589/633 485/587/631 483/583/627 484/586/630
f 488/590/634 489/591/635 486/588/632 485/587/631
f 490/592/636 488/590/634 485/587/631 487/589/633
f 491/593/637 492/594/638 489/591/635 488/590/634
f 493/595/639 491/593/637 488/590/634 490/592/636
f 494/596/640 495/597/641 492/594/638 491/593/637
f 496/598/642 494/596/640 491/593/637 493/595/639
f 497/599/643 498/600/644 495/597/641 494/596/640
f 499/601/645 497/599/643 494/596/640 496/598/642
f 500/602/646 501/603/647 498/600/644 497/599/643
f 503/604/648 500/602/646 497/599/643 499/601/645
f 501/603/647 500/602/646 502/605/649 853/606/650
f 500/602/646 503/604/648 504/607/651 502/605/649
f 503/604/648 505/608/652 507/609/653 504/607/651
f 508/610/654 505/608/652 503/604/648 499/601/645
f 509/611/655 506/612/656 505/608/652 508/610/654
f 507/609/653 505/608/652 506/612/656 703/613/657
f 511/614/658 509/611/655 508/610/654 510/615/659
f 510/615/659 508/610/654 499/601/645 496/598/642
f 513/616/660 511/614/658 510/615/659 512/617/661
f 512/617/661 510/615/659 496/598/642 493/595/639
f 516/618/662 513/616/660 512/617/661 514/619/663
f 514/619/663 512/617/661 493/595/639 490/592/636
f 515/620/664 514/619/663 490/592/636 487/589/633
f 517/621/665 516/618/662 514/619/663 515/620/664
f 520/622/666 518/623/667 516/618/662 517/621/665
f 518/623/667 521/624/668 513/616/660 516/618/662
f 523/625/669 521/624/668 518/623/667 519/626/670
f 519/626/670 518/623/667 520/622/666 539/627/671
f 521/624/668 522/628/672 511/614/658 513/616/660
f 525/629/673 522/628/672 521/624/668 523/625/669
f 524/630/674 523/625/669 519/626/670 537/631/675
f 527/632/676 525/629/673 523/625/669 524/630/674
f 526/633/677 1118/634/678 522/628/672 525/629/673
f 528/635/679 526/633/677 525/629/673 527/632/676
f 527/632/676 524/630/674 532/636/680 529/637/681
f 528/635/679 527/632/676 529/637/681 531/638/682
f 530/639/683 529/637/681 532/636/680 533/640/684
f 1146/641/685 531/638/682 529/637/681 530/639/683
f 533/640/684 532/636/680 534/642/686 535/643/687
f 524/630/674 537/631/675 534/642/686 532/636/680
f 535/643/687 534/642/686 536/644/688 1155/645/689
f 537/631/675 538/646/690 536/644/688 534/642/686
f 537/631/675 519/626/670 539/627/671 538/646/690
f 538/646/690 540/647/691 541/648/692 536/644/688
f 538/646/690 539/627/671 542/649/693 540/647/691
f 540/647/691 543/650/694 545/651/695 541/648/692
f 540/647/691 542/649/693 544/652/696 543/650/694
f 543/650/694 544/652/696 547/653/697 546/654/698
f 543/650/694 546/654/698 549/655/699 545/651/695
f 546/654/698 547/653/697 559/656/700 548/657/701
f 546/654/698 548/657/701 551/658/702 549/655/699
f 550/659/703 549/655/699 551/658/702 552/660/704
f 1161/661/705 545/651/695 549/655/699 550/659/703
f 552/660/704 551/658/702 553/662/706 554/663/707
f 548/657/701 556/664/708 553/662/706 551/658/702
f 554/663/707 553/662/706 555/665/709 1170/666/710
f 556/664/708 557/667/711 555/665/709 553/662/706
f 556/664/708 558/668/712 560/669/713 557/667/711
f 548/657/701 559/656/700 558/668/712 556/664/708
f 559/656/700 564/670/714 561/671/715 558/668/712
f 558/668/712 561/671/715 562/672/716 560/669/713
f 562/672/716 561/671/715 563/673/717 583/674/718
f 561/671/715 564/670/714 565/675/719 563/673/717
f 547/653/697 566/676/720 564/670/714 559/656/700
f 564/670/714 566/676/720 567/677/721 565/675/719
f 544/652/696 568/678/722 566/676/720 547/653/697
f 566/676/720 568/678/722 569/679/723 567/677/721
f 542/649/693 570/680/724 568/678/722 544/652/696
f 568/678/722 570/680/724 571/681/725 569/679/723
f 539/627/671 520/622/666 570/680/724 542/649/693
f 570/680/724 520/622/666 517/621/665 571/681/725
f 569/679/723 571/681/725 572/682/726 573/683/727
f 571/681/725 517/621/665 515/620/664 572/682/726
f 572/682/726 515/620/664 487/589/633 484/586/630
f 573/683/727 572/682/726 484/586/630 482/584/628
f 574/684/728 573/683/727 482/584/628 575/585/629
f 567/677/721 569/679/723 573/683/727 574/684/728
f 576/685/729 574/684/728 575/585/629 578/686/730
f 565/675/719 567/677/721 574/684/728 576/685/729
f 563/673/717 565/675/719 576/685/729 577/687/731
f 577/687/731 576/685/729 578/686/730 579/688/732
f 575/585/629 477/577/621 474/574/618 578/686/730
f 578/686/730 474/574/618 471/571/615 579/688/732
f 579/688/732 471/571/615 468/568/612 580/689/733
f 582/690/734 577/687/731 579/688/732 580/689/733
f 580/689/733 468/568/612 465/565/609 581/691/735
f 584/692/736 582/690/734 580/689/733 581/691/735
f 586/693/737 583/674/718 582/690/734 584/692/736
f 583/674/718 563/673/717 577/687/731 582/690/734
f 585/694/738 584/692/736 581/691/735 1359/695/739
f 587/696/740 586/693/737 584/692/736 585/694/738
f 590/697/741 588/698/742 586/693/737 587/696/740
f 588/698/742 562/672/716 583/674/718 586/693/737
f 560/669/713 562/672/716 588/698/742 589/699/743
f 589/699/743 588/698/742 590/697/741 591/700/744
f 591/700/744 590/697/741 592/701/745 593/702/746
f 592/701/745 590/697/741 587/696/740 595/703/747
f 593/702/746 592/701/745 594/704/748 1347/705/749
f 594/704/748 592/701/745 595/703/747 596/706/750
f 596/706/750 595/703/747 597/707/751 599/708/752
f 595/703/747 587/696/740 585/694/738 597/707/751
f 597/707/751 585/694/738 1359/695/739 598/709/753
f 599/708/752 597/707/751 598/709/753 600/710/754
f 601/711/755 599/708/752 600/710/754 602/712/756
f 603/713/757 596/706/750 599/708/752 601/711/755
f 604/714/758 601/711/755 602/712/756 607/715/759
f 605/716/760 603/713/757 601/711/755 604/714/758
f 1356/717/761 605/716/760 604/714/758 606/718/762
f 606/718/762 604/714/758 607/715/759 609/719/763
f 602/712/756 1357/720/764 608/721/765 607/715/759
f 607/715/759 608/721/765 610/722/766 609/719/763
f 609/719/763 610/722/766 612/723/767 611/724/768
f 614/725/769 606/718/762 609/719/763 611/724/768
f 611/724/768 612/723/767 729/726/770 613/727/771
f 616/728/772 614/725/769 611/724/768 613/727/771
f 618/729/773 615/730/774 614/725/769 616/728/772
f 615/730/774 1356/717/761 606/718/762 614/725/769
f 617/731/775 616/728/772 613/727/771 728/732/776
f 619/733/777 618/729/773 616/728/772 617/731/775
f 622/734/778 620/735/779 618/729/773 619/733/777
f 620/735/779 623/736/780 615/730/774 618/729/773
f 625/737/781 623/736/780 620/735/779 621/738/782
f 621/738/782 620/735/779 622/734/778 641/739/783
f 623/736/780 624/740/784 1356/717/761 615/730/774
f 627/741/785 624/740/784 623/736/780 625/737/781
f 626/742/786 625/737/781 621/738/782 639/743/787
f 629/744/788 627/741/785 625/737/781 626/742/786
f 628/745/789 1355/746/790 624/740/784 627/741/785
f 630/747/791 628/745/789 627/741/785 629/744/788
f 629/744/788 626/742/786 634/748/792 631/749/793
f 630/747/791 629/744/788 631/749/793 633/750/794
f 632/751/795 631/749/793 634/748/792 635/752/796
f 1188/753/797 633/750/794 631/749/793 632/751/795
f 635/752/796 634/748/792 636/754/798 637/755/799
f 626/742/786 639/743/787 636/754/798 634/748/792
f 637/755/799 636/754/798 638/756/800 1197/757/801
f 639/743/787 640/758/802 638/756/800 636/754/798
f 639/743/787 621/738/782 641/739/783 640/758/802
f 640/758/802 642/759/803 643/760/804 638/756/800
f 640/758/802 641/739/783 644/761/805 642/759/803
f 642/759/803 645/762/806 647/763/807 643/760/804
f 642/759/803 644/761/805 646/764/808 645/762/806
f 645/762/806 646/764/808 649/765/809 648/766/810
f 645/762/806 648/766/810 651/767/811 647/763/807
f 648/766/810 649/765/809 661/768/812 650/769/813
f 648/766/810 650/769/813 653/770/814 651/767/811
f 652/771/815 651/767/811 653/770/814 654/772/816
f 1203/773/817 647/763/807 651/767/811 652/771/815
f 654/772/816 653/770/814 655/774/818 656/775/819
f 650/769/813 658/776/820 655/774/818 653/770/814
f 656/775/819 655/774/818 657/777/821 1134/778/822
f 658/776/820 659/779/823 657/777/821 655/774/818
f 658/776/820 660/780/824 662/781/825 659/779/823
f 650/769/813 661/768/812 660/780/824 658/776/820
f 661/768/812 666/782/826 663/783/827 660/780/824
f 660/780/824 663/783/827 664/784/828 662/781/825
f 664/784/828 663/783/827 665/785/829 690/786/830
f 663/783/827 666/782/826 667/787/831 665/785/829
f 649/765/809 668/788/832 666/782/826 661/768/812
f 666/782/826 668/788/832 669/789/833 667/787/831
f 646/764/808 670/790/834 668/788/832 649/765/809
f 668/788/832 670/790/834 671/791/835 669/789/833
f 644/761/805 672/792/836 670/790/834 646/764/808
f 670/790/834 672/792/836 673/793/837 671/791/835
f 641/739/783 622/734/778 672/792/836 644/761/805
f 672/792/836 622/734/778 619/733/777 673/793/837
f 671/791/835 673/793/837 674/794/838 676/795/839
f 673/793/837 619/733/777 617/731/775 674/794/838
f 674/794/838 617/731/775 728/732/776 675/796/840
f 676/795/839 674/794/838 675/796/840 677/797/841
f 678/798/842 676/795/839 677/797/841 679/799/843
f 669/789/833 671/791/835 676/795/839 678/798/842
f 680/800/844 678/798/842 679/799/843 682/801/845
f 667/787/831 669/789/833 678/798/842 680/800/844
f 665/785/829 667/787/831 680/800/844 681/802/846
f 681/802/846 680/800/844 682/801/845 684/803/847
f 679/799/843 721/804/848 683/805/849 682/801/845
f 682/801/845 683/805/849 685/806/850 684/803/847
f 684/803/847 685/806/850 687/807/851 686/808/852
f 689/809/853 681/802/846 684/803/847 686/808/852
f 686/808/852 687/807/851 710/810/854 688/811/855
f 691/812/856 689/809/853 686/808/852 688/811/855
f 693/813/857 690/786/830 689/809/853 691/812/856
f 690/786/830 665/785/829 681/802/846 689/809/853
f 692/814/858 691/812/856 688/811/855 707/815/859
f 694/816/860 693/813/857 691/812/856 692/814/858
f 697/817/861 695/818/862 693/813/857 694/816/860
f 695/818/862 664/784/828 690/786/830 693/813/857
f 662/781/825 664/784/828 695/818/862 696/819/863
f 696/819/863 695/818/862 697/817/861 698/820/864
f 698/820/864 697/817/861 699/821/865 700/822/866
f 699/821/865 697/817/861 694/816/860 702/823/867
f 700/822/866 699/821/865 701/824/868 1115/825/869
f 701/824/868 699/821/865 702/823/867 703/613/657
f 703/613/657 702/823/867 704/826/870 507/609/653
f 702/823/867 694/816/860 692/814/858 704/826/870
f 704/826/870 692/814/858 707/815/859 705/827/871
f 507/609/653 704/826/870 705/827/871 504/607/651
f 705/827/871 706/828/872 502/605/649 504/607/651
f 707/815/859 708/829/873 706/828/872 705/827/871
f 688/811/855 710/810/854 708/829/873 707/815/859
f 708/829/873 709/830/874 849/831/875 706/828/872
f 710/810/854 711/832/876 709/830/874 708/829/873
f 687/807/851 713/833/877 711/832/876 710/810/854
f 711/832/876 712/834/878 847/835/879 709/830/874
f 713/833/877 714/836/880 712/834/878 711/832/876
f 715/837/881 716/838/882 714/836/880 713/833/877
f 685/806/850 715/837/881 713/833/877 687/807/851
f 717/839/883 718/840/884 716/838/882 715/837/881
f 683/805/849 717/839/883 715/837/881 685/806/850
f 719/841/885 720/842/886 718/840/884 717/839/883
f 721/804/848 719/841/885 717/839/883 683/805/849
f 722/843/887 724/844/888 720/842/886 719/841/885
f 725/845/889 722/843/887 719/841/885 721/804/848
f 723/538/582 438/536/580 724/844/888 722/843/887
f 726/846/890 723/538/582 722/843/887 725/845/889
f 677/797/841 725/845/889 721/804/848 679/799/843
f 675/796/840 726/846/890 725/845/889 677/797/841
f 727/847/891 437/537/581 723/538/582 726/846/890
f 728/732/776 727/847/891 726/846/890 675/796/840
f 729/726/770 440/539/583 437/537/581 727/847/891
f 613/727/771 729/726/770 727/847/891 728/732/776
f 612/723/767 443/541/585 440/539/583 729/726/770
f 724/844/888 730/848/892 732/849/893 720/842/886
f 438/536/580 435/533/577 730/848/892 724/844/888
f 731/850/894 408/489/895 732/849/893 730/848/892
f 414/497/576 731/850/894 730/848/892 435/533/577
f 408/489/895 735/488/896 733/851/897 732/849/893
f 720/842/886 732/849/893 733/851/897 718/840/884
f 718/840/884 733/851/897 734/852/898 716/838/882
f 735/488/896 736/853/899 734/852/898 733/851/897
f 406/487/530 208/854/232 736/853/900 735/488/531
f 736/853/899 218/246/250 789/248/253 734/852/898
f 218/246/249 736/853/901 737/855/902 215/244/244
f 736/853/903 208/854/903 210/856/904 737/857/905
f 739/245/245 215/244/244 737/855/902 738/858/906
f 210/234/904 741/236/907 738/858/908 737/855/905
f 749/859/909 739/245/245 738/858/906 740/860/910
f 741/236/907 742/861/911 740/860/912 738/858/908
f 742/861/913 741/236/236 211/237/237 744/862/914
f 742/861/911 743/863/915 754/864/916 740/860/912
f 743/863/917 742/861/913 744/862/914 745/865/918
f 745/865/918 744/862/914 746/866/919 747/867/920
f 744/862/914 211/237/237 213/238/238 746/866/919
f 747/867/921 746/866/922 748/868/923 750/869/924
f 746/866/922 213/238/239 216/240/242 748/868/923
f 749/859/909 752/870/925 750/869/926 748/868/927
f 739/245/245 749/859/909 748/868/927 216/240/246
f 772/871/928 747/867/921 750/869/924 751/872/929
f 752/870/925 753/873/930 751/872/931 750/869/926
f 752/870/932 749/859/909 740/860/910 754/864/933
f 753/873/934 752/870/932 754/864/933 755/874/935
f 743/863/915 756/875/936 755/874/937 754/864/916
f 756/875/936 758/876/938 757/877/939 755/874/937
f 759/878/940 753/873/934 755/874/935 757/877/941
f 758/876/938 761/879/942 760/880/943 757/877/939
f 763/881/944 759/878/940 757/877/941 760/880/943
f 761/879/942 788/882/945 762/883/946 760/880/943
f 764/884/947 763/881/944 760/880/943 762/883/946
f 759/878/948 763/881/949 765/885/950 767/886/951
f 763/881/949 764/884/952 766/887/953 765/885/950
f 770/888/954 768/889/955 765/885/950 766/887/953
f 768/889/955 771/890/956 767/886/957 765/885/950
f 775/891/958 769/892/959 768/889/960 770/888/954
f 769/892/959 773/893/961 771/890/962 768/889/960
f 771/890/956 772/871/928 751/872/929 767/886/957
f 773/893/961 774/894/963 772/871/964 771/890/962
f 758/876/965 756/875/966 774/894/967 773/893/968
f 761/879/969 758/876/965 773/893/968 769/892/970
f 756/875/966 743/863/917 745/865/918 774/894/967
f 774/894/963 745/865/918 747/867/920 772/871/964
f 779/895/971 775/891/958 770/888/954 776/896/972
f 776/896/972 770/888/954 766/887/953 778/897/973
f 777/898/974 776/896/972 778/897/973 786/899/975
f 781/900/976 779/895/971 776/896/972 777/898/974
f 780/901/977 788/882/945 775/891/978 779/895/979
f 782/902/980 780/901/977 779/895/979 781/900/981
f 782/902/980 781/900/981 783/903/982 785/904/983
f 781/900/976 777/898/974 786/899/975 783/903/984
f 784/905/985 783/903/984 786/899/975 778/897/973
f 783/903/982 784/905/986 787/906/987 785/904/983
f 780/901/977 782/902/980 785/904/983 787/906/987
f 784/905/986 764/884/947 762/883/946 787/906/987
f 788/882/945 780/901/977 787/906/987 762/883/946
f 764/884/952 784/905/985 778/897/973 766/887/953
f 788/882/945 761/879/969 769/892/970 775/891/978
f 753/873/930 759/878/948 767/886/951 751/872/931
f 716/838/882 734/852/898 789/248/253 714/836/880
f 714/836/880 789/248/253 219/247/252 712/834/878
f 731/850/988 414/497/989 792/907/990 790/908/991
f 408/489/992 731/850/988 790/908/991 793/909/993
f 790/908/991 791/910/994 794/911/995 793/909/993
f 791/910/994 790/908/991 792/907/990 844/912/996
f 795/913/997 407/492/535 793/909/534 794/911/998
f 799/914/999 795/913/997 794/911/998 796/915/1000
f 791/910/994 798/916/1001 796/915/1002 794/911/995
f 798/916/1001 839/917/1003 797/918/1004 796/915/1002
f 801/919/1005 799/914/999 796/915/1000 797/918/1006
f 802/920/1007 800/921/1008 799/914/1009 801/919/1010
f 800/921/1008 846/922/1011 795/913/1012 799/914/1009
f 806/923/1013 802/920/1007 801/919/1010 803/924/1014
f 803/924/1015 801/919/1005 797/918/1006 805/925/1016
f 804/926/1017 803/924/1015 805/925/1016 823/927/1018
f 808/928/1019 806/923/1013 803/924/1014 804/926/1020
f 807/929/1021 841/930/1022 802/920/1007 806/923/1023
f 809/931/1024 807/929/1021 806/923/1023 808/928/1025
f 813/932/1026 809/931/1024 808/928/1025 810/933/1027
f 810/933/1028 808/928/1019 804/926/1020 812/934/1029
f 811/935/1030 810/933/1028 812/934/1029 824/936/1031
f 814/937/1032 813/932/1026 810/933/1027 811/935/1033
f 809/931/1034 813/932/1035 815/938/1036 817/939/1037
f 813/932/1035 814/937/1032 816/940/1038 815/938/1036
f 820/941/1039 818/942/1040 815/938/1036 816/940/1038
f 818/942/1040 819/943/1041 817/939/1042 815/938/1036
f 819/943/1043 818/942/1044 821/944/1045 823/927/1046
f 818/942/1044 820/941/1047 822/945/1048 821/944/1045
f 824/936/1031 812/934/1049 821/944/1045 822/945/1048
f 812/934/1049 804/926/1017 823/927/1018 821/944/1045
f 837/946/1050 819/943/1043 823/927/1046 805/925/1051
f 826/947/1052 824/936/1031 822/945/1048 825/948/1053
f 820/941/1047 828/949/1054 825/948/1053 822/945/1048
f 836/950/1055 826/947/1052 825/948/1053 827/951/1056
f 828/949/1054 829/952/1057 827/951/1056 825/948/1053
f 828/949/1058 820/941/1039 816/940/1038 830/953/1059
f 829/952/1060 828/949/1058 830/953/1059 832/954/1061
f 831/955/1062 833/956/1063 832/954/1061 830/953/1059
f 814/937/1032 831/955/1062 830/953/1059 816/940/1038
f 833/956/1063 834/957/1064 829/952/1060 832/954/1061
f 833/956/1063 831/955/1062 835/958/1065 834/957/1064
f 834/957/1066 835/958/1067 826/947/1052 836/950/1055
f 834/957/1066 836/950/1055 827/951/1056 829/952/1057
f 831/955/1062 814/937/1032 811/935/1033 835/958/1065
f 835/958/1067 811/935/1030 824/936/1031 826/947/1052
f 819/943/1041 837/946/1068 838/959/1069 817/939/1042
f 837/946/1068 839/917/1070 840/960/1071 838/959/1069
f 839/917/1003 837/946/1050 805/925/1051 797/918/1004
f 839/917/1070 798/916/1001 842/961/1072 840/960/1071
f 841/930/1073 807/929/1074 838/959/1075 840/960/1076
f 843/962/1077 841/930/1073 840/960/1076 842/961/1078
f 845/963/1079 843/962/1077 842/961/1078 844/912/1080
f 798/916/1001 791/910/994 844/912/996 842/961/1072
f 412/496/542 845/963/1079 844/912/1080 792/907/543
f 845/963/1081 412/496/540 410/493/537 846/922/1011
f 843/962/1082 845/963/1081 846/922/1011 800/921/1008
f 846/922/1011 410/493/537 407/492/536 795/913/1012
f 841/930/1022 843/962/1082 800/921/1008 802/920/1007
f 807/929/1074 809/931/1034 817/939/1037 838/959/1075
f 712/834/878 219/247/252 221/250/255 847/835/879
f 709/830/874 847/835/879 848/964/1083 849/831/875
f 847/835/879 221/250/255 223/252/259 848/964/1083
f 848/964/1083 223/252/259 852/254/262 850/965/1084
f 849/831/875 848/964/1083 850/965/1084 853/606/650
f 851/966/1085 501/603/647 853/606/650 850/965/1084
f 290/327/372 851/966/1085 850/965/1084 852/254/262
f 706/828/872 849/831/875 853/606/650 502/605/649
f 851/966/1085 290/327/372 292/329/374 854/967/1086
f 501/603/647 851/966/1085 854/967/1086 498/600/644
f 854/967/1086 292/329/374 856/332/379 855/968/1087
f 498/600/644 854/967/1086 855/968/1087 495/597/641
f 855/968/1087 856/332/379 858/373/434 857/969/1088
f 495/597/641 855/968/1087 857/969/1088 492/594/638
f 857/969/1088 858/373/434 324/372/433 859/970/1089
f 492/594/638 857/969/1088 859/970/1089 489/591/635
f 859/970/1089 324/372/433 862/375/436 860/971/1090
f 489/591/635 859/970/1089 860/971/1090 486/588/632
f 486/588/632 860/971/1090 861/582/626 479/581/625
f 860/971/1090 862/375/436 863/972/1091 861/582/626
f 325/374/435 332/382/1092 863/972/1091 862/375/436
f 332/382/1092 865/973/1093 864/974/1094 863/972/1091
f 861/582/626 863/972/1091 864/974/1094 480/579/623
f 865/973/1093 340/400/1095 866/975/1096 864/974/1094
f 480/579/623 864/974/1094 866/975/1096 476/576/620
f 340/400/1095 869/399/1097 867/976/1098 866/975/1096
f 476/576/620 866/975/1096 867/976/1098 473/573/617
f 473/573/617 867/976/1098 868/977/1099 470/570/614
f 869/399/1097 870/978/1100 868/977/1099 867/976/1098
f 338/398/458 347/412/469 870/978/1101 869/399/459
f 870/978/1100 871/979/1102 1008/980/1103 868/977/1099
f 871/979/1104 870/978/1105 872/981/1106 873/982/1107
f 870/978/1108 347/412/1108 875/983/1109 872/984/1110
f 1009/985/1111 873/982/1107 872/981/1106 874/986/1112
f 875/987/1109 876/988/1113 874/986/1114 872/981/1110
f 876/988/1115 875/987/1116 877/989/1117 878/990/1118
f 347/415/469 350/418/472 877/989/1117 875/987/1116
f 878/990/1118 877/989/1117 879/991/1119 880/992/1120
f 350/418/472 353/422/475 879/991/1119 877/989/1117
f 880/992/1121 879/991/1122 881/993/1123 882/994/1124
f 353/425/1125 883/995/1125 881/996/1123 879/997/1122
f 873/982/1107 1009/985/1111 882/994/1126 881/993/1127
f 883/995/1128 871/979/1104 873/982/1107 881/993/1127
f 871/979/1102 883/995/1129 884/998/1130 1008/980/1103
f 883/995/1129 885/999/1131 886/558/602 884/998/1130
f 353/425/475 355/428/478 885/999/1132 883/995/1133
f 885/999/1131 887/1000/1134 458/555/599 886/558/602
f 355/428/478 890/430/480 887/1000/1135 885/999/1132
f 887/1000/1134 888/1001/1136 454/552/596 458/555/599
f 888/1001/1137 887/1000/1138 889/1002/1139 901/1003/1140
f 887/1000/1141 890/430/1141 891/1004/1142 889/1005/1143
f 890/1006/480 892/1007/1144 893/1008/1145 891/1009/1146
f 890/1006/480 356/1010/479 363/1011/487 892/1007/1144
f 892/1007/1144 363/1011/487 366/1012/490 894/1013/1147
f 892/1007/1144 894/1013/1147 896/1014/1148 893/1008/1145
f 894/1015/1147 366/1016/490 369/1017/493 895/1018/1149
f 894/1015/1147 895/1018/1149 898/1019/1150 897/1020/1151
f 894/1015/1152 897/1020/1152 899/1021/1153 896/1022/1154
f 897/1020/1155 888/1001/1137 901/1003/1140 899/1023/1156
f 888/1001/1136 897/1020/1157 451/549/593 454/552/596
f 897/1020/1157 898/1019/1158 448/546/590 451/549/593
f 946/1024/1159 896/1014/1154 899/1023/1153 900/1025/1160
f 901/1003/1140 902/1026/1161 900/1025/1162 899/1023/1156
f 902/1026/1161 901/1003/1140 889/1002/1139 904/1027/1163
f 902/1026/1161 903/1028/1164 914/1029/1165 900/1025/1162
f 903/1028/1164 902/1026/1161 904/1027/1163 906/1030/1166
f 905/1031/1167 907/1032/1168 906/1030/1169 904/1027/1170
f 891/1009/1142 905/1031/1167 904/1027/1170 889/1002/1143
f 907/1032/1168 910/1033/1171 908/1034/1172 906/1030/1169
f 911/1035/1173 903/1028/1164 906/1030/1166 908/1034/1174
f 910/1033/1171 941/1036/1175 909/1037/1176 908/1034/1172
f 912/1038/1177 911/1035/1173 908/1034/1174 909/1037/1178
f 903/1028/1164 911/1035/1179 913/1039/1180 914/1029/1165
f 911/1035/1179 912/1038/1181 916/1040/1182 913/1039/1180
f 915/1041/1183 945/1042/1184 914/1029/1185 913/1039/1186
f 917/1043/1187 915/1041/1183 913/1039/1186 916/1040/1188
f 912/1038/1181 919/1044/1189 918/1045/1190 916/1040/1182
f 920/1046/1191 917/1043/1187 916/1040/1188 918/1045/1192
f 919/1044/1189 922/1047/1193 921/1048/1194 918/1045/1190
f 923/1049/1195 920/1046/1191 918/1045/1192 921/1048/1194
f 922/1047/1193 927/1050/1196 924/1051/1197 921/1048/1194
f 925/1052/1198 923/1049/1195 921/1048/1194 924/1051/1197
f 949/1053/1199 925/1052/1198 924/1051/1197 926/1054/1200
f 927/1050/1196 928/1055/1201 926/1054/1200 924/1051/1197
f 927/1050/1202 922/1047/1203 930/1056/1204 929/1057/1205
f 928/1055/1206 927/1050/1202 929/1057/1205 931/1058/1207
f 933/1059/1208 932/1060/1209 929/1057/1205 930/1056/1204
f 932/1060/1209 934/1061/1210 931/1058/1207 929/1057/1205
f 932/1060/1209 933/1059/1211 937/1062/1212 935/1063/1213
f 934/1061/1210 932/1060/1209 935/1063/1213 936/1064/1214
f 936/1064/1215 935/1063/1216 925/1052/1198 949/1053/1199
f 935/1063/1216 937/1062/1217 923/1049/1218 925/1052/1198
f 937/1062/1217 938/1065/1219 920/1046/1220 923/1049/1218
f 933/1059/1211 939/1066/1221 938/1065/1222 937/1062/1212
f 939/1066/1221 941/1036/1223 940/1067/1224 938/1065/1222
f 938/1065/1219 940/1067/1225 917/1043/1226 920/1046/1220
f 941/1036/1223 910/1033/1227 942/1068/1228 940/1067/1224
f 940/1067/1225 942/1068/1228 915/1041/1229 917/1043/1226
f 942/1068/1228 943/1069/1230 945/1042/1231 915/1041/1229
f 910/1033/1227 907/1032/1232 943/1069/1230 942/1068/1228
f 943/1069/1230 944/1070/1233 946/1024/1234 945/1042/1231
f 907/1032/1232 905/1031/1235 944/1070/1233 943/1069/1230
f 945/1042/1184 946/1024/1159 900/1025/1160 914/1029/1185
f 944/1070/1233 893/1008/1145 896/1014/1148 946/1024/1234
f 905/1031/1235 891/1009/1146 893/1008/1145 944/1070/1233
f 941/1036/1175 939/1066/1236 947/1071/1237 909/1037/1176
f 939/1066/1236 933/1059/1208 930/1056/1204 947/1071/1237
f 919/1044/1238 912/1038/1177 909/1037/1178 947/1071/1239
f 922/1047/1203 919/1044/1238 947/1071/1239 930/1056/1204
f 954/1072/1240 934/1061/1210 936/1064/1214 948/1073/1241
f 948/1073/1242 936/1064/1215 949/1053/1199 950/1074/1243
f 950/1074/1243 949/1053/1199 926/1054/1200 951/1075/1244
f 948/1073/1242 950/1074/1243 951/1075/1244 952/1076/1245
f 928/1055/1201 952/1076/1245 951/1075/1244 926/1054/1200
f 954/1072/1240 948/1073/1241 952/1076/1246 953/1077/1247
f 952/1076/1246 928/1055/1206 931/1058/1207 953/1077/1247
f 934/1061/1210 954/1072/1240 953/1077/1247 931/1058/1207
f 898/1019/1158 955/1078/1248 445/543/587 448/546/590
f 895/1018/1149 421/1079/551 955/1078/1249 898/1019/1150
f 955/1078/1248 431/529/569 442/531/572 445/543/587
f 431/529/568 955/1078/1250 956/1080/1251 428/527/563
f 955/1078/1252 421/1079/1252 423/1081/1253 956/1082/1254
f 958/528/564 428/527/563 956/1080/1251 957/1083/1255
f 423/517/1253 960/519/1256 957/1083/1257 956/1080/1254
f 968/1084/1258 958/528/564 957/1083/1255 959/1085/1259
f 960/519/1256 961/1086/1260 959/1085/1261 957/1083/1257
f 961/1086/1262 960/519/555 424/520/556 963/1087/1263
f 961/1086/1260 962/1088/1264 973/1089/1265 959/1085/1261
f 962/1088/1266 961/1086/1262 963/1087/1263 964/1090/1267
f 964/1090/1267 963/1087/1263 965/1091/1268 966/1092/1269
f 963/1087/1263 424/520/556 426/521/557 965/1091/1268
f 966/1092/1270 965/1091/1271 967/1093/1272 969/1094/1273
f 965/1091/1271 426/521/558 429/523/561 967/1093/1272
f 968/1084/1258 971/1095/1274 969/1094/1275 967/1093/1276
f 958/528/564 968/1084/1258 967/1093/1276 429/523/565
f 991/1096/1277 966/1092/1270 969/1094/1273 970/1097/1278
f 971/1095/1274 972/1098/1279 970/1097/1280 969/1094/1275
f 971/1095/1281 968/1084/1258 959/1085/1259 973/1089/1282
f 972/1098/1283 971/1095/1281 973/1089/1282 974/1099/1284
f 962/1088/1264 975/1100/1285 974/1099/1286 973/1089/1265
f 975/1100/1285 977/1101/1287 976/1102/1288 974/1099/1286
f 978/1103/1289 972/1098/1283 974/1099/1284 976/1102/1290
f 977/1101/1287 980/1104/1291 979/1105/1292 976/1102/1288
f 982/1106/1293 978/1103/1289 976/1102/1290 979/1105/1292
f 980/1104/1291 1007/1107/1294 981/1108/1295 979/1105/1292
f 983/1109/1296 982/1106/1293 979/1105/1292 981/1108/1295
f 978/1103/1297 982/1106/1298 984/1110/1299 986/1111/1300
f 982/1106/1298 983/1109/1301 985/1112/1302 984/1110/1299
f 989/1113/1303 987/1114/1304 984/1110/1299 985/1112/1302
f 987/1114/1304 990/1115/1305 986/1111/1306 984/1110/1299
f 994/1116/1307 988/1117/1308 987/1114/1309 989/1113/1303
f 988/1117/1308 992/1118/1310 990/1115/1311 987/1114/1309
f 990/1115/1305 991/1096/1277 970/1097/1278 986/1111/1306
f 992/1118/1310 993/1119/1312 991/1096/1313 990/1115/1311
f 977/1101/1314 975/1100/1315 993/1119/1316 992/1118/1317
f 980/1104/1318 977/1101/1314 992/1118/1317 988/1117/1319
f 975/1100/1315 962/1088/1266 964/1090/1267 993/1119/1316
f 993/1119/1312 964/1090/1267 966/1092/1269 991/1096/1313
f 998/1120/1320 994/1116/1307 989/1113/1303 995/1121/1321
f 995/1121/1321 989/1113/1303 985/1112/1302 997/1122/1322
f 996/1123/1323 995/1121/1321 997/1122/1322 1005/1124/1324
f 1000/1125/1325 998/1120/1320 995/1121/1321 996/1123/1323
f 999/1126/1326 1007/1107/1294 994/1116/1327 998/1120/1328
f 1001/1127/1329 999/1126/1326 998/1120/1328 1000/1125/1330
f 1001/1127/1329 1000/1125/1330 1002/1128/1331 1004/1129/1332
f 1000/1125/1325 996/1123/1323 1005/1124/1324 1002/1128/1333
f 1003/1130/1334 1002/1128/1333 1005/1124/1324 997/1122/1322
f 1002/1128/1331 1003/1130/1335 1006/1131/1336 1004/1129/1332
f 999/1126/1326 1001/1127/1329 1004/1129/1332 1006/1131/1336
f 1003/1130/1335 983/1109/1296 981/1108/1295 1006/1131/1336
f 1007/1107/1294 999/1126/1326 1006/1131/1336 981/1108/1295
f 983/1109/1301 1003/1130/1334 997/1122/1322 985/1112/1302
f 1007/1107/1294 980/1104/1318 988/1117/1319 994/1116/1327
f 972/1098/1279 978/1103/1297 986/1111/1300 970/1097/1280
f 895/1018/1149 369/1017/493 371/1132/496 421/1079/551
f 464/564/608 884/998/1130 886/558/602 457/557/601
f 467/567/611 1008/980/1103 884/998/1130 464/564/608
f 470/570/614 868/977/1099 1008/980/1103 467/567/611
f 1009/985/1111 1011/1133/1337 1010/1134/1338 882/994/1126
f 1012/1135/1339 880/992/1121 882/994/1124 1010/1134/1340
f 1011/1133/1337 1016/1136/1341 1013/1137/1342 1010/1134/1338
f 1014/1138/1343 1012/1135/1339 1010/1134/1340 1013/1137/1344
f 1028/1139/1345 1014/1138/1343 1013/1137/1344 1015/1140/1346
f 1016/1136/1341 1017/1141/1347 1015/1140/1348 1013/1137/1342
f 1016/1136/1349 1011/1133/1337 1019/1142/1350 1018/1143/1351
f 1017/1141/1352 1016/1136/1349 1018/1143/1351 1020/1144/1353
f 1022/1145/1354 1021/1146/1355 1018/1143/1356 1019/1142/1357
f 1021/1146/1355 1023/1147/1358 1020/1144/1359 1018/1143/1356
f 1021/1146/1360 1022/1145/1361 1026/1148/1362 1024/1149/1363
f 1023/1147/1364 1021/1146/1360 1024/1149/1363 1025/1150/1365
f 1025/1150/1366 1024/1149/1363 1014/1138/1367 1028/1139/1368
f 1024/1149/1363 1026/1148/1362 1012/1135/1369 1014/1138/1367
f 1026/1148/1362 878/990/1118 880/992/1120 1012/1135/1369
f 1022/1145/1361 876/988/1115 878/990/1118 1026/1148/1362
f 1043/1151/1370 1023/1147/1364 1025/1150/1365 1027/1152/1371
f 1027/1152/1372 1025/1150/1366 1028/1139/1368 1029/1153/1373
f 1029/1153/1374 1028/1139/1345 1015/1140/1346 1030/1154/1375
f 1031/1155/1376 1029/1153/1374 1030/1154/1375 1034/1156/1377
f 1032/1157/1378 1027/1152/1372 1029/1153/1373 1031/1155/1379
f 1047/1158/1380 1032/1157/1378 1031/1155/1379 1033/1159/1381
f 1033/1159/1381 1031/1155/1376 1034/1156/1377 1035/1160/1382
f 1036/1161/1383 1038/1162/1384 1035/1160/1382 1034/1156/1377
f 1037/1163/1385 1036/1161/1383 1034/1156/1377 1030/1154/1386
f 1036/1161/1387 1037/1163/1388 1042/1164/1389 1039/1165/1390
f 1038/1162/1391 1036/1161/1387 1039/1165/1390 1041/1166/1392
f 1040/1167/1393 1045/1168/1394 1041/1166/1392 1039/1165/1390
f 1043/1151/1395 1040/1167/1393 1039/1165/1390 1042/1164/1396
f 1023/1147/1358 1043/1151/1395 1042/1164/1396 1020/1144/1359
f 1037/1163/1388 1017/1141/1352 1020/1144/1353 1042/1164/1389
f 1040/1167/1397 1043/1151/1370 1027/1152/1371 1032/1157/1398
f 1045/1168/1394 1046/1169/1399 1044/1170/1400 1041/1166/1392
f 1053/1171/1401 1038/1162/1391 1041/1166/1392 1044/1170/1400
f 1045/1168/1394 1040/1167/1397 1032/1157/1398 1047/1158/1402
f 1046/1169/1399 1045/1168/1394 1047/1158/1402 1048/1172/1403
f 1048/1172/1404 1047/1158/1380 1033/1159/1381 1050/1173/1405
f 1057/1174/1406 1046/1169/1399 1048/1172/1403 1049/1175/1407
f 1049/1175/1408 1048/1172/1404 1050/1173/1405 1051/1176/1409
f 1051/1176/1409 1050/1173/1405 1052/1177/1410 1054/1178/1411
f 1050/1173/1405 1033/1159/1381 1035/1160/1382 1052/1177/1410
f 1053/1171/1412 1055/1179/1413 1054/1178/1411 1052/1177/1410
f 1038/1162/1384 1053/1171/1412 1052/1177/1410 1035/1160/1382
f 1049/1175/1408 1051/1176/1409 1054/1178/1411 1055/1179/1413
f 1055/1179/1414 1053/1171/1401 1044/1170/1400 1056/1180/1415
f 1057/1174/1406 1049/1175/1407 1055/1179/1414 1056/1180/1415
f 1046/1169/1399 1057/1174/1406 1056/1180/1415 1044/1170/1400
f 1017/1141/1347 1037/1163/1385 1030/1154/1386 1015/1140/1348
f 876/988/1113 1022/1145/1354 1019/1142/1357 874/986/1114
f 1011/1133/1337 1009/985/1111 874/986/1112 1019/1142/1350
f 865/973/1416 332/382/1417 1060/1181/1418 1058/1182/1419
f 340/400/1420 865/973/1416 1058/1182/1419 1061/1183/1421
f 1058/1182/1419 1059/1184/1422 1062/1185/1423 1061/1183/1421
f 1059/1184/1422 1058/1182/1419 1060/1181/1418 1112/1186/1424
f 1063/1187/1425 339/394/463 1061/1183/462 1062/1185/1426
f 1067/1188/1427 1063/1187/1425 1062/1185/1426 1064/1189/1428
f 1059/1184/1422 1066/1190/1429 1064/1189/1430 1062/1185/1423
f 1066/1190/1429 1107/1191/1431 1065/1192/1432 1064/1189/1430
f 1069/1193/1433 1067/1188/1427 1064/1189/1428 1065/1192/1434
f 1070/1194/1435 1068/1195/1436 1067/1188/1437 1069/1193/1438
f 1068/1195/1436 1114/1196/1439 1063/1187/1440 1067/1188/1437
f 1074/1197/1441 1070/1194/1435 1069/1193/1438 1071/1198/1442
f 1071/1198/1443 1069/1193/1433 1065/1192/1434 1073/1199/1444
f 1072/1200/1445 1071/1198/1443 1073/1199/1444 1091/1201/1446
f 1076/1202/1447 1074/1197/1441 1071/1198/1442 1072/1200/1448
f 1075/1203/1449 1109/1204/1450 1070/1194/1435 1074/1197/1451
f 1077/1205/1452 1075/1203/1449 1074/1197/1451 1076/1202/1453
f 1081/1206/1454 1077/1205/1452 1076/1202/1453 1078/1207/1455
f 1078/1207/1456 1076/1202/1447 1072/1200/1448 1080/1208/1457
f 1079/1209/1458 1078/1207/1456 1080/1208/1457 1092/1210/1459
f 1082/1211/1460 1081/1206/1454 1078/1207/1455 1079/1209/1461
f 1077/1205/1462 1081/1206/1463 1083/1212/1464 1085/1213/1465
f 1081/1206/1463 1082/1211/1460 1084/1214/1466 1083/1212/1464
f 1088/1215/1467 1086/1216/1468 1083/1212/1464 1084/1214/1466
f 1086/1216/1468 1087/1217/1469 1085/1213/1470 1083/1212/1464
f 1087/1217/1471 1086/1216/1472 1089/1218/1473 1091/1201/1474
f 1086/1216/1472 1088/1215/1475 1090/1219/1476 1089/1218/1473
f 1092/1210/1459 1080/1208/1477 1089/1218/1473 1090/1219/1476
f 1080/1208/1477 1072/1200/1445 1091/1201/1446 1089/1218/1473
f 1105/1220/1478 1087/1217/1471 1091/1201/1474 1073/1199/1479
f 1094/1221/1480 1092/1210/1459 1090/1219/1476 1093/1222/1481
f 1088/1215/1475 1096/1223/1482 1093/1222/1481 1090/1219/1476
f 1104/1224/1483 1094/1221/1480 1093/1222/1481 1095/1225/1484
f 1096/1223/1482 1097/1226/1485 1095/1225/1484 1093/1222/1481
f 1096/1223/1486 1088/1215/1467 1084/1214/1466 1098/1227/1487
f 1097/1226/1488 1096/1223/1486 1098/1227/1487 1100/1228/1489
f 1099/1229/1490 1101/1230/1491 1100/1228/1489 1098/1227/1487
f 1082/1211/1460 1099/1229/1490 1098/1227/1487 1084/1214/1466
f 1101/1230/1491 1102/1231/1492 1097/1226/1488 1100/1228/1489
f 1101/1230/1491 1099/1229/1490 1103/1232/1493 1102/1231/1492
f 1102/1231/1494 1103/1232/1495 1094/1221/1480 1104/1224/1483
f 1102/1231/1494 1104/1224/1483 1095/1225/1484 1097/1226/1485
f 1099/1229/1490 1082/1211/1460 1079/1209/1461 1103/1232/1493
f 1103/1232/1495 1079/1209/1458 1092/1210/1459 1094/1221/1480
f 1087/1217/1469 1105/1220/1496 1106/1233/1497 1085/1213/1470
f 1105/1220/1496 1107/1191/1498 1108/1234/1499 1106/1233/1497
f 1107/1191/1431 1105/1220/1478 1073/1199/1479 1065/1192/1432
f 1107/1191/1498 1066/1190/1429 1110/1235/1500 1108/1234/1499
f 1109/1204/1501 1075/1203/1502 1106/1233/1503 1108/1234/1504
f 1111/1236/1505 1109/1204/1501 1108/1234/1504 1110/1235/1506
f 1113/1237/1507 1111/1236/1505 1110/1235/1506 1112/1186/1508
f 1066/1190/1429 1059/1184/1422 1112/1186/1424 1110/1235/1500
f 331/389/448 1113/1237/1507 1112/1186/1508 1060/1181/449
f 1113/1237/1509 331/389/452 336/388/451 1114/1196/1439
f 1111/1236/1510 1113/1237/1509 1114/1196/1439 1068/1195/1436
f 1114/1196/1439 336/388/451 339/394/456 1063/1187/1440
f 1109/1204/1450 1111/1236/1510 1068/1195/1436 1070/1194/1435
f 1075/1203/1502 1077/1205/1462 1085/1213/1465 1106/1233/1503
f 293/331/378 323/349/431 858/373/434 856/332/379
f 703/613/657 506/612/656 1116/1238/1511 701/824/868
f 701/824/868 1116/1238/1511 1117/1239/1512 1115/825/869
f 1117/1239/1512 1116/1238/1511 1118/634/678 526/633/677
f 1118/634/678 1116/1238/1511 506/612/656 509/611/655
f 522/628/672 1118/634/678 509/611/655 511/614/658
f 1117/1239/1512 1119/1240/1513 1120/1241/1514 1115/825/869
f 1119/1240/1513 1117/1239/1512 526/633/677 528/635/679
f 1119/1240/1513 528/635/679 531/638/682 1121/1242/1515
f 1120/1241/1514 1119/1240/1513 1121/1242/1515 1123/1243/1516
f 1121/1242/1515 1122/1244/1517 1124/1245/1518 1123/1243/1516
f 1122/1244/1517 1121/1242/1515 531/638/682 1146/641/685
f 1126/1246/1519 1125/1247/1520 1123/1243/1516 1124/1245/1518
f 1128/1248/1521 1120/1241/1514 1123/1243/1516 1125/1247/1520
f 1135/1249/1522 1127/1250/1523 1125/1247/1520 1126/1246/1519
f 1129/1251/1524 1128/1248/1521 1125/1247/1520 1127/1250/1523
f 1128/1248/1521 700/822/866 1115/825/869 1120/1241/1514
f 1129/1251/1524 698/820/864 700/822/866 1128/1248/1521
f 1130/1252/1525 1129/1251/1524 1127/1250/1523 1131/1253/1526
f 1130/1252/1525 696/819/863 698/820/864 1129/1251/1524
f 659/779/823 1130/1252/1525 1131/1253/1526 657/777/821
f 659/779/823 662/781/825 696/819/863 1130/1252/1525
f 1132/1254/1527 1131/1253/1526 1127/1250/1523 1135/1249/1522
f 1134/778/822 657/777/821 1131/1253/1526 1132/1254/1527
f 1133/1255/1528 1132/1254/1527 1135/1249/1522 1136/1256/1529
f 1210/1257/1530 1134/778/822 1132/1254/1527 1133/1255/1528
f 1136/1256/1529 1135/1249/1522 1126/1246/1519 1138/1258/1531
f 1137/1259/1532 1136/1256/1529 1138/1258/1531 1139/1260/1533
f 1212/1261/1534 1133/1255/1528 1136/1256/1529 1137/1259/1532
f 1139/1260/1533 1138/1258/1531 1140/1262/1535 1141/1263/1536
f 1138/1258/1531 1126/1246/1519 1124/1245/1518 1140/1262/1535
f 1142/1264/1537 1143/1265/1538 1141/1263/1536 1140/1262/1535
f 1122/1244/1517 1142/1264/1537 1140/1262/1535 1124/1245/1518
f 1142/1264/1537 1122/1244/1517 1146/641/685 1144/1266/1539
f 1143/1265/1538 1142/1264/1537 1144/1266/1539 1145/1267/1540
f 1145/1267/1540 1144/1266/1539 1147/1268/1541 1148/1269/1542
f 1144/1266/1539 1146/641/685 530/639/683 1147/1268/1541
f 1148/1269/1542 1147/1268/1541 1149/1270/1543 1150/1271/1544
f 1147/1268/1541 530/639/683 533/640/684 1149/1270/1543
f 1150/1271/1544 1149/1270/1543 1151/1272/1545 1152/1273/1546
f 1149/1270/1543 533/640/684 535/643/687 1151/1272/1545
f 1152/1273/1546 1151/1272/1545 1153/1274/1547 1154/1275/1548
f 1151/1272/1545 535/643/687 1155/645/689 1153/1274/1547
f 1154/1275/1548 1153/1274/1547 1156/1276/1549 1157/1277/1550
f 1153/1274/1547 1155/645/689 1158/1278/1551 1156/1276/1549
f 1157/1277/1550 1156/1276/1549 1159/1279/1552 1160/1280/1553
f 1156/1276/1549 1158/1278/1551 1161/661/705 1159/1279/1552
f 1160/1280/1553 1159/1279/1552 1162/1281/1554 1163/1282/1555
f 1159/1279/1552 1161/661/705 550/659/703 1162/1281/1554
f 1163/1282/1555 1162/1281/1554 1164/1283/1556 1165/1284/1557
f 1162/1281/1554 550/659/703 552/660/704 1164/1283/1556
f 1165/1284/1557 1164/1283/1556 1166/1285/1558 1167/1286/1559
f 1164/1283/1556 552/660/704 554/663/707 1166/1285/1558
f 1167/1286/1559 1166/1285/1558 1168/1287/1560 1169/1288/1561
f 1166/1285/1558 554/663/707 1170/666/710 1168/1287/1560
f 1169/1288/1561 1168/1287/1560 1171/1289/1562 1172/1290/1563
f 1168/1287/1560 1170/666/710 1173/1291/1564 1171/1289/1562
f 1172/1290/1563 1171/1289/1562 1174/1292/1565 1175/1293/1566
f 1171/1289/1562 1173/1291/1564 1176/1294/1567 1174/1292/1565
f 1175/1293/1566 1174/1292/1565 1177/1295/1568 1178/1296/1569
f 1174/1292/1565 1176/1294/1567 1179/1297/1570 1177/1295/1568
f 1178/1296/1569 1177/1295/1568 1180/1298/1571 1181/1299/1572
f 1177/1295/1568 1179/1297/1570 1182/1300/1573 1180/1298/1571
f 1181/1299/1572 1180/1298/1571 1183/1301/1574 1184/1302/1575
f 1180/1298/1571 1182/1300/1573 1185/1303/1576 1183/1301/1574
f 1184/1302/1575 1183/1301/1574 1186/1304/1577 1187/1305/1578
f 1183/1301/1574 1185/1303/1576 1188/753/797 1186/1304/1577
f 1187/1305/1578 1186/1304/1577 1189/1306/1579 1190/1307/1580
f 1186/1304/1577 1188/753/797 632/751/795 1189/1306/1579
f 1190/1307/1580 1189/1306/1579 1191/1308/1581 1192/1309/1582
f 1189/1306/1579 632/751/795 635/752/796 1191/1308/1581
f 1192/1309/1582 1191/1308/1581 1193/1310/1583 1194/1311/1584
f 1191/1308/1581 635/752/796 637/755/799 1193/1310/1583
f 1194/1311/1584 1193/1310/1583 1195/1312/1585 1196/1313/1586
f 1193/1310/1583 637/755/799 1197/757/801 1195/1312/1585
f 1196/1313/1586 1195/1312/1585 1198/1314/1587 1199/1315/1588
f 1195/1312/1585 1197/757/801 1200/1316/1589 1198/1314/1587
f 1199/1315/1588 1198/1314/1587 1201/1317/1590 1202/1318/1591
f 1198/1314/1587 1200/1316/1589 1203/773/817 1201/1317/1590
f 1202/1318/1591 1201/1317/1590 1204/1319/1592 1205/1320/1593
f 1201/1317/1590 1203/773/817 652/771/815 1204/1319/1592
f 1205/1320/1593 1204/1319/1592 1206/1321/1594 1207/1322/1595
f 1204/1319/1592 652/771/815 654/772/816 1206/1321/1594
f 1207/1322/1595 1206/1321/1594 1208/1323/1596 1209/1324/1597
f 1206/1321/1594 654/772/816 656/775/819 1208/1323/1596
f 1209/1324/1597 1208/1323/1596 1210/1257/1530 1211/1325/1598
f 1208/1323/1596 656/775/819 1134/778/822 1210/1257/1530
f 1211/1325/1598 1210/1257/1530 1133/1255/1528 1212/1261/1534
f 1215/1326/1599 1209/1324/1597 1211/1325/1598 1213/1327/1600
f 1213/1327/1600 1211/1325/1598 1212/1261/1534 1216/1328/1601
f 1214/1329/1602 1213/1327/1600 1216/1328/1601 1217/1330/1603
f 1240/1331/1604 1215/1326/1599 1213/1327/1600 1214/1329/1602
f 1217/1330/1603 1216/1328/1601 1218/1332/1605 1219/1333/1606
f 1216/1328/1601 1212/1261/1534 1137/1259/1532 1218/1332/1605
f 1219/1333/1606 1218/1332/1605 1220/1334/1607 1221/1335/1608
f 1218/1332/1605 1137/1259/1532 1139/1260/1533 1220/1334/1607
f 1221/1335/1608 1220/1334/1607 1222/1336/1609 1224/1337/1610
f 1220/1334/1607 1139/1260/1533 1141/1263/1536 1222/1336/1609
f 1223/1338/1611 1225/1339/1612 1224/1337/1610 1222/1336/1609
f 1143/1265/1538 1223/1338/1611 1222/1336/1609 1141/1263/1536
f 1225/1339/1612 1227/1340/1613 1226/1341/1614 1224/1337/1610
f 1229/1342/1615 1221/1335/1608 1224/1337/1610 1226/1341/1614
f 1227/1340/1613 1341/1343/1616 1228/1344/1617 1226/1341/1614
f 1230/1345/1618 1229/1342/1615 1226/1341/1614 1228/1344/1617
f 1232/1346/1619 1231/1347/1620 1229/1342/1615 1230/1345/1618
f 1231/1347/1620 1219/1333/1606 1221/1335/1608 1229/1342/1615
f 1234/1348/1621 1233/1349/1622 1231/1347/1620 1232/1346/1619
f 1233/1349/1622 1217/1330/1603 1219/1333/1606 1231/1347/1620
f 1236/1350/1623 1235/1351/1624 1233/1349/1622 1234/1348/1621
f 1235/1351/1624 1214/1329/1602 1217/1330/1603 1233/1349/1622
f 1238/1352/1625 1237/1353/1626 1235/1351/1624 1236/1350/1623
f 1237/1353/1626 1240/1331/1604 1214/1329/1602 1235/1351/1624
f 1340/1354/1627 1239/1355/1628 1237/1353/1626 1238/1352/1625
f 1239/1355/1628 1241/1356/1629 1240/1331/1604 1237/1353/1626
f 1241/1356/1629 1243/1357/1630 1215/1326/1599 1240/1331/1604
f 1337/1358/1631 1242/1359/1632 1241/1356/1629 1239/1355/1628
f 1242/1359/1632 1244/1360/1633 1243/1357/1630 1241/1356/1629
f 1244/1360/1633 1205/1320/1593 1207/1322/1595 1243/1357/1630
f 1243/1357/1630 1207/1322/1595 1209/1324/1597 1215/1326/1599
f 1246/1361/1634 1245/1362/1635 1244/1360/1633 1242/1359/1632
f 1245/1362/1635 1202/1318/1591 1205/1320/1593 1244/1360/1633
f 1248/1363/1636 1247/1364/1637 1245/1362/1635 1246/1361/1634
f 1247/1364/1637 1199/1315/1588 1202/1318/1591 1245/1362/1635
f 1250/1365/1638 1249/1366/1639 1247/1364/1637 1248/1363/1636
f 1249/1366/1639 1196/1313/1586 1199/1315/1588 1247/1364/1637
f 1252/1367/1640 1251/1368/1641 1249/1366/1639 1250/1365/1638
f 1251/1368/1641 1194/1311/1584 1196/1313/1586 1249/1366/1639
f 1254/1369/1642 1253/1370/1643 1251/1368/1641 1252/1367/1640
f 1253/1370/1643 1192/1309/1582 1194/1311/1584 1251/1368/1641
f 1256/1371/1644 1255/1372/1645 1253/1370/1643 1254/1369/1642
f 1255/1372/1645 1190/1307/1580 1192/1309/1582 1253/1370/1643
f 1258/1373/1646 1257/1374/1647 1255/1372/1645 1256/1371/1644
f 1257/1374/1647 1187/1305/1578 1190/1307/1580 1255/1372/1645
f 1260/1375/1648 1259/1376/1649 1257/1374/1647 1258/1373/1646
f 1259/1376/1649 1184/1302/1575 1187/1305/1578 1257/1374/1647
f 1262/1377/1650 1261/1378/1651 1259/1376/1649 1260/1375/1648
f 1261/1378/1651 1181/1299/1572 1184/1302/1575 1259/1376/1649
f 1264/1379/1652 1263/1380/1653 1261/1378/1651 1262/1377/1650
f 1263/1380/1653 1178/1296/1569 1181/1299/1572 1261/1378/1651
f 1266/1381/1654 1265/1382/1655 1263/1380/1653 1264/1379/1652
f 1265/1382/1655 1175/1293/1566 1178/1296/1569 1263/1380/1653
f 1268/1383/1656 1267/1384/1657 1265/1382/1655 1266/1381/1654
f 1267/1384/1657 1172/1290/1563 1175/1293/1566 1265/1382/1655
f 1270/1385/1658 1269/1386/1659 1267/1384/1657 1268/1383/1656
f 1269/1386/1659 1169/1288/1561 1172/1290/1563 1267/1384/1657
f 1272/1387/1660 1271/1388/1661 1269/1386/1659 1270/1385/1658
f 1271/1388/1661 1167/1286/1559 1169/1288/1561 1269/1386/1659
f 1274/1389/1662 1273/1390/1663 1271/1388/1661 1272/1387/1660
f 1273/1390/1663 1165/1284/1557 1167/1286/1559 1271/1388/1661
f 1276/1391/1664 1275/1392/1665 1273/1390/1663 1274/1389/1662
f 1275/1392/1665 1163/1282/1555 1165/1284/1557 1273/1390/1663
f 1278/1393/1666 1277/1394/1667 1275/1392/1665 1276/1391/1664
f 1277/1394/1667 1160/1280/1553 1163/1282/1555 1275/1392/1665
f 1280/1395/1668 1279/1396/1669 1277/1394/1667 1278/1393/1666
f 1279/1396/1669 1157/1277/1550 1160/1280/1553 1277/1394/1667
f 1282/1397/1670 1281/1398/1671 1279/1396/1669 1280/1395/1668
f 1281/1398/1671 1154/1275/1548 1157/1277/1550 1279/1396/1669
f 1284/1399/1672 1283/1400/1673 1281/1398/1671 1282/1397/1670
f 1283/1400/1673 1152/1273/1546 1154/1275/1548 1281/1398/1671
f 1286/1401/1674 1285/1402/1675 1283/1400/1673 1284/1399/1672
f 1285/1402/1675 1150/1271/1544 1152/1273/1546 1283/1400/1673
f 1288/1403/1676 1287/1404/1677 1285/1402/1675 1286/1401/1674
f 1287/1404/1677 1148/1269/1542 1150/1271/1544 1285/1402/1675
f 1290/1405/1678 1289/1406/1679 1287/1404/1677 1288/1403/1676
f 1289/1406/1679 1145/1267/1540 1148/1269/1542 1287/1404/1677
f 1223/1338/1611 1143/1265/1538 1145/1267/1540 1289/1406/1679
f 1225/1339/1612 1223/1338/1611 1289/1406/1679 1290/1405/1678
f 1227/1340/1613 1225/1339/1612 1290/1405/1678 1291/1407/1680
f 1291/1407/1680 1290/1405/1678 1288/1403/1676 1293/1408/1681
f 1341/1343/1616 1227/1340/1613 1291/1407/1680 1292/1409/1682
f 1292/1409/1682 1291/1407/1680 1293/1408/1681 1294/1410/1683
f 1294/1410/1683 1293/1408/1681 1295/1411/1684 1296/1412/1685
f 1293/1408/1681 1288/1403/1676 1286/1401/1674 1295/1411/1684
f 1296/1412/1685 1295/1411/1684 1297/1413/1686 1298/1414/1687
f 1295/1411/1684 1286/1401/1674 1284/1399/1672 1297/1413/1686
f 1298/1414/1687 1297/1413/1686 1299/1415/1688 1300/1416/1689
f 1297/1413/1686 1284/1399/1672 1282/1397/1670 1299/1415/1688
f 1300/1416/1689 1299/1415/1688 1301/1417/1690 1302/1418/1691
f 1299/1415/1688 1282/1397/1670 1280/1395/1668 1301/1417/1690
f 1302/1418/1691 1301/1417/1690 1303/1419/1692 1304/1420/1693
f 1301/1417/1690 1280/1395/1668 1278/1393/1666 1303/1419/1692
f 1304/1420/1693 1303/1419/1692 1305/1421/1694 1306/1422/1695
f 1303/1419/1692 1278/1393/1666 1276/1391/1664 1305/1421/1694
f 1306/1422/1695 1305/1421/1694 1307/1423/1696 1308/1424/1697
f 1305/1421/1694 1276/1391/1664 1274/1389/1662 1307/1423/1696
f 1308/1424/1697 1307/1423/1696 1309/1425/1698 1310/1426/1699
f 1307/1423/1696 1274/1389/1662 1272/1387/1660 1309/1425/1698
f 1310/1426/1699 1309/1425/1698 1311/1427/1700 1312/1428/1701
f 1309/1425/1698 1272/1387/1660 1270/1385/1658 1311/1427/1700
f 1312/1428/1701 1311/1427/1700 1313/1429/1702 1314/1430/1703
f 1311/1427/1700 1270/1385/1658 1268/1383/1656 1313/1429/1702
f 1314/1430/1703 1313/1429/1702 1315/1431/1704 1316/1432/1705
f 1313/1429/1702 1268/1383/1656 1266/1381/1654 1315/1431/1704
f 1316/1432/1705 1315/1431/1704 1317/1433/1706 1318/1434/1707
f 1315/1431/1704 1266/1381/1654 1264/1379/1652 1317/1433/1706
f 1318/1434/1707 1317/1433/1706 1319/1435/1708 1320/1436/1709
f 1317/1433/1706 1264/1379/1652 1262/1377/1650 1319/1435/1708
f 1320/1436/1709 1319/1435/1708 1321/1437/1710 1322/1438/1711
f 1319/1435/1708 1262/1377/1650 1260/1375/1648 1321/1437/1710
f 1322/1438/1711 1321/1437/1710 1323/1439/1712 1324/1440/1713
f 1321/1437/1710 1260/1375/1648 1258/1373/1646 1323/1439/1712
f 1324/1440/1713 1323/1439/1712 1325/1441/1714 1326/1442/1715
f 1323/1439/1712 1258/1373/1646 1256/1371/1644 1325/1441/1714
f 1326/1442/1715 1325/1441/1714 1327/1443/1716 1328/1444/1717
f 1325/1441/1714 1256/1371/1644 1254/1369/1642 1327/1443/1716
f 1328/1444/1717 1327/1443/1716 1329/1445/1718 1330/1446/1719
f 1327/1443/1716 1254/1369/1642 1252/1367/1640 1329/1445/1718
f 1330/1446/1719 1329/1445/1718 1331/1447/1720 1332/1448/1721
f 1329/1445/1718 1252/1367/1640 1250/1365/1638 1331/1447/1720
f 1332/1448/1721 1331/1447/1720 1333/1449/1722 1334/1450/1723
f 1331/1447/1720 1250/1365/1638 1248/1363/1636 1333/1449/1722
f 1334/1450/1723 1333/1449/1722 1335/1451/1724 1336/1452/1725
f 1333/1449/1722 1248/1363/1636 1246/1361/1634 1335/1451/1724
f 1336/1452/1725 1335/1451/1724 1337/1358/1631 1338/1453/1726
f 1335/1451/1724 1246/1361/1634 1242/1359/1632 1337/1358/1631
f 1338/1453/1726 1337/1358/1631 1239/1355/1628 1340/1354/1627
f 1339/1454/1727 1338/1453/1726 1340/1354/1627
f 1339/1454/1727 1336/1452/1725 1338/1453/1726
f 1339/1454/1727 1340/1354/1627 1238/1352/1625
f 1339/1454/1727 1292/1409/1682 1294/1410/1683
f 1339/1454/1727 1341/1343/1616 1292/1409/1682
f 1341/1343/1616 1339/1454/1727 1228/1344/1617
f 1339/1454/1727 1294/1410/1683 1296/1412/1685
f 1339/1454/1727 1296/1412/1685 1298/1414/1687
f 1339/1454/1727 1298/1414/1687 1300/1416/1689
f 1339/1454/1727 1300/1416/1689 1302/1418/1691
f 1339/1454/1727 1302/1418/1691 1304/1420/1693
f 1339/1454/1727 1304/1420/1693 1306/1422/1695
f 1339/1454/1727 1306/1422/1695 1308/1424/1697
f 1339/1454/1727 1308/1424/1697 1310/1426/1699
f 1339/1454/1727 1310/1426/1699 1312/1428/1701
f 1339/1454/1727 1312/1428/1701 1314/1430/1703
f 1339/1454/1727 1314/1430/1703 1316/1432/1705
f 1339/1454/1727 1316/1432/1705 1318/1434/1707
f 1339/1454/1727 1318/1434/1707 1320/1436/1709
f 1339/1454/1727 1320/1436/1709 1322/1438/1711
f 1339/1454/1727 1322/1438/1711 1324/1440/1713
f 1339/1454/1727 1324/1440/1713 1326/1442/1715
f 1339/1454/1727 1326/1442/1715 1328/1444/1717
f 1339/1454/1727 1328/1444/1717 1330/1446/1719
f 1339/1454/1727 1330/1446/1719 1332/1448/1721
f 1339/1454/1727 1332/1448/1721 1334/1450/1723
f 1339/1454/1727 1334/1450/1723 1336/1452/1725
f 1339/1454/1727 1238/1352/1625 1236/1350/1623
f 1339/1454/1727 1236/1350/1623 1234/1348/1621
f 1339/1454/1727 1234/1348/1621 1232/1346/1619
f 1339/1454/1727 1232/1346/1619 1230/1345/1618
f 1339/1454/1727 1230/1345/1618 1228/1344/1617
f 1200/1316/1589 643/760/804 647/763/807 1203/773/817
f 1197/757/801 638/756/800 643/760/804 1200/1316/1589
f 1185/1303/1576 1342/1455/1728 633/750/794 1188/753/797
f 1182/1300/1573 1343/1456/1729 1342/1455/1728 1185/1303/1576
f 1346/1457/1730 1344/1458/1731 1342/1455/1728 1343/1456/1729
f 1344/1458/1731 630/747/791 633/750/794 1342/1455/1728
f 1344/1458/1731 1345/1459/1732 628/745/789 630/747/791
f 1346/1457/1730 1347/705/749 1345/1459/1732 1344/1458/1731
f 1348/1460/1733 593/702/746 1347/705/749 1346/1457/1730
f 1348/1460/1733 1346/1457/1730 1343/1456/1729 1349/1461/1734
f 1350/1462/1735 1348/1460/1733 1349/1461/1734 1351/1463/1736
f 1350/1462/1735 591/700/744 593/702/746 1348/1460/1733
f 1352/1464/1737 1350/1462/1735 1351/1463/1736 1353/1465/1738
f 1352/1464/1737 589/699/743 591/700/744 1350/1462/1735
f 557/667/711 1352/1464/1737 1353/1465/1738 555/665/709
f 557/667/711 560/669/713 589/699/743 1352/1464/1737
f 1173/1291/1564 1353/1465/1738 1351/1463/1736 1176/1294/1567
f 1170/666/710 555/665/709 1353/1465/1738 1173/1291/1564
f 1176/1294/1567 1351/1463/1736 1349/1461/1734 1179/1297/1570
f 1179/1297/1570 1349/1461/1734 1343/1456/1729 1182/1300/1573
f 1347/705/749 594/704/748 1354/1466/1739 1345/1459/1732
f 1345/1459/1732 1354/1466/1739 1355/746/790 628/745/789
f 1355/746/790 1354/1466/1739 603/713/757 605/716/760
f 1354/1466/1739 594/704/748 596/706/750 603/713/757
f 624/740/784 1355/746/790 605/716/760 1356/717/761
f 1158/1278/1551 541/648/692 545/651/695 1161/661/705
f 1155/645/689 536/644/688 541/648/692 1158/1278/1551
f 610/722/766 446/544/588 443/541/585 612/723/767
f 608/721/765 449/547/591 446/544/588 610/722/766
f 1357/720/764 452/550/594 449/547/591 608/721/765
f 1358/561/605 455/553/597 452/550/594 1357/720/764
f 600/710/754 1358/561/605 1357/720/764 602/712/756
f 598/709/753 460/560/604 1358/561/605 600/710/754
f 1359/695/739 462/562/606 460/560/604 598/709/753
f 581/691/735 465/565/609 462/562/606 1359/695/739
f 406/487/530 401/486/525 205/1467/230 208/854/232
f 392/193/195 390/469/518 171/185/1740 173/187/196
f 390/469/518 1360/470/519 1362/186/1741 171/185/1740
f 1360/470/519 1361/1468/1742 1363/1469/1743 1362/186/1741
f 1361/1468/1742 1360/470/519 384/460/509 381/457/506
f 1362/186/186 1363/1469/1744 1365/183/183 168/181/181
f 1361/1468/1742 1479/1470/1745 1364/1471/1746 1363/1469/1743
f 1363/1469/1744 1364/1471/1747 1366/1472/1748 1365/183/183
f 1366/1472/1748 163/177/177 165/178/178 1365/183/183
f 1364/1471/1747 1370/1473/1749 1367/1474/1750 1366/1472/1748
f 1367/1474/1750 1369/176/176 163/177/177 1366/1472/1748
f 1368/1475/1751 1478/1476/1752 1369/176/176 1367/1474/1750
f 1370/1473/1749 1372/1477/1753 1368/1475/1751 1367/1474/1750
f 1479/1470/1745 1371/1478/1754 1370/1473/1755 1364/1471/1746
f 1371/1478/1754 1373/1479/1756 1372/1477/1757 1370/1473/1755
f 1373/1479/1756 1375/1480/1758 1374/1481/1759 1372/1477/1757
f 1372/1477/1753 1374/1481/1760 1377/1482/1761 1368/1475/1751
f 1375/1480/1758 1408/1483/1762 1376/1484/1763 1374/1481/1759
f 1374/1481/1760 1376/1484/1764 1379/1485/1765 1377/1482/1761
f 1377/1482/1761 1378/1486/1766 1478/1476/1752 1368/1475/1751
f 1379/1485/1765 1380/1487/1767 1378/1486/1766 1377/1482/1761
f 1376/1484/1764 1383/1488/1768 1381/1489/1769 1379/1485/1765
f 1381/1489/1769 1384/1490/1770 1380/1487/1767 1379/1485/1765
f 1382/1491/1771 1385/1492/1772 1384/1490/1770 1381/1489/1769
f 1383/1488/1768 1406/1493/1773 1382/1491/1771 1381/1489/1769
f 1385/1492/1772 144/157/157 147/160/160 1384/1490/1770
f 1384/1490/1770 147/160/160 150/163/163 1380/1487/1767
f 1387/1494/1774 1386/1495/1775 1385/1492/1772 1382/1491/1771
f 1386/1495/1775 141/154/154 144/157/157 1385/1492/1772
f 1389/1496/1776 1388/1497/1777 1386/1495/1775 1387/1494/1774
f 1388/1497/1777 138/151/151 141/154/154 1386/1495/1775
f 1392/1498/1778 1390/1499/1779 1388/1497/1777 1389/1496/1776
f 1390/1499/1779 135/148/148 138/151/151 1388/1497/1777
f 1391/1500/1780 132/145/145 135/148/148 1390/1499/1779
f 1393/1501/1781 1391/1500/1780 1390/1499/1779 1392/1498/1778
f 1394/1502/1782 1396/1503/1783 1393/1501/1781 1392/1498/1778
f 1397/1504/1784 1394/1502/1782 1392/1498/1778 1389/1496/1776
f 1399/1505/1785 1395/1506/1786 1394/1502/1787 1397/1504/1788
f 1395/1506/1786 1416/1507/1789 1396/1503/1790 1394/1502/1787
f 1398/1508/1791 1397/1504/1784 1389/1496/1776 1387/1494/1774
f 1401/1509/1792 1399/1505/1785 1397/1504/1788 1398/1508/1793
f 1395/1506/1786 1399/1505/1785 1400/1510/1794 1412/1511/1795
f 1399/1505/1785 1401/1509/1792 1402/1512/1796 1400/1510/1794
f 1401/1509/1792 1403/1513/1797 1404/1514/1798 1402/1512/1796
f 1403/1513/1797 1401/1509/1792 1398/1508/1793 1406/1493/1799
f 1403/1513/1797 1405/1515/1800 1407/1516/1801 1404/1514/1798
f 1405/1515/1800 1403/1513/1797 1406/1493/1799 1383/1488/1802
f 1406/1493/1773 1398/1508/1791 1387/1494/1774 1382/1491/1771
f 1405/1515/1800 1408/1483/1762 1409/1517/1803 1407/1516/1801
f 1408/1483/1762 1405/1515/1800 1383/1488/1802 1376/1484/1763
f 1408/1483/1762 1375/1480/1758 1410/451/500 1409/1517/1803
f 365/439/488 1409/1517/1803 1410/451/500 368/442/491
f 362/436/485 1407/1516/1801 1409/1517/1803 365/439/488
f 1375/1480/1758 1373/1479/1756 374/452/501 1410/451/500
f 360/435/484 1404/1514/1798 1407/1516/1801 362/436/485
f 358/434/483 1402/1512/1796 1404/1514/1798 360/435/484
f 1411/433/482 1400/1510/1794 1402/1512/1796 358/434/483
f 1413/1518/1804 1412/1511/1795 1400/1510/1794 1411/433/482
f 1417/1519/1805 1414/1520/1806 1412/1511/1795 1413/1518/1804
f 1416/1507/1789 1395/1506/1786 1412/1511/1795 1414/1520/1806
f 1418/1521/1807 1415/1522/1808 1414/1520/1806 1417/1519/1805
f 1467/1523/1809 1416/1507/1789 1414/1520/1806 1415/1522/1808
f 344/407/466 1418/1521/1807 1417/1519/1805 346/409/467
f 346/409/467 1417/1519/1805 1413/1518/1804 349/413/470
f 1419/1524/1810 1421/1525/1811 1415/1522/1808 1418/1521/1807
f 342/405/465 1419/1524/1810 1418/1521/1807 344/407/466
f 1420/1526/1812 1423/1527/1813 1421/1525/1811 1419/1524/1810
f 1436/404/464 1420/1526/1812 1419/1524/1810 342/405/465
f 1422/1528/1814 1467/1523/1809 1415/1522/1808 1421/1525/1811
f 1424/1529/1815 1422/1528/1814 1421/1525/1811 1423/1527/1813
f 1426/1530/1816 1424/1531/1815 1423/1532/1813 1425/1533/1817
f 1427/1534/1818 1425/1533/1817 1423/1532/1813 1420/1535/1812
f 1429/1536/1819 1426/1530/1816 1425/1533/1817 1428/1537/1820
f 1431/1538/1821 1428/1537/1820 1425/1533/1817 1427/1534/1818
f 1472/1539/1822 1429/1536/1819 1428/1537/1820 1430/1540/1823
f 1432/1541/1824 1430/1540/1823 1428/1537/1820 1431/1538/1821
f 1434/1542/1825 1432/1541/1824 1431/1538/1821 1433/1543/1826
f 1433/1543/1826 1431/1538/1821 1427/1534/1818 1435/1544/1827
f 327/1545/441 1434/1542/1825 1433/1543/1826 329/1546/442
f 329/1546/442 1433/1543/1826 1435/1544/1827 333/1547/446
f 1435/1544/1827 1427/1534/1818 1420/1535/1812 1436/1548/464
f 333/1547/446 1435/1544/1827 1436/1548/464 335/1549/453
f 1437/1550/1828 1439/1551/1829 1432/1541/1824 1434/1542/1825
f 1440/1552/384 1437/1550/1828 1434/1542/1825 327/1545/441
f 1438/1553/1830 1442/1554/1831 1439/1551/1829 1437/1550/1828
f 297/1555/383 1438/1553/1830 1437/1550/1828 1440/1552/384
f 1439/1551/1829 1441/1556/1832 1430/1540/1823 1432/1541/1824
f 1442/1554/1831 1444/1557/1833 1441/1556/1832 1439/1551/1829
f 1443/1558/1834 1445/6/6 1444/1557/1833 1442/1554/1831
f 1473/1559/1835 1443/1558/1834 1442/1554/1831 1438/1553/1830
f 3/5/5 1446/1560/1836 1444/1557/1833 1445/6/6
f 1446/1560/1836 1447/1561/1837 1441/1556/1832 1444/1557/1833
f 1446/1560/1836 3/5/5 6/8/8 1448/16/1838
f 1447/1561/1837 1446/1560/1836 1448/16/1838 1449/1562/1839
f 1449/1562/1840 1448/16/19 12/17/20 1451/1563/1841
f 1472/1539/1822 1447/1561/1837 1449/1562/1839 1450/1564/1842
f 1450/1564/1843 1449/1562/1840 1451/1563/1841 1452/1565/1844
f 12/17/20 14/18/21 1453/1566/1845 1451/1563/1841
f 1451/1563/1841 1453/1566/1845 1455/1567/1846 1452/1565/1844
f 14/18/21 16/20/23 1454/126/129 1453/1566/1845
f 1453/1566/1845 1454/126/129 116/127/130 1455/1567/1846
f 1452/1565/1844 1455/1567/1846 1456/1568/1847 1457/1569/1848
f 1455/1567/1846 116/127/130 118/128/131 1456/1568/1847
f 1457/1569/1848 1456/1568/1847 1458/1570/1849 1459/1571/1850
f 1456/1568/1847 118/128/131 120/130/133 1458/1570/1849
f 1459/1571/1850 1458/1570/1849 1460/1572/1851 1461/1573/1852
f 1458/1570/1849 120/130/133 123/133/136 1460/1572/1851
f 1461/1574/1852 1460/1575/1851 1462/1576/1853 1463/1577/1854
f 1460/1575/1851 123/135/136 126/138/139 1462/1576/1853
f 1463/1577/1854 1462/1576/1853 1464/1578/1855 1465/1579/1856
f 1462/1576/1853 126/138/139 129/142/142 1464/1578/1855
f 1465/1579/1856 1464/1578/1855 1391/1500/1780 1393/1501/1781
f 1464/1578/1855 129/142/142 132/145/145 1391/1500/1780
f 1396/1503/1783 1466/1580/1857 1465/1579/1856 1393/1501/1781
f 1466/1580/1857 1468/1581/1858 1463/1577/1854 1465/1579/1856
f 1416/1507/1789 1467/1523/1809 1466/1580/1859 1396/1503/1790
f 1467/1523/1809 1422/1528/1814 1468/1581/1860 1466/1580/1859
f 1422/1528/1814 1424/1529/1815 1469/1582/1861 1468/1581/1860
f 1468/1581/1858 1469/1582/1862 1461/1574/1852 1463/1577/1854
f 1424/1531/1815 1426/1530/1816 1470/1583/1863 1469/1584/1861
f 1469/1584/1862 1470/1583/1864 1459/1571/1850 1461/1573/1852
f 1426/1530/1816 1429/1536/1819 1471/1585/1865 1470/1583/1863
f 1470/1583/1864 1471/1585/1866 1457/1569/1848 1459/1571/1850
f 1429/1536/1819 1472/1539/1822 1450/1564/1842 1471/1585/1865
f 1471/1585/1866 1450/1564/1843 1452/1565/1844 1457/1569/1848
f 16/20/23 107/23/26 110/118/121 1454/126/129
f 1447/1561/1837 1472/1539/1822 1430/1540/1823 1441/1556/1832
f 1474/1586/1867 2/3/3 1445/6/6 1443/1558/1834
f 1475/1587/1868 1474/1586/1867 1443/1558/1834 1473/1559/1835
f 2/3/3 1474/1586/1867 194/207/214 191/4/4
f 1474/1586/1867 1475/1587/1868 1476/210/217 194/207/214
f 1475/1587/1868 1477/1588/274 230/1589/273 1476/210/217
f 1477/1588/274 1475/1587/1868 1473/1559/1835 295/1590/382
f 201/216/223 193/209/216 1476/210/217 230/1589/273
f 295/1590/382 1473/1559/1835 1438/1553/1830 297/1555/383
f 349/413/470 1413/1518/1804 1411/433/482 352/419/473
f 1380/1487/1767 150/163/163 153/166/166 1378/1486/1766
f 1378/1486/1766 153/166/166 156/169/169 1478/1476/1752
f 1478/1476/1752 156/169/169 159/172/172 1369/176/176
f 1373/1479/1756 1371/1478/1754 376/453/502 374/452/501
f 1371/1478/1754 1479/1470/1745 378/454/503 376/453/502
f 1479/1470/1745 1361/1468/1742 381/457/506 378/454/503
f 313/348/394 301/341/386 321/367/443 316/362/415
f 1500/1591/1869 315/361/416 318/364/419 1480/1592/1870
f 1481/357/422 1482/1593/1871 1480/1592/1872 318/364/423
f 1482/1593/1873 1481/357/407 307/356/408 1484/1594/1874
f 1482/1593/1871 1483/1595/1875 1495/1596/1876 1480/1592/1872
f 1483/1595/1877 1482/1593/1873 1484/1594/1874 1486/1597/1878
f 1485/1598/1879 1487/1599/1880 1486/1597/1881 1484/1594/1882
f 310/355/405 1485/1598/1879 1484/1594/1882 307/356/406
f 1487/1599/1880 1489/1600/1883 1488/1601/1884 1486/1597/1881
f 1491/1602/1885 1483/1595/1877 1486/1597/1878 1488/1601/1884
f 1489/1600/1883 1516/1603/1886 1490/1604/1887 1488/1601/1884
f 1492/1605/1888 1491/1602/1885 1488/1601/1884 1490/1604/1887
f 1483/1595/1875 1491/1602/1889 1493/1606/1890 1495/1596/1876
f 1491/1602/1889 1492/1605/1891 1494/1607/1892 1493/1606/1890
f 1498/1608/1893 1496/1609/1894 1493/1606/1890 1494/1607/1892
f 1496/1609/1894 1499/1610/1895 1495/1596/1896 1493/1606/1890
f 1503/1611/1897 1497/1612/1898 1496/1609/1899 1498/1608/1893
f 1497/1612/1898 1501/1613/1900 1499/1610/1901 1496/1609/1899
f 1499/1610/1895 1500/1591/1869 1480/1592/1870 1495/1596/1896
f 1501/1613/1900 1502/1614/1902 1500/1591/1903 1499/1610/1901
f 1487/1599/1904 1485/1598/1905 1502/1614/1906 1501/1613/1907
f 1489/1600/1908 1487/1599/1904 1501/1613/1907 1497/1612/1909
f 1485/1598/1905 310/355/411 312/359/412 1502/1614/1906
f 1502/1614/1902 312/359/412 315/361/414 1500/1591/1903
f 1507/1615/1910 1503/1611/1897 1498/1608/1893 1504/1616/1911
f 1504/1616/1911 1498/1608/1893 1494/1607/1892 1506/1617/1912
f 1505/1618/1913 1504/1616/1911 1506/1617/1912 1514/1619/1914
f 1509/1620/1915 1507/1615/1910 1504/1616/1911 1505/1618/1913
f 1508/1621/1916 1516/1603/1886 1503/1611/1917 1507/1615/1918
f 1510/1622/1919 1508/1621/1916 1507/1615/1918 1509/1620/1920
f 1510/1622/1919 1509/1620/1920 1511/1623/1921 1513/1624/1922
f 1509/1620/1915 1505/1618/1913 1514/1619/1914 1511/1623/1923
f 1512/1625/1924 1511/1623/1923 1514/1619/1914 1506/1617/1912
f 1511/1623/1921 1512/1625/1925 1515/1626/1926 1513/1624/1922
f 1508/1621/1916 1510/1622/1919 1513/1624/1922 1515/1626/1926
f 1512/1625/1925 1492/1605/1888 1490/1604/1887 1515/1626/1926
f 1516/1603/1886 1508/1621/1916 1515/1626/1926 1490/1604/1887
f 1492/1605/1891 1512/1625/1924 1506/1617/1912 1494/1607/1892
f 1516/1603/1886 1489/1600/1908 1497/1612/1909 1503/1611/1917
f 160/173/173 1517/1627/1927 59/69/72 56/68/71
f 157/170/170 1519/1628/1928 1517/1627/1927 160/173/173
f 59/69/72 1517/1627/1927 1518/1629/1929 61/70/73
f 1517/1627/1927 1519/1628/1928 1520/1630/1930 1518/1629/1929
f 154/167/167 1521/1631/1931 1519/1628/1928 157/170/170
f 1519/1628/1928 1521/1631/1931 1523/1632/1932 1520/1630/1930
f 1521/1631/1931 1522/1633/1933 1524/1634/1934 1523/1632/1932
f 151/164/164 1522/1633/1933 1521/1631/1931 154/167/167
f 1524/1634/1934 1526/1635/1935 1525/1636/1936 1523/1632/1932
f 1523/1632/1932 1525/1636/1936 1528/1637/1937 1520/1630/1930
f 1526/1635/1935 1604/1638/1938 1527/1639/1939 1525/1636/1936
f 1525/1636/1936 1527/1639/1939 1529/1640/1940 1528/1637/1937
f 1528/1637/1937 1529/1640/1940 1531/1641/1941 1530/1642/1942
f 1520/1630/1930 1528/1637/1937 1530/1642/1942 1518/1629/1929
f 1530/1642/1942 1531/1641/1941 1533/1643/1943 1532/73/76
f 1518/1629/1929 1530/1642/1942 1532/73/76 61/70/73
f 1532/73/76 1533/1643/1943 1535/1644/1944 62/74/77
f 1531/1641/1941 1611/1645/1945 1534/1646/1946 1533/1643/1943
f 1533/1643/1943 1534/1646/1946 1536/1647/1947 1535/1644/1944
f 1535/1644/1944 1536/1647/1947 1538/1648/1948 1537/1649/1949
f 62/74/77 1535/1644/1944 1537/1649/1949 64/75/78
f 1537/1649/1949 1538/1648/1948 1540/1650/1950 1539/1651/1951
f 64/75/78 1537/1649/1949 1539/1651/1951 66/76/79
f 1539/1651/1951 1540/1650/1950 1542/1652/1952 1541/1653/1953
f 66/76/79 1539/1651/1951 1541/1653/1953 68/78/81
f 1541/1653/1953 1542/1652/1952 1544/1654/1954 1543/1655/1955
f 68/78/81 1541/1653/1953 1543/1655/1955 70/80/83
f 1543/1655/1955 1544/1654/1954 1546/1656/1956 1545/1657/1957
f 70/80/83 1543/1655/1955 1545/1657/1957 73/82/85
f 1545/1657/1957 1546/1656/1956 1548/1658/1958 1547/1659/1959
f 73/82/85 1545/1657/1957 1547/1659/1959 76/85/88
f 1547/1659/1959 1548/1658/1958 1550/1660/1960 1549/1661/1961
f 76/85/88 1547/1659/1959 1549/1661/1961 79/88/91
f 1549/1661/1961 1550/1660/1960 1552/1662/1962 1551/1663/1963
f 79/88/91 1549/1661/1961 1551/1663/1963 82/91/94
f 1551/1663/1963 1552/1662/1962 1554/1664/1964 1553/1665/1965
f 82/91/94 1551/1663/1963 1553/1665/1965 85/94/97
f 1553/1665/1965 1554/1664/1964 1556/1666/1966 1555/1667/1967
f 85/94/97 1553/1665/1965 1555/1667/1967 88/97/100
f 1558/1668/1968 1557/1669/1969 1555/1667/1967 1556/1666/1966
f 1557/1669/1969 92/100/103 88/97/100 1555/1667/1967
f 1560/1670/1970 1559/1671/1971 1557/1669/1969 1558/1668/1968
f 1559/1671/1971 1561/103/106 92/100/103 1557/1669/1969
f 1559/1671/1971 1560/1670/1970 1563/1672/1972 1562/1673/1973
f 1561/103/106 1559/1671/1971 1562/1673/1973 1564/1674/1974
f 1562/1673/1973 1563/1672/1972 1566/1675/1975 1565/1676/1976
f 1564/1674/1974 1562/1673/1973 1565/1676/1976 1567/1677/1977
f 1565/1676/1976 1566/1675/1975 1569/1678/1978 1568/1679/1979
f 1567/1677/1977 1565/1676/1976 1568/1679/1979 1570/1680/1980
f 1568/1679/1979 1569/1678/1978 1572/1681/1981 1571/1682/1982
f 1570/1680/1980 1568/1679/1979 1571/1682/1982 1573/1683/1983
f 1571/1682/1982 1572/1681/1981 1575/1684/1984 1574/1685/1985
f 1573/1683/1983 1571/1682/1982 1574/1685/1985 1576/1686/1986
f 1574/1685/1985 1575/1684/1984 1578/1687/1987 1577/1688/1988
f 1576/1686/1986 1574/1685/1985 1577/1688/1988 1579/1689/1989
f 1577/1690/1988 1578/1691/1987 1581/1692/1990 1580/1693/1991
f 1579/1694/1989 1577/1690/1988 1580/1693/1991 1582/1695/1992
f 1580/1693/1991 1581/1692/1990 1584/1696/1993 1583/1697/1994
f 1582/1695/1992 1580/1693/1991 1583/1697/1994 1585/1698/1995
f 1583/1697/1994 1584/1696/1993 1587/1699/1996 1586/1700/1997
f 1585/1698/1995 1583/1697/1994 1586/1700/1997 1588/1701/1998
f 1586/1700/1997 1587/1699/1996 1590/1702/1999 1589/1703/2000
f 1588/1701/1998 1586/1700/1997 1589/1703/2000 1591/1704/2001
f 1589/1703/2000 1590/1702/1999 1593/1705/2002 1592/1706/2003
f 1591/1704/2001 1589/1703/2000 1592/1706/2003 1594/1707/2004
f 1592/1706/2003 1593/1705/2002 1596/1708/2005 1595/1709/2006
f 1594/1707/2004 1592/1706/2003 1595/1709/2006 1597/1710/2007
f 1595/1709/2006 1596/1708/2005 1599/1711/2008 1598/1712/2009
f 1597/1710/2007 1595/1709/2006 1598/1712/2009 1600/1713/2010
f 1598/1712/2009 1599/1711/2008 1602/1714/2011 1601/1715/2012
f 1600/1713/2010 1598/1712/2009 1601/1715/2012 1603/1716/2013
f 1601/1715/2012 1602/1714/2011 1605/1717/2014 1604/1638/1938
f 1603/1716/2013 1601/1715/2012 1604/1638/1938 1526/1635/1935
f 1604/1638/1938 1605/1717/2014 1607/1718/2015 1527/1639/1939
f 1602/1714/2011 1785/1719/2016 1606/1720/2017 1605/1717/2014
f 1605/1717/2014 1606/1720/2017 1608/1721/2018 1607/1718/2015
f 1607/1718/2015 1608/1721/2018 1610/1722/2019 1609/1723/2020
f 1527/1639/1939 1607/1718/2015 1609/1723/2020 1529/1640/1940
f 1609/1723/2020 1610/1722/2019 1612/1724/2021 1611/1645/1945
f 1529/1640/1940 1609/1723/2020 1611/1645/1945 1531/1641/1941
f 1611/1645/1945 1612/1724/2021 1614/1725/2022 1534/1646/1946
f 1610/1722/2019 1792/1726/2023 1613/1727/2024 1612/1724/2021
f 1612/1724/2021 1613/1727/2024 1615/1728/2025 1614/1725/2022
f 1614/1725/2022 1615/1728/2025 1617/1729/2026 1616/1730/2027
f 1534/1646/1946 1614/1725/2022 1616/1730/2027 1536/1647/1947
f 1616/1730/2027 1617/1729/2026 1619/1731/2028 1618/1732/2029
f 1536/1647/1947 1616/1730/2027 1618/1732/2029 1538/1648/1948
f 1618/1732/2029 1619/1731/2028 1621/1733/2030 1620/1734/2031
f 1538/1648/1948 1618/1732/2029 1620/1734/2031 1540/1650/1950
f 1620/1734/2031 1621/1733/2030 1623/1735/2032 1622/1736/2033
f 1540/1650/1950 1620/1734/2031 1622/1736/2033 1542/1652/1952
f 1622/1736/2033 1623/1735/2032 1625/1737/2034 1624/1738/2035
f 1542/1652/1952 1622/1736/2033 1624/1738/2035 1544/1654/1954
f 1624/1738/2035 1625/1737/2034 1627/1739/2036 1626/1740/2037
f 1544/1654/1954 1624/1738/2035 1626/1740/2037 1546/1656/1956
f 1626/1740/2037 1627/1739/2036 1629/1741/2038 1628/1742/2039
f 1546/1656/1956 1626/1740/2037 1628/1742/2039 1548/1658/1958
f 1628/1742/2039 1629/1741/2038 1631/1743/2040 1630/1744/2041
f 1548/1658/1958 1628/1742/2039 1630/1744/2041 1550/1660/1960
f 1630/1744/2041 1631/1743/2040 1633/1745/2042 1632/1746/2043
f 1550/1660/1960 1630/1744/2041 1632/1746/2043 1552/1662/1962
f 1632/1746/2043 1633/1745/2042 1635/1747/2044 1634/1748/2045
f 1552/1662/1962 1632/1746/2043 1634/1748/2045 1554/1664/1964
f 1634/1748/2045 1635/1747/2044 1638/1749/2046 1636/1750/2047
f 1554/1664/1964 1634/1748/2045 1636/1750/2047 1556/1666/1966
f 1637/1751/2048 1558/1668/1968 1556/1666/1966 1636/1750/2047
f 1639/1752/2049 1637/1751/2048 1636/1750/2047 1638/1749/2046
f 1638/1749/2046 1635/1747/2044 1641/1753/2050 1640/1754/2051
f 1639/1752/2049 1638/1749/2046 1640/1754/2051 1642/1755/2052
f 1641/1753/2050 1644/1756/2053 1643/1757/2054 1640/1754/2051
f 1645/1758/2055 1642/1755/2052 1640/1754/2051 1643/1757/2054
f 1644/1756/2053 1648/1759/2056 1646/1760/2057 1643/1757/2054
f 1649/1761/2058 1645/1758/2055 1643/1757/2054 1646/1760/2057
f 1650/1762/2059 1649/1761/2058 1646/1760/2057 1647/1763/2060
f 1648/1759/2056 1664/1764/2061 1647/1763/2060 1646/1760/2057
f 1651/1765/2062 1652/1766/2063 1645/1758/2055 1649/1761/2058
f 1654/1767/2064 1651/1765/2062 1649/1761/2058 1650/1762/2059
f 1652/1766/2063 1651/1765/2062 1653/1768/2065 1824/1769/2066
f 1651/1765/2062 1654/1767/2064 1655/1770/2067 1653/1768/2065
f 1654/1767/2064 1656/1771/2068 1657/1772/2069 1655/1770/2067
f 1656/1771/2068 1654/1767/2064 1650/1762/2059 1659/1773/2070
f 1656/1771/2068 1658/1774/2071 1851/1775/2072 1657/1772/2069
f 1658/1774/2071 1656/1771/2068 1659/1773/2070 1660/1776/2073
f 1659/1773/2070 1650/1762/2059 1647/1763/2060 1661/1777/2074
f 1660/1776/2073 1659/1773/2070 1661/1777/2074 1662/1778/2075
f 1664/1764/2061 1663/1779/2076 1661/1777/2074 1647/1763/2060
f 1663/1779/2076 1665/1780/2077 1662/1778/2075 1661/1777/2074
f 1668/1781/2078 1666/1782/2079 1663/1779/2076 1664/1764/2061
f 1666/1782/2079 1669/1783/2080 1665/1780/2077 1663/1779/2076
f 4008/1784/2081 1667/1785/2082 1666/1782/2079 1668/1781/2078
f 1667/1785/2082 1670/1786/2083 1669/1783/2080 1666/1782/2079
f 1669/1783/2080 1670/1786/2083 1674/1787/2084 1671/1788/2085
f 1665/1780/2077 1669/1783/2080 1671/1788/2085 1673/1789/2086
f 1671/1788/2085 1672/1790/2087 1870/1791/2088 1673/1789/2086
f 1674/1787/2084 1675/1792/2089 1672/1790/2087 1671/1788/2085
f 1676/1793/2090 1678/1794/2091 1675/1792/2089 1674/1787/2084
f 1670/1786/2083 1679/1795/2092 1676/1793/2090 1674/1787/2084
f 1679/1795/2092 1681/1796/2093 1677/1797/2094 1676/1793/2090
f 1677/1797/2094 3892/1798/2095 1678/1794/2091 1676/1793/2090
f 1680/1799/2096 1679/1795/2092 1670/1786/2083 1667/1785/2082
f 1682/1800/2097 1681/1796/2093 1679/1795/2092 1680/1799/2096
f 1681/1796/2093 1683/1801/2098 1685/1802/2099 1677/1797/2094
f 1686/1803/2100 1683/1801/2098 1681/1796/2093 1682/1800/2097
f 1687/1804/2101 1684/1805/2102 1683/1801/2098 1686/1803/2100
f 1683/1801/2098 1684/1805/2102 3893/1806/2103 1685/1802/2099
f 1691/1807/2104 1687/1804/2101 1686/1803/2100 1688/1808/2105
f 1688/1808/2105 1686/1803/2100 1682/1800/2097 1690/1809/2106
f 1689/1810/2107 1688/1808/2105 1690/1809/2106 3998/1811/2108
f 1693/1812/2109 1691/1807/2104 1688/1808/2105 1689/1810/2107
f 1694/1813/2110 1692/1814/2111 1691/1807/2104 1693/1812/2109
f 1692/1814/2111 3899/1815/2112 1687/1804/2101 1691/1807/2104
f 1698/1816/2113 1694/1813/2110 1693/1812/2109 1695/1817/2114
f 1695/1817/2114 1693/1812/2109 1689/1810/2107 1697/1818/2115
f 1696/1819/2116 1695/1817/2114 1697/1818/2115 3995/1820/2117
f 1700/1821/2118 1698/1816/2113 1695/1817/2114 1696/1819/2116
f 1699/1822/2119 3911/1823/2120 1694/1813/2110 1698/1816/2113
f 1701/1824/2121 1699/1822/2119 1698/1816/2113 1700/1821/2118
f 1621/1733/2030 1619/1731/2028 1701/1824/2121 1700/1821/2118
f 1623/1735/2032 1621/1733/2030 1700/1821/2118 1696/1819/2116
f 1619/1731/2028 1617/1729/2026 1702/1825/2122 1701/1824/2121
f 1702/1825/2122 1703/1826/2123 1699/1822/2119 1701/1824/2121
f 1617/1729/2026 1615/1728/2025 1704/1827/2124 1702/1825/2122
f 1704/1827/2124 1705/1828/2125 1703/1826/2123 1702/1825/2122
f 1615/1728/2025 1613/1727/2024 1706/1829/2126 1704/1827/2124
f 1706/1829/2126 1708/1830/2127 1705/1828/2125 1704/1827/2124
f 1707/1831/2128 1709/1832/2129 1708/1830/2127 1706/1829/2126
f 1613/1727/2024 1792/1726/2023 1707/1831/2128 1706/1829/2126
f 1709/1832/2129 1713/1833/2130 1710/1834/2131 1708/1830/2127
f 1708/1830/2127 1710/1834/2131 1712/1835/2132 1705/1828/2125
f 1710/1834/2131 1711/1836/2133 3910/1837/2134 1712/1835/2132
f 1713/1833/2130 1714/1838/2135 1711/1836/2133 1710/1834/2131
f 1716/1839/2136 1715/1840/2137 1713/1833/2130 1709/1832/2129
f 1715/1840/2137 1717/1841/2138 1714/1838/2135 1713/1833/2130
f 1720/1842/2139 1718/1843/2140 1715/1840/2137 1716/1839/2136
f 1718/1843/2140 1721/1844/2141 1717/1841/2138 1715/1840/2137
f 1794/1845/2142 1719/1846/2143 1718/1843/2140 1720/1842/2139
f 1719/1846/2143 1722/1847/2144 1721/1844/2141 1718/1843/2140
f 1722/1847/2144 1726/1848/2145 1723/1849/2146 1721/1844/2141
f 1721/1844/2141 1723/1849/2146 1725/1850/2147 1717/1841/2138
f 1723/1849/2146 1724/1851/2148 3917/1852/2149 1725/1850/2147
f 1726/1848/2145 1727/1853/2150 1724/1851/2148 1723/1849/2146
f 1729/1854/2151 1728/1855/2152 1726/1848/2145 1722/1847/2144
f 1728/1855/2152 1730/1856/2153 1727/1853/2150 1726/1848/2145
f 1733/1857/2154 1731/1858/2155 1728/1855/2152 1729/1854/2151
f 1731/1858/2155 1734/1859/2156 1730/1856/2153 1728/1855/2152
f 1809/1860/2157 1732/1861/2158 1731/1858/2155 1733/1857/2154
f 1732/1861/2158 1735/1862/2159 1734/1859/2156 1731/1858/2155
f 1734/1859/2156 1735/1862/2159 1739/1863/2160 1736/1864/2161
f 1730/1856/2153 1734/1859/2156 1736/1864/2161 1738/1865/2162
f 1736/1864/2161 1737/1866/2163 3924/1867/2164 1738/1865/2162
f 1739/1863/2160 1740/1868/2165 1737/1866/2163 1736/1864/2161
f 1741/1869/2166 1743/1870/2167 1740/1868/2165 1739/1863/2160
f 1735/1862/2159 1744/1871/2168 1741/1869/2166 1739/1863/2160
f 1744/1871/2168 1746/1872/2169 1742/1873/2170 1741/1869/2166
f 1742/1873/2170 3963/1874/2171 1743/1870/2167 1741/1869/2166
f 1745/1875/2172 1744/1871/2168 1735/1862/2159 1732/1861/2158
f 1747/1876/2173 1746/1872/2169 1744/1871/2168 1745/1875/2172
f 1746/1872/2169 1748/1877/2174 1750/1878/2175 1742/1873/2170
f 1751/1879/2176 1748/1877/2174 1746/1872/2169 1747/1876/2173
f 1752/1880/2177 1749/1881/2178 1748/1877/2174 1751/1879/2176
f 1748/1877/2174 1749/1881/2178 3966/1882/2179 1750/1878/2175
f 1756/1883/2180 1752/1880/2177 1751/1879/2176 1753/1884/2181
f 1753/1884/2181 1751/1879/2176 1747/1876/2173 1755/1885/2182
f 1754/1886/2183 1753/1884/2181 1755/1885/2182 1808/1887/2184
f 1758/1888/2185 1756/1883/2180 1753/1884/2181 1754/1886/2183
f 1759/1889/2186 1757/1890/2187 1756/1883/2180 1758/1888/2185
f 1757/1890/2187 1836/1891/2188 1752/1880/2177 1756/1883/2180
f 1763/1892/2189 1759/1889/2186 1758/1888/2185 1760/1893/2190
f 1760/1893/2190 1758/1888/2185 1754/1886/2183 1762/1894/2191
f 1761/1895/2192 1760/1893/2190 1762/1894/2191 1811/1896/2193
f 1765/1897/2194 1763/1892/2189 1760/1893/2190 1761/1895/2192
f 1764/1898/2195 1832/1899/2196 1759/1900/2186 1763/1901/2189
f 1766/1902/2197 1764/1898/2195 1763/1901/2189 1765/1903/2194
f 1767/1904/2198 1768/1905/2199 1766/1902/2197 1765/1903/2194
f 1769/1906/2200 1767/1907/2198 1765/1897/2194 1761/1895/2192
f 1771/1908/2201 1768/1905/2199 1767/1904/2198 1770/1909/2202
f 1770/1910/2202 1767/1907/2198 1769/1906/2200 1772/1911/2203
f 1575/1684/1984 1771/1908/2201 1770/1909/2202 1578/1687/1987
f 1578/1691/1987 1770/1910/2202 1772/1911/2203 1581/1692/1990
f 1772/1911/2203 1769/1906/2200 1774/1912/2204 1773/1913/2205
f 1581/1692/1990 1772/1911/2203 1773/1913/2205 1584/1696/1993
f 1773/1913/2205 1774/1912/2204 1776/1914/2206 1775/1915/2207
f 1584/1696/1993 1773/1913/2205 1775/1915/2207 1587/1699/1996
f 1775/1915/2207 1776/1914/2206 1778/1916/2208 1777/1917/2209
f 1587/1699/1996 1775/1915/2207 1777/1917/2209 1590/1702/1999
f 1777/1917/2209 1778/1916/2208 1780/1918/2210 1779/1919/2211
f 1590/1702/1999 1777/1917/2209 1779/1919/2211 1593/1705/2002
f 1779/1919/2211 1780/1918/2210 1782/1920/2212 1781/1921/2213
f 1593/1705/2002 1779/1919/2211 1781/1921/2213 1596/1708/2005
f 1781/1921/2213 1782/1920/2212 1784/1922/2214 1783/1923/2215
f 1596/1708/2005 1781/1921/2213 1783/1923/2215 1599/1711/2008
f 1783/1923/2215 1784/1922/2214 1786/1924/2216 1785/1719/2016
f 1599/1711/2008 1783/1923/2215 1785/1719/2016 1602/1714/2011
f 1785/1719/2016 1786/1924/2216 1788/1925/2217 1606/1720/2017
f 1786/1924/2216 1784/1922/2214 1793/1926/2218 1787/1927/2219
f 1788/1925/2217 1786/1924/2216 1787/1927/2219 1789/1928/2220
f 1790/1929/2221 1788/1925/2217 1789/1928/2220 1791/1930/2222
f 1606/1720/2017 1788/1925/2217 1790/1929/2221 1608/1721/2018
f 1792/1726/2023 1790/1929/2221 1791/1930/2222 1707/1831/2128
f 1608/1721/2018 1790/1929/2221 1792/1726/2023 1610/1722/2019
f 1791/1930/2222 1716/1839/2136 1709/1832/2129 1707/1831/2128
f 1789/1928/2220 1720/1842/2139 1716/1839/2136 1791/1930/2222
f 1787/1927/2219 1794/1845/2142 1720/1842/2139 1789/1928/2220
f 1793/1926/2218 1795/1931/2223 1794/1845/2142 1787/1927/2219
f 1795/1931/2223 1796/1932/2224 1719/1846/2143 1794/1845/2142
f 1798/1933/2225 1797/1934/2226 1795/1931/2223 1793/1926/2218
f 1797/1934/2226 1799/1935/2227 1796/1932/2224 1795/1931/2223
f 1801/1936/2228 1800/1937/2229 1797/1934/2226 1798/1933/2225
f 1800/1937/2229 1802/1938/2230 1799/1935/2227 1797/1934/2226
f 1805/1939/2231 1803/1940/2232 1800/1937/2229 1801/1936/2228
f 1803/1940/2232 1806/1941/2233 1802/1938/2230 1800/1937/2229
f 1804/1942/2234 1808/1887/2184 1806/1941/2233 1803/1940/2232
f 1810/1943/2235 1804/1942/2234 1803/1940/2232 1805/1939/2231
f 1806/1941/2233 1807/1944/2236 1809/1860/2157 1802/1938/2230
f 1808/1887/2184 1755/1885/2182 1807/1944/2236 1806/1941/2233
f 1762/1894/2191 1754/1886/2183 1808/1887/2184 1804/1942/2234
f 1807/1944/2236 1745/1875/2172 1732/1861/2158 1809/1860/2157
f 1755/1885/2182 1747/1876/2173 1745/1875/2172 1807/1944/2236
f 1802/1938/2230 1809/1860/2157 1733/1857/2154 1799/1935/2227
f 1778/1916/2208 1776/1914/2206 1810/1943/2235 1805/1939/2231
f 1780/1918/2210 1778/1916/2208 1805/1939/2231 1801/1936/2228
f 1776/1914/2206 1774/1912/2204 1811/1896/2193 1810/1943/2235
f 1811/1896/2193 1762/1894/2191 1804/1942/2234 1810/1943/2235
f 1774/1912/2204 1769/1906/2200 1761/1895/2192 1811/1896/2193
f 1782/1920/2212 1780/1918/2210 1801/1936/2228 1798/1933/2225
f 1799/1935/2227 1733/1857/2154 1729/1854/2151 1796/1932/2224
f 1784/1922/2214 1782/1920/2212 1798/1933/2225 1793/1926/2218
f 1796/1932/2224 1729/1854/2151 1722/1847/2144 1719/1846/2143
f 1812/1945/2237 1813/1946/2238 1768/1905/2199 1771/1908/2201
f 1572/1681/1981 1812/1945/2237 1771/1908/2201 1575/1684/1984
f 1814/1947/2239 1815/1948/2240 1813/1946/2238 1812/1945/2237
f 1569/1678/1978 1814/1947/2239 1812/1945/2237 1572/1681/1981
f 1816/1949/2241 1818/1950/2242 1815/1948/2240 1814/1947/2239
f 1566/1675/1975 1816/1949/2241 1814/1947/2239 1569/1678/1978
f 1817/1951/2243 1819/1952/2244 1818/1950/2242 1816/1949/2241
f 1563/1672/1972 1817/1951/2243 1816/1949/2241 1566/1675/1975
f 1818/1950/2242 1819/1952/2244 1821/1953/2245 1820/1954/2246
f 1815/1948/2240 1818/1950/2242 1820/1954/2246 1822/1955/2247
f 1821/1953/2245 1824/1769/2066 1823/1956/2248 1820/1954/2246
f 1820/1954/2246 1823/1956/2248 1826/1957/2249 1822/1955/2247
f 1824/1769/2066 1653/1768/2065 1825/1958/2250 1823/1956/2248
f 1823/1956/2248 1825/1958/2250 1827/1959/2251 1826/1957/2249
f 1822/1955/2247 1826/1957/2249 1828/1960/2252 1829/1961/2253
f 1826/1957/2249 1827/1959/2251 1830/1962/2254 1828/1960/2252
f 1829/1961/2253 1828/1960/2252 1764/1898/2195 1766/1902/2197
f 1828/1960/2252 1830/1962/2254 1832/1899/2196 1764/1898/2195
f 1830/1962/2254 1831/1963/2255 1833/1964/2256 1832/1899/2196
f 1827/1959/2251 1853/1965/2257 1831/1963/2255 1830/1962/2254
f 1832/1899/2196 1833/1964/2256 1757/1966/2187 1759/1900/2186
f 1833/1964/2256 1834/1967/2258 1836/1968/2188 1757/1966/2187
f 1831/1963/2255 1837/1969/2259 1834/1967/2258 1833/1964/2256
f 1834/1967/2258 1835/1970/2260 3990/1971/2261 1836/1968/2188
f 1837/1969/2259 1839/1972/2262 1835/1970/2260 1834/1967/2258
f 1853/1965/2257 1838/1973/2263 1837/1969/2259 1831/1963/2255
f 1838/1973/2263 1840/1974/2264 1839/1972/2262 1837/1969/2259
f 1839/1972/2262 1840/1974/2264 1844/1975/2265 1841/1976/2266
f 1835/1970/2260 1839/1972/2262 1841/1976/2266 1843/1977/2267
f 1841/1976/2266 1842/1978/2268 3968/1979/2269 1843/1977/2267
f 1844/1975/2265 1845/1980/2270 1842/1978/2268 1841/1976/2266
f 1846/1981/2271 1848/1982/2272 1845/1980/2270 1844/1975/2265
f 1840/1974/2264 1849/1983/2273 1846/1981/2271 1844/1975/2265
f 1849/1983/2273 1851/1775/2072 1847/1984/2274 1846/1981/2271
f 1847/1984/2274 1854/1985/2275 1848/1982/2272 1846/1981/2271
f 1850/1986/2276 1849/1983/2273 1840/1974/2264 1838/1973/2263
f 1657/1772/2069 1851/1775/2072 1849/1983/2273 1850/1986/2276
f 1851/1775/2072 1658/1774/2071 1873/1987/2277 1847/1984/2274
f 1852/1988/2278 1850/1986/2276 1838/1973/2263 1853/1965/2257
f 1655/1770/2067 1657/1772/2069 1850/1986/2276 1852/1988/2278
f 1825/1958/2250 1852/1988/2278 1853/1965/2257 1827/1959/2251
f 1653/1768/2065 1655/1770/2067 1852/1988/2278 1825/1958/2250
f 1854/1985/2275 1858/1989/2279 1855/1990/2280 1848/1982/2272
f 1848/1982/2272 1855/1990/2280 1857/1991/2281 1845/1980/2270
f 1855/1990/2280 1856/1992/2282 3974/1993/2283 1857/1991/2281
f 1858/1989/2279 1859/1994/2284 1856/1992/2282 1855/1990/2280
f 1861/1995/2285 1860/1996/2286 1858/1989/2279 1854/1985/2275
f 1860/1996/2286 1862/1997/2287 1859/1994/2284 1858/1989/2279
f 1860/1996/2286 1861/1995/2285 1864/1998/2288 1863/1999/2289
f 1862/1997/2287 1860/1996/2286 1863/1999/2289 1865/2000/2290
f 1863/1999/2289 1864/1998/2288 1869/2001/2291 1866/2002/2292
f 1865/2000/2290 1863/1999/2289 1866/2002/2292 1867/2003/2293
f 1868/2004/2294 1874/2005/2295 1867/2003/2293 1866/2002/2292
f 1870/1791/2088 1868/2004/2294 1866/2002/2292 1869/2001/2291
f 1673/1789/2086 1870/1791/2088 1869/2001/2291 1871/2006/2296
f 1864/1998/2288 1872/2007/2297 1871/2006/2296 1869/2001/2291
f 1662/1778/2075 1665/1780/2077 1673/1789/2086 1871/2006/2296
f 1660/1776/2073 1662/1778/2075 1871/2006/2296 1872/2007/2297
f 1861/1995/2285 1873/1987/2277 1872/2007/2297 1864/1998/2288
f 1658/1774/2071 1660/1776/2073 1872/2007/2297 1873/1987/2277
f 1873/1987/2277 1861/1995/2285 1854/1985/2275 1847/1984/2274
f 1672/1790/2087 1875/2008/2298 1868/2004/2294 1870/1791/2088
f 1875/2008/2298 1876/2009/2299 1874/2005/2295 1868/2004/2294
f 1675/1792/2089 1877/2010/2300 1875/2008/2298 1672/1790/2087
f 1877/2010/2300 1879/2011/2301 1876/2009/2299 1875/2008/2298
f 1678/1794/2091 1878/2012/2302 1877/2010/2300 1675/1792/2089
f 1878/2012/2302 1880/2013/2303 1879/2011/2301 1877/2010/2300
f 1880/2013/2303 1884/2014/2304 1881/2015/2305 1879/2011/2301
f 1879/2011/2301 1881/2015/2305 1883/2016/2306 1876/2009/2299
f 1881/2015/2305 1882/2017/2307 3989/2018/2308 1883/2016/2306
f 1884/2014/2304 1885/2019/2309 1882/2017/2307 1881/2015/2305
f 1887/2020/2310 1886/2021/2311 1884/2014/2304 1880/2013/2303
f 1886/2021/2311 1888/2022/2312 1885/2019/2309 1884/2014/2304
f 1891/2023/2313 1889/2024/2314 1886/2021/2311 1887/2020/2310
f 1889/2024/2314 1892/2025/2315 1888/2022/2312 1886/2021/2311
f 3886/2026/2316 1890/2027/2317 1889/2024/2314 1891/2023/2313
f 1890/2027/2317 1893/2028/2318 1892/2025/2315 1889/2024/2314
f 1892/2025/2315 1893/2028/2318 1897/2029/2319 1894/2030/2320
f 1888/2022/2312 1892/2025/2315 1894/2030/2320 1895/2031/2321
f 1894/2030/2320 1896/2032/2322 2030/2033/2323 1895/2031/2321
f 1897/2029/2319 1898/2034/2324 1896/2032/2322 1894/2030/2320
f 1893/2028/2318 1901/2035/2325 1899/2036/2326 1897/2029/2319
f 1899/2036/2326 1902/2037/2327 1898/2034/2324 1897/2029/2319
f 1900/2038/2328 1903/2039/2329 1902/2037/2327 1899/2036/2326
f 1901/2035/2325 3931/2040/2330 1900/2038/2328 1899/2036/2326
f 1903/2039/2329 1907/2041/2331 1904/2042/2332 1902/2037/2327
f 1902/2037/2327 1904/2042/2332 1906/2043/2333 1898/2034/2324
f 1904/2042/2332 1905/2044/2334 2037/2045/2335 1906/2043/2333
f 1907/2041/2331 1908/2046/2336 1905/2044/2334 1904/2042/2332
f 1910/2047/2337 1909/2048/2338 1907/2041/2331 1903/2039/2329
f 1909/2048/2338 1911/2049/2339 1908/2046/2336 1907/2041/2331
f 1914/2050/2340 1912/2051/2341 1909/2048/2338 1910/2047/2337
f 1912/2051/2341 1915/2052/2342 1911/2049/2339 1909/2048/2338
f 3939/2053/2343 1913/2054/2344 1912/2051/2341 1914/2050/2340
f 1913/2054/2344 1916/2055/2345 1915/2052/2342 1912/2051/2341
f 1916/2055/2345 1920/2056/2346 1917/2057/2347 1915/2052/2342
f 1915/2052/2342 1917/2057/2347 1919/2058/2348 1911/2049/2339
f 1917/2057/2347 1918/2059/2349 2045/2060/2350 1919/2058/2348
f 1920/2056/2346 1921/2061/2351 1918/2059/2349 1917/2057/2347
f 1923/2062/2352 1922/2063/2353 1920/2056/2346 1916/2055/2345
f 1922/2063/2353 1924/2064/2354 1921/2061/2351 1920/2056/2346
f 1927/2065/2355 1925/2066/2356 1922/2063/2353 1923/2062/2352
f 1925/2066/2356 1928/2067/2357 1924/2064/2354 1922/2063/2353
f 3954/2068/2358 1926/2069/2359 1925/2066/2356 1927/2065/2355
f 1926/2069/2359 1929/2070/2360 1928/2067/2357 1925/2066/2356
f 1928/2067/2357 1929/2070/2360 1933/2071/2361 1930/2072/2362
f 1924/2064/2354 1928/2067/2357 1930/2072/2362 1932/2073/2363
f 1930/2072/2362 1931/2074/2364 2052/2075/2365 1932/2073/2363
f 1933/2071/2361 1934/2076/2366 1931/2074/2364 1930/2072/2362
f 1935/2077/2367 1937/2078/2368 1934/2076/2366 1933/2071/2361
f 1929/2070/2360 1938/2079/2369 1935/2077/2367 1933/2071/2361
f 1938/2079/2369 1940/2080/2370 1936/2081/2371 1935/2077/2367
f 1936/2081/2371 2325/2082/2372 1937/2078/2368 1935/2077/2367
f 1939/2083/2373 1938/2079/2369 1929/2070/2360 1926/2069/2359
f 1941/2084/2374 1940/2080/2370 1938/2079/2369 1939/2083/2373
f 1940/2080/2370 1942/2085/2375 1944/2086/2376 1936/2081/2371
f 1945/2087/2377 1942/2085/2375 1940/2080/2370 1941/2084/2374
f 1946/2088/2378 1943/2089/2379 1942/2085/2375 1945/2087/2377
f 1942/2085/2375 1943/2089/2379 2326/2090/2380 1944/2086/2376
f 1950/2091/2381 1946/2088/2378 1945/2087/2377 1947/2092/2382
f 1947/2092/2382 1945/2087/2377 1941/2084/2374 1949/2093/2383
f 1948/2094/2384 1947/2092/2382 1949/2093/2383 3953/2095/2385
f 1952/2096/2386 1950/2091/2381 1947/2092/2382 1948/2094/2384
f 1953/2097/2387 1951/2098/2388 1950/2091/2381 1952/2096/2386
f 1951/2098/2388 2332/2099/2389 1946/2088/2378 1950/2091/2381
f 1957/2100/2390 1953/2097/2387 1952/2096/2386 1954/2101/2391
f 1954/2101/2391 1952/2096/2386 1948/2094/2384 1956/2102/2392
f 1955/2103/2393 1954/2101/2391 1956/2102/2392 3960/2104/2394
f 1959/2105/2395 1957/2100/2390 1954/2101/2391 1955/2103/2393
f 1958/2106/2396 2344/2107/2397 1953/2097/2387 1957/2100/2390
f 1960/2108/2398 1958/2106/2396 1957/2100/2390 1959/2105/2395
f 1961/2109/2399 1964/2110/2400 1960/2108/2398 1959/2105/2395
f 1963/2111/2401 1961/2109/2399 1959/2105/2395 1955/2103/2393
f 1962/2112/2402 1961/2109/2399 1963/2111/2401 3852/2113/2403
f 1965/2114/2404 1964/2110/2400 1961/2109/2399 1962/2112/2402
f 1968/2115/2405 1966/2116/2406 1964/2110/2400 1965/2114/2404
f 1964/2110/2400 1966/2116/2406 1969/2117/2407 1960/2108/2398
f 1966/2116/2406 1967/2118/2408 1971/2119/2409 1969/2117/2407
f 3841/2120/2410 1967/2118/2408 1966/2116/2406 1968/2115/2405
f 1969/2117/2407 1970/2121/2411 1958/2106/2396 1960/2108/2398
f 1971/2119/2409 1972/2122/2412 1970/2121/2411 1969/2117/2407
f 1967/2118/2408 1975/2123/2413 1973/2124/2414 1971/2119/2409
f 1973/2124/2414 1976/2125/2415 1972/2122/2412 1971/2119/2409
f 1974/2126/2416 1977/2127/2417 1976/2128/2415 1973/2129/2414
f 1975/2130/2413 3836/2131/2418 1974/2126/2416 1973/2129/2414
f 1977/2127/2417 1981/2132/2419 1978/2133/2420 1976/2128/2415
f 1976/2125/2415 1978/2134/2420 1980/2135/2421 1972/2122/2412
f 1978/2134/2420 1979/2136/2422 2343/2137/2423 1980/2135/2421
f 1981/2132/2419 1982/2138/2424 1979/2139/2422 1978/2133/2420
f 1984/2140/2425 1983/2141/2426 1981/2132/2419 1977/2127/2417
f 1983/2141/2426 1985/2142/2427 1982/2138/2424 1981/2132/2419
f 1988/2143/2428 1986/2144/2429 1983/2141/2426 1984/2140/2425
f 1986/2144/2429 1989/2145/2430 1985/2142/2427 1983/2141/2426
f 3828/2146/2431 1987/2147/2432 1986/2144/2429 1988/2143/2428
f 1987/2147/2432 1990/2148/2433 1989/2145/2430 1986/2144/2429
f 1990/2148/2433 1994/2149/2434 1991/2150/2435 1989/2145/2430
f 1989/2145/2430 1991/2150/2435 1993/2151/2436 1985/2142/2427
f 1991/2150/2435 1992/2152/2437 2350/2153/2438 1993/2151/2436
f 1994/2149/2434 1995/2154/2439 1992/2152/2437 1991/2150/2435
f 1998/2155/2440 1996/2156/2441 1994/2149/2434 1990/2148/2433
f 1996/2156/2441 1999/2157/2442 1995/2154/2439 1994/2149/2434
f 3825/2158/2443 1997/2159/2444 1996/2156/2441 1998/2155/2440
f 1997/2159/2444 2001/2160/2445 1999/2157/2442 1996/2156/2441
f 1995/2154/2439 1999/2157/2442 2000/2161/2446 2355/2162/2447
f 1999/2157/2442 2001/2160/2445 2003/2163/2448 2000/2161/2446
f 2001/2160/2445 1997/2159/2444 3991/2164/2449 2002/2165/2450
f 2001/2160/2445 2002/2165/2450 2005/2166/2451 2003/2163/2448
f 2003/2163/2448 2004/2167/2452 2357/2168/2453 2000/2161/2446
f 2004/2167/2452 2003/2163/2448 2005/2166/2451 2006/2169/2454
f 2006/2169/2454 2005/2166/2451 2007/2170/2455 2009/2171/2456
f 2002/2165/2450 2010/2172/2457 2007/2170/2455 2005/2166/2451
f 2010/2172/2457 2012/2173/2458 2008/2174/2459 2007/2170/2455
f 2008/2174/2459 2370/2175/2460 2009/2171/2456 2007/2170/2455
f 2002/2165/2450 3991/2164/2449 2011/2176/2461 2010/2172/2457
f 2013/2177/2462 2012/2173/2458 2010/2172/2457 2011/2176/2461
f 2012/2173/2458 2014/2178/2463 2016/2179/2464 2008/2174/2459
f 2017/2180/2465 2014/2178/2463 2012/2173/2458 2013/2177/2462
f 2018/2181/2466 2015/2182/2467 2014/2178/2463 2017/2180/2465
f 2014/2178/2463 2015/2182/2467 2632/2183/2468 2016/2179/2464
f 2022/2184/2469 2018/2181/2466 2017/2180/2465 2019/2185/2470
f 2019/2185/2470 2017/2180/2465 2013/2177/2462 2021/2186/2471
f 2020/2187/2472 2019/2185/2470 2021/2186/2471 3814/2188/2473
f 2024/2189/2474 2022/2184/2469 2019/2185/2470 2020/2187/2472
f 2025/2190/2475 2023/2191/2476 2022/2184/2469 2024/2189/2474
f 2023/2191/2476 2634/2192/2477 2018/2181/2466 2022/2184/2469
f 2029/2193/2478 2025/2190/2475 2024/2189/2474 2026/2194/2479
f 2026/2194/2479 2024/2189/2474 2020/2187/2472 2028/2195/2480
f 2027/2196/2481 2026/2194/2479 2028/2195/2480 3811/2197/2482
f 2031/2198/2483 2029/2193/2478 2026/2194/2479 2027/2196/2481
f 2030/2033/2323 2032/2199/2484 2025/2190/2475 2029/2193/2478
f 1895/2031/2321 2030/2033/2323 2029/2193/2478 2031/2198/2483
f 1885/2019/2309 1888/2022/2312 1895/2031/2321 2031/2198/2483
f 1882/2017/2307 1885/2019/2309 2031/2198/2483 2027/2196/2481
f 1896/2032/2322 2034/2200/2485 2032/2199/2484 2030/2033/2323
f 2032/2199/2484 2033/2201/2486 2023/2191/2476 2025/2190/2475
f 2034/2200/2485 2035/2202/2487 2033/2201/2486 2032/2199/2484
f 1898/2034/2324 1906/2043/2333 2034/2200/2485 1896/2032/2322
f 1906/2043/2333 2037/2045/2335 2035/2202/2487 2034/2200/2485
f 2035/2202/2487 2036/2203/2488 2636/2204/2489 2033/2201/2486
f 2037/2045/2335 2038/2205/2490 2036/2203/2488 2035/2202/2487
f 1905/2044/2334 2040/2206/2491 2038/2205/2490 2037/2045/2335
f 2038/2205/2490 2039/2207/2492 2637/2208/2493 2036/2203/2488
f 2040/2206/2491 2041/2209/2494 2039/2207/2492 2038/2205/2490
f 1908/2046/2336 2042/2210/2495 2040/2206/2491 1905/2044/2334
f 2042/2210/2495 2043/2211/2496 2041/2209/2494 2040/2206/2491
f 1911/2049/2339 1919/2058/2348 2042/2210/2495 1908/2046/2336
f 1919/2058/2348 2045/2060/2350 2043/2211/2496 2042/2210/2495
f 2041/2209/2494 2043/2211/2496 2044/2212/2497 2640/2213/2498
f 2043/2211/2496 2045/2060/2350 2046/2214/2499 2044/2212/2497
f 2045/2060/2350 1918/2059/2349 2048/2215/2500 2046/2214/2499
f 2046/2214/2499 2047/2216/2501 2642/2217/2502 2044/2212/2497
f 2048/2215/2500 2049/2218/2503 2047/2216/2501 2046/2214/2499
f 2050/2219/2504 2051/2220/2505 2049/2218/2503 2048/2215/2500
f 1918/2059/2349 1921/2061/2351 2050/2219/2504 2048/2215/2500
f 1921/2061/2351 1924/2064/2354 1932/2073/2363 2050/2219/2504
f 1932/2073/2363 2052/2075/2365 2051/2220/2505 2050/2219/2504
f 2052/2075/2365 2056/2221/2506 2053/2222/2507 2051/2220/2505
f 2051/2220/2505 2053/2222/2507 2055/2223/2508 2049/2218/2503
f 2053/2222/2507 2054/2224/2509 2618/2225/2510 2055/2223/2508
f 2056/2221/2506 2057/2226/2511 2054/2224/2509 2053/2222/2507
f 1931/2074/2364 2058/2227/2512 2056/2221/2506 2052/2075/2365
f 2058/2227/2512 2059/2228/2513 2057/2226/2511 2056/2221/2506
f 1934/2076/2366 2060/2229/2514 2058/2227/2512 1931/2074/2364
f 2060/2229/2514 2062/2230/2515 2059/2228/2513 2058/2227/2512
f 1937/2078/2368 2061/2231/2516 2060/2229/2514 1934/2076/2366
f 2061/2231/2516 2063/2232/2517 2062/2230/2515 2060/2229/2514
f 2063/2232/2517 2067/2233/2518 2064/2234/2519 2062/2230/2515
f 2062/2230/2515 2064/2234/2519 2066/2235/2520 2059/2228/2513
f 2064/2234/2519 2065/2236/2521 2648/2237/2522 2066/2235/2520
f 2067/2233/2518 2068/2238/2523 2065/2236/2521 2064/2234/2519
f 2070/2239/2524 2069/2240/2525 2067/2233/2518 2063/2232/2517
f 2069/2240/2525 2071/2241/2526 2068/2238/2523 2067/2233/2518
f 2074/2242/2527 2072/2243/2528 2069/2240/2525 2070/2239/2524
f 2072/2243/2528 2075/2244/2529 2071/2241/2526 2069/2240/2525
f 2319/2245/2530 2073/2246/2531 2072/2243/2528 2074/2242/2527
f 2073/2246/2531 2077/2247/2532 2075/2244/2529 2072/2243/2528
f 2071/2241/2526 2075/2244/2529 2076/2248/2533 2098/2249/2534
f 2075/2244/2529 2077/2247/2532 2078/2250/2535 2076/2248/2533
f 2077/2247/2532 2079/2251/2536 2082/2252/2537 2078/2250/2535
f 2080/2253/2538 2079/2251/2536 2077/2247/2532 2073/2246/2531
f 2314/2254/2539 2081/2255/2540 2079/2251/2536 2080/2253/2538
f 2079/2251/2536 2081/2255/2540 2083/2256/2541 2082/2252/2537
f 2082/2252/2542 2083/2256/2543 2085/2257/2544 2084/2258/2545
f 2078/2250/2546 2082/2252/2542 2084/2258/2545 2086/2259/2547
f 2084/2258/2545 2085/2257/2544 2088/2260/2548 2087/2261/2549
f 2086/2259/2547 2084/2258/2545 2087/2261/2549 2090/2262/2550
f 2087/2261/2549 2088/2260/2548 2245/2263/2551 2089/2264/2552
f 2090/2262/2550 2087/2261/2549 2089/2264/2552 2091/2265/2553
f 2092/2266/2554 2090/2262/2550 2091/2265/2553 2093/2267/2555
f 2095/2268/2556 2086/2259/2547 2090/2262/2550 2092/2266/2554
f 2094/2269/2557 2092/2266/2554 2093/2267/2555 2256/2270/2558
f 2096/2271/2559 2095/2268/2556 2092/2266/2554 2094/2269/2557
f 2098/2249/2560 2076/2248/2561 2095/2268/2556 2096/2271/2559
f 2076/2248/2561 2078/2250/2546 2086/2259/2547 2095/2268/2556
f 2097/2272/2562 2096/2271/2559 2094/2269/2557 3810/2273/2563
f 2099/2274/2564 2098/2249/2560 2096/2271/2559 2097/2272/2562
f 2068/2238/2523 2071/2241/2526 2098/2249/2534 2099/2274/2565
f 2065/2236/2521 2068/2238/2523 2099/2274/2565 2100/2275/2566
f 2100/2275/2567 2099/2274/2564 2097/2272/2562 2102/2276/2568
f 2648/2237/2522 2065/2236/2521 2100/2275/2566 2101/2277/2569
f 2101/2277/2570 2100/2275/2567 2102/2276/2568 2104/2278/2571
f 2102/2276/2568 2097/2272/2562 3810/2273/2563 2103/2279/2572
f 2104/2278/2571 2102/2276/2568 2103/2279/2572 2106/2280/2573
f 2105/2281/2574 2104/2278/2571 2106/2280/2573 2107/2282/2575
f 2647/2283/2576 2101/2277/2570 2104/2278/2571 2105/2281/2574
f 2107/2282/2575 2106/2280/2573 2108/2284/2577 2109/2285/2578
f 2106/2280/2573 2103/2279/2572 2111/2286/2579 2108/2284/2577
f 2109/2285/2578 2108/2284/2577 2110/2287/2580 2685/2288/2581
f 2108/2284/2577 2111/2286/2579 2113/2289/2582 2110/2287/2580
f 2103/2279/2572 3810/2273/2563 2112/2290/2583 2111/2286/2579
f 2111/2286/2579 2112/2290/2583 2114/2291/2584 2113/2289/2582
f 2113/2289/2582 2114/2291/2584 2116/2292/2585 2115/2293/2586
f 2110/2287/2580 2113/2289/2582 2115/2293/2586 2118/2294/2587
f 2115/2293/2586 2116/2292/2585 2260/2295/2588 2117/2296/2589
f 2118/2294/2587 2115/2293/2586 2117/2296/2589 2120/2297/2590
f 2685/2288/2581 2110/2287/2580 2118/2294/2587 2119/2298/2591
f 2119/2298/2591 2118/2294/2587 2120/2297/2590 2121/2299/2592
f 2121/2299/2592 2120/2297/2590 2122/2300/2593 2123/2301/2594
f 2120/2297/2590 2117/2296/2589 2125/2302/2595 2122/2300/2593
f 2123/2301/2594 2122/2300/2593 2124/2303/2596 2681/2304/2597
f 2122/2300/2593 2125/2302/2595 2127/2305/2598 2124/2303/2596
f 2117/2296/2589 2260/2295/2588 2126/2306/2599 2125/2302/2595
f 2125/2302/2595 2126/2306/2599 2128/2307/2600 2127/2305/2598
f 2127/2305/2598 2128/2307/2600 2132/2308/2601 2129/2309/2602
f 2124/2303/2596 2127/2305/2598 2129/2309/2602 2130/2310/2603
f 2129/2309/2602 2131/2311/2604 2563/2312/2605 2130/2310/2603
f 2132/2308/2601 2134/2313/2606 2131/2311/2604 2129/2309/2602
f 2133/2314/2607 2136/2315/2608 2134/2313/2606 2132/2308/2601
f 2128/2307/2600 2262/2316/2609 2133/2314/2607 2132/2308/2601
f 2134/2313/2606 2135/2317/2610 2565/2318/2611 2131/2311/2604
f 2136/2315/2608 2137/2319/2612 2135/2317/2610 2134/2313/2606
f 2139/2320/2613 2138/2321/2614 2136/2315/2608 2133/2314/2607
f 2138/2321/2614 2140/2322/2615 2137/2319/2612 2136/2315/2608
f 2143/2323/2616 2141/2324/2617 2138/2321/2614 2139/2320/2613
f 2141/2324/2617 2144/2325/2618 2140/2322/2615 2138/2321/2614
f 2142/2326/2619 2145/2327/2620 2144/2325/2618 2141/2324/2617
f 2277/2328/2621 2142/2326/2619 2141/2324/2617 2143/2323/2616
f 2145/2327/2620 2149/2329/2622 2146/2330/2623 2144/2325/2618
f 2144/2325/2618 2146/2330/2623 2148/2331/2624 2140/2322/2615
f 2146/2330/2623 2147/2332/2625 2691/2333/2626 2148/2331/2624
f 2149/2329/2622 2150/2334/2627 2147/2332/2625 2146/2330/2623
f 2152/2335/2628 2151/2336/2629 2149/2329/2622 2145/2327/2620
f 2151/2336/2629 2153/2337/2630 2150/2334/2627 2149/2329/2622
f 2156/2338/2631 2154/2339/2632 2151/2336/2629 2152/2335/2628
f 2154/2339/2632 2157/2340/2633 2153/2337/2630 2151/2336/2629
f 2291/2341/2634 2155/2342/2635 2154/2339/2632 2156/2338/2631
f 2155/2342/2635 2158/2343/2636 2157/2340/2633 2154/2339/2632
f 2158/2343/2636 2161/2344/2637 2159/2345/2638 2157/2340/2633
f 2157/2340/2633 2159/2345/2638 2160/2346/2639 2153/2337/2630
f 2160/2346/2639 2159/2345/2638 2162/2347/2640 2164/2348/2641
f 2159/2345/2638 2161/2344/2637 2165/2349/2642 2162/2347/2640
f 2162/2347/2640 2163/2350/2643 2703/2351/2644 2164/2348/2641
f 2165/2349/2642 2166/2352/2645 2163/2350/2643 2162/2347/2640
f 2167/2353/2646 2169/2354/2647 2166/2352/2645 2165/2349/2642
f 2161/2344/2637 2170/2355/2648 2167/2353/2646 2165/2349/2642
f 2170/2356/2648 2172/2357/2649 2168/2358/2650 2167/2359/2646
f 2168/2358/2650 2826/2360/2651 2169/2361/2647 2167/2359/2646
f 2171/2362/2652 2170/2355/2648 2161/2344/2637 2158/2343/2636
f 2174/2363/2653 2172/2357/2649 2170/2356/2648 2171/2364/2652
f 2176/2365/2654 2173/2366/2655 2172/2357/2649 2174/2363/2653
f 2172/2357/2649 2173/2366/2655 2825/2367/2656 2168/2358/2650
f 2175/2368/2657 2174/2363/2653 2171/2364/2652 2290/2369/2658
f 2178/2370/2659 2176/2365/2654 2174/2363/2653 2175/2368/2657
f 2179/2371/2660 2177/2372/2661 2176/2365/2654 2178/2370/2659
f 2177/2372/2661 2827/2373/2662 2173/2366/2655 2176/2365/2654
f 2183/2374/2663 2179/2371/2660 2178/2370/2659 2180/2375/2664
f 2180/2375/2664 2178/2370/2659 2175/2368/2657 2182/2376/2665
f 2181/2377/2666 2180/2375/2664 2182/2376/2665 2289/2378/2667
f 2185/2379/2668 2183/2374/2663 2180/2375/2664 2181/2377/2666
f 2186/2380/2669 2184/2381/2670 2183/2374/2663 2185/2379/2668
f 2184/2381/2670 2835/2382/2671 2179/2371/2660 2183/2374/2663
f 2190/2383/2672 2186/2380/2669 2185/2379/2668 2187/2384/2673
f 2187/2384/2673 2185/2379/2668 2181/2377/2666 2188/2385/2674
f 2309/2386/2675 2189/2387/2676 2187/2384/2673 2188/2385/2674
f 2189/2387/2676 2192/2388/2677 2190/2383/2672 2187/2384/2673
f 2191/2389/2678 2477/2390/2679 2186/2380/2669 2190/2383/2672
f 2192/2388/2677 2193/2391/2680 2191/2389/2678 2190/2383/2672
f 2194/2392/2681 2195/2393/2682 2193/2391/2680 2192/2388/2677
f 2196/2394/2683 2194/2392/2681 2192/2388/2677 2189/2387/2676
f 2197/2395/2684 2198/2396/2685 2195/2393/2682 2194/2392/2681
f 2199/2397/2686 2197/2395/2684 2194/2392/2681 2196/2394/2683
f 2200/2398/2687 2201/2399/2688 2198/2396/2685 2197/2395/2684
f 2202/2400/2689 2200/2398/2687 2197/2395/2684 2199/2397/2686
f 2203/2401/2690 2204/2402/2691 2201/2399/2688 2200/2398/2687
f 2205/2403/2692 2203/2401/2690 2200/2398/2687 2202/2400/2689
f 2206/2404/2693 2207/2405/2694 2204/2402/2691 2203/2401/2690
f 2208/2406/2695 2206/2404/2693 2203/2401/2690 2205/2403/2692
f 2209/2407/2696 2210/2408/2697 2207/2405/2694 2206/2404/2693
f 2211/2409/2698 2209/2407/2696 2206/2404/2693 2208/2406/2695
f 2212/2410/2699 2213/2411/2700 2210/2408/2697 2209/2407/2696
f 2214/2412/2701 2212/2410/2699 2209/2407/2696 2211/2409/2698
f 2215/2413/2702 2216/2414/2703 2213/2411/2700 2212/2410/2699
f 2218/2415/2704 2215/2413/2702 2212/2410/2699 2214/2412/2701
f 2217/2416/2705 2437/2417/2706 2216/2414/2707 2215/2413/2708
f 2219/2418/2709 2217/2416/2705 2215/2413/2708 2218/2415/2710
f 2221/2419/2711 2219/2418/2709 2218/2415/2710 2220/2420/2712
f 2220/2420/2713 2218/2415/2704 2214/2412/2701 2223/2421/2714
f 2459/2422/2715 2221/2419/2711 2220/2420/2712 2222/2423/2716
f 2222/2423/2717 2220/2420/2713 2223/2421/2714 2224/2424/2718
f 2224/2424/2718 2223/2421/2714 2225/2425/2719 2227/2426/2720
f 2223/2421/2714 2214/2412/2701 2211/2409/2698 2225/2425/2719
f 2227/2426/2720 2225/2425/2719 2226/2427/2721 2228/2428/2722
f 2225/2425/2719 2211/2409/2698 2208/2406/2695 2226/2427/2721
f 2229/2429/2723 2227/2426/2720 2228/2428/2722 2230/2430/2724
f 2232/2431/2725 2224/2424/2718 2227/2426/2720 2229/2429/2723
f 2231/2432/2726 2229/2433/2723 2230/2434/2724 2243/2435/2727
f 2233/2436/2728 2232/2437/2725 2229/2433/2723 2231/2432/2726
f 2234/2438/2729 2222/2423/2717 2224/2424/2718 2232/2431/2725
f 2236/2439/2730 2234/2440/2729 2232/2437/2725 2233/2436/2728
f 2235/2441/2731 2459/2422/2715 2222/2423/2716 2234/2438/2732
f 2237/2442/2733 2235/2443/2731 2234/2440/2732 2236/2439/2734
f 2239/2444/2735 2237/2442/2733 2236/2439/2734 2238/2445/2736
f 2238/2445/2737 2236/2439/2730 2233/2436/2728 2240/2446/2738
f 2081/2255/2540 2239/2444/2735 2238/2445/2736 2083/2256/2541
f 2083/2256/2543 2238/2445/2737 2240/2446/2738 2085/2257/2544
f 2240/2446/2738 2233/2436/2728 2231/2432/2726 2241/2447/2739
f 2085/2257/2544 2240/2446/2738 2241/2447/2739 2088/2260/2548
f 2241/2447/2739 2231/2432/2726 2243/2435/2727 2242/2448/2740
f 2088/2260/2548 2241/2447/2739 2242/2448/2740 2245/2263/2551
f 2242/2448/2740 2243/2435/2727 2304/2449/2741 2244/2450/2742
f 2245/2263/2551 2242/2448/2740 2244/2450/2742 2246/2451/2743
f 2089/2264/2552 2245/2263/2551 2246/2451/2743 2248/2452/2744
f 2246/2451/2743 2244/2450/2742 2310/2453/2745 2247/2454/2746
f 2248/2452/2744 2246/2451/2743 2247/2454/2746 2249/2455/2747
f 2250/2456/2748 2248/2452/2744 2249/2455/2747 2251/2457/2749
f 2091/2265/2553 2089/2264/2552 2248/2452/2744 2250/2456/2748
f 2252/2458/2750 2250/2456/2748 2251/2457/2749 2253/2459/2751
f 2093/2267/2555 2091/2265/2553 2250/2456/2748 2252/2458/2750
f 2254/2460/2752 2252/2458/2750 2253/2459/2751 2255/2461/2753
f 2256/2270/2558 2093/2267/2555 2252/2458/2750 2254/2460/2752
f 2114/2291/2584 2254/2460/2752 2255/2461/2753 2116/2292/2585
f 2112/2290/2583 2256/2270/2558 2254/2460/2752 2114/2291/2584
f 3810/2273/2563 2094/2269/2557 2256/2270/2558 2112/2290/2583
f 2255/2461/2753 2253/2459/2751 2258/2462/2754 2257/2463/2755
f 2116/2292/2585 2255/2461/2753 2257/2463/2755 2260/2295/2588
f 2257/2463/2755 2258/2462/2754 2261/2464/2756 2259/2465/2757
f 2260/2295/2588 2257/2463/2755 2259/2465/2757 2126/2306/2599
f 2259/2465/2757 2261/2464/2756 2263/2466/2758 2262/2316/2609
f 2126/2306/2599 2259/2465/2757 2262/2316/2609 2128/2307/2600
f 2262/2316/2609 2263/2466/2758 2139/2320/2613 2133/2314/2607
f 2261/2464/2756 2266/2467/2759 2264/2468/2760 2263/2466/2758
f 2263/2466/2758 2264/2468/2760 2143/2323/2616 2139/2320/2613
f 2264/2468/2760 2265/2469/2761 2277/2328/2621 2143/2323/2616
f 2266/2467/2759 2267/2470/2762 2265/2469/2761 2264/2468/2760
f 2268/2471/2763 2269/2472/2764 2267/2470/2762 2266/2467/2759
f 2258/2462/2754 2268/2471/2763 2266/2467/2759 2261/2464/2756
f 2251/2457/2749 2249/2455/2747 2269/2472/2764 2268/2471/2763
f 2253/2459/2751 2251/2457/2749 2268/2471/2763 2258/2462/2754
f 2249/2455/2747 2247/2454/2746 2270/2473/2765 2269/2472/2764
f 2269/2472/2764 2270/2473/2765 2272/2474/2766 2267/2470/2762
f 2247/2454/2746 2310/2453/2745 2271/2475/2767 2270/2473/2765
f 2270/2473/2765 2271/2475/2767 2273/2476/2768 2272/2474/2766
f 2272/2474/2766 2273/2476/2768 2275/2477/2769 2274/2478/2770
f 2267/2470/2762 2272/2474/2766 2274/2478/2770 2265/2469/2761
f 2274/2478/2770 2275/2477/2769 2279/2479/2771 2276/2480/2772
f 2265/2469/2761 2274/2478/2770 2276/2480/2772 2277/2328/2621
f 2276/2480/2772 2278/2481/2773 2142/2326/2619 2277/2328/2621
f 2279/2479/2771 2280/2482/2774 2278/2481/2773 2276/2480/2772
f 2281/2483/2775 2283/2484/2776 2280/2482/2774 2279/2479/2771
f 2275/2477/2769 2282/2485/2777 2281/2483/2775 2279/2479/2771
f 2282/2485/2777 2286/2486/2778 2284/2487/2779 2281/2483/2775
f 2284/2487/2779 2287/2488/2780 2283/2484/2776 2281/2483/2775
f 2285/2489/2781 2289/2378/2667 2287/2490/2780 2284/2491/2779
f 2286/2492/2778 2292/2493/2782 2285/2489/2781 2284/2491/2779
f 2287/2488/2780 2288/2494/2783 2291/2341/2634 2283/2484/2776
f 2289/2378/2667 2182/2376/2665 2288/2495/2783 2287/2490/2780
f 2188/2385/2674 2181/2377/2666 2289/2378/2667 2285/2489/2781
f 2288/2494/2783 2290/2496/2658 2155/2342/2635 2291/2341/2634
f 2182/2376/2665 2175/2368/2657 2290/2369/2658 2288/2495/2783
f 2283/2484/2776 2291/2341/2634 2156/2338/2631 2280/2482/2774
f 2290/2496/2658 2171/2362/2652 2158/2343/2636 2155/2342/2635
f 2293/2497/2784 2294/2498/2785 2292/2493/2782 2286/2492/2778
f 2295/2499/2786 2293/2500/2784 2286/2486/2778 2282/2485/2777
f 2296/2501/2787 2297/2502/2788 2294/2498/2785 2293/2497/2784
f 2298/2503/2789 2296/2504/2787 2293/2500/2784 2295/2499/2786
f 2299/2505/2790 2300/2506/2791 2297/2502/2788 2296/2501/2787
f 2301/2507/2792 2299/2508/2790 2296/2504/2787 2298/2503/2789
f 2302/2509/2793 2303/2510/2794 2300/2506/2791 2299/2505/2790
f 2304/2449/2741 2302/2511/2793 2299/2508/2790 2301/2507/2792
f 2230/2430/2724 2228/2428/2722 2303/2510/2794 2302/2509/2793
f 2243/2435/2727 2230/2434/2724 2302/2511/2793 2304/2449/2741
f 2244/2450/2742 2304/2449/2741 2301/2507/2792 2310/2453/2745
f 2228/2428/2722 2226/2427/2721 2305/2512/2795 2303/2510/2794
f 2303/2510/2794 2305/2512/2795 2306/2513/2796 2300/2506/2791
f 2305/2512/2795 2205/2403/2692 2202/2400/2689 2306/2513/2796
f 2226/2427/2721 2208/2406/2695 2205/2403/2692 2305/2512/2795
f 2300/2506/2791 2306/2513/2796 2307/2514/2797 2297/2502/2788
f 2306/2513/2796 2202/2400/2689 2199/2397/2686 2307/2514/2797
f 2297/2502/2788 2307/2514/2797 2308/2515/2798 2294/2498/2785
f 2307/2514/2797 2199/2397/2686 2196/2394/2683 2308/2515/2798
f 2294/2498/2785 2308/2515/2798 2309/2386/2675 2292/2493/2782
f 2308/2515/2798 2196/2394/2683 2189/2387/2676 2309/2386/2675
f 2292/2493/2782 2309/2386/2675 2188/2385/2674 2285/2489/2781
f 2310/2453/2745 2301/2507/2792 2298/2503/2789 2271/2475/2767
f 2271/2475/2767 2298/2503/2789 2295/2499/2786 2273/2476/2768
f 2273/2476/2768 2295/2499/2786 2282/2485/2777 2275/2477/2769
f 2280/2482/2774 2156/2338/2631 2152/2335/2628 2278/2481/2773
f 2278/2481/2773 2152/2335/2628 2145/2327/2620 2142/2326/2619
f 2312/2516/2799 2237/2442/2733 2239/2444/2735 2311/2517/2800
f 2311/2517/2800 2239/2444/2735 2081/2255/2540 2314/2254/2539
f 2450/2518/2801 2312/2516/2799 2311/2517/2800 2313/2519/2802
f 2313/2519/2802 2311/2517/2800 2314/2254/2539 2315/2520/2803
f 2315/2520/2803 2314/2254/2539 2080/2253/2538 2317/2521/2804
f 2316/2522/2805 2315/2520/2803 2317/2521/2804 2318/2523/2806
f 2453/2524/2807 2313/2519/2802 2315/2520/2803 2316/2522/2805
f 2318/2523/2806 2317/2521/2804 2319/2245/2530 2320/2525/2808
f 2317/2521/2804 2080/2253/2538 2073/2246/2531 2319/2245/2530
f 2320/2525/2808 2319/2245/2530 2074/2242/2527 2322/2526/2809
f 2327/2527/2810 2318/2523/2806 2320/2525/2808 2321/2528/2811
f 2321/2528/2811 2320/2525/2808 2322/2526/2809 2323/2529/2812
f 2323/2529/2812 2322/2526/2809 2324/2530/2813 2325/2082/2372
f 2322/2526/2809 2074/2242/2527 2070/2239/2524 2324/2530/2813
f 2325/2082/2372 2324/2530/2813 2061/2231/2516 1937/2078/2368
f 2324/2530/2813 2070/2239/2524 2063/2232/2517 2061/2231/2516
f 1944/2086/2376 2323/2529/2812 2325/2082/2372 1936/2081/2371
f 2326/2090/2380 2321/2528/2811 2323/2529/2812 1944/2086/2376
f 2329/2531/2814 2327/2527/2810 2321/2528/2811 2326/2090/2380
f 2328/2532/2815 2316/2522/2805 2318/2523/2806 2327/2527/2810
f 2330/2533/2816 2328/2532/2815 2327/2527/2810 2329/2531/2814
f 2331/2534/2817 2333/2535/2818 2330/2533/2816 2329/2531/2814
f 1943/2089/2379 2331/2534/2817 2329/2531/2814 2326/2090/2380
f 2332/2099/2389 2331/2534/2817 1943/2089/2379 1946/2088/2378
f 2334/2536/2819 2333/2535/2818 2331/2534/2817 2332/2099/2389
f 2333/2535/2818 2335/2537/2820 2337/2538/2821 2330/2533/2816
f 2338/2539/2822 2335/2537/2820 2333/2535/2818 2334/2536/2819
f 2339/2540/2823 2336/2541/2824 2335/2537/2820 2338/2539/2822
f 2335/2537/2820 2336/2541/2824 2455/2542/2825 2337/2538/2821
f 2343/2137/2423 2339/2540/2823 2338/2539/2822 2340/2543/2826
f 2340/2543/2826 2338/2539/2822 2334/2536/2819 2342/2544/2827
f 2341/2545/2828 2340/2543/2826 2342/2544/2827 2344/2107/2397
f 1980/2135/2421 2343/2137/2423 2340/2543/2826 2341/2545/2828
f 1979/2136/2422 2345/2546/2829 2339/2540/2823 2343/2137/2423
f 2344/2107/2397 2342/2544/2827 1951/2098/2388 1953/2097/2387
f 2342/2544/2827 2334/2536/2819 2332/2099/2389 1951/2098/2388
f 1970/2121/2411 2341/2545/2828 2344/2107/2397 1958/2106/2396
f 1972/2122/2412 1980/2135/2421 2341/2545/2828 1970/2121/2411
f 2345/2546/2829 2346/2547/2830 2336/2541/2824 2339/2540/2823
f 1982/2138/2424 2347/2548/2831 2345/2549/2829 1979/2139/2422
f 2347/2548/2831 2348/2550/2832 2346/2551/2830 2345/2549/2829
f 1985/2142/2427 1993/2151/2436 2347/2548/2831 1982/2138/2424
f 1993/2151/2436 2350/2153/2438 2348/2550/2832 2347/2548/2831
f 2346/2551/2830 2348/2550/2832 2349/2552/2833 2458/2553/2834
f 2348/2550/2832 2350/2153/2438 2351/2554/2835 2349/2552/2833
f 2350/2153/2438 1992/2152/2437 2353/2555/2836 2351/2554/2835
f 2351/2554/2835 2352/2556/2837 2457/2557/2838 2349/2552/2833
f 2353/2555/2836 2354/2558/2839 2352/2556/2837 2351/2554/2835
f 2355/2162/2447 2356/2559/2840 2354/2558/2839 2353/2555/2836
f 1992/2152/2437 1995/2154/2439 2355/2162/2447 2353/2555/2836
f 2000/2161/2446 2357/2168/2453 2356/2559/2840 2355/2162/2447
f 2357/2168/2453 2361/2560/2841 2358/2561/2842 2356/2559/2840
f 2356/2559/2840 2358/2561/2842 2360/2562/2843 2354/2558/2839
f 2358/2561/2842 2359/2563/2844 2441/2564/2845 2360/2562/2843
f 2361/2560/2841 2362/2565/2846 2359/2563/2844 2358/2561/2842
f 2004/2167/2452 2363/2566/2847 2361/2560/2841 2357/2168/2453
f 2363/2566/2847 2364/2567/2848 2362/2565/2846 2361/2560/2841
f 2363/2566/2847 2004/2167/2452 2006/2169/2454 2365/2568/2849
f 2364/2567/2848 2363/2566/2847 2365/2568/2849 2366/2569/2850
f 2365/2568/2849 2006/2169/2454 2009/2171/2456 2367/2570/2851
f 2366/2569/2850 2365/2568/2849 2367/2570/2851 2368/2571/2852
f 2369/2572/2853 2371/2573/2854 2368/2571/2852 2367/2570/2851
f 2370/2175/2460 2369/2572/2853 2367/2570/2851 2009/2171/2456
f 2373/2574/2855 2372/2575/2856 2369/2572/2853 2370/2175/2460
f 2372/2575/2856 2374/2576/2857 2371/2573/2854 2369/2572/2853
f 2377/2577/2858 2375/2578/2859 2372/2575/2856 2373/2574/2855
f 2375/2578/2859 2378/2579/2860 2374/2576/2857 2372/2575/2856
f 2630/2580/2861 2376/2581/2862 2375/2578/2859 2377/2577/2858
f 2376/2581/2862 2379/2582/2863 2378/2579/2860 2375/2578/2859
f 2379/2582/2863 2383/2583/2864 2380/2584/2865 2378/2579/2860
f 2378/2579/2860 2380/2584/2865 2382/2585/2866 2374/2576/2857
f 2380/2584/2865 2381/2586/2867 2412/2587/2868 2382/2585/2866
f 2383/2583/2864 2384/2588/2869 2381/2586/2867 2380/2584/2865
f 2386/2589/2870 2385/2590/2871 2383/2583/2864 2379/2582/2863
f 2385/2590/2871 2387/2591/2872 2384/2588/2869 2383/2583/2864
f 2390/2592/2873 2388/2593/2874 2385/2590/2871 2386/2589/2870
f 2388/2593/2874 2391/2594/2875 2387/2591/2872 2385/2590/2871
f 2622/2595/2876 2389/2596/2877 2388/2593/2874 2390/2592/2873
f 2389/2596/2877 2392/2597/2878 2391/2594/2875 2388/2593/2874
f 2391/2594/2875 2392/2597/2878 2394/2598/2879 2393/2599/2880
f 2387/2591/2872 2391/2594/2875 2393/2599/2880 2395/2600/2881
f 2393/2599/2882 2394/2598/2883 2397/2601/2884 2396/2602/2885
f 2395/2600/2886 2393/2599/2882 2396/2602/2885 2398/2603/2887
f 2396/2602/2885 2397/2601/2884 2400/2604/2888 2399/2605/2889
f 2398/2603/2887 2396/2602/2885 2399/2605/2889 2402/2606/2890
f 2399/2605/2889 2400/2604/2888 2597/2607/2891 2401/2608/2892
f 2402/2606/2890 2399/2605/2889 2401/2608/2892 2403/2609/2893
f 2404/2610/2894 2402/2606/2890 2403/2609/2893 2405/2611/2895
f 2407/2612/2896 2398/2603/2887 2402/2606/2890 2404/2610/2894
f 2406/2613/2897 2404/2610/2894 2405/2611/2895 2501/2614/2898
f 2408/2615/2899 2407/2612/2896 2404/2610/2894 2406/2613/2897
f 2409/2616/2900 2395/2600/2886 2398/2603/2887 2407/2612/2896
f 2410/2617/2901 2409/2616/2900 2407/2612/2896 2408/2615/2899
f 2384/2588/2869 2387/2591/2872 2395/2600/2881 2409/2616/2902
f 2381/2586/2867 2384/2588/2869 2409/2616/2902 2410/2617/2903
f 2412/2587/2868 2381/2586/2867 2410/2617/2903 2411/2618/2904
f 2411/2618/2905 2410/2617/2901 2408/2615/2899 2414/2619/2906
f 2435/2620/2907 2412/2587/2868 2411/2618/2904 2413/2621/2908
f 2413/2621/2909 2411/2618/2905 2414/2619/2906 2415/2622/2910
f 2415/2622/2910 2414/2619/2906 2416/2623/2911 2418/2624/2912
f 2414/2619/2906 2408/2615/2899 2406/2613/2897 2416/2623/2911
f 2418/2624/2912 2416/2623/2911 2417/2625/2913 2419/2626/2914
f 2416/2623/2911 2406/2613/2897 2501/2614/2898 2417/2625/2913
f 2420/2627/2915 2418/2624/2912 2419/2626/2914 2421/2628/2916
f 2423/2629/2917 2415/2622/2910 2418/2624/2912 2420/2627/2915
f 2422/2630/2918 2420/2627/2915 2421/2628/2916 2463/2631/2919
f 2424/2632/2920 2423/2629/2917 2420/2627/2915 2422/2630/2918
f 2425/2633/2921 2413/2621/2909 2415/2622/2910 2423/2629/2917
f 2427/2634/2922 2425/2633/2921 2423/2629/2917 2424/2632/2920
f 2426/2635/2923 2435/2620/2907 2413/2621/2908 2425/2633/2924
f 2429/2636/2925 2426/2635/2923 2425/2633/2924 2427/2634/2926
f 2428/2637/2927 2427/2634/2922 2424/2632/2920 2460/2638/2928
f 2430/2639/2929 2429/2636/2925 2427/2634/2926 2428/2637/2930
f 2430/2639/2929 2432/2640/2931 2431/2641/2932 2429/2636/2925
f 2429/2636/2925 2431/2641/2932 2433/2642/2933 2426/2635/2923
f 2432/2640/2931 2364/2567/2848 2366/2569/2850 2431/2641/2932
f 2431/2641/2932 2366/2569/2850 2368/2571/2852 2433/2642/2933
f 2371/2573/2854 2434/2643/2934 2433/2642/2933 2368/2571/2852
f 2434/2643/2934 2435/2620/2907 2426/2635/2923 2433/2642/2933
f 2374/2576/2857 2382/2585/2866 2434/2643/2934 2371/2573/2854
f 2382/2585/2866 2412/2587/2868 2435/2620/2907 2434/2643/2934
f 2364/2567/2848 2432/2640/2931 2436/2644/2935 2362/2565/2846
f 2432/2640/2931 2430/2639/2929 2437/2417/2706 2436/2644/2935
f 2362/2565/2846 2436/2644/2935 2438/2645/2936 2359/2563/2844
f 2436/2644/2935 2437/2417/2706 2217/2416/2705 2438/2645/2936
f 2359/2563/2844 2438/2645/2936 2439/2646/2937 2441/2564/2845
f 2438/2645/2936 2217/2416/2705 2219/2418/2709 2439/2646/2937
f 2439/2646/2937 2219/2418/2709 2221/2419/2711 2440/2647/2938
f 2441/2564/2845 2439/2646/2937 2440/2647/2938 2442/2648/2939
f 2360/2562/2843 2441/2564/2845 2442/2648/2939 2443/2649/2940
f 2443/2649/2940 2442/2648/2939 2444/2650/2941 2445/2651/2942
f 2442/2648/2939 2440/2647/2938 2446/2652/2943 2444/2650/2941
f 2445/2651/2942 2444/2650/2941 2447/2653/2944 2448/2654/2945
f 2444/2650/2941 2446/2652/2943 2449/2655/2946 2447/2653/2944
f 2448/2656/2945 2447/2657/2944 2450/2518/2801 2451/2658/2947
f 2447/2657/2944 2449/2659/2946 2312/2516/2799 2450/2518/2801
f 2451/2658/2947 2450/2518/2801 2313/2519/2802 2453/2524/2807
f 2456/2660/2948 2448/2656/2945 2451/2658/2947 2452/2661/2949
f 2452/2661/2949 2451/2658/2947 2453/2524/2807 2454/2662/2950
f 2454/2662/2950 2453/2524/2807 2316/2522/2805 2328/2532/2815
f 2337/2538/2821 2454/2662/2950 2328/2532/2815 2330/2533/2816
f 2455/2542/2825 2452/2661/2949 2454/2662/2950 2337/2538/2821
f 2458/2663/2834 2456/2660/2948 2452/2661/2949 2455/2542/2825
f 2457/2557/2838 2445/2651/2942 2448/2654/2945 2456/2664/2948
f 2349/2552/2833 2457/2557/2838 2456/2664/2948 2458/2553/2834
f 2336/2541/2824 2346/2547/2830 2458/2663/2834 2455/2542/2825
f 2352/2556/2837 2443/2649/2940 2445/2651/2942 2457/2557/2838
f 2449/2659/2946 2235/2443/2731 2237/2442/2733 2312/2516/2799
f 2446/2652/2943 2459/2422/2715 2235/2441/2731 2449/2655/2946
f 2440/2647/2938 2221/2419/2711 2459/2422/2715 2446/2652/2943
f 2354/2558/2839 2360/2562/2843 2443/2649/2940 2352/2556/2837
f 2437/2417/2706 2430/2639/2929 2428/2637/2930 2216/2414/2707
f 2216/2414/2703 2428/2637/2927 2460/2638/2928 2213/2411/2700
f 2460/2638/2928 2424/2632/2920 2422/2630/2918 2461/2665/2951
f 2213/2411/2700 2460/2638/2928 2461/2665/2951 2210/2408/2697
f 2461/2665/2951 2422/2630/2918 2463/2631/2919 2462/2666/2952
f 2210/2408/2697 2461/2665/2951 2462/2666/2952 2207/2405/2694
f 2462/2666/2952 2463/2631/2919 2465/2667/2953 2464/2668/2954
f 2207/2405/2694 2462/2666/2952 2464/2668/2954 2204/2402/2691
f 2464/2668/2954 2465/2667/2953 2467/2669/2955 2466/2670/2956
f 2204/2402/2691 2464/2668/2954 2466/2670/2956 2201/2399/2688
f 2466/2670/2956 2467/2669/2955 2469/2671/2957 2468/2672/2958
f 2201/2399/2688 2466/2670/2956 2468/2672/2958 2198/2396/2685
f 2468/2672/2958 2469/2671/2957 2471/2673/2959 2470/2674/2960
f 2198/2396/2685 2468/2672/2958 2470/2674/2960 2195/2393/2682
f 2470/2674/2960 2471/2673/2959 2473/2675/2961 2472/2676/2962
f 2195/2393/2682 2470/2674/2960 2472/2676/2962 2193/2391/2680
f 2472/2676/2962 2473/2675/2961 2475/2677/2963 2474/2678/2964
f 2193/2391/2680 2472/2676/2962 2474/2678/2964 2191/2389/2678
f 2476/2679/2965 2474/2678/2964 2475/2677/2963 2479/2680/2966
f 2474/2678/2964 2476/2679/2965 2477/2390/2679 2191/2389/2678
f 2476/2679/2965 2478/2681/2967 2834/2682/2968 2477/2390/2679
f 2478/2681/2967 2476/2679/2965 2479/2680/2966 2480/2683/2969
f 2479/2680/2966 2475/2677/2963 2484/2684/2970 2481/2685/2971
f 2480/2683/2969 2479/2680/2966 2481/2685/2971 2482/2686/2972
f 2483/2687/2973 2783/2688/2974 2482/2686/2972 2481/2685/2971
f 2485/2689/2975 2483/2687/2973 2481/2685/2971 2484/2684/2970
f 2486/2690/2976 2487/2691/2977 2485/2689/2975 2484/2684/2970
f 2473/2675/2961 2486/2690/2976 2484/2684/2970 2475/2677/2963
f 2488/2692/2978 2489/2693/2979 2487/2691/2977 2486/2690/2976
f 2471/2673/2959 2488/2692/2978 2486/2690/2976 2473/2675/2961
f 2490/2694/2980 2491/2695/2981 2489/2693/2979 2488/2692/2978
f 2469/2671/2957 2490/2694/2980 2488/2692/2978 2471/2673/2959
f 2492/2696/2982 2493/2697/2983 2491/2695/2981 2490/2694/2980
f 2467/2669/2955 2492/2696/2982 2490/2694/2980 2469/2671/2957
f 2494/2698/2984 2495/2699/2985 2493/2697/2983 2492/2696/2982
f 2465/2667/2953 2494/2698/2984 2492/2696/2982 2467/2669/2955
f 2421/2628/2916 2419/2626/2914 2495/2699/2985 2494/2698/2984
f 2463/2631/2919 2421/2628/2916 2494/2698/2984 2465/2667/2953
f 2419/2626/2914 2417/2625/2913 2496/2700/2986 2495/2699/2985
f 2495/2699/2985 2496/2700/2986 2497/2701/2987 2493/2697/2983
f 2496/2700/2986 2498/2702/2988 2500/2703/2989 2497/2701/2987
f 2417/2625/2913 2501/2614/2898 2498/2702/2988 2496/2700/2986
f 2501/2614/2898 2405/2611/2895 2499/2704/2990 2498/2702/2988
f 2498/2702/2988 2499/2704/2990 2502/2705/2991 2500/2703/2989
f 2500/2703/2989 2502/2705/2991 2504/2706/2992 2503/2707/2993
f 2497/2701/2987 2500/2703/2989 2503/2707/2993 2506/2708/2994
f 2503/2707/2993 2504/2706/2992 2587/2709/2995 2505/2710/2996
f 2506/2708/2994 2503/2707/2993 2505/2710/2996 2507/2711/2997
f 2491/2695/2981 2506/2708/2994 2507/2711/2997 2489/2693/2979
f 2493/2697/2983 2497/2701/2987 2506/2708/2994 2491/2695/2981
f 2489/2693/2979 2507/2711/2997 2508/2712/2998 2487/2691/2977
f 2507/2711/2997 2505/2710/2996 2510/2713/2999 2508/2712/2998
f 2487/2691/2977 2508/2712/2998 2509/2714/3000 2485/2689/2975
f 2508/2712/2998 2510/2713/2999 2512/2715/3001 2509/2714/3000
f 2510/2713/2999 2511/2716/3002 2514/2717/3003 2512/2715/3001
f 2505/2710/2996 2587/2709/2995 2511/2716/3002 2510/2713/2999
f 2512/2715/3001 2513/2718/3004 2782/2719/3005 2509/2714/3000
f 2514/2717/3003 2516/2720/3006 2513/2718/3004 2512/2715/3001
f 2515/2721/3007 2518/2722/3008 2516/2720/3006 2514/2717/3003
f 2511/2716/3002 2585/2723/3009 2515/2721/3007 2514/2717/3003
f 2516/2720/3006 2517/2724/3010 2780/2725/3011 2513/2718/3004
f 2518/2722/3008 2519/2726/3012 2517/2724/3010 2516/2720/3006
f 2521/2727/3013 2520/2728/3014 2518/2722/3008 2515/2721/3007
f 2520/2728/3014 2522/2729/3015 2519/2726/3012 2518/2722/3008
f 2525/2730/3016 2523/2731/3017 2520/2728/3014 2521/2727/3013
f 2523/2731/3017 2526/2732/3018 2522/2729/3015 2520/2728/3014
f 2524/2733/3019 2527/2734/3020 2526/2732/3018 2523/2731/3017
f 2578/2735/3021 2524/2733/3019 2523/2731/3017 2525/2730/3016
f 2527/2734/3020 2531/2736/3022 2528/2737/3023 2526/2732/3018
f 2526/2732/3018 2528/2737/3023 2530/2738/3024 2522/2729/3015
f 2528/2737/3023 2529/2739/3025 2775/2740/3026 2530/2738/3024
f 2531/2736/3022 2532/2741/3027 2529/2739/3025 2528/2737/3023
f 2534/2742/3028 2533/2743/3029 2531/2736/3022 2527/2734/3020
f 2533/2743/3029 2535/2744/3030 2532/2741/3027 2531/2736/3022
f 2538/2745/3031 2536/2746/3032 2533/2743/3029 2534/2742/3028
f 2536/2746/3032 2539/2747/3033 2535/2744/3030 2533/2743/3029
f 2570/2748/3034 2537/2749/3035 2536/2746/3032 2538/2745/3031
f 2537/2749/3035 2540/2750/3036 2539/2747/3033 2536/2746/3032
f 2540/2750/3036 2543/2751/3037 2541/2752/3038 2539/2747/3033
f 2539/2747/3033 2541/2752/3038 2542/2753/3039 2535/2744/3030
f 2542/2753/3039 2541/2752/3038 2544/2754/3040 2546/2755/3041
f 2541/2752/3038 2543/2751/3037 2547/2756/3042 2544/2754/3040
f 2544/2754/3040 2545/2757/3043 2845/2758/3044 2546/2755/3041
f 2547/2756/3042 2548/2759/3045 2545/2757/3043 2544/2754/3040
f 2549/2760/3046 2551/2761/3047 2548/2759/3045 2547/2756/3042
f 2543/2751/3037 2552/2762/3048 2549/2760/3046 2547/2756/3042
f 2552/2762/3048 2554/2763/3049 2550/2764/3050 2549/2760/3046
f 2550/2764/3050 2962/2765/3051 2551/2761/3047 2549/2760/3046
f 2553/2766/3052 2552/2762/3048 2543/2751/3037 2540/2750/3036
f 2556/2767/3053 2554/2763/3049 2552/2762/3048 2553/2766/3052
f 2558/2768/3054 2555/2769/3055 2554/2763/3049 2556/2767/3053
f 2554/2763/3049 2555/2769/3055 2961/2770/3056 2550/2764/3050
f 2557/2771/3057 2556/2767/3053 2553/2766/3052 2569/2772/3058
f 2560/2773/3059 2558/2768/3054 2556/2767/3053 2557/2771/3057
f 2561/2774/3060 2559/2775/3061 2558/2768/3054 2560/2773/3059
f 2559/2775/3061 2963/2776/3062 2555/2769/3055 2558/2768/3054
f 2565/2318/2611 2561/2774/3060 2560/2773/3059 2562/2777/3063
f 2562/2777/3063 2560/2773/3059 2557/2771/3057 2564/2778/3064
f 2563/2312/2605 2562/2777/3063 2564/2778/3064 2566/2779/3065
f 2131/2311/2604 2565/2318/2611 2562/2777/3063 2563/2312/2605
f 2135/2317/2610 2686/2780/3066 2561/2774/3060 2565/2318/2611
f 2566/2779/3065 2564/2778/3064 2567/2781/3067 2568/2782/3068
f 2564/2778/3064 2557/2771/3057 2569/2772/3058 2567/2781/3067
f 2568/2782/3068 2567/2781/3067 2570/2748/3034 2571/2783/3069
f 2567/2781/3067 2569/2772/3058 2537/2749/3035 2570/2748/3034
f 2571/2783/3069 2570/2748/3034 2538/2745/3031 2573/2784/3070
f 2683/2785/3071 2568/2782/3068 2571/2783/3069 2572/2786/3072
f 2572/2786/3072 2571/2783/3069 2573/2784/3070 2574/2787/3073
f 2574/2787/3073 2573/2784/3070 2575/2788/3074 2576/2789/3075
f 2573/2784/3070 2538/2745/3031 2534/2742/3028 2575/2788/3074
f 2576/2789/3075 2575/2788/3074 2524/2733/3019 2578/2735/3021
f 2575/2788/3074 2534/2742/3028 2527/2734/3020 2524/2733/3019
f 2579/2790/3076 2577/2791/3077 2576/2789/3075 2578/2735/3021
f 2577/2791/3077 2678/2792/3078 2574/2787/3073 2576/2789/3075
f 2581/2793/3079 2579/2790/3076 2578/2735/3021 2525/2730/3016
f 2580/2794/3080 2673/2795/3081 2577/2791/3077 2579/2790/3076
f 2582/2796/3082 2580/2794/3080 2579/2790/3076 2581/2793/3079
f 2584/2797/3083 2582/2796/3082 2581/2793/3079 2583/2798/3084
f 2583/2798/3084 2581/2793/3079 2525/2730/3016 2521/2727/3013
f 2586/2799/3085 2584/2797/3083 2583/2798/3084 2585/2723/3009
f 2585/2723/3009 2583/2798/3084 2521/2727/3013 2515/2721/3007
f 2587/2709/2995 2586/2799/3085 2585/2723/3009 2511/2716/3002
f 2588/2800/3086 2589/2801/3087 2584/2797/3083 2586/2799/3085
f 2504/2706/2992 2588/2800/3086 2586/2799/3085 2587/2709/2995
f 2590/2802/3088 2591/2803/3089 2589/2801/3087 2588/2800/3086
f 2502/2705/2991 2590/2802/3088 2588/2800/3086 2504/2706/2992
f 2592/2804/3090 2593/2805/3091 2591/2803/3089 2590/2802/3088
f 2499/2704/2990 2592/2804/3090 2590/2802/3088 2502/2705/2991
f 2403/2609/2893 2401/2608/2892 2593/2805/3091 2592/2804/3090
f 2405/2611/2895 2403/2609/2893 2592/2804/3090 2499/2704/2990
f 2401/2608/2892 2597/2607/2891 2594/2806/3092 2593/2805/3091
f 2593/2805/3091 2594/2806/3092 2596/2807/3093 2591/2803/3089
f 2597/2607/2891 2598/2808/3094 2595/2809/3095 2594/2806/3092
f 2594/2806/3092 2595/2809/3095 2676/2810/3096 2596/2807/3093
f 2400/2604/2888 2600/2811/3097 2598/2808/3094 2597/2607/2891
f 2600/2811/3097 2601/2812/3098 2599/2813/3099 2598/2808/3094
f 2598/2808/3094 2599/2813/3099 2662/2814/3100 2595/2809/3095
f 2602/2815/3101 2603/2816/3102 2601/2812/3098 2600/2811/3097
f 2397/2601/2884 2602/2815/3101 2600/2811/3097 2400/2604/2888
f 2604/2817/3103 2605/2818/3104 2603/2816/3102 2602/2815/3101
f 2394/2598/2883 2604/2817/3103 2602/2815/3101 2397/2601/2884
f 2606/2819/3105 2608/2820/3106 2605/2818/3107 2604/2817/3108
f 2392/2597/2878 2606/2819/3105 2604/2817/3108 2394/2598/2879
f 2607/2821/3109 2606/2819/3105 2392/2597/2878 2389/2596/2877
f 2609/2822/3110 2608/2820/3106 2606/2819/3105 2607/2821/3109
f 2608/2820/3106 2610/2823/3111 2611/2824/3112 2605/2818/3107
f 2613/2825/3113 2610/2823/3111 2608/2820/3106 2609/2822/3110
f 2610/2823/3111 2612/2826/3114 2650/2827/3115 2611/2824/3112
f 2614/2828/3116 2612/2826/3114 2610/2823/3111 2613/2825/3113
f 2618/2225/2510 2614/2828/3116 2613/2825/3113 2615/2829/3117
f 2615/2829/3117 2613/2825/3113 2609/2822/3110 2617/2830/3118
f 2616/2831/3119 2615/2829/3117 2617/2830/3118 2619/2832/3120
f 2055/2223/2508 2618/2225/2510 2615/2829/3117 2616/2831/3119
f 2054/2224/2509 2643/2833/3121 2614/2828/3116 2618/2225/2510
f 2619/2832/3120 2617/2830/3118 2620/2834/3122 2621/2835/3123
f 2617/2830/3118 2609/2822/3110 2607/2821/3109 2620/2834/3122
f 2621/2835/3123 2620/2834/3122 2622/2595/2876 2623/2836/3124
f 2620/2834/3122 2607/2821/3109 2389/2596/2877 2622/2595/2876
f 2623/2836/3124 2622/2595/2876 2390/2592/2873 2625/2837/3125
f 2641/2838/3126 2621/2835/3123 2623/2836/3124 2624/2839/3127
f 2624/2839/3127 2623/2836/3124 2625/2837/3125 2626/2840/3128
f 2626/2840/3128 2625/2837/3125 2627/2841/3129 2628/2842/3130
f 2625/2837/3125 2390/2592/2873 2386/2589/2870 2627/2841/3129
f 2628/2842/3130 2627/2841/3129 2376/2581/2862 2630/2580/2861
f 2627/2841/3129 2386/2589/2870 2379/2582/2863 2376/2581/2862
f 2629/2843/3131 2628/2842/3130 2630/2580/2861 2631/2844/3132
f 2638/2845/3133 2626/2840/3128 2628/2842/3130 2629/2843/3131
f 2631/2844/3132 2630/2580/2861 2377/2577/2858 2632/2183/2468
f 2633/2846/3134 2635/2847/3135 2629/2843/3131 2631/2844/3132
f 2015/2182/2467 2633/2846/3134 2631/2844/3132 2632/2183/2468
f 2634/2192/2477 2633/2846/3134 2015/2182/2467 2018/2181/2466
f 2636/2204/2489 2635/2847/3135 2633/2846/3134 2634/2192/2477
f 2635/2847/3135 2637/2208/2493 2638/2845/3133 2629/2843/3131
f 2036/2203/2488 2637/2208/2493 2635/2847/3135 2636/2204/2489
f 2637/2208/2493 2039/2207/2492 2639/2848/3136 2638/2845/3133
f 2639/2848/3136 2624/2839/3127 2626/2840/3128 2638/2845/3133
f 2640/2213/2498 2641/2838/3126 2624/2839/3127 2639/2848/3136
f 2039/2207/2492 2041/2209/2494 2640/2213/2498 2639/2848/3136
f 2044/2212/2497 2642/2217/2502 2641/2838/3126 2640/2213/2498
f 2642/2217/2502 2619/2832/3120 2621/2835/3123 2641/2838/3126
f 2047/2216/2501 2616/2831/3119 2619/2832/3120 2642/2217/2502
f 2033/2201/2486 2636/2204/2489 2634/2192/2477 2023/2191/2476
f 2632/2183/2468 2377/2577/2858 2373/2574/2855 2016/2179/2464
f 2049/2218/2503 2055/2223/2508 2616/2831/3119 2047/2216/2501
f 2643/2833/3121 2644/2849/3137 2612/2826/3114 2614/2828/3116
f 2057/2226/2511 2645/2850/3138 2643/2833/3121 2054/2224/2509
f 2645/2850/3138 2646/2851/3139 2644/2849/3137 2643/2833/3121
f 2059/2228/2513 2066/2235/2520 2645/2850/3138 2057/2226/2511
f 2066/2235/2520 2648/2237/2522 2646/2851/3139 2645/2850/3138
f 2644/2849/3137 2646/2851/3139 2647/2283/3140 2649/2852/3141
f 2646/2851/3139 2648/2237/2522 2101/2277/2569 2647/2283/3140
f 2649/2852/3142 2647/2283/2576 2105/2281/2574 2651/2853/3143
f 2612/2826/3114 2644/2849/3137 2649/2852/3141 2650/2827/3115
f 2650/2827/3144 2649/2852/3142 2651/2853/3143 2652/2854/3145
f 2651/2853/3143 2105/2281/2574 2107/2282/2575 2653/2855/3146
f 2652/2854/3145 2651/2853/3143 2653/2855/3146 2655/2856/3147
f 2653/2855/3146 2107/2282/2575 2109/2285/2578 2654/2857/3148
f 2655/2856/3147 2653/2855/3146 2654/2857/3148 2656/2858/3149
f 2657/2859/3150 2655/2856/3147 2656/2858/3149 2658/2860/3151
f 2659/2861/3152 2652/2854/3145 2655/2856/3147 2657/2859/3150
f 2601/2812/3098 2657/2859/3150 2658/2860/3151 2599/2813/3099
f 2603/2816/3102 2659/2861/3152 2657/2859/3150 2601/2812/3098
f 2605/2818/3104 2611/2824/3153 2659/2861/3152 2603/2816/3102
f 2611/2824/3153 2650/2827/3144 2652/2854/3145 2659/2861/3152
f 2599/2813/3099 2658/2860/3151 2660/2862/3154 2662/2814/3100
f 2658/2860/3151 2656/2858/3149 2663/2863/3155 2660/2862/3154
f 2662/2814/3100 2660/2862/3154 2661/2864/3156 2675/2865/3157
f 2660/2862/3154 2663/2863/3155 2665/2866/3158 2661/2864/3156
f 2656/2858/3149 2654/2857/3148 2664/2867/3159 2663/2863/3155
f 2663/2863/3155 2664/2867/3159 2666/2868/3160 2665/2866/3158
f 2665/2866/3158 2666/2868/3160 2668/2869/3161 2667/2870/3162
f 2661/2864/3156 2665/2866/3158 2667/2870/3162 2670/2871/3163
f 2667/2870/3162 2668/2869/3161 2682/2872/3164 2669/2873/3165
f 2670/2871/3163 2667/2870/3162 2669/2873/3165 2671/2874/3166
f 2672/2875/3167 2670/2871/3163 2671/2874/3166 2673/2795/3081
f 2675/2865/3157 2661/2864/3156 2670/2871/3163 2672/2875/3167
f 2674/2876/3168 2672/2875/3167 2673/2795/3081 2580/2794/3080
f 2676/2810/3096 2675/2865/3157 2672/2875/3167 2674/2876/3168
f 2595/2809/3095 2662/2814/3100 2675/2865/3157 2676/2810/3096
f 2596/2807/3093 2676/2810/3096 2674/2876/3168 2677/2877/3169
f 2677/2877/3169 2674/2876/3168 2580/2794/3080 2582/2796/3082
f 2589/2801/3087 2677/2877/3169 2582/2796/3082 2584/2797/3083
f 2591/2803/3089 2596/2807/3093 2677/2877/3169 2589/2801/3087
f 2673/2795/3081 2671/2874/3166 2678/2792/3078 2577/2791/3077
f 2671/2874/3166 2669/2873/3165 2679/2878/3170 2678/2792/3078
f 2678/2792/3078 2679/2878/3170 2572/2786/3072 2574/2787/3073
f 2679/2878/3170 2680/2879/3171 2683/2785/3071 2572/2786/3072
f 2669/2873/3165 2682/2872/3164 2680/2879/3171 2679/2878/3170
f 2680/2879/3171 2681/2304/2597 2684/2880/3172 2683/2785/3071
f 2682/2872/3164 2123/2301/2594 2681/2304/2597 2680/2879/3171
f 2684/2880/3172 2566/2779/3065 2568/2782/3068 2683/2785/3071
f 2130/2310/2603 2563/2312/2605 2566/2779/3065 2684/2880/3172
f 2681/2304/2597 2124/2303/2596 2130/2310/2603 2684/2880/3172
f 2668/2869/3161 2121/2299/2592 2123/2301/2594 2682/2872/3164
f 2666/2868/3160 2119/2298/2591 2121/2299/2592 2668/2869/3161
f 2664/2867/3159 2685/2288/2581 2119/2298/2591 2666/2868/3160
f 2654/2857/3148 2109/2285/2578 2685/2288/2581 2664/2867/3159
f 2569/2772/3058 2553/2766/3052 2540/2750/3036 2537/2749/3035
f 2686/2780/3066 2687/2881/3173 2559/2775/3061 2561/2774/3060
f 2137/2319/2612 2688/2882/3174 2686/2780/3066 2135/2317/2610
f 2688/2882/3174 2689/2883/3175 2687/2881/3173 2686/2780/3066
f 2140/2322/2615 2148/2331/2624 2688/2882/3174 2137/2319/2612
f 2148/2331/2624 2691/2333/2626 2689/2883/3175 2688/2882/3174
f 2689/2883/3175 2690/2884/3176 2965/2885/3177 2687/2881/3173
f 2691/2333/2626 2692/2886/3178 2690/2884/3176 2689/2883/3175
f 2147/2332/2625 2693/2887/3179 2692/2886/3178 2691/2333/2626
f 2690/2884/3176 2692/2886/3178 2694/2888/3180 2696/2889/3181
f 2692/2886/3178 2693/2887/3179 2697/2890/3182 2694/2888/3180
f 2694/2888/3180 2695/2891/3183 2966/2892/3184 2696/2889/3181
f 2697/2890/3182 2698/2893/3185 2695/2891/3183 2694/2888/3180
f 2699/2894/3186 2700/2895/3187 2698/2893/3185 2697/2890/3182
f 2693/2887/3179 2701/2896/3188 2699/2894/3186 2697/2890/3182
f 2701/2896/3188 2160/2346/2639 2164/2348/2641 2699/2894/3186
f 2164/2348/2641 2703/2351/2644 2700/2895/3187 2699/2894/3186
f 2150/2334/2627 2701/2896/3188 2693/2887/3179 2147/2332/2625
f 2153/2337/2630 2160/2346/2639 2701/2896/3188 2150/2334/2627
f 2700/2895/3187 2702/2897/3189 2967/2898/3190 2698/2893/3185
f 2703/2351/2644 2704/2899/3191 2702/2897/3189 2700/2895/3187
f 2163/2350/2643 2706/2900/142 2704/2899/3191 2703/2351/2644
f 2704/2899/3191 2705/2901/3192 2946/2902/147 2702/2897/3189
f 2706/2900/142 2707/2903/141 2705/2901/3192 2704/2899/3191
f 2166/2352/2645 2708/2904/3193 2706/2900/142 2163/2350/2643
f 2708/2904/3193 2710/2905/3194 2707/2903/141 2706/2900/142
f 2169/2354/2647 2709/2906/3195 2708/2904/3193 2166/2352/2645
f 2709/2906/3195 2712/2907/135 2710/2905/3194 2708/2904/3193
f 2710/2905/3194 2711/2908/3196 2943/2909/3197 2707/2903/141
f 2712/2907/135 2713/2910/3198 2711/2908/3196 2710/2905/3194
f 2715/2911/133 2714/2912/3199 2712/2913/135 2709/2914/3195
f 2714/2912/3199 2716/2915/134 2713/2916/3198 2712/2913/135
f 2719/2917/3200 2717/2918/3201 2714/2912/3199 2715/2911/133
f 2717/2918/3201 2720/2919/3202 2716/2915/134 2714/2912/3199
f 2821/2920/130 2718/2921/3203 2717/2918/3201 2719/2917/3200
f 2718/2921/3203 2721/2922/3204 2720/2919/3202 2717/2918/3201
f 2721/2922/3204 2725/2923/3205 2722/2924/3206 2720/2919/3202
f 2720/2919/3202 2722/2924/3206 2723/2925/3207 2716/2915/134
f 2723/2925/3207 2722/2924/3206 2724/2926/3208 2937/2927/3209
f 2722/2924/3206 2725/2923/3205 2726/2928/3210 2724/2926/3208
f 2728/2929/3211 2727/2930/3212 2725/2923/3205 2721/2922/3204
f 2725/2923/3205 2727/2930/3212 2729/2931/3213 2726/2928/3210
f 2732/2932/3214 2730/2933/3215 2727/2930/3212 2728/2929/3211
f 2727/2930/3212 2730/2933/3215 2733/2934/3216 2729/2931/3213
f 2730/2933/3215 2731/2935/3217 2735/2936/3218 2733/2934/3216
f 2816/2937/3219 2731/2935/3217 2730/2933/3215 2732/2932/3214
f 2733/2934/3216 2734/2938/3220 2932/2939/3221 2729/2931/3213
f 2735/2936/3218 2737/2940/3222 2734/2938/3220 2733/2934/3216
f 2731/2935/3217 2747/2941/3223 2736/2942/3224 2735/2936/3218
f 2737/2940/3222 2735/2936/3218 2736/2942/3224 2739/2943/3225
f 2737/2940/3222 2738/2944/3226 2929/2945/3227 2734/2938/3220
f 2738/2944/3226 2737/2940/3222 2739/2943/3225 2740/2946/3228
f 2739/2943/3225 2736/2942/3224 2744/2947/3229 2741/2948/3230
f 2740/2946/3228 2739/2943/3225 2741/2948/3230 2742/2949/3231
f 2743/2950/3232 2973/2951/3233 2742/2949/3231 2741/2948/3230
f 2745/2952/3234 2743/2950/3232 2741/2948/3230 2744/2947/3229
f 2746/2953/3235 2749/2954/3236 2745/2952/3234 2744/2947/3229
f 2747/2941/3223 2746/2953/3235 2744/2947/3229 2736/2942/3224
f 2747/2941/3223 2815/2955/3237 2748/2956/3238 2746/2953/3235
f 2751/2957/112 2749/2954/3236 2746/2953/3235 2748/2956/3238
f 2749/2954/3236 2750/2958/3239 3804/2959/3240 2745/2952/3234
f 2753/2960/3241 2750/2958/3239 2749/2954/3236 2751/2957/112
f 2752/2961/3242 2751/2957/112 2748/2956/3238 2809/2962/3243
f 2755/2963/3244 2753/2960/3241 2751/2957/112 2752/2961/3242
f 2756/2964/47 2754/2965/3245 2753/2960/3241 2755/2963/3244
f 2754/2965/3245 3794/2966/3246 2750/2958/3239 2753/2960/3241
f 2760/2967/3247 2756/2964/47 2755/2963/3244 2757/2968/36
f 2757/2968/36 2755/2963/3244 2752/2961/3242 2759/2969/30
f 2758/2970/3248 2757/2968/36 2759/2969/30 2810/2971/3249
f 2762/2972/3250 2760/2967/3247 2757/2968/36 2758/2970/3248
f 2763/2973/3251 2761/2974/3252 2760/2967/3247 2762/2972/3250
f 2761/2974/3252 3792/2975/3253 2756/2964/47 2760/2967/3247
f 2767/2976/3254 2763/2973/3251 2762/2972/3250 2764/2977/3255
f 2764/2977/3255 2762/2972/3250 2758/2970/3248 2765/2978/3256
f 2813/2979/3257 2766/2980/3258 2764/2977/3255 2765/2978/3256
f 2766/2980/3258 2769/2981/3259 2767/2976/3254 2764/2977/3255
f 2769/2981/3259 2771/2982/3260 2768/2983/3261 2767/2976/3254
f 2768/2983/3261 3807/2984/43 2763/2973/3251 2767/2976/3254
f 2770/2985/3262 2769/2981/3259 2766/2980/3258 2778/2986/3263
f 2773/2987/3264 2771/2982/3260 2769/2981/3259 2770/2985/3262
f 2775/2740/3026 2772/2988/3265 2771/2982/3260 2773/2987/3264
f 2771/2982/3260 2772/2988/3265 2837/2989/3266 2768/2983/3261
f 2774/2990/3267 2773/2987/3264 2770/2985/3262 2776/2991/3268
f 2530/2738/3024 2775/2740/3026 2773/2987/3264 2774/2990/3267
f 2529/2739/3025 2836/2992/3269 2772/2988/3265 2775/2740/3026
f 2519/2726/3012 2774/2990/3267 2776/2991/3268 2517/2724/3010
f 2522/2729/3015 2530/2738/3024 2774/2990/3267 2519/2726/3012
f 2517/2724/3010 2776/2991/3268 2777/2993/3270 2780/2725/3011
f 2776/2991/3268 2770/2985/3262 2778/2986/3263 2777/2993/3270
f 2777/2993/3270 2778/2986/3263 2814/2994/3271 2779/2995/3272
f 2780/2725/3011 2777/2993/3270 2779/2995/3272 2781/2996/3273
f 2513/2718/3004 2780/2725/3011 2781/2996/3273 2782/2719/3005
f 2782/2719/3005 2781/2996/3273 2783/2688/2974 2483/2687/2973
f 2781/2996/3273 2779/2995/3272 2784/2997/3274 2783/2688/2974
f 2783/2688/2974 2784/2997/3274 2786/2998/3275 2482/2686/2972
f 2784/2997/3274 2785/2999/3276 2787/3000/3277 2786/2998/3275
f 2779/2995/3272 2814/2994/3271 2785/2999/3276 2784/2997/3274
f 2788/3001/3278 2480/2683/2969 2482/2686/2972 2786/2998/3275
f 2790/3002/3279 2788/3001/3278 2786/2998/3275 2787/3000/3277
f 2789/3003/3280 2478/2681/2967 2480/2683/2969 2788/3001/3278
f 2791/3004/3281 2789/3003/3280 2788/3001/3278 2790/3002/3279
f 2794/3005/3282 2791/3004/3281 2790/3002/3279 2792/3006/3283
f 2792/3006/3283 2790/3002/3279 2787/3000/3277 2793/3007/3284
f 2792/3006/3283 2793/3007/3284 2797/3008/3285 2795/3009/3286
f 2794/3005/3282 2792/3006/3283 2795/3009/3286 2798/3010/3287
f 2796/3011/16 2795/3009/3286 2797/3008/3285 2808/3012/3288
f 2800/3013/3289 2798/3010/3287 2795/3009/3286 2796/3011/16
f 2831/3014/3290 2794/3005/3282 2798/3010/3287 2799/3015/3291
f 2798/3010/3287 2800/3013/3289 2801/3016/3292 2799/3015/3291
f 2800/3013/3289 2802/3017/22 2803/3018/3293 2801/3016/3292
f 2802/3017/22 2800/3013/3289 2796/3011/16 2805/3019/3294
f 2802/3017/22 2804/3020/25 2817/3021/26 2803/3018/3293
f 2804/3020/25 2802/3017/22 2805/3019/3294 2806/3022/3295
f 2805/3019/3294 2796/3011/16 2808/3012/3288 2807/3023/28
f 2806/3022/3295 2805/3019/3294 2807/3023/28 2809/2962/3243
f 2810/2971/3249 2759/2969/30 2807/3023/28 2808/3012/3288
f 2759/2969/30 2752/2961/3242 2809/2962/3243 2807/3023/28
f 2815/2955/3237 2806/3022/3295 2809/2962/3243 2748/2956/3238
f 2811/3024/3296 2810/2971/3249 2808/3012/3288 2797/3008/3285
f 2765/2978/3256 2758/2970/3248 2810/2971/3249 2811/3024/3296
f 2793/3007/3284 2812/3025/3297 2811/3024/3296 2797/3008/3285
f 2812/3025/3297 2813/2979/3257 2765/2978/3256 2811/3024/3296
f 2814/2994/3271 2813/2979/3257 2812/3025/3297 2785/2999/3276
f 2785/2999/3276 2812/3025/3297 2793/3007/3284 2787/3000/3277
f 2778/2986/3263 2766/2980/3258 2813/2979/3257 2814/2994/3271
f 2816/2937/3219 2804/3020/25 2806/3022/3295 2815/2955/3237
f 2731/2935/3217 2816/2937/3219 2815/2955/3237 2747/2941/3223
f 2804/3020/25 2816/2937/3219 2732/2932/3214 2817/3021/26
f 2803/3018/3293 2817/3021/26 2818/3026/121 2819/3027/3298
f 2817/3021/26 2732/2932/3214 2728/2929/3211 2818/3026/121
f 2819/3027/3298 2818/3026/121 2718/2921/3203 2821/2920/130
f 2818/3026/121 2728/2929/3211 2721/2922/3204 2718/2921/3203
f 2820/3028/3299 2819/3027/3298 2821/2920/130 2822/3029/3300
f 2801/3016/3292 2803/3018/3293 2819/3027/3298 2820/3028/3299
f 2822/3029/3300 2821/2920/130 2719/2917/3200 2824/3030/3301
f 2828/3031/3302 2820/3028/3299 2822/3029/3300 2823/3032/3303
f 2823/3032/3303 2822/3029/3300 2824/3030/3301 2825/2367/2656
f 2825/2367/2656 2824/3030/3301 2826/2360/2651 2168/2358/2650
f 2824/3030/3301 2719/2917/3200 2715/2911/133 2826/2360/2651
f 2826/2360/2651 2715/2911/133 2709/2914/3195 2169/2361/2647
f 2173/2366/2655 2827/2373/2662 2823/3032/3303 2825/2367/2656
f 2827/2373/2662 2829/3033/3304 2828/3031/3302 2823/3032/3303
f 2829/3033/3304 2831/3014/3290 2799/3015/3291 2828/3031/3302
f 2799/3015/3291 2801/3016/3292 2820/3028/3299 2828/3031/3302
f 2830/3034/3305 2829/3033/3304 2827/2373/2662 2177/2372/2661
f 2832/3035/3306 2831/3014/3290 2829/3033/3304 2830/3034/3305
f 2791/3004/3281 2794/3005/3282 2831/3014/3290 2832/3035/3306
f 2789/3003/3280 2791/3004/3281 2832/3035/3306 2833/3036/3307
f 2833/3036/3307 2832/3035/3306 2830/3034/3305 2835/2382/2671
f 2478/2681/2967 2789/3003/3280 2833/3036/3307 2834/2682/2968
f 2834/2682/2968 2833/3036/3307 2835/2382/2671 2184/2381/2670
f 2835/2382/2671 2830/3034/3305 2177/2372/2661 2179/2371/2660
f 2477/2390/2679 2834/2682/2968 2184/2381/2670 2186/2380/2669
f 2509/2714/3000 2782/2719/3005 2483/2687/2973 2485/2689/2975
f 2772/2988/3265 2836/2992/3269 2839/3037/3308 2837/2989/3266
f 2837/2989/3266 2838/3038/3309 3807/2984/43 2768/2983/3261
f 2839/3037/3308 2840/3039/3310 2838/3038/3309 2837/2989/3266
f 2841/3040/3311 2842/3041/3312 2840/3039/3310 2839/3037/3308
f 2836/2992/3269 2843/3042/3313 2841/3040/3311 2839/3037/3308
f 2843/3042/3313 2542/2753/3039 2546/2755/3041 2841/3040/3311
f 2546/2755/3041 2845/2758/3044 2842/3041/3312 2841/3040/3311
f 2532/2741/3027 2843/3042/3313 2836/2992/3269 2529/2739/3025
f 2535/2744/3030 2542/2753/3039 2843/3042/3313 2532/2741/3027
f 2842/3041/3312 2844/3043/56 3809/3044/53 2840/3039/3310
f 2845/2758/3044 2846/3045/3314 2844/3043/56 2842/3041/3312
f 2545/2757/3043 2848/3046/3315 2846/3045/3314 2845/2758/3044
f 2846/3045/3314 2847/3047/3316 3782/3048/3317 2844/3043/56
f 2848/3046/3315 2849/3049/3318 2847/3047/3316 2846/3045/3314
f 2548/2759/3045 2850/3050/3319 2848/3046/3315 2545/2757/3043
f 2850/3050/3319 2852/3051/3320 2849/3049/3318 2848/3046/3315
f 2551/2761/3047 2851/3052/3321 2850/3050/3319 2548/2759/3045
f 2851/3052/3321 2854/3053/3322 2852/3051/3320 2850/3050/3319
f 2852/3051/3320 2853/3054/3323 3018/3055/3324 2849/3049/3318
f 2854/3053/3322 2855/3056/3325 2853/3054/3323 2852/3051/3320
f 2857/3057/3326 2856/3058/3327 2854/3053/3322 2851/3052/3321
f 2856/3058/3327 2858/3059/3328 2855/3056/3325 2854/3053/3322
f 2861/3060/3329 2859/3061/3330 2856/3058/3327 2857/3057/3326
f 2859/3061/3330 2862/3062/3331 2858/3059/3328 2856/3058/3327
f 2957/3063/3332 2860/3064/3333 2859/3061/3330 2861/3060/3329
f 2860/3064/3333 2863/3065/3334 2862/3062/3331 2859/3061/3330
f 2863/3065/3334 2867/3066/3335 2864/3067/3336 2862/3062/3331
f 2862/3062/3331 2864/3067/3336 2865/3068/3337 2858/3059/3328
f 2865/3068/3337 2864/3067/3336 2866/3069/3338 3024/3070/3339
f 2864/3067/3336 2867/3066/3335 2868/3071/3340 2866/3069/3338
f 2870/3072/3341 2869/3073/3342 2867/3066/3335 2863/3065/3334
f 2867/3066/3335 2869/3073/3342 2871/3074/3343 2868/3071/3340
f 2874/3075/3344 2872/3076/3345 2869/3073/3342 2870/3072/3341
f 2869/3073/3342 2872/3076/3345 2875/3077/3346 2871/3074/3343
f 2872/3076/3345 2873/3078/3347 2877/3079/3348 2875/3077/3346
f 2949/3080/3349 2873/3078/3347 2872/3076/3345 2874/3075/3344
f 2875/3077/3346 2876/3081/3350 3033/3082/3351 2871/3074/3343
f 2877/3079/3348 2878/3083/3352 2876/3081/3350 2875/3077/3346
f 2873/3078/3347 2880/3084/3353 2879/3085/3354 2877/3079/3348
f 2879/3085/3354 2881/3086/3355 2878/3083/3352 2877/3079/3348
f 2880/3084/3353 2884/3087/3356 2882/3088/3357 2879/3085/3354
f 2882/3088/3357 2885/3089/3358 2881/3086/3355 2879/3085/3354
f 2883/3090/3359 2887/3091/3360 2885/3089/3358 2882/3088/3357
f 2884/3087/3356 2942/3092/3361 2883/3090/3359 2882/3088/3357
f 2885/3089/3358 2886/3093/3362 3781/3094/3363 2881/3086/3355
f 2887/3091/3360 2888/3095/3364 2886/3093/3362 2885/3089/3358
f 2890/3096/3365 2889/3097/3366 2887/3091/3360 2883/3090/3359
f 2889/3097/3366 2891/3098/3367 2888/3095/3364 2887/3091/3360
f 2894/3099/3368 2892/3100/3369 2889/3097/3366 2890/3096/3365
f 2892/3100/3369 2895/3101/3370 2891/3098/3367 2889/3097/3366
f 2893/3102/3371 2896/3103/3372 2895/3101/3370 2892/3100/3369
f 2938/3104/3373 2893/3102/3371 2892/3100/3369 2894/3099/3368
f 2896/3103/3372 2900/3105/3374 2897/3106/3375 2895/3101/3370
f 2895/3101/3370 2897/3106/3375 2899/3107/3376 2891/3098/3367
f 2897/3106/3375 2898/3108/3377 3066/3109/3378 2899/3107/3376
f 2900/3105/3374 2901/3110/3379 2898/3108/3377 2897/3106/3375
f 2903/3111/3380 2902/3112/3381 2900/3113/3374 2896/3114/3372
f 2902/3112/3381 2904/3115/3382 2901/3116/3379 2900/3113/3374
f 2907/3117/3383 2905/3118/3384 2902/3112/3381 2903/3111/3380
f 2905/3118/3384 2908/3119/3385 2904/3115/3382 2902/3112/3381
f 2933/3120/3386 2906/3121/3387 2905/3118/3384 2907/3117/3383
f 2906/3121/3387 2909/3122/3388 2908/3119/3385 2905/3118/3384
f 2909/3122/3388 2912/3123/3389 2910/3124/3390 2908/3119/3385
f 2908/3119/3385 2910/3124/3390 2911/3125/3391 2904/3115/3382
f 2911/3125/3391 2910/3124/3390 2913/3126/3392 2915/3127/3393
f 2910/3124/3390 2912/3123/3389 2916/3128/3394 2913/3126/3392
f 2913/3126/3392 2914/3129/3395 3077/3130/3396 2915/3127/3393
f 2916/3128/3394 2917/3131/3397 2914/3129/3395 2913/3126/3392
f 2918/3132/3398 2920/3133/3399 2917/3131/3397 2916/3128/3394
f 2912/3123/3389 2921/3134/3400 2918/3132/3398 2916/3128/3394
f 2921/3134/3400 2923/3135/3401 2919/3136/3402 2918/3132/3398
f 2919/3136/3402 3355/3137/3403 2920/3133/3399 2918/3132/3398
f 2922/3138/3404 2921/3134/3400 2912/3123/3389 2909/3122/3388
f 2925/3139/3405 2923/3135/3401 2921/3134/3400 2922/3138/3404
f 2923/3135/3401 2924/3140/3406 3354/3141/3407 2919/3136/3402
f 2926/3142/3408 2924/3140/3406 2923/3135/3401 2925/3139/3405
f 2928/3143/3409 2926/3142/3408 2925/3139/3405 2927/3144/3410
f 2927/3144/3410 2925/3139/3405 2922/3138/3404 2930/3145/3411
f 2738/2944/3226 2928/3143/3409 2927/3144/3410 2929/2945/3227
f 2929/2945/3227 2927/3144/3410 2930/3145/3411 2931/3146/3412
f 2931/3146/3412 2930/3145/3411 2906/3121/3387 2933/3120/3386
f 2930/3145/3411 2922/3138/3404 2909/3122/3388 2906/3121/3387
f 2932/2939/3221 2931/3146/3412 2933/3120/3386 2934/3147/3413
f 2734/2938/3220 2929/2945/3227 2931/3146/3412 2932/2939/3221
f 2934/3147/3413 2933/3120/3386 2907/3117/3383 2935/3148/3414
f 2729/2931/3213 2932/2939/3221 2934/3147/3413 2726/2928/3210
f 2726/2928/3210 2934/3147/3413 2935/3148/3414 2724/2926/3208
f 2724/2926/3208 2935/3148/3414 2936/3149/3415 2937/2927/3209
f 2935/3148/3414 2907/3117/3383 2903/3111/3380 2936/3149/3415
f 2937/2927/3209 2936/3149/3415 2893/3150/3371 2938/3151/3373
f 2936/3149/3415 2903/3111/3380 2896/3114/3372 2893/3150/3371
f 2939/3152/3416 2723/2925/3207 2937/2927/3209 2938/3151/3373
f 2940/3153/3417 2939/3154/3416 2938/3104/3373 2894/3099/3368
f 2713/2910/3198 2939/3154/3416 2940/3153/3417 2711/2908/3196
f 2716/2915/134 2723/2925/3207 2939/3152/3416 2713/2916/3198
f 2711/2908/3196 2940/3153/3417 2941/3155/3418 2943/2909/3197
f 2941/3155/3418 2940/3153/3417 2894/3099/3368 2890/3096/3365
f 2942/3092/3361 2941/3155/3418 2890/3096/3365 2883/3090/3359
f 2943/2909/3197 2941/3155/3418 2942/3092/3361 2944/3156/3419
f 2707/2903/141 2943/2909/3197 2944/3156/3419 2705/2901/3192
f 2705/2901/3192 2944/3156/3419 2945/3157/3420 2946/2902/147
f 2944/3156/3419 2942/3092/3361 2884/3087/3356 2945/3157/3420
f 2946/2902/147 2945/3157/3420 2947/3158/3421 2948/3159/3422
f 2945/3157/3420 2884/3087/3356 2880/3084/3353 2947/3158/3421
f 2948/3159/3422 2947/3158/3421 2949/3080/3349 2950/3160/3423
f 2947/3158/3421 2880/3084/3353 2873/3078/3347 2949/3080/3349
f 2950/3160/3423 2949/3080/3349 2874/3075/3344 2952/3161/3424
f 2967/2898/3190 2948/3159/3422 2950/3160/3423 2951/3162/3425
f 2951/3162/3425 2950/3160/3423 2952/3161/3424 2953/3163/3426
f 2953/3163/3426 2952/3161/3424 2954/3164/159 2955/3165/160
f 2952/3161/3424 2874/3075/3344 2870/3072/3341 2954/3164/159
f 2955/3165/160 2954/3164/159 2860/3064/3333 2957/3063/3332
f 2954/3164/159 2870/3072/3341 2863/3065/3334 2860/3064/3333
f 2956/3166/3427 2955/3165/160 2957/3063/3332 2958/3167/3428
f 2966/2892/3184 2953/3163/3426 2955/3165/160 2956/3166/3427
f 2958/3167/3428 2957/3063/3332 2861/3060/3329 2960/3168/3429
f 2964/3169/3430 2956/3166/3427 2958/3167/3428 2959/3170/3431
f 2959/3170/3431 2958/3167/3428 2960/3168/3429 2961/2770/3056
f 2961/2770/3056 2960/3168/3429 2962/2765/3051 2550/2764/3050
f 2960/3168/3429 2861/3060/3329 2857/3057/3326 2962/2765/3051
f 2962/2765/3051 2857/3057/3326 2851/3052/3321 2551/2761/3047
f 2555/2769/3055 2963/2776/3062 2959/3170/3431 2961/2770/3056
f 2963/2776/3062 2965/2885/3177 2964/3169/3430 2959/3170/3431
f 2965/2885/3177 2690/2884/3176 2696/2889/3181 2964/3169/3430
f 2696/2889/3181 2966/2892/3184 2956/3166/3427 2964/3169/3430
f 2687/2881/3173 2965/2885/3177 2963/2776/3062 2559/2775/3061
f 2695/2891/3183 2951/3162/3425 2953/3163/3426 2966/2892/3184
f 2698/2893/3185 2967/2898/3190 2951/3162/3425 2695/2891/3183
f 2702/2897/3189 2946/2902/147 2948/3159/3422 2967/2898/3190
f 2926/3142/3408 2928/3143/3409 2968/3171/3432 2969/3172/3433
f 2928/3143/3409 2738/2944/3226 2740/2946/3228 2968/3171/3432
f 2968/3171/3432 2740/2946/3228 2742/2949/3231 2970/3173/3434
f 2969/3172/3433 2968/3171/3432 2970/3173/3434 2971/3174/3435
f 2973/2951/3233 2972/3175/3436 2970/3173/3434 2742/2949/3231
f 2972/3175/3436 2974/3176/3437 2971/3174/3435 2970/3173/3434
f 2977/3177/3438 2975/3178/3439 2972/3175/3436 2973/2951/3233
f 2975/3178/3439 2978/3179/3440 2974/3176/3437 2972/3175/3436
f 3802/3180/3441 2976/3181/3442 2975/3178/3439 2977/3177/3438
f 2976/3181/3442 2979/3182/3443 2978/3179/3440 2975/3178/3439
f 2979/3182/3443 2982/3183/3444 2980/3184/3445 2978/3179/3440
f 2978/3179/3440 2980/3184/3445 2981/3185/3446 2974/3176/3437
f 2981/3185/3446 2980/3184/3445 2983/3186/3447 2985/3187/3448
f 2980/3184/3445 2982/3183/3444 2986/3188/3449 2983/3186/3447
f 2983/3186/3447 2984/3189/3450 3347/3190/3451 2985/3187/3448
f 2986/3188/3449 2987/3191/3452 2984/3189/3450 2983/3186/3447
f 2988/3192/3453 2990/3193/3454 2987/3191/3452 2986/3188/3449
f 2982/3183/3444 2991/3194/3455 2988/3192/3453 2986/3188/3449
f 2991/3194/3455 2993/3195/3456 2989/3196/3457 2988/3192/3453
f 2989/3196/3457 3340/3197/3458 2990/3193/3454 2988/3192/3453
f 2992/3198/3459 2991/3194/3455 2982/3183/3444 2979/3182/3443
f 2995/3199/3460 2993/3195/3456 2991/3194/3455 2992/3198/3459
f 2997/3200/3461 2994/3201/3462 2993/3195/3456 2995/3199/3460
f 2993/3195/3456 2994/3201/3462 3222/3202/3463 2989/3196/3457
f 2996/3203/3464 2995/3199/3460 2992/3198/3459 3805/3204/3465
f 2999/3205/3466 2997/3200/3461 2995/3199/3460 2996/3203/3464
f 3000/3206/3467 2998/3207/3468 2997/3200/3461 2999/3205/3466
f 2998/3207/3468 3223/3208/3469 2994/3201/3462 2997/3200/3461
f 3004/3209/3470 3000/3206/3467 2999/3205/3466 3001/3210/3471
f 3001/3210/3471 2999/3205/3466 2996/3203/3464 3003/3211/3472
f 3002/3212/3473 3001/3210/3471 3003/3211/3472 3801/3213/3474
f 3006/3214/3475 3004/3209/3470 3001/3210/3471 3002/3212/3473
f 3007/3215/3476 3005/3216/3477 3004/3209/3470 3006/3214/3475
f 3005/3216/3477 3339/3217/3478 3000/3206/3467 3004/3209/3470
f 3011/3218/3479 3007/3215/3476 3006/3214/3475 3008/3219/3480
f 3008/3219/3480 3006/3214/3475 3002/3212/3473 3010/3220/3481
f 3787/3221/3482 3009/3222/3483 3008/3219/3480 3010/3220/3481
f 3009/3222/3483 3013/3223/3484 3011/3218/3479 3008/3219/3480
f 3012/3224/3485 3240/3225/3486 3007/3215/3476 3011/3218/3479
f 3013/3223/3484 3015/3226/3487 3012/3224/3485 3011/3218/3479
f 3014/3227/3488 3013/3223/3484 3009/3222/3483 3783/3228/3489
f 3017/3229/3490 3015/3226/3487 3013/3223/3484 3014/3227/3488
f 3015/3226/3487 3016/3230/3491 3019/3231/3492 3012/3224/3485
f 3018/3055/3324 3016/3230/3491 3015/3226/3487 3017/3229/3490
f 2847/3047/3316 3017/3229/3490 3014/3227/3488 3782/3048/3317
f 2849/3049/3318 3018/3055/3324 3017/3229/3490 2847/3047/3316
f 2853/3054/3323 3020/3232/3493 3016/3230/3491 3018/3055/3324
f 3016/3230/3491 3020/3232/3493 3021/3233/3494 3019/3231/3492
f 2855/3056/3325 3022/3234/3495 3020/3232/3493 2853/3054/3323
f 3020/3232/3493 3022/3234/3495 3023/3235/3496 3021/3233/3494
f 2858/3059/3328 2865/3068/3337 3022/3234/3495 2855/3056/3325
f 3022/3234/3495 2865/3068/3337 3024/3070/3339 3023/3235/3496
f 3024/3070/3339 3028/3236/3497 3025/3237/3498 3023/3235/3496
f 3023/3235/3496 3025/3237/3498 3027/3238/3499 3021/3233/3494
f 3025/3237/3498 3026/3239/3500 3239/3240/3501 3027/3238/3499
f 3028/3236/3497 3029/3241/3502 3026/3239/3500 3025/3237/3498
f 2866/3069/3338 3030/3242/3503 3028/3236/3497 3024/3070/3339
f 3030/3242/3503 3031/3243/3504 3029/3241/3502 3028/3236/3497
f 2868/3071/3340 3032/3244/3505 3030/3242/3503 2866/3069/3338
f 3032/3244/3505 3034/3245/3506 3031/3243/3504 3030/3242/3503
f 3033/3082/3351 3035/3246/3507 3034/3245/3506 3032/3244/3505
f 2871/3074/3343 3033/3082/3351 3032/3244/3505 2868/3071/3340
f 3035/3246/3507 3039/3247/3508 3036/3248/3509 3034/3245/3506
f 3034/3245/3506 3036/3248/3509 3038/3249/3510 3031/3243/3504
f 3036/3248/3509 3037/3250/3511 3246/3251/3512 3038/3249/3510
f 3039/3247/3508 3040/3252/3513 3037/3250/3511 3036/3248/3509
f 3042/3253/3514 3041/3254/3515 3039/3247/3508 3035/3246/3507
f 3041/3254/3515 3043/3255/3516 3040/3252/3513 3039/3247/3508
f 3046/3256/3517 3044/3257/3518 3041/3254/3515 3042/3253/3514
f 3044/3257/3518 3047/3258/3519 3043/3255/3516 3041/3254/3515
f 3781/3094/3363 3045/3259/3520 3044/3257/3518 3046/3256/3517
f 3045/3259/3520 3048/3260/3521 3047/3258/3519 3044/3257/3518
f 3048/3260/3521 3051/3261/3522 3049/3262/3523 3047/3258/3519
f 3047/3258/3519 3049/3262/3523 3050/3263/3524 3043/3255/3516
f 3050/3263/3524 3049/3262/3523 3052/3264/3525 3054/3265/3526
f 3049/3262/3523 3051/3261/3522 3055/3266/3527 3052/3264/3525
f 3052/3264/3525 3053/3267/3528 3258/3268/3529 3054/3265/3526
f 3055/3266/3527 3056/3269/3530 3053/3267/3528 3052/3264/3525
f 3057/3270/3531 3059/3271/3532 3056/3269/3530 3055/3266/3527
f 3051/3261/3522 3060/3272/3533 3057/3270/3531 3055/3266/3527
f 3060/3272/3533 3062/3273/3534 3058/3274/3535 3057/3270/3531
f 3058/3274/3535 3338/3275/3536 3059/3271/3532 3057/3270/3531
f 3061/3276/3537 3060/3272/3533 3051/3261/3522 3048/3260/3521
f 3064/3277/3538 3062/3273/3534 3060/3272/3533 3061/3276/3537
f 3066/3109/3378 3063/3278/3539 3062/3273/3534 3064/3277/3538
f 3062/3273/3534 3063/3278/3539 3069/3279/3540 3058/3274/3535
f 3065/3280/3541 3064/3277/3538 3061/3276/3537 3067/3281/3542
f 2899/3107/3376 3066/3109/3378 3064/3277/3538 3065/3280/3541
f 2898/3108/3377 3068/3282/3543 3063/3278/3539 3066/3109/3378
f 2888/3095/3364 3065/3280/3541 3067/3281/3542 2886/3093/3362
f 2891/3098/3367 2899/3107/3376 3065/3280/3541 2888/3095/3364
f 2886/3093/3362 3067/3281/3542 3045/3259/3520 3781/3094/3363
f 3067/3281/3542 3061/3276/3537 3048/3260/3521 3045/3259/3520
f 3063/3278/3539 3068/3282/3543 3071/3283/3544 3069/3279/3540
f 3069/3279/3540 3070/3284/3545 3338/3275/3536 3058/3274/3535
f 3071/3283/3544 3072/3285/3546 3070/3284/3545 3069/3279/3540
f 3073/3286/3547 3074/3287/3548 3072/3285/3546 3071/3283/3544
f 3068/3282/3543 3075/3288/3549 3073/3286/3547 3071/3283/3544
f 3075/3289/3549 2911/3125/3391 2915/3127/3393 3073/3290/3547
f 2915/3127/3393 3077/3130/3396 3074/3291/3548 3073/3290/3547
f 2901/3110/3379 3075/3288/3549 3068/3282/3543 2898/3108/3377
f 2904/3115/3382 2911/3125/3391 3075/3289/3549 2901/3116/3379
f 3074/3287/3548 3076/3292/3550 3337/3293/3551 3072/3285/3546
f 3077/3130/3396 3078/3294/3552 3076/3295/3550 3074/3291/3548
f 2914/3129/3395 3080/3296/3553 3078/3294/3552 3077/3130/3396
f 3078/3294/3552 3079/3297/3554 3285/3298/3555 3076/3295/3550
f 3080/3296/3553 3081/3299/3556 3079/3297/3554 3078/3294/3552
f 2917/3131/3397 3082/3300/3557 3080/3296/3553 2914/3129/3395
f 3082/3300/3557 3084/3301/3558 3081/3299/3556 3080/3296/3553
f 2920/3133/3399 3083/3302/3559 3082/3300/3557 2917/3131/3397
f 3083/3302/3559 3086/3303/3560 3084/3301/3558 3082/3300/3557
f 3084/3301/3558 3085/3304/3561 3284/3305/3562 3081/3299/3556
f 3086/3303/3560 3087/3306/3563 3085/3304/3561 3084/3301/3558
f 3090/3307/3564 3088/3308/3565 3086/3303/3560 3083/3302/3559
f 3088/3308/3565 3091/3309/3566 3087/3306/3563 3086/3303/3560
f 3352/3310/3567 3089/3311/3568 3088/3308/3565 3090/3307/3564
f 3089/3311/3568 3092/3312/3569 3091/3309/3566 3088/3308/3565
f 3092/3312/3569 3094/3313/3570 3093/3314/3571 3091/3309/3566
f 3091/3309/3566 3093/3314/3571 3095/3315/3572 3087/3306/3563
f 3093/3314/3571 3094/3313/3570 3097/3316/3573 3096/3317/3574
f 3095/3315/3572 3093/3314/3571 3096/3317/3574 3099/3318/3575
f 3097/3316/3573 3187/3319/3576 3098/3320/3577 3096/3317/3574
f 3096/3317/3574 3098/3320/3577 3100/3321/3578 3099/3318/3575
f 3099/3318/3575 3100/3321/3578 3102/3322/3579 3101/3323/3580
f 3103/3324/3581 3095/3315/3572 3099/3318/3575 3101/3323/3580
f 3101/3323/3580 3102/3322/3579 3107/3325/3582 3104/3326/3583
f 3105/3327/3584 3103/3324/3581 3101/3323/3580 3104/3326/3583
f 3282/3328/3585 3105/3327/3584 3104/3326/3583 3106/3329/3586
f 3104/3326/3583 3107/3325/3582 3109/3330/3587 3106/3329/3586
f 3102/3322/3579 3374/3331/3588 3108/3332/3589 3107/3325/3582
f 3107/3325/3582 3108/3332/3589 3110/3333/3590 3109/3330/3587
f 3109/3330/3587 3110/3333/3590 3112/3334/3591 3111/3335/3592
f 3106/3329/3586 3109/3330/3587 3111/3335/3592 3113/3336/3593
f 3111/3337/3592 3112/3338/3591 3115/3339/3594 3114/3340/3595
f 3113/3341/3593 3111/3337/3592 3114/3340/3595 3116/3342/3596
f 3114/3340/3595 3115/3339/3594 3118/3343/3597 3117/3344/3598
f 3116/3342/3596 3114/3340/3595 3117/3344/3598 3119/3345/3599
f 3117/3344/3598 3118/3343/3597 3121/3346/3600 3120/3347/3601
f 3119/3345/3599 3117/3344/3598 3120/3347/3601 3122/3348/3602
f 3120/3347/3601 3121/3346/3600 3124/3349/3603 3123/3350/3604
f 3122/3348/3602 3120/3347/3601 3123/3350/3604 3125/3351/3605
f 3123/3350/3604 3124/3349/3603 3127/3352/3606 3126/3353/3607
f 3125/3351/3605 3123/3350/3604 3126/3353/3607 3128/3354/3608
f 3126/3353/3607 3127/3352/3606 3130/3355/3609 3129/3356/3610
f 3128/3354/3608 3126/3353/3607 3129/3356/3610 3131/3357/3611
f 3129/3356/3610 3130/3355/3609 3133/3358/3612 3132/3359/3613
f 3131/3357/3611 3129/3356/3610 3132/3359/3613 3134/3360/3614
f 3132/3359/3613 3133/3358/3612 3136/3361/3615 3135/3362/3616
f 3134/3360/3614 3132/3359/3613 3135/3362/3616 3137/3363/3617
f 3135/3362/3616 3136/3361/3615 3139/3364/3618 3138/3365/3619
f 3137/3363/3617 3135/3362/3616 3138/3365/3619 3140/3366/3620
f 3138/3365/3619 3139/3364/3618 3142/3367/3621 3141/3368/3622
f 3140/3366/3620 3138/3365/3619 3141/3368/3622 3143/3369/3623
f 3141/3368/3622 3142/3367/3621 3145/3370/3624 3144/3371/3625
f 3143/3369/3623 3141/3368/3622 3144/3371/3625 3146/3372/3626
f 3144/3371/3625 3145/3370/3624 3148/3373/3627 3147/3374/3628
f 3146/3372/3626 3144/3371/3625 3147/3374/3628 3149/3375/3629
f 3147/3374/3628 3148/3373/3627 3151/3376/3630 3150/3377/3631
f 3149/3375/3629 3147/3374/3628 3150/3377/3631 3152/3378/3632
f 3150/3377/3631 3151/3376/3630 3154/3379/3633 3153/3380/3634
f 3152/3378/3632 3150/3377/3631 3153/3380/3634 3155/3381/3635
f 3153/3380/3634 3154/3379/3633 3157/3382/3636 3156/3383/3637
f 3155/3381/3635 3153/3380/3634 3156/3383/3637 3158/3384/3638
f 3156/3383/3637 3157/3382/3636 3160/3385/3639 3159/3386/3640
f 3158/3384/3638 3156/3383/3637 3159/3386/3640 3161/3387/3641
f 3159/3386/3640 3160/3385/3639 3163/3388/3642 3162/3389/3643
f 3161/3387/3641 3159/3386/3640 3162/3389/3643 3164/3390/3644
f 3162/3389/3643 3163/3388/3642 3166/3391/3645 3165/3392/3646
f 3164/3390/3644 3162/3389/3643 3165/3392/3646 3167/3393/3647
f 3165/3392/3646 3166/3391/3645 3169/3394/3648 3168/3395/3649
f 3167/3393/3647 3165/3392/3646 3168/3395/3649 3170/3396/3650
f 3168/3395/3649 3169/3394/3648 3172/3397/3651 3171/3398/3652
f 3170/3396/3650 3168/3395/3649 3171/3398/3652 3173/3399/3653
f 3171/3398/3652 3172/3397/3651 3175/3400/3654 3174/3401/3655
f 3173/3399/3653 3171/3398/3652 3174/3401/3655 3176/3402/3656
f 3174/3401/3655 3175/3400/3654 3178/3403/3657 3177/3404/3658
f 3176/3402/3656 3174/3401/3655 3177/3404/3658 3179/3405/3659
f 3177/3404/3658 3178/3403/3657 3181/3406/3660 3180/3407/3661
f 3179/3405/3659 3177/3404/3658 3180/3407/3661 3182/3408/3662
f 3180/3407/3661 3181/3406/3660 3184/3409/3663 3183/3410/3664
f 3182/3408/3662 3180/3407/3661 3183/3410/3664 3185/3411/3665
f 3188/3412/3666 3186/3413/3667 3183/3410/3664 3184/3409/3663
f 3186/3413/3667 3189/3414/3668 3185/3411/3665 3183/3410/3664
f 3360/3415/3669 3187/3319/3576 3186/3413/3667 3188/3412/3666
f 3187/3319/3576 3097/3316/3573 3189/3414/3668 3186/3413/3667
f 3190/3416/3670 3191/3417/3671 3185/3411/3665 3189/3414/3668
f 3094/3313/3570 3190/3416/3670 3189/3414/3668 3097/3316/3573
f 3190/3416/3670 3192/3418/3672 3194/3419/3673 3191/3417/3671
f 3094/3313/3570 3092/3312/3569 3192/3418/3672 3190/3416/3670
f 3092/3312/3569 3089/3311/3568 3193/3420/3674 3192/3418/3672
f 3192/3418/3672 3193/3420/3674 3195/3421/3675 3194/3419/3673
f 3197/3422/3676 3196/3423/3677 3194/3419/3673 3195/3421/3675
f 3196/3423/3677 3198/3424/3678 3191/3417/3671 3194/3419/3673
f 3201/3425/3679 3199/3426/3680 3196/3423/3677 3197/3422/3676
f 3199/3426/3680 3202/3427/3681 3198/3424/3678 3196/3423/3677
f 3344/3428/3682 3200/3429/3683 3199/3426/3680 3201/3425/3679
f 3200/3429/3683 3203/3430/3684 3202/3427/3681 3199/3426/3680
f 3198/3424/3678 3202/3427/3681 3179/3405/3659 3182/3408/3662
f 3202/3427/3681 3203/3430/3684 3176/3402/3656 3179/3405/3659
f 3205/3431/3685 3204/3432/3686 3203/3430/3684 3200/3429/3683
f 3203/3430/3684 3204/3432/3686 3173/3399/3653 3176/3402/3656
f 3208/3433/3687 3206/3434/3688 3204/3432/3686 3205/3431/3685
f 3204/3432/3686 3206/3434/3688 3170/3396/3650 3173/3399/3653
f 3206/3434/3688 3207/3435/3689 3167/3393/3647 3170/3396/3650
f 3210/3436/3690 3207/3435/3689 3206/3434/3688 3208/3433/3687
f 3209/3437/3691 3208/3433/3687 3205/3431/3685 3342/3438/3692
f 3212/3439/3693 3210/3436/3690 3208/3433/3687 3209/3437/3691
f 3213/3440/3694 3211/3441/3695 3210/3436/3690 3212/3439/3693
f 3211/3441/3695 3319/3442/3696 3207/3435/3689 3210/3436/3690
f 3217/3443/3697 3213/3440/3694 3212/3439/3693 3214/3444/3698
f 3214/3444/3698 3212/3439/3693 3209/3437/3691 3216/3445/3699
f 3215/3446/3700 3214/3444/3698 3216/3445/3699 3340/3197/3458
f 3219/3447/3701 3217/3443/3697 3214/3444/3698 3215/3446/3700
f 3220/3448/3702 3218/3449/3703 3217/3443/3697 3219/3447/3701
f 3218/3449/3703 3317/3450/3704 3213/3440/3694 3217/3443/3697
f 3224/3451/3705 3220/3448/3702 3219/3447/3701 3221/3452/3706
f 3221/3452/3706 3219/3447/3701 3215/3446/3700 3222/3202/3463
f 2994/3201/3462 3223/3208/3469 3221/3452/3706 3222/3202/3463
f 3223/3208/3469 3226/3453/3707 3224/3451/3705 3221/3452/3706
f 3226/3453/3707 3228/3454/3708 3225/3455/3709 3224/3451/3705
f 3225/3455/3709 3321/3456/3710 3220/3448/3702 3224/3451/3705
f 3227/3457/3711 3226/3453/3707 3223/3208/3469 2998/3207/3468
f 3230/3458/3712 3228/3454/3708 3226/3453/3707 3227/3457/3711
f 3232/3459/3713 3229/3460/3714 3228/3454/3708 3230/3458/3712
f 3228/3454/3708 3229/3460/3714 3329/3461/3715 3225/3455/3709
f 3231/3462/3716 3230/3458/3712 3227/3457/3711 3339/3217/3478
f 3234/3463/3717 3232/3459/3713 3230/3458/3712 3231/3462/3716
f 3235/3464/3718 3233/3465/3719 3232/3459/3713 3234/3463/3717
f 3233/3465/3719 3330/3466/3720 3229/3460/3714 3232/3459/3713
f 3239/3240/3501 3235/3464/3718 3234/3463/3717 3236/3467/3721
f 3236/3467/3721 3234/3463/3717 3231/3462/3716 3238/3468/3722
f 3237/3469/3723 3236/3467/3721 3238/3468/3722 3240/3225/3486
f 3027/3238/3499 3239/3240/3501 3236/3467/3721 3237/3469/3723
f 3026/3239/3500 3241/3470/3724 3235/3464/3718 3239/3240/3501
f 3240/3225/3486 3238/3468/3722 3005/3216/3477 3007/3215/3476
f 3238/3468/3722 3231/3462/3716 3339/3217/3478 3005/3216/3477
f 3019/3231/3492 3237/3469/3723 3240/3225/3486 3012/3224/3485
f 3021/3233/3494 3027/3238/3499 3237/3469/3723 3019/3231/3492
f 3241/3470/3724 3242/3471/3725 3233/3465/3719 3235/3464/3718
f 3029/3241/3502 3243/3472/3726 3241/3470/3724 3026/3239/3500
f 3243/3472/3726 3244/3473/3727 3242/3471/3725 3241/3470/3724
f 3031/3243/3504 3038/3249/3510 3243/3472/3726 3029/3241/3502
f 3038/3249/3510 3246/3251/3512 3244/3473/3727 3243/3472/3726
f 3244/3473/3727 3245/3474/3728 3332/3475/3729 3242/3471/3725
f 3246/3251/3512 3247/3476/3730 3245/3474/3728 3244/3473/3727
f 3037/3250/3511 3248/3477/3731 3247/3476/3730 3246/3251/3512
f 3245/3474/3728 3247/3476/3730 3249/3478/3732 3251/3479/3733
f 3247/3476/3730 3248/3477/3731 3252/3480/3734 3249/3478/3732
f 3249/3478/3732 3250/3481/3735 3333/3482/3736 3251/3479/3733
f 3252/3480/3734 3253/3483/3737 3250/3481/3735 3249/3478/3732
f 3254/3484/3738 3255/3485/3739 3253/3483/3737 3252/3480/3734
f 3248/3477/3731 3256/3486/3740 3254/3484/3738 3252/3480/3734
f 3256/3486/3740 3050/3263/3524 3054/3265/3526 3254/3484/3738
f 3054/3265/3526 3258/3268/3529 3255/3485/3739 3254/3484/3738
f 3040/3252/3513 3256/3486/3740 3248/3477/3731 3037/3250/3511
f 3043/3255/3516 3050/3263/3524 3256/3486/3740 3040/3252/3513
f 3255/3485/3739 3257/3487/3741 3336/3488/3742 3253/3483/3737
f 3258/3268/3529 3259/3489/3743 3257/3487/3741 3255/3485/3739
f 3053/3267/3528 3261/3490/3744 3259/3489/3743 3258/3268/3529
f 3259/3489/3743 3260/3491/3745 3293/3492/3746 3257/3487/3741
f 3261/3490/3744 3262/3493/3747 3260/3491/3745 3259/3489/3743
f 3056/3269/3530 3263/3494/3748 3261/3490/3744 3053/3267/3528
f 3263/3494/3748 3265/3495/3749 3262/3493/3747 3261/3490/3744
f 3059/3271/3532 3264/3496/3750 3263/3494/3748 3056/3269/3530
f 3264/3496/3750 3267/3497/3751 3265/3495/3749 3263/3494/3748
f 3265/3495/3749 3266/3498/3752 3290/3499/3753 3262/3493/3747
f 3267/3497/3751 3268/3500/3754 3266/3498/3752 3265/3495/3749
f 3270/3501/3755 3269/3502/3756 3267/3497/3751 3264/3496/3750
f 3269/3502/3756 3271/3503/3757 3268/3500/3754 3267/3497/3751
f 3274/3504/3758 3272/3505/3759 3269/3502/3756 3270/3501/3755
f 3272/3505/3759 3275/3506/3760 3271/3503/3757 3269/3502/3756
f 3337/3293/3551 3273/3507/3761 3272/3505/3759 3274/3504/3758
f 3273/3507/3761 3276/3508/3762 3275/3506/3760 3272/3505/3759
f 3276/3508/3762 3279/3509/3763 3277/3510/3764 3275/3506/3760
f 3275/3506/3760 3277/3510/3764 3278/3511/3765 3271/3503/3757
f 3278/3511/3765 3277/3510/3764 3119/3345/3599 3122/3348/3602
f 3277/3510/3764 3279/3509/3763 3116/3342/3596 3119/3345/3599
f 3281/3512/3766 3280/3513/3767 3279/3509/3763 3276/3508/3762
f 3279/3509/3763 3280/3513/3767 3113/3341/3593 3116/3342/3596
f 3283/3514/3768 3282/3328/3585 3280/3515/3767 3281/3516/3766
f 3280/3515/3767 3282/3328/3585 3106/3329/3586 3113/3336/3593
f 3284/3305/3562 3105/3327/3584 3282/3328/3585 3283/3514/3768
f 3079/3297/3554 3283/3514/3768 3281/3516/3766 3285/3298/3555
f 3081/3299/3556 3284/3305/3562 3283/3514/3768 3079/3297/3554
f 3085/3304/3561 3103/3324/3581 3105/3327/3584 3284/3305/3562
f 3285/3517/3555 3281/3512/3766 3276/3508/3762 3273/3507/3761
f 3076/3292/3550 3285/3517/3555 3273/3507/3761 3337/3293/3551
f 3271/3503/3757 3278/3511/3765 3286/3518/3769 3268/3500/3754
f 3286/3518/3769 3278/3511/3765 3122/3348/3602 3125/3351/3605
f 3268/3500/3754 3286/3518/3769 3287/3519/3770 3266/3498/3752
f 3287/3519/3770 3286/3518/3769 3125/3351/3605 3128/3354/3608
f 3266/3498/3752 3287/3519/3770 3288/3520/3771 3290/3499/3753
f 3288/3520/3771 3287/3519/3770 3128/3354/3608 3131/3357/3611
f 3289/3521/3772 3288/3520/3771 3131/3357/3611 3134/3360/3614
f 3290/3499/3753 3288/3520/3771 3289/3521/3772 3291/3522/3773
f 3262/3493/3747 3290/3499/3753 3291/3522/3773 3260/3491/3745
f 3260/3491/3745 3291/3522/3773 3292/3523/3774 3293/3492/3746
f 3291/3522/3773 3289/3521/3772 3294/3524/3775 3292/3523/3774
f 3293/3492/3746 3292/3523/3774 3295/3525/3776 3296/3526/3777
f 3292/3523/3774 3294/3524/3775 3297/3527/3778 3295/3525/3776
f 3296/3526/3777 3295/3525/3776 3298/3528/3779 3299/3529/3780
f 3295/3525/3776 3297/3527/3778 3300/3530/3781 3298/3528/3779
f 3299/3529/3780 3298/3528/3779 3301/3531/3782 3302/3532/3783
f 3298/3528/3779 3300/3530/3781 3303/3533/3784 3301/3531/3782
f 3302/3532/3783 3301/3531/3782 3304/3534/3785 3305/3535/3786
f 3301/3531/3782 3303/3533/3784 3306/3536/3787 3304/3534/3785
f 3305/3535/3786 3304/3534/3785 3307/3537/3788 3308/3538/3789
f 3304/3534/3785 3306/3536/3787 3309/3539/3790 3307/3537/3788
f 3308/3538/3789 3307/3537/3788 3310/3540/3791 3311/3541/3792
f 3307/3537/3788 3309/3539/3790 3312/3542/3793 3310/3540/3791
f 3311/3541/3792 3310/3540/3791 3313/3543/3794 3314/3544/3795
f 3310/3540/3791 3312/3542/3793 3315/3545/3796 3313/3543/3794
f 3314/3544/3795 3313/3543/3794 3316/3546/3797 3317/3450/3704
f 3313/3543/3794 3315/3545/3796 3318/3547/3798 3316/3546/3797
f 3317/3450/3704 3316/3546/3797 3211/3441/3695 3213/3440/3694
f 3316/3546/3797 3318/3547/3798 3319/3442/3696 3211/3441/3695
f 3319/3442/3696 3318/3547/3798 3161/3387/3641 3164/3390/3644
f 3318/3547/3798 3315/3545/3796 3158/3384/3638 3161/3387/3641
f 3207/3435/3689 3319/3442/3696 3164/3390/3644 3167/3393/3647
f 3320/3548/3799 3314/3544/3795 3317/3450/3704 3218/3449/3703
f 3315/3545/3796 3312/3542/3793 3155/3381/3635 3158/3384/3638
f 3322/3549/3800 3311/3541/3792 3314/3544/3795 3320/3548/3799
f 3321/3456/3710 3320/3548/3799 3218/3449/3703 3220/3448/3702
f 3323/3550/3801 3322/3549/3800 3320/3548/3799 3321/3456/3710
f 3326/3551/3802 3324/3552/3803 3322/3549/3800 3323/3550/3801
f 3324/3552/3803 3308/3538/3789 3311/3541/3792 3322/3549/3800
f 3327/3553/3804 3325/3554/3805 3324/3552/3803 3326/3551/3802
f 3325/3554/3805 3305/3535/3786 3308/3538/3789 3324/3552/3803
f 3331/3555/3806 3327/3553/3804 3326/3551/3802 3328/3556/3807
f 3328/3556/3807 3326/3551/3802 3323/3550/3801 3329/3461/3715
f 3229/3460/3714 3330/3466/3720 3328/3556/3807 3329/3461/3715
f 3330/3466/3720 3332/3475/3729 3331/3555/3806 3328/3556/3807
f 3332/3475/3729 3245/3474/3728 3251/3479/3733 3331/3555/3806
f 3251/3479/3733 3333/3482/3736 3327/3553/3804 3331/3555/3806
f 3242/3471/3725 3332/3475/3729 3330/3466/3720 3233/3465/3719
f 3329/3461/3715 3323/3550/3801 3321/3456/3710 3225/3455/3709
f 3333/3482/3736 3334/3557/3808 3325/3554/3805 3327/3553/3804
f 3250/3481/3735 3335/3558/3809 3334/3557/3808 3333/3482/3736
f 3334/3557/3808 3302/3532/3783 3305/3535/3786 3325/3554/3805
f 3335/3558/3809 3299/3529/3780 3302/3532/3783 3334/3557/3808
f 3253/3483/3737 3336/3488/3742 3335/3558/3809 3250/3481/3735
f 3336/3488/3742 3296/3526/3777 3299/3529/3780 3335/3558/3809
f 3257/3487/3741 3293/3492/3746 3296/3526/3777 3336/3488/3742
f 3312/3542/3793 3309/3539/3790 3152/3378/3632 3155/3381/3635
f 3309/3539/3790 3306/3536/3787 3149/3375/3629 3152/3378/3632
f 3306/3536/3787 3303/3533/3784 3146/3372/3626 3149/3375/3629
f 3303/3533/3784 3300/3530/3781 3143/3369/3623 3146/3372/3626
f 3300/3530/3781 3297/3527/3778 3140/3366/3620 3143/3369/3623
f 3297/3527/3778 3294/3524/3775 3137/3363/3617 3140/3366/3620
f 3294/3524/3775 3289/3521/3772 3134/3360/3614 3137/3363/3617
f 3070/3284/3545 3274/3504/3758 3270/3501/3755 3338/3275/3536
f 3072/3285/3546 3337/3293/3551 3274/3504/3758 3070/3284/3545
f 3338/3275/3536 3270/3501/3755 3264/3496/3750 3059/3271/3532
f 3339/3217/3478 3227/3457/3711 2998/3207/3468 3000/3206/3467
f 3222/3202/3463 3215/3446/3700 3340/3197/3458 2989/3196/3457
f 3340/3197/3458 3216/3445/3699 3341/3559/3810 2990/3193/3454
f 3216/3445/3699 3209/3437/3691 3342/3438/3692 3341/3559/3810
f 2990/3193/3454 3341/3559/3810 3343/3560/3811 2987/3191/3452
f 3341/3559/3810 3342/3438/3692 3344/3428/3682 3343/3560/3811
f 2987/3191/3452 3343/3560/3811 3345/3561/3812 2984/3189/3450
f 3343/3560/3811 3344/3428/3682 3201/3425/3679 3345/3561/3812
f 2984/3189/3450 3345/3561/3812 3346/3562/3813 3347/3190/3451
f 3345/3561/3812 3201/3425/3679 3197/3422/3676 3346/3562/3813
f 3347/3190/3451 3346/3562/3813 3348/3563/3814 3349/3564/3815
f 3346/3562/3813 3197/3422/3676 3195/3421/3675 3348/3563/3814
f 3350/3565/3816 3351/3566/3817 3349/3564/3815 3348/3563/3814
f 3193/3420/3674 3350/3565/3816 3348/3563/3814 3195/3421/3675
f 3352/3310/3567 3353/3567/3818 3351/3566/3817 3350/3565/3816
f 3089/3311/3568 3352/3310/3567 3350/3565/3816 3193/3420/3674
f 3353/3567/3818 3352/3310/3567 3090/3307/3564 3355/3137/3403
f 3353/3567/3818 3354/3141/3407 3356/3568/3819 3351/3566/3817
f 3354/3141/3407 3353/3567/3818 3355/3137/3403 2919/3136/3402
f 3355/3137/3403 3090/3307/3564 3083/3302/3559 2920/3133/3399
f 2924/3140/3406 3358/3569/3820 3356/3568/3819 3354/3141/3407
f 3351/3566/3817 3356/3568/3819 3357/3570/3821 3349/3564/3815
f 3358/3569/3820 3359/3571/3822 3357/3570/3821 3356/3568/3819
f 3358/3569/3820 2969/3172/3433 2971/3174/3435 3359/3571/3822
f 2924/3140/3406 2926/3142/3408 2969/3172/3433 3358/3569/3820
f 2974/3176/3437 2981/3185/3446 3359/3571/3822 2971/3174/3435
f 3359/3571/3822 2981/3185/3446 2985/3187/3448 3357/3570/3821
f 2985/3187/3448 3347/3190/3451 3349/3564/3815 3357/3570/3821
f 3342/3438/3692 3205/3431/3685 3200/3429/3683 3344/3428/3682
f 3191/3417/3671 3198/3424/3678 3182/3408/3662 3185/3411/3665
f 3364/3572/3823 3360/3415/3669 3188/3412/3666 3361/3573/3824
f 3361/3573/3824 3188/3412/3666 3184/3409/3663 3363/3574/3825
f 3362/3575/3826 3361/3573/3824 3363/3574/3825 3428/3576/3827
f 3365/3577/3828 3364/3572/3823 3361/3573/3824 3362/3575/3826
f 3364/3572/3823 3365/3577/3828 3367/3578/3829 3366/3579/3830
f 3360/3415/3669 3364/3572/3823 3366/3579/3830 3368/3580/3831
f 3366/3579/3830 3367/3578/3829 3370/3581/3832 3369/3582/3833
f 3368/3580/3831 3366/3579/3830 3369/3582/3833 3371/3583/3834
f 3369/3582/3833 3370/3581/3832 3373/3584/3835 3372/3585/3836
f 3371/3583/3834 3369/3582/3833 3372/3585/3836 3374/3331/3588
f 3372/3585/3836 3373/3584/3835 3376/3586/3837 3375/3587/3838
f 3374/3331/3588 3372/3585/3836 3375/3587/3838 3108/3332/3589
f 3375/3587/3838 3376/3586/3837 3378/3588/3839 3377/3589/3840
f 3108/3332/3589 3375/3587/3838 3377/3589/3840 3110/3333/3590
f 3377/3589/3840 3378/3588/3839 3380/3590/3841 3379/3591/3842
f 3110/3333/3590 3377/3589/3840 3379/3591/3842 3112/3334/3591
f 3379/3592/3842 3380/3593/3841 3382/3594/3843 3381/3595/3844
f 3112/3338/3591 3379/3592/3842 3381/3595/3844 3115/3339/3594
f 3381/3595/3844 3382/3594/3843 3384/3596/3845 3383/3597/3846
f 3115/3339/3594 3381/3595/3844 3383/3597/3846 3118/3343/3597
f 3383/3597/3846 3384/3596/3845 3386/3598/3847 3385/3599/3848
f 3118/3343/3597 3383/3597/3846 3385/3599/3848 3121/3346/3600
f 3385/3599/3848 3386/3598/3847 3388/3600/3849 3387/3601/3850
f 3121/3346/3600 3385/3599/3848 3387/3601/3850 3124/3349/3603
f 3387/3601/3850 3388/3600/3849 3390/3602/3851 3389/3603/3852
f 3124/3349/3603 3387/3601/3850 3389/3603/3852 3127/3352/3606
f 3389/3603/3852 3390/3602/3851 3392/3604/3853 3391/3605/3854
f 3127/3352/3606 3389/3603/3852 3391/3605/3854 3130/3355/3609
f 3391/3605/3854 3392/3604/3853 3394/3606/3855 3393/3607/3856
f 3130/3355/3609 3391/3605/3854 3393/3607/3856 3133/3358/3612
f 3393/3607/3856 3394/3606/3855 3396/3608/3857 3395/3609/3858
f 3133/3358/3612 3393/3607/3856 3395/3609/3858 3136/3361/3615
f 3395/3609/3858 3396/3608/3857 3398/3610/3859 3397/3611/3860
f 3136/3361/3615 3395/3609/3858 3397/3611/3860 3139/3364/3618
f 3397/3611/3860 3398/3610/3859 3400/3612/3861 3399/3613/3862
f 3139/3364/3618 3397/3611/3860 3399/3613/3862 3142/3367/3621
f 3399/3613/3862 3400/3612/3861 3402/3614/3863 3401/3615/3864
f 3142/3367/3621 3399/3613/3862 3401/3615/3864 3145/3370/3624
f 3401/3615/3864 3402/3614/3863 3404/3616/3865 3403/3617/3866
f 3145/3370/3624 3401/3615/3864 3403/3617/3866 3148/3373/3627
f 3403/3617/3866 3404/3616/3865 3406/3618/3867 3405/3619/3868
f 3148/3373/3627 3403/3617/3866 3405/3619/3868 3151/3376/3630
f 3405/3619/3868 3406/3618/3867 3408/3620/3869 3407/3621/3870
f 3151/3376/3630 3405/3619/3868 3407/3621/3870 3154/3379/3633
f 3407/3621/3870 3408/3620/3869 3410/3622/3871 3409/3623/3872
f 3154/3379/3633 3407/3621/3870 3409/3623/3872 3157/3382/3636
f 3409/3623/3872 3410/3622/3871 3412/3624/3873 3411/3625/3874
f 3157/3382/3636 3409/3623/3872 3411/3625/3874 3160/3385/3639
f 3411/3625/3874 3412/3624/3873 3414/3626/3875 3413/3627/3876
f 3160/3385/3639 3411/3625/3874 3413/3627/3876 3163/3388/3642
f 3413/3627/3876 3414/3626/3875 3416/3628/3877 3415/3629/3878
f 3163/3388/3642 3413/3627/3876 3415/3629/3878 3166/3391/3645
f 3415/3629/3878 3416/3628/3877 3418/3630/3879 3417/3631/3880
f 3166/3391/3645 3415/3629/3878 3417/3631/3880 3169/3394/3648
f 3417/3631/3880 3418/3630/3879 3420/3632/3881 3419/3633/3882
f 3169/3394/3648 3417/3631/3880 3419/3633/3882 3172/3397/3651
f 3419/3633/3882 3420/3632/3881 3422/3634/3883 3421/3635/3884
f 3172/3397/3651 3419/3633/3882 3421/3635/3884 3175/3400/3654
f 3421/3635/3884 3422/3634/3883 3424/3636/3885 3423/3637/3886
f 3175/3400/3654 3421/3635/3884 3423/3637/3886 3178/3403/3657
f 3423/3637/3886 3424/3636/3885 3426/3638/3887 3425/3639/3888
f 3178/3403/3657 3423/3637/3886 3425/3639/3888 3181/3406/3660
f 3425/3639/3888 3426/3638/3887 3428/3576/3827 3363/3574/3825
f 3181/3406/3660 3425/3639/3888 3363/3574/3825 3184/3409/3663
f 3426/3638/3887 3427/3640/3889 3429/3641/3890 3428/3576/3827
f 3424/3636/3885 3624/3642/3891 3427/3640/3889 3426/3638/3887
f 3430/3643/3892 3362/3575/3826 3428/3576/3827 3429/3641/3890
f 3429/3641/3890 3427/3640/3889 3434/3644/3893 3431/3645/3894
f 3430/3643/3892 3429/3641/3890 3431/3645/3894 3432/3646/3895
f 3557/3647/3896 3432/3646/3895 3431/3645/3894 3433/3648/3897
f 3434/3644/3893 3436/3649/3898 3433/3648/3897 3431/3645/3894
f 3435/3650/3899 3438/3651/3900 3436/3649/3898 3434/3644/3893
f 3427/3640/3889 3624/3642/3891 3435/3650/3899 3434/3644/3893
f 3436/3649/3898 3437/3652/3901 3558/3653/3902 3433/3648/3897
f 3438/3651/3900 3440/3654/3903 3437/3652/3901 3436/3649/3898
f 3439/3655/3904 3441/3656/3905 3440/3654/3903 3438/3651/3900
f 3620/3657/3906 3439/3655/3904 3438/3651/3900 3435/3650/3899
f 3441/3656/3905 3445/3658/3907 3442/3659/3908 3440/3654/3903
f 3440/3654/3903 3442/3659/3908 3444/3660/3909 3437/3652/3901
f 3442/3659/3908 3443/3661/3910 3475/3662/3911 3444/3660/3909
f 3445/3658/3907 3447/3663/3912 3443/3661/3910 3442/3659/3908
f 3446/3664/3913 3448/3665/3914 3447/3663/3912 3445/3658/3907
f 3618/3666/3915 3446/3664/3913 3445/3658/3907 3441/3656/3905
f 3448/3665/3914 3452/3667/3916 3449/3668/3917 3447/3663/3912
f 3447/3663/3912 3449/3668/3917 3451/3669/3918 3443/3661/3910
f 3451/3669/3918 3449/3668/3917 3450/3670/3919 3471/3671/3920
f 3449/3668/3917 3452/3667/3916 3454/3672/3921 3450/3670/3919
f 3642/3673/3922 3453/3674/3923 3452/3667/3916 3448/3665/3914
f 3452/3667/3916 3453/3674/3923 3455/3675/3924 3454/3672/3921
f 3454/3676/3921 3455/3677/3924 3458/3678/3924 3456/3679/3921
f 3450/3680/3919 3454/3676/3921 3456/3679/3921 3459/3681/3919
f 3457/3682/3925 3461/3683/3925 3459/3681/3925 3456/3679/3925
f 3665/3684/3925 3457/3682/3925 3456/3679/3925 3458/3678/3925
f 3471/3685/3920 3450/3680/3919 3459/3681/3919 3460/3686/3920
f 3461/3683/3925 3463/3687/3925 3460/3686/3925 3459/3681/3925
f 3667/3688/3925 3462/3689/3925 3461/3683/3925 3457/3682/3925
f 3462/3689/3925 3464/3690/3925 3463/3687/3925 3461/3683/3925
f 3464/3690/3925 3466/3691/3925 3465/3692/3925 3463/3687/3925
f 3463/3687/3925 3465/3692/3925 3468/3693/3925 3460/3686/3925
f 3466/3691/3925 3681/3694/3925 3467/3695/3925 3465/3692/3925
f 3465/3692/3925 3467/3695/3925 3469/3696/3925 3468/3693/3925
f 3470/3697/3926 3471/3685/3920 3460/3686/3920 3468/3693/3926
f 3472/3698/3927 3470/3697/3926 3468/3693/3926 3469/3696/3927
f 3473/3699/3928 3451/3669/3918 3471/3671/3920 3470/3700/3926
f 3474/3701/3929 3473/3699/3928 3470/3700/3926 3472/3702/3927
f 3475/3662/3911 3473/3699/3928 3474/3701/3929 3476/3703/3930
f 3443/3661/3910 3451/3669/3918 3473/3699/3928 3475/3662/3911
f 3444/3660/3909 3475/3662/3911 3476/3703/3930 3477/3704/3931
f 3478/3705/3932 3480/3706/3933 3477/3704/3931 3476/3703/3930
f 3479/3707/3934 3478/3705/3932 3476/3703/3930 3474/3701/3929
f 3482/3708/3935 3481/3709/3936 3478/3705/3932 3479/3707/3934
f 3481/3709/3936 3483/3710/3937 3480/3706/3933 3478/3705/3932
f 3481/3709/3936 3482/3708/3935 3485/3711/3938 3484/3712/3939
f 3483/3710/3937 3481/3709/3936 3484/3712/3939 3486/3713/3940
f 3484/3712/3939 3485/3711/3938 3490/3714/3941 3487/3715/3942
f 3486/3713/3940 3484/3712/3939 3487/3715/3942 3488/3716/3943
f 3488/3716/3943 3487/3715/3942 3489/3717/3944 3780/3718/3945
f 3487/3715/3942 3490/3714/3941 3492/3719/3946 3489/3717/3944
f 3490/3714/3941 3485/3711/3938 3769/3720/3947 3491/3721/3948
f 3492/3719/3946 3490/3714/3941 3491/3721/3948 3493/3722/3949
f 3494/3723/3950 3492/3719/3946 3493/3722/3949 3495/3724/3951
f 3489/3717/3944 3492/3719/3946 3494/3723/3950 3497/3725/3952
f 3496/3726/3953 3494/3723/3950 3495/3724/3951 3760/3727/3954
f 3497/3725/3952 3494/3723/3950 3496/3726/3953 3499/3728/3955
f 3498/3729/3956 3497/3725/3952 3499/3728/3955 3500/3730/3957
f 3780/3718/3945 3489/3717/3944 3497/3725/3952 3498/3729/3956
f 3499/3728/3955 3496/3726/3953 3504/3731/3958 3501/3732/3959
f 3500/3730/3957 3499/3728/3955 3501/3732/3959 3502/3733/3960
f 3502/3734/3960 3501/3735/3959 3503/3736/3961 3528/3737/3962
f 3501/3735/3959 3504/3738/3958 3506/3739/3963 3503/3736/3961
f 3504/3731/3958 3496/3726/3953 3760/3727/3954 3505/3740/3964
f 3506/3739/3963 3504/3738/3958 3505/3741/3964 3507/3742/3965
f 3508/3743/3966 3506/3739/3963 3507/3742/3965 3511/3744/3967
f 3503/3736/3961 3506/3739/3963 3508/3743/3966 3510/3745/3968
f 3510/3745/3968 3508/3743/3966 3509/3746/3969 3523/3747/3970
f 3509/3746/3969 3508/3743/3966 3511/3744/3967 3513/3748/3971
f 3511/3749/3967 3507/3750/3965 3755/3751/3965 3512/3752/3967
f 3513/3753/3971 3511/3749/3967 3512/3752/3967 3514/3754/3971
f 3515/3755/3972 3513/3753/3971 3514/3754/3971 3516/3756/3972
f 3518/3757/3973 3509/3746/3969 3513/3748/3971 3515/3758/3972
f 3517/3759/3974 3515/3755/3972 3516/3756/3972 3749/3760/3974
f 3519/3761/3975 3518/3757/3973 3515/3758/3972 3517/3762/3974
f 3523/3747/3970 3509/3746/3969 3518/3757/3973 3520/3763/3976
f 3520/3763/3976 3518/3757/3973 3519/3761/3975 3522/3764/3977
f 3521/3765/3978 3520/3763/3976 3522/3764/3977 3724/3766/3979
f 3524/3767/3980 3523/3747/3970 3520/3763/3976 3521/3765/3978
f 3526/3768/3981 3510/3745/3968 3523/3747/3970 3524/3767/3980
f 3525/3769/3982 3524/3767/3980 3521/3765/3978 3570/3770/3983
f 3527/3771/3984 3526/3768/3981 3524/3767/3980 3525/3769/3982
f 3528/3737/3962 3503/3736/3961 3510/3745/3968 3526/3768/3981
f 3529/3772/3985 3528/3737/3962 3526/3768/3981 3527/3771/3984
f 3531/3773/3986 3502/3734/3960 3528/3737/3962 3529/3772/3985
f 3530/3774/3987 3529/3772/3985 3527/3771/3984 3567/3775/3988
f 3532/3776/3989 3531/3773/3986 3529/3772/3985 3530/3774/3987
f 3533/3777/3990 3500/3730/3957 3502/3733/3960 3531/3778/3986
f 3534/3779/3991 3533/3777/3990 3531/3778/3986 3532/3780/3989
f 3535/3781/3992 3498/3729/3956 3500/3730/3957 3533/3777/3990
f 3537/3782/3993 3535/3781/3992 3533/3777/3990 3534/3779/3991
f 3536/3783/3994 3780/3718/3945 3498/3729/3956 3535/3781/3992
f 3538/3784/3995 3536/3783/3994 3535/3781/3992 3537/3782/3993
f 3541/3785/3996 3538/3784/3995 3537/3782/3993 3539/3786/3997
f 3539/3786/3997 3537/3782/3993 3534/3779/3991 3540/3787/3998
f 3543/3788/3999 3542/3789/4000 3539/3786/3997 3540/3787/3998
f 3542/3789/4000 3544/3790/4001 3541/3785/3996 3539/3786/3997
f 3376/3586/3837 3542/3789/4000 3543/3788/3999 3378/3588/3839
f 3373/3584/3835 3544/3790/4001 3542/3789/4000 3376/3586/3837
f 3370/3581/3832 3545/3791/4002 3544/3790/4001 3373/3584/3835
f 3544/3790/4001 3545/3791/4002 3547/3792/4003 3541/3785/3996
f 3545/3791/4002 3546/3793/4004 3549/3794/4005 3547/3792/4003
f 3367/3578/3829 3546/3793/4004 3545/3791/4002 3370/3581/3832
f 3547/3792/4003 3548/3795/4006 3538/3784/3995 3541/3785/3996
f 3549/3794/4005 3551/3796/4007 3548/3795/4006 3547/3792/4003
f 3546/3793/4004 3559/3797/4008 3550/3798/4009 3549/3794/4005
f 3550/3798/4009 3552/3799/4010 3551/3796/4007 3549/3794/4005
f 3552/3799/4010 3554/3800/4011 3553/3801/4012 3551/3796/4007
f 3551/3796/4007 3553/3801/4012 3555/3802/4013 3548/3795/4006
f 3554/3800/4011 3483/3710/3937 3486/3713/3940 3553/3801/4012
f 3553/3801/4012 3486/3713/3940 3488/3716/3943 3555/3802/4013
f 3555/3802/4013 3488/3716/3943 3780/3718/3945 3536/3783/3994
f 3548/3795/4006 3555/3802/4013 3536/3783/3994 3538/3784/3995
f 3483/3710/3937 3554/3800/4011 3556/3803/4014 3480/3706/3933
f 3554/3800/4011 3552/3799/4010 3557/3647/3896 3556/3803/4014
f 3480/3706/3933 3556/3803/4014 3558/3653/3902 3477/3704/3931
f 3556/3803/4014 3557/3647/3896 3433/3648/3897 3558/3653/3902
f 3437/3652/3901 3444/3660/3909 3477/3704/3931 3558/3653/3902
f 3552/3799/4010 3550/3798/4009 3432/3646/3895 3557/3647/3896
f 3559/3797/4008 3430/3643/3892 3432/3646/3895 3550/3798/4009
f 3559/3797/4008 3365/3577/3828 3362/3575/3826 3430/3643/3892
f 3365/3577/3828 3559/3797/4008 3546/3793/4004 3367/3578/3829
f 3378/3588/3839 3543/3788/3999 3560/3804/4015 3380/3590/3841
f 3560/3804/4015 3543/3788/3999 3540/3787/3998 3562/3805/4016
f 3380/3593/3841 3560/3806/4015 3561/3807/4017 3382/3594/3843
f 3561/3807/4017 3560/3806/4015 3562/3808/4016 3563/3809/4018
f 3562/3808/4016 3532/3776/3989 3530/3774/3987 3563/3809/4018
f 3540/3787/3998 3534/3779/3991 3532/3780/3989 3562/3805/4016
f 3563/3809/4018 3530/3774/3987 3567/3775/3988 3564/3810/4019
f 3566/3811/4020 3561/3807/4017 3563/3809/4018 3564/3810/4019
f 3564/3810/4019 3567/3775/3988 3568/3812/4021 3565/3813/4022
f 3640/3814/4023 3566/3811/4020 3564/3810/4019 3565/3813/4022
f 3567/3775/3988 3527/3771/3984 3525/3769/3982 3568/3812/4021
f 3568/3812/4021 3525/3769/3982 3570/3770/3983 3569/3815/4024
f 3565/3813/4022 3568/3812/4021 3569/3815/4024 3571/3816/4025
f 3569/3815/4024 3570/3770/3983 3573/3817/4026 3572/3818/4027
f 3571/3816/4025 3569/3815/4024 3572/3818/4027 3574/3819/4028
f 3572/3818/4027 3573/3817/4026 3576/3820/4029 3575/3821/4030
f 3574/3819/4028 3572/3818/4027 3575/3821/4030 3577/3822/4031
f 3575/3821/4030 3576/3820/4029 3579/3823/4032 3578/3824/4033
f 3577/3822/4031 3575/3821/4030 3578/3824/4033 3580/3825/4034
f 3578/3824/4033 3579/3823/4032 3582/3826/4035 3581/3827/4036
f 3580/3825/4034 3578/3824/4033 3581/3827/4036 3583/3828/4037
f 3581/3827/4036 3582/3826/4035 3585/3829/4038 3584/3830/4039
f 3583/3828/4037 3581/3827/4036 3584/3830/4039 3586/3831/4040
f 3584/3830/4039 3585/3829/4038 3588/3832/4041 3587/3833/4042
f 3586/3831/4040 3584/3830/4039 3587/3833/4042 3589/3834/4043
f 3587/3833/4042 3588/3832/4041 3591/3835/4044 3590/3836/4045
f 3589/3834/4043 3587/3833/4042 3590/3836/4045 3592/3837/4046
f 3590/3836/4045 3591/3835/4044 3594/3838/4047 3593/3839/4048
f 3592/3837/4046 3590/3836/4045 3593/3839/4048 3595/3840/4049
f 3593/3839/4048 3594/3838/4047 3597/3841/4050 3596/3842/4051
f 3595/3840/4049 3593/3839/4048 3596/3842/4051 3598/3843/4052
f 3596/3842/4051 3597/3841/4050 3600/3844/4053 3599/3845/4054
f 3598/3843/4052 3596/3842/4051 3599/3845/4054 3601/3846/4055
f 3599/3845/4054 3600/3844/4053 3603/3847/4056 3602/3848/4057
f 3601/3846/4055 3599/3845/4054 3602/3848/4057 3604/3849/4058
f 3602/3848/4057 3603/3847/4056 3606/3850/4059 3605/3851/4060
f 3604/3849/4058 3602/3848/4057 3605/3851/4060 3607/3852/4061
f 3605/3851/4060 3606/3850/4059 3609/3853/4062 3608/3854/4063
f 3607/3852/4061 3605/3851/4060 3608/3854/4063 3610/3855/4064
f 3608/3854/4063 3609/3853/4062 3612/3856/4065 3611/3857/4066
f 3610/3855/4064 3608/3854/4063 3611/3857/4066 3613/3858/4067
f 3611/3857/4066 3612/3856/4065 3615/3859/4068 3614/3860/4069
f 3613/3858/4067 3611/3857/4066 3614/3860/4069 3616/3861/4070
f 3614/3860/4069 3615/3859/4068 3618/3666/3915 3617/3862/4071
f 3616/3861/4070 3614/3860/4069 3617/3862/4071 3619/3863/4072
f 3617/3862/4071 3618/3666/3915 3441/3656/3905 3439/3655/3904
f 3619/3863/4072 3617/3862/4071 3439/3655/3904 3620/3657/3906
f 3623/3864/4073 3621/3865/4074 3619/3863/4072 3620/3657/3906
f 3621/3865/4074 3622/3866/4075 3616/3861/4070 3619/3863/4072
f 3418/3630/3879 3622/3866/4075 3621/3865/4074 3420/3632/3881
f 3420/3632/3881 3621/3865/4074 3623/3864/4073 3422/3634/3883
f 3422/3634/3883 3623/3864/4073 3624/3642/3891 3424/3636/3885
f 3624/3642/3891 3623/3864/4073 3620/3657/3906 3435/3650/3899
f 3416/3628/3877 3625/3867/4076 3622/3866/4075 3418/3630/3879
f 3622/3866/4075 3625/3867/4076 3613/3858/4067 3616/3861/4070
f 3414/3626/3875 3626/3868/4077 3625/3867/4076 3416/3628/3877
f 3625/3867/4076 3626/3868/4077 3610/3855/4064 3613/3858/4067
f 3412/3624/3873 3627/3869/4078 3626/3868/4077 3414/3626/3875
f 3626/3868/4077 3627/3869/4078 3607/3852/4061 3610/3855/4064
f 3627/3869/4078 3628/3870/4079 3604/3849/4058 3607/3852/4061
f 3410/3622/3871 3628/3870/4079 3627/3869/4078 3412/3624/3873
f 3408/3620/3869 3629/3871/4080 3628/3870/4079 3410/3622/3871
f 3628/3870/4079 3629/3871/4080 3601/3846/4055 3604/3849/4058
f 3406/3618/3867 3630/3872/4081 3629/3871/4080 3408/3620/3869
f 3629/3871/4080 3630/3872/4081 3598/3843/4052 3601/3846/4055
f 3404/3616/3865 3631/3873/4082 3630/3872/4081 3406/3618/3867
f 3630/3872/4081 3631/3873/4082 3595/3840/4049 3598/3843/4052
f 3631/3873/4082 3632/3874/4083 3592/3837/4046 3595/3840/4049
f 3402/3614/3863 3632/3874/4083 3631/3873/4082 3404/3616/3865
f 3400/3612/3861 3633/3875/4084 3632/3874/4083 3402/3614/3863
f 3632/3874/4083 3633/3875/4084 3589/3834/4043 3592/3837/4046
f 3398/3610/3859 3634/3876/4085 3633/3875/4084 3400/3612/3861
f 3633/3875/4084 3634/3876/4085 3586/3831/4040 3589/3834/4043
f 3396/3608/3857 3635/3877/4086 3634/3876/4085 3398/3610/3859
f 3634/3876/4085 3635/3877/4086 3583/3828/4037 3586/3831/4040
f 3635/3877/4086 3636/3878/4087 3580/3825/4034 3583/3828/4037
f 3394/3606/3855 3636/3878/4087 3635/3877/4086 3396/3608/3857
f 3392/3604/3853 3637/3879/4088 3636/3878/4087 3394/3606/3855
f 3636/3878/4087 3637/3879/4088 3577/3822/4031 3580/3825/4034
f 3390/3602/3851 3638/3880/4089 3637/3879/4088 3392/3604/3853
f 3637/3879/4088 3638/3880/4089 3574/3819/4028 3577/3822/4031
f 3388/3600/3849 3639/3881/4090 3638/3880/4089 3390/3602/3851
f 3638/3880/4089 3639/3881/4090 3571/3816/4025 3574/3819/4028
f 3639/3881/4090 3640/3814/4023 3565/3813/4022 3571/3816/4025
f 3386/3598/3847 3640/3814/4023 3639/3881/4090 3388/3600/3849
f 3384/3596/3845 3566/3811/4020 3640/3814/4023 3386/3598/3847
f 3615/3859/4068 3641/3882/4091 3446/3664/3913 3618/3666/3915
f 3612/3856/4065 3643/3883/4092 3641/3882/4091 3615/3859/4068
f 3641/3882/4091 3642/3673/3922 3448/3665/3914 3446/3664/3913
f 3643/3883/4092 3644/3884/4093 3642/3673/3922 3641/3882/4091
f 3645/3885/4094 3647/3886/4095 3644/3884/4093 3643/3883/4092
f 3609/3853/4062 3645/3885/4094 3643/3883/4092 3612/3856/4065
f 3646/3887/4096 3648/3888/4097 3647/3886/4095 3645/3885/4094
f 3606/3850/4059 3646/3887/4096 3645/3885/4094 3609/3853/4062
f 3648/3888/4097 3652/3889/4098 3649/3890/4099 3647/3886/4095
f 3647/3886/4095 3649/3890/4099 3651/3891/4100 3644/3884/4093
f 3651/3891/4100 3649/3890/4099 3650/3892/4101 3779/3893/4102
f 3649/3890/4099 3652/3889/4098 3654/3894/4103 3650/3892/4101
f 3778/3895/4104 3653/3896/4105 3652/3889/4098 3648/3888/4097
f 3652/3889/4098 3653/3896/4105 3655/3897/4106 3654/3894/4103
f 3654/3898/4103 3655/3899/4106 3657/3900/4106 3656/3901/4103
f 3650/3902/4101 3654/3898/4103 3656/3901/4103 3659/3903/4101
f 3696/3904/3925 3658/3905/3925 3656/3901/3925 3657/3900/3925
f 3658/3905/3925 3661/3906/3925 3659/3903/3925 3656/3901/3925
f 3779/3907/4102 3650/3902/4101 3659/3903/4101 3660/3908/4102
f 3661/3906/3925 3663/3909/3925 3660/3908/3925 3659/3903/3925
f 3680/3910/3925 3662/3911/3925 3661/3906/3925 3658/3905/3925
f 3662/3911/3925 3664/3912/3925 3663/3909/3925 3661/3906/3925
f 3664/3912/3925 3666/3913/3925 3665/3684/3925 3663/3909/3925
f 3663/3909/3925 3665/3684/3925 3458/3678/3925 3660/3908/3925
f 3666/3913/3925 3667/3688/3925 3457/3682/3925 3665/3684/3925
f 3667/3688/3925 3666/3913/3925 3668/3914/3925
f 3666/3913/3925 3664/3912/3925 3668/3914/3925
f 3675/3915/3925 3669/3916/3925 3668/3914/3925
f 3669/3916/3925 3688/3917/3925 3668/3914/3925
f 3676/3918/3925 3670/3919/3925 3668/3914/3925
f 3670/3919/3925 3689/3920/3925 3668/3914/3925
f 3677/3921/3925 3671/3922/3925 3668/3914/3925
f 3671/3922/3925 3690/3923/3925 3668/3914/3925
f 3678/3924/3925 3672/3925/3925 3668/3914/3925
f 3672/3925/3925 3691/3926/3925 3668/3914/3925
f 3679/3927/3925 3673/3928/3925 3668/3914/3925
f 3673/3928/3925 3692/3929/3925 3668/3914/3925
f 3680/3910/3925 3674/3930/3925 3668/3914/3925
f 3674/3930/3925 3693/3931/3925 3668/3914/3925
f 3681/3694/3925 3466/3691/3925 3668/3914/3925
f 3466/3691/3925 3464/3690/3925 3668/3914/3925
f 3683/3932/3925 3675/3915/3925 3668/3914/3925
f 3684/3933/3925 3676/3918/3925 3668/3914/3925
f 3685/3934/3925 3677/3921/3925 3668/3914/3925
f 3686/3935/3925 3678/3924/3925 3668/3914/3925
f 3687/3936/3925 3679/3927/3925 3668/3914/3925
f 3662/3911/3925 3680/3910/3925 3668/3914/3925
f 3462/3689/3925 3667/3688/3925 3668/3914/3925
f 3682/3937/3925 3681/3694/3925 3668/3914/3925
f 3688/3917/3925 3682/3937/3925 3668/3914/3925
f 3689/3920/3925 3683/3932/3925 3668/3914/3925
f 3690/3923/3925 3684/3933/3925 3668/3914/3925
f 3691/3926/3925 3685/3934/3925 3668/3914/3925
f 3692/3929/3925 3686/3935/3925 3668/3914/3925
f 3693/3931/3925 3687/3936/3925 3668/3914/3925
f 3664/3912/3925 3662/3911/3925 3668/3914/3925
f 3464/3690/3925 3462/3689/3925 3668/3914/3925
f 3687/3936/3925 3693/3931/3925 3694/3938/3925 3695/3939/3925
f 3693/3931/3925 3674/3930/3925 3696/3904/3925 3694/3938/3925
f 3695/3939/3925 3694/3938/3925 3697/3940/3925 3698/3941/3925
f 3694/3938/3925 3696/3904/3925 3657/3900/3925 3697/3940/3925
f 3699/3942/4107 3700/3943/4108 3698/3941/4108 3697/3940/4107
f 3655/3899/4106 3699/3942/4107 3697/3940/4107 3657/3900/4106
f 3701/3944/4109 3703/3945/4110 3700/3946/4108 3699/3947/4107
f 3653/3896/4105 3701/3944/4109 3699/3947/4107 3655/3897/4106
f 3702/3948/4111 3701/3944/4109 3653/3896/4105 3778/3895/4104
f 3704/3949/4112 3703/3945/4110 3701/3944/4109 3702/3948/4111
f 3703/3945/4110 3705/3950/4113 3707/3951/4114 3700/3946/4108
f 3708/3952/4115 3705/3950/4113 3703/3945/4110 3704/3949/4112
f 3710/3953/4116 3706/3954/4117 3705/3950/4113 3708/3952/4115
f 3705/3950/4113 3706/3954/4117 3737/3955/4118 3707/3951/4114
f 3709/3956/4119 3708/3952/4115 3704/3949/4112 3775/3957/4120
f 3711/3958/4121 3710/3953/4116 3708/3952/4115 3709/3956/4119
f 3712/3959/4122 3713/3960/4123 3706/3954/4117 3710/3953/4116
f 3714/3961/4124 3712/3959/4122 3710/3953/4116 3711/3958/4121
f 3715/3962/4125 3717/3963/4126 3713/3960/4123 3712/3959/4122
f 3718/3964/4127 3715/3962/4125 3712/3959/4122 3714/3961/4124
f 3716/3965/4128 3728/3966/4129 3717/3963/4126 3715/3962/4125
f 3719/3967/4130 3716/3965/4128 3715/3962/4125 3718/3964/4127
f 3582/3826/4035 3719/3967/4130 3718/3964/4127 3585/3829/4038
f 3585/3829/4038 3718/3964/4127 3714/3961/4124 3588/3832/4041
f 3720/3968/4131 3721/3969/4132 3716/3965/4128 3719/3967/4130
f 3579/3823/4032 3720/3968/4131 3719/3967/4130 3582/3826/4035
f 3722/3970/4133 3723/3971/4134 3721/3969/4132 3720/3968/4131
f 3576/3820/4029 3722/3970/4133 3720/3968/4131 3579/3823/4032
f 3724/3766/3979 3522/3764/3977 3723/3971/4134 3722/3970/4133
f 3573/3817/4026 3724/3766/3979 3722/3970/4133 3576/3820/4029
f 3570/3770/3983 3521/3765/3978 3724/3766/3979 3573/3817/4026
f 3723/3971/4134 3725/3972/4135 3727/3973/4136 3721/3969/4132
f 3522/3764/3977 3519/3761/3975 3725/3972/4135 3723/3971/4134
f 3727/3973/4136 3725/3972/4135 3726/3974/4137 3729/3975/4138
f 3725/3972/4135 3519/3761/3975 3517/3762/3974 3726/3974/4137
f 3721/3969/4132 3727/3973/4136 3728/3966/4129 3716/3965/4128
f 3728/3966/4129 3727/3973/4136 3729/3975/4138 3731/3976/4139
f 3729/3977/4138 3726/3978/4137 3748/3979/4137 3730/3980/4138
f 3731/3981/4139 3729/3977/4138 3730/3980/4138 3732/3982/4139
f 3733/3983/4140 3731/3981/4139 3732/3982/4139 3734/3984/4140
f 3717/3963/4126 3728/3966/4129 3731/3976/4139 3733/3985/4140
f 3735/3986/4141 3733/3983/4140 3734/3984/4140 3736/3987/4141
f 3713/3960/4123 3717/3963/4126 3733/3985/4140 3735/3988/4141
f 3737/3989/4118 3735/3986/4141 3736/3987/4141 3738/3990/4118
f 3706/3954/4117 3713/3960/4123 3735/3988/4141 3737/3955/4118
f 3707/3991/4114 3737/3989/4118 3738/3990/4118 3740/3992/4114
f 3739/3993/3925 3741/3994/3925 3740/3992/3925 3738/3990/3925
f 3742/3995/3925 3739/3993/3925 3738/3990/3925 3736/3987/3925
f 3741/3994/3925 3695/3939/3925 3698/3941/3925 3740/3992/3925
f 3700/3943/4108 3707/3991/4114 3740/3992/4114 3698/3941/4108
f 3673/3928/3925 3679/3927/3925 3741/3994/3925 3739/3993/3925
f 3679/3927/3925 3687/3936/3925 3695/3939/3925 3741/3994/3925
f 3692/3929/3925 3673/3928/3925 3739/3993/3925 3742/3995/3925
f 3743/3996/3925 3742/3995/3925 3736/3987/3925 3734/3984/3925
f 3686/3935/3925 3692/3929/3925 3742/3995/3925 3743/3996/3925
f 3744/3997/3925 3743/3996/3925 3734/3984/3925 3732/3982/3925
f 3678/3924/3925 3686/3935/3925 3743/3996/3925 3744/3997/3925
f 3745/3998/3925 3744/3997/3925 3732/3982/3925 3730/3980/3925
f 3672/3925/3925 3678/3924/3925 3744/3997/3925 3745/3998/3925
f 3691/3926/3925 3672/3925/3925 3745/3998/3925 3746/3999/3925
f 3746/3999/3925 3745/3998/3925 3730/3980/3925 3748/3979/3925
f 3747/4000/3925 3746/3999/3925 3748/3979/3925 3749/3760/3925
f 3685/3934/3925 3691/3926/3925 3746/3999/3925 3747/4000/3925
f 3726/3978/4137 3517/3759/3974 3749/3760/3974 3748/3979/4137
f 3750/4001/3925 3747/4000/3925 3749/3760/3925 3516/3756/3925
f 3677/3921/3925 3685/3934/3925 3747/4000/3925 3750/4001/3925
f 3751/4002/3925 3750/4001/3925 3516/3756/3925 3514/3754/3925
f 3671/3922/3925 3677/3921/3925 3750/4001/3925 3751/4002/3925
f 3690/3923/3925 3671/3922/3925 3751/4002/3925 3752/4003/3925
f 3752/4003/3925 3751/4002/3925 3514/3754/3925 3512/3752/3925
f 3753/4004/3925 3752/4003/3925 3512/3752/3925 3755/3751/3925
f 3684/3933/3925 3690/3923/3925 3752/4003/3925 3753/4004/3925
f 3754/4005/3925 3753/4004/3925 3755/3751/3925 3756/4006/3925
f 3676/3918/3925 3684/3933/3925 3753/4004/3925 3754/4005/3925
f 3507/3750/3965 3505/4007/3964 3756/4006/3964 3755/3751/3965
f 3505/4007/3964 3760/4008/3954 3757/4009/3954 3756/4006/3964
f 3758/4010/3925 3754/4005/3925 3756/4006/3925 3757/4009/3925
f 3762/4011/3925 3758/4010/3925 3757/4009/3925 3759/4012/3925
f 3760/4008/3954 3495/4013/3951 3759/4012/3951 3757/4009/3954
f 3495/4013/3951 3493/4014/3949 3761/4015/3949 3759/4012/3951
f 3763/4016/3925 3762/4011/3925 3759/4012/3925 3761/4015/3925
f 3683/3932/3925 3689/3920/3925 3762/4011/3925 3763/4016/3925
f 3689/3920/3925 3670/3919/3925 3758/4010/3925 3762/4011/3925
f 3764/4017/3925 3763/4016/3925 3761/4015/3925 3766/4018/3925
f 3675/3915/3925 3683/3932/3925 3763/4016/3925 3764/4017/3925
f 3765/4019/3925 3764/4017/3925 3766/4018/3925 3767/4020/3925
f 3669/3916/3925 3675/3915/3925 3764/4017/3925 3765/4019/3925
f 3491/4021/3948 3769/4022/3947 3767/4020/3947 3766/4018/3948
f 3493/4014/3949 3491/4021/3948 3766/4018/3948 3761/4015/3949
f 3774/4023/3925 3765/4019/3925 3767/4020/3925 3768/4024/3925
f 3769/4022/3947 3770/4025/4142 3768/4024/4142 3767/4020/3947
f 3485/3711/3938 3482/3708/3935 3770/4026/4142 3769/3720/3947
f 3770/4025/4142 3771/4027/4143 3772/4028/4143 3768/4024/4142
f 3482/3708/3935 3479/3707/3934 3771/4029/4143 3770/4026/4142
f 3771/4027/4143 3472/3698/3927 3469/3696/3927 3772/4028/4143
f 3479/3707/3934 3474/3701/3929 3472/3702/3927 3771/4029/4143
f 3773/4030/3925 3774/4023/3925 3768/4024/3925 3772/4028/3925
f 3467/3695/3925 3773/4030/3925 3772/4028/3925 3469/3696/3925
f 3681/3694/3925 3682/3937/3925 3773/4030/3925 3467/3695/3925
f 3682/3937/3925 3688/3917/3925 3774/4023/3925 3773/4030/3925
f 3688/3917/3925 3669/3916/3925 3765/4019/3925 3774/4023/3925
f 3670/3919/3925 3676/3918/3925 3754/4005/3925 3758/4010/3925
f 3588/3832/4041 3714/3961/4124 3711/3958/4121 3591/3835/4044
f 3591/3835/4044 3711/3958/4121 3709/3956/4119 3594/3838/4047
f 3594/3838/4047 3709/3956/4119 3775/3957/4120 3597/3841/4050
f 3775/3957/4120 3704/3949/4112 3702/3948/4111 3776/4031/4144
f 3597/3841/4050 3775/3957/4120 3776/4031/4144 3600/3844/4053
f 3776/4031/4144 3702/3948/4111 3778/3895/4104 3777/4032/4145
f 3600/3844/4053 3776/4031/4144 3777/4032/4145 3603/3847/4056
f 3777/4032/4145 3778/3895/4104 3648/3888/4097 3646/3887/4096
f 3603/3847/4056 3777/4032/4145 3646/3887/4096 3606/3850/4059
f 3674/3930/3925 3680/3910/3925 3658/3905/3925 3696/3904/3925
f 3455/3677/3924 3779/3907/4102 3660/3908/4102 3458/3678/3924
f 3453/3674/3923 3651/3891/4100 3779/3893/4102 3455/3675/3924
f 3644/3884/4093 3651/3891/4100 3453/3674/3923 3642/3673/3922
f 3382/3594/3843 3561/3807/4017 3566/3811/4020 3384/3596/3845
f 3100/3321/3578 3371/3583/3834 3374/3331/3588 3102/3322/3579
f 3098/3320/3577 3368/3580/3831 3371/3583/3834 3100/3321/3578
f 3187/3319/3576 3360/3415/3669 3368/3580/3831 3098/3320/3577
f 3087/3306/3563 3095/3315/3572 3103/3324/3581 3085/3304/3561
f 2878/3083/3352 3046/3256/3517 3042/3253/3514 2876/3081/3350
f 2881/3086/3355 3781/3094/3363 3046/3256/3517 2878/3083/3352
f 2876/3081/3350 3042/3253/3514 3035/3246/3507 3033/3082/3351
f 3782/3048/3317 3014/3227/3488 3783/3228/3489 3784/4033/54
f 3784/4033/54 3783/3228/3489 3785/4034/4146 3786/4035/51
f 3783/3228/3489 3009/3222/3483 3787/3221/3482 3785/4034/4146
f 3786/4035/51 3785/4034/4146 3788/4036/4147 3789/4037/4148
f 3785/4034/4146 3787/3221/3482 3790/4038/4149 3788/4036/4147
f 3789/4037/4148 3788/4036/4147 3791/4039/4150 3792/2975/3253
f 3788/4036/4147 3790/4038/4149 3793/4040/4151 3791/4039/4150
f 3792/2975/3253 3791/4039/4150 2754/2965/3245 2756/2964/47
f 3791/4039/4150 3793/4040/4151 3794/2966/3246 2754/2965/3245
f 3794/2966/3246 3793/4040/4151 3795/4041/4152 3797/4042/4153
f 3793/4040/4151 3790/4038/4149 3796/4043/4154 3795/4041/4152
f 3796/4043/4154 3801/3213/3474 3798/4044/4155 3795/4041/4152
f 3795/4041/4152 3798/4044/4155 3800/4045/4156 3797/4042/4153
f 3798/4044/4155 3799/4046/4157 3802/3180/3441 3800/4045/4156
f 3801/3213/3474 3003/3211/3472 3799/4046/4157 3798/4044/4155
f 3010/3220/3481 3002/3212/3473 3801/3213/3474 3796/4043/4154
f 3797/4042/4153 3800/4045/4156 3803/4047/4158 3804/2959/3240
f 3800/4045/4156 3802/3180/3441 2977/3177/3438 3803/4047/4158
f 3804/2959/3240 3803/4047/4158 2743/2950/3232 2745/2952/3234
f 3803/4047/4158 2977/3177/3438 2973/2951/3233 2743/2950/3232
f 2750/2958/3239 3794/2966/3246 3797/4042/4153 3804/2959/3240
f 3799/4046/4157 3805/3204/3465 2976/3181/3442 3802/3180/3441
f 3003/3211/3472 2996/3203/3464 3805/3204/3465 3799/4046/4157
f 3805/3204/3465 2992/3198/3459 2979/3182/3443 2976/3181/3442
f 3790/4038/4149 3787/3221/3482 3010/3220/3481 3796/4043/4154
f 3806/4048/44 3789/4037/4148 3792/2975/3253 2761/2974/3252
f 3808/4049/4159 3786/4035/51 3789/4037/4148 3806/4048/44
f 3807/2984/43 3806/4048/44 2761/2974/3252 2763/2973/3251
f 2838/3038/3309 3808/4049/4159 3806/4048/44 3807/2984/43
f 2840/3039/3310 3809/3044/53 3808/4049/4159 2838/3038/3309
f 3809/3044/53 3784/4033/54 3786/4035/51 3808/4049/4159
f 2844/3043/56 3782/3048/3317 3784/4033/54 3809/3044/53
f 2016/2179/2464 2373/2574/2855 2370/2175/2460 2008/2174/2459
f 3811/2197/2482 2028/2195/2480 3812/4050/4160 3813/4051/4161
f 2028/2195/2480 2020/2187/2472 3814/2188/2473 3812/4050/4160
f 3813/4051/4161 3812/4050/4160 3815/4052/4162 3817/4053/4163
f 3812/4050/4160 3814/2188/2473 3818/4054/4164 3815/4052/4162
f 3816/4055/4165 3983/4056/4166 3817/4053/4163 3815/4052/4162
f 3820/4057/4167 3816/4055/4165 3815/4052/4162 3818/4054/4164
f 3821/4058/4168 3820/4057/4167 3818/4054/4164 3819/4059/4169
f 3814/2188/2473 2021/2186/2471 3819/4059/4169 3818/4054/4164
f 3822/4060/4170 3823/4061/4171 3816/4055/4165 3820/4057/4167
f 3825/2158/2443 3822/4060/4170 3820/4057/4167 3821/4058/4168
f 3823/4061/4171 3822/4060/4170 3824/4062/4172 3826/4063/4173
f 3822/4060/4170 3825/2158/2443 1998/2155/2440 3824/4062/4172
f 1997/2159/2444 3825/2158/2443 3821/4058/4168 3991/2164/2449
f 3826/4063/4173 3824/4062/4172 1987/2147/2432 3828/2146/2431
f 3824/4062/4172 1998/2155/2440 1990/2148/2433 1987/2147/2432
f 3827/4064/4174 3826/4063/4173 3828/2146/2431 3829/4065/4175
f 3982/4066/4176 3823/4061/4171 3826/4063/4173 3827/4064/4174
f 3829/4065/4175 3828/2146/2431 1988/2143/2428 3831/4067/4177
f 3830/4068/4178 3979/4069/4179 3827/4064/4174 3829/4065/4175
f 3832/4070/4180 3830/4068/4178 3829/4065/4175 3831/4067/4177
f 3834/4071/4181 3832/4070/4180 3831/4067/4177 3833/4072/4182
f 3831/4067/4177 1988/2143/2428 1984/2140/2425 3833/4072/4182
f 3833/4072/4182 1984/2140/2425 1977/2127/2417 1974/2126/2416
f 3836/2131/2418 3834/4071/4181 3833/4072/4182 1974/2126/2416
f 3975/4073/4183 3832/4070/4180 3834/4071/4181 3835/4074/4184
f 3835/4074/4184 3834/4071/4181 3836/2131/2418 3837/4075/4185
f 3837/4075/4185 3836/2131/2418 1975/2130/2413 3839/4076/4186
f 3838/4077/4187 3837/4075/4185 3839/4076/4186 3840/4078/4188
f 3973/4079/4189 3835/4074/4184 3837/4075/4185 3838/4077/4187
f 3840/4080/4188 3839/4081/4186 3841/2120/2410 3842/4082/4190
f 3839/4081/4186 1975/2123/2413 1967/2118/2408 3841/2120/2410
f 3842/4082/4190 3841/2120/2410 1968/2115/2405 3844/4083/4191
f 3970/4084/4192 3840/4080/4188 3842/4082/4190 3843/4085/4193
f 3843/4085/4193 3842/4082/4190 3844/4083/4191 3845/4086/4194
f 3845/4086/4194 3844/4083/4191 3846/4087/4195 3847/4088/4196
f 3844/4083/4191 1968/2115/2405 1965/2114/2404 3846/4087/4195
f 3847/4088/4196 3846/4087/4195 3848/4089/4197 3849/4090/4198
f 3846/4087/4195 1965/2114/2404 1962/2112/2402 3848/4089/4197
f 3849/4090/4198 3848/4089/4197 3850/4091/4199 3851/4092/4200
f 3848/4089/4197 1962/2112/2402 3852/2113/2403 3850/4091/4199
f 3851/4092/4200 3850/4091/4199 3853/4093/4201 3854/4094/4202
f 3850/4091/4199 3852/2113/2403 3855/4095/4203 3853/4093/4201
f 3854/4094/4202 3853/4093/4201 3856/4096/4204 3857/4097/4205
f 3853/4093/4201 3855/4095/4203 3858/4098/4206 3856/4096/4204
f 3857/4097/4205 3856/4096/4204 3859/4099/4207 3860/4100/4208
f 3856/4096/4204 3858/4098/4206 3861/4101/4209 3859/4099/4207
f 3860/4100/4208 3859/4099/4207 3862/4102/4210 3863/4103/4211
f 3859/4099/4207 3861/4101/4209 3864/4104/4212 3862/4102/4210
f 3863/4103/4211 3862/4102/4210 3865/4105/4213 3866/4106/4214
f 3862/4102/4210 3864/4104/4212 3867/4107/4215 3865/4105/4213
f 3866/4106/4214 3865/4105/4213 3868/4108/4216 3869/4109/4217
f 3865/4105/4213 3867/4107/4215 3870/4110/4218 3868/4108/4216
f 3869/4109/4217 3868/4108/4216 3871/4111/4219 3872/4112/4220
f 3868/4108/4216 3870/4110/4218 3873/4113/4221 3871/4111/4219
f 3872/4112/4220 3871/4111/4219 3874/4114/4222 3875/4115/4223
f 3871/4111/4219 3873/4113/4221 3876/4116/4224 3874/4114/4222
f 3875/4115/4223 3874/4114/4222 3877/4117/4225 3878/4118/4226
f 3874/4114/4222 3876/4116/4224 3879/4119/4227 3877/4117/4225
f 3878/4118/4226 3877/4117/4225 3880/4120/4228 3881/4121/4229
f 3877/4117/4225 3879/4119/4227 3882/4122/4230 3880/4120/4228
f 3881/4121/4229 3880/4120/4228 3883/4123/4231 3884/4124/4232
f 3880/4120/4228 3882/4122/4230 3885/4125/4233 3883/4123/4231
f 3884/4124/4232 3883/4123/4231 3886/2026/2316 3887/4126/4234
f 3883/4123/4231 3885/4125/4233 1890/2027/2317 3886/2026/2316
f 3887/4126/4234 3886/2026/2316 1891/2023/2313 3889/4127/4235
f 3894/4128/4236 3884/4124/4232 3887/4126/4234 3888/4129/4237
f 3888/4129/4237 3887/4126/4234 3889/4127/4235 3890/4130/4238
f 3890/4130/4238 3889/4127/4235 3891/4131/4239 3892/1798/2095
f 3889/4127/4235 1891/2023/2313 1887/2020/2310 3891/4131/4239
f 3892/1798/2095 3891/4131/4239 1878/2012/2302 1678/1794/2091
f 3891/4131/4239 1887/2020/2310 1880/2013/2303 1878/2012/2302
f 1685/1802/2099 3890/4130/4238 3892/1798/2095 1677/1797/2094
f 3893/1806/2103 3888/4129/4237 3890/4130/4238 1685/1802/2099
f 3896/4132/4240 3894/4128/4236 3888/4129/4237 3893/1806/2103
f 3895/4133/4241 3881/4121/4229 3884/4124/4232 3894/4128/4236
f 3897/4134/4242 3895/4133/4241 3894/4128/4236 3896/4132/4240
f 3898/4135/4243 3900/4136/4244 3897/4134/4242 3896/4132/4240
f 1684/1805/2102 3898/4135/4243 3896/4132/4240 3893/1806/2103
f 3899/1815/2112 3898/4135/4243 1684/1805/2102 1687/1804/2101
f 3901/4137/4245 3900/4136/4244 3898/4135/4243 3899/1815/2112
f 3900/4136/4244 3902/4138/4246 3904/4139/4247 3897/4134/4242
f 3905/4140/4248 3902/4138/4246 3900/4136/4244 3901/4137/4245
f 3906/4141/4249 3903/4142/4250 3902/4138/4246 3905/4140/4248
f 3902/4138/4246 3903/4142/4250 3929/4143/4251 3904/4139/4247
f 3910/1837/2134 3906/4141/4249 3905/4140/4248 3907/4144/4252
f 3907/4144/4252 3905/4140/4248 3901/4137/4245 3909/4145/4253
f 3908/4146/4254 3907/4144/4252 3909/4145/4253 3911/1823/2120
f 1712/1835/2132 3910/1837/2134 3907/4144/4252 3908/4146/4254
f 1711/1836/2133 3912/4147/4255 3906/4141/4249 3910/1837/2134
f 3911/1823/2120 3909/4145/4253 1692/1814/2111 1694/1813/2110
f 3909/4145/4253 3901/4137/4245 3899/1815/2112 1692/1814/2111
f 1703/1826/2123 3908/4146/4254 3911/1823/2120 1699/1822/2119
f 1705/1828/2125 1712/1835/2132 3908/4146/4254 1703/1826/2123
f 3912/4147/4255 3913/4148/4256 3903/4142/4250 3906/4141/4249
f 1714/1838/2135 3914/4149/4257 3912/4147/4255 1711/1836/2133
f 3914/4149/4257 3915/4150/4258 3913/4148/4256 3912/4147/4255
f 1717/1841/2138 1725/1850/2147 3914/4149/4257 1714/1838/2135
f 1725/1850/2147 3917/1852/2149 3915/4150/4258 3914/4149/4257
f 3913/4148/4256 3915/4150/4258 3916/4151/4259 3927/4152/4260
f 3915/4150/4258 3917/1852/2149 3918/4153/4261 3916/4151/4259
f 3917/1852/2149 1724/1851/2148 3920/4154/4262 3918/4153/4261
f 3918/4153/4261 3919/4155/4263 3925/4156/4264 3916/4151/4259
f 3920/4154/4262 3921/4157/4265 3919/4155/4263 3918/4153/4261
f 3922/4158/4266 3923/4159/4267 3921/4157/4265 3920/4154/4262
f 1724/1851/2148 1727/1853/2150 3922/4158/4266 3920/4154/4262
f 1727/1853/2150 1730/1856/2153 1738/1865/2162 3922/4158/4266
f 1738/1865/2162 3924/1867/2164 3923/4159/4267 3922/4158/4266
f 3924/1867/2164 3857/4097/4205 3860/4100/4208 3923/4159/4267
f 3923/4159/4267 3860/4100/4208 3863/4103/4211 3921/4157/4265
f 1737/1866/2163 3854/4094/4202 3857/4097/4205 3924/1867/2164
f 3921/4157/4265 3863/4103/4211 3866/4106/4214 3919/4155/4263
f 3919/4155/4263 3866/4106/4214 3869/4109/4217 3925/4156/4264
f 3916/4151/4259 3925/4156/4264 3926/4160/4268 3927/4152/4260
f 3925/4156/4264 3869/4109/4217 3872/4112/4220 3926/4160/4268
f 3927/4152/4260 3926/4160/4268 3928/4161/4269 3929/4143/4251
f 3926/4160/4268 3872/4112/4220 3875/4115/4223 3928/4161/4269
f 3929/4143/4251 3928/4161/4269 3930/4162/4270 3904/4139/4247
f 3928/4161/4269 3875/4115/4223 3878/4118/4226 3930/4162/4270
f 3904/4139/4247 3930/4162/4270 3895/4133/4241 3897/4134/4242
f 3930/4162/4270 3878/4118/4226 3881/4121/4229 3895/4133/4241
f 3903/4142/4250 3913/4148/4256 3927/4152/4260 3929/4143/4251
f 3885/4125/4233 1901/2035/2325 1893/2028/2318 1890/2027/2317
f 3882/4122/4230 3931/2040/2330 1901/2035/2325 3885/4125/4233
f 3879/4119/4227 3932/4163/4271 3931/2040/2330 3882/4122/4230
f 3931/2040/2330 3932/4163/4271 3934/4164/4272 1900/2038/2328
f 3932/4163/4271 3933/4165/4273 3935/4166/4274 3934/4164/4272
f 3876/4116/4224 3933/4165/4273 3932/4163/4271 3879/4119/4227
f 3934/4164/4272 1910/2047/2337 1903/2039/2329 1900/2038/2328
f 3935/4166/4274 1914/2050/2340 1910/2047/2337 3934/4164/4272
f 3933/4165/4273 3938/4167/4275 3936/4168/4276 3935/4166/4274
f 3936/4168/4276 3939/2053/2343 1914/2050/2340 3935/4166/4274
f 3937/4169/4277 3940/4170/4278 3939/2053/2343 3936/4168/4276
f 3938/4167/4275 3962/4171/4279 3937/4169/4277 3936/4168/4276
f 3940/4170/4278 3941/4172/4280 1913/2054/2344 3939/2053/2343
f 3943/4173/4281 3942/4174/4282 3940/4170/4278 3937/4169/4277
f 3942/4174/4282 3944/4175/4283 3941/4172/4280 3940/4170/4278
f 3946/4176/4284 3945/4177/4285 3942/4174/4282 3943/4173/4281
f 3945/4177/4285 3947/4178/4286 3944/4175/4283 3942/4174/4282
f 3950/4179/4287 3948/4180/4288 3945/4177/4285 3946/4176/4284
f 3948/4180/4288 3951/4181/4289 3947/4178/4286 3945/4177/4285
f 3949/4182/4290 3953/2095/2385 3951/4181/4289 3948/4180/4288
f 3955/4183/4291 3949/4182/4290 3948/4180/4288 3950/4179/4287
f 3951/4181/4289 3952/4184/4292 3954/2068/2358 3947/4178/4286
f 3953/2095/2385 1949/2093/2383 3952/4184/4292 3951/4181/4289
f 1956/2102/2392 1948/2094/2384 3953/2095/2385 3949/4182/4290
f 3952/4184/4292 1939/2083/2373 1926/2069/2359 3954/2068/2358
f 1949/2093/2383 1941/2084/2374 1939/2083/2373 3952/4184/4292
f 3947/4178/4286 3954/2068/2358 1927/2065/2355 3944/4175/4283
f 3956/4185/4293 3958/4186/4294 3955/4183/4291 3950/4179/4287
f 3957/4187/4295 3956/4185/4293 3950/4179/4287 3946/4176/4284
f 3861/4101/4209 3956/4185/4293 3957/4187/4295 3864/4104/4212
f 3858/4098/4206 3958/4186/4294 3956/4185/4293 3861/4101/4209
f 3855/4095/4203 3959/4188/4296 3958/4186/4294 3858/4098/4206
f 3958/4186/4294 3959/4188/4296 3960/2104/2394 3955/4183/4291
f 3959/4188/4296 1963/2111/2401 1955/2103/2393 3960/2104/2394
f 3852/2113/2403 1963/2111/2401 3959/4188/4296 3855/4095/4203
f 3960/2104/2394 1956/2102/2392 3949/4182/4290 3955/4183/4291
f 3864/4104/4212 3957/4187/4295 3961/4189/4297 3867/4107/4215
f 3961/4189/4297 3957/4187/4295 3946/4176/4284 3943/4173/4281
f 3867/4107/4215 3961/4189/4297 3962/4171/4279 3870/4110/4218
f 3962/4171/4279 3961/4189/4297 3943/4173/4281 3937/4169/4277
f 3870/4110/4218 3962/4171/4279 3938/4167/4275 3873/4113/4221
f 3944/4175/4283 1927/2065/2355 1923/2062/2352 3941/4172/4280
f 3941/4172/4280 1923/2062/2352 1916/2055/2345 1913/2054/2344
f 3873/4113/4221 3938/4167/4275 3933/4165/4273 3876/4116/4224
f 1740/1868/2165 3851/4092/4200 3854/4094/4202 1737/1866/2163
f 1743/1870/2167 3849/4090/4198 3851/4092/4200 1740/1868/2165
f 3963/1874/2171 3847/4088/4196 3849/4090/4198 1743/1870/2167
f 3964/4190/4298 3845/4086/4194 3847/4088/4196 3963/1874/2171
f 1750/1878/2175 3964/4190/4298 3963/1874/2171 1742/1873/2170
f 3966/1882/2179 3965/4191/4299 3964/4190/4298 1750/1878/2175
f 3965/4191/4299 3843/4085/4193 3845/4086/4194 3964/4190/4298
f 3969/4192/4300 3967/4193/4301 3965/4191/4299 3966/1882/2179
f 3967/4193/4301 3970/4084/4192 3843/4085/4193 3965/4191/4299
f 3968/1979/2269 3971/4194/4302 3970/4195/4192 3967/4196/4301
f 1843/1977/2267 3968/1979/2269 3967/4196/4301 3969/4197/4300
f 3971/4194/4302 3838/4077/4187 3840/4078/4188 3970/4195/4192
f 1842/1978/2268 3972/4198/4303 3971/4194/4302 3968/1979/2269
f 3972/4198/4303 3973/4079/4189 3838/4077/4187 3971/4194/4302
f 1845/1980/2270 1857/1991/2281 3972/4198/4303 1842/1978/2268
f 1857/1991/2281 3974/1993/2283 3973/4079/4189 3972/4198/4303
f 3974/1993/2283 3975/4073/4183 3835/4074/4184 3973/4079/4189
f 1856/1992/2282 3976/4199/4304 3975/4073/4183 3974/1993/2283
f 3976/4199/4304 3830/4068/4178 3832/4070/4180 3975/4073/4183
f 1859/1994/2284 3977/4200/4305 3976/4199/4304 1856/1992/2282
f 3977/4200/4305 3979/4069/4179 3830/4068/4178 3976/4199/4304
f 1862/1997/2287 3978/4201/4306 3977/4200/4305 1859/1994/2284
f 3978/4201/4306 3980/4202/4307 3979/4069/4179 3977/4200/4305
f 3979/4069/4179 3980/4202/4307 3982/4066/4176 3827/4064/4174
f 3980/4202/4307 3978/4201/4306 3984/4203/4308 3981/4204/4309
f 3980/4202/4307 3981/4204/4309 3983/4056/4166 3982/4066/4176
f 3823/4061/4171 3982/4066/4176 3983/4056/4166 3816/4055/4165
f 3981/4204/4309 3985/4205/4310 3817/4053/4163 3983/4056/4166
f 3981/4204/4309 3984/4203/4308 3986/4206/4311 3985/4205/4310
f 3988/4207/4312 3987/4208/4313 3985/4205/4310 3986/4206/4311
f 3985/4205/4310 3987/4208/4313 3813/4051/4161 3817/4053/4163
f 1883/2016/2306 3989/2018/2308 3987/4208/4313 3988/4207/4312
f 3987/4208/4313 3989/2018/2308 3811/2197/2482 3813/4051/4161
f 3989/2018/2308 1882/2017/2307 2027/2196/2481 3811/2197/2482
f 1874/2005/2295 3988/4207/4312 3986/4206/4311 1867/2003/2293
f 1876/2009/2299 1883/2016/2306 3988/4207/4312 1874/2005/2295
f 3984/4203/4308 1865/2000/2290 1867/2003/2293 3986/4206/4311
f 3978/4201/4306 1862/1997/2287 1865/2000/2290 3984/4203/4308
f 3990/1971/2261 1835/1970/2260 1843/1977/2267 3969/4197/4300
f 1749/1881/2178 3990/4209/2261 3969/4192/4300 3966/1882/2179
f 1836/1891/2188 3990/4209/2261 1749/1881/2178 1752/1880/2177
f 3991/2164/2449 3821/4058/4168 3819/4059/4169 2011/2176/2461
f 2021/2186/2471 2013/2177/2462 2011/2176/2461 3819/4059/4169
f 1768/1905/2199 1813/1946/2238 1829/1961/2253 1766/1902/2197
f 1813/1946/2238 1815/1948/2240 1822/1955/2247 1829/1961/2253
f 3992/4210/4314 1652/1766/2063 1824/1769/2066 1821/1953/2245
f 1819/1952/2244 3993/4211/4315 3992/4210/4314 1821/1953/2245
f 3993/4211/4315 1639/1752/2049 1642/1755/2052 3992/4210/4314
f 1652/1766/2063 3992/4210/4314 1642/1755/2052 1645/1758/2055
f 3993/4211/4315 3994/4212/4316 1637/1751/2048 1639/1752/2049
f 3994/4212/4316 3993/4211/4315 1819/1952/2244 1817/1951/2243
f 3994/4212/4316 1560/1670/1970 1558/1668/1968 1637/1751/2048
f 1560/1670/1970 3994/4212/4316 1817/1951/2243 1563/1672/1972
f 3995/1820/2117 1697/1818/2115 3996/4213/4317 3997/4214/4318
f 1697/1818/2115 1689/1810/2107 3998/1811/2108 3996/4213/4317
f 3997/4214/4318 3996/4213/4317 3999/4215/4319 4000/4216/4320
f 3996/4213/4317 3998/1811/2108 4001/4217/4321 3999/4215/4319
f 4000/4216/4320 3999/4215/4319 4002/4218/4322 4003/4219/4323
f 3999/4215/4319 4001/4217/4321 4004/4220/4324 4002/4218/4322
f 4003/4219/4323 4002/4218/4322 4005/4221/4325 4006/4222/4326
f 4002/4218/4322 4004/4220/4324 4007/4223/4327 4005/4221/4325
f 4006/4222/4326 4005/4221/4325 1644/1756/2053 1641/1753/2050
f 4005/4221/4325 4007/4223/4327 1648/1759/2056 1644/1756/2053
f 4007/4223/4327 1668/1781/2078 1664/1764/2061 1648/1759/2056
f 4004/4220/4324 4008/1784/2081 1668/1781/2078 4007/4223/4327
f 1635/1747/2044 1633/1745/2042 4006/4222/4326 1641/1753/2050
f 1633/1745/2042 1631/1743/2040 4003/4219/4323 4006/4222/4326
f 4001/4217/4321 4009/4224/4328 4008/1784/2081 4004/4220/4324
f 4009/4224/4328 1680/1799/2096 1667/1785/2082 4008/1784/2081
f 3998/1811/2108 1690/1809/2106 4009/4224/4328 4001/4217/4321
f 1690/1809/2106 1682/1800/2097 1680/1799/2096 4009/4224/4328
f 1631/1743/2040 1629/1741/2038 4000/4216/4320 4003/4219/4323
f 1629/1741/2038 1627/1739/2036 3997/4214/4318 4000/4216/4320
f 1627/1739/2036 1625/1737/2034 3995/1820/2117 3997/4214/4318
f 1625/1737/2034 1623/1735/2032 1696/1819/2116 3995/1820/2117
f 4010/4225/4329 1603/1716/2013 1526/1635/1935 1524/1634/1934
f 4012/4226/4330 1600/1713/2010 1603/1716/2013 4010/4225/4329
f 1522/1633/1933 4011/4227/4331 4010/4225/4329 1524/1634/1934
f 4011/4227/4331 4013/4228/4332 4012/4226/4330 4010/4225/4329
f 4014/4229/4333 1597/1710/2007 1600/1713/2010 4012/4226/4330
f 4013/4228/4332 4016/4230/4334 4014/4229/4333 4012/4226/4330
f 4015/4231/4335 1594/1707/2004 1597/1710/2007 4014/4229/4333
f 4016/4230/4334 4017/4232/4336 4015/4231/4335 4014/4229/4333
f 139/152/152 4017/4232/4336 4016/4230/4334 142/155/155
f 142/155/155 4016/4230/4334 4013/4228/4332 145/158/158
f 136/149/149 4018/4233/4337 4017/4232/4336 139/152/152
f 4017/4232/4336 4018/4233/4337 4019/4234/4338 4015/4231/4335
f 133/146/146 4020/4235/4339 4018/4233/4337 136/149/149
f 4018/4233/4337 4020/4235/4339 4021/4236/4340 4019/4234/4338
f 130/143/143 4022/4237/4341 4020/4235/4339 133/146/146
f 4020/4235/4339 4022/4237/4341 4024/4238/4342 4021/4236/4340
f 4022/4237/4341 4023/4239/4343 4025/4240/4344 4024/4238/4342
f 127/140/140 4023/4239/4343 4022/4237/4341 130/143/143
f 4025/4240/4344 1582/1695/1992 1585/1698/1995 4024/4238/4342
f 4024/4238/4342 1585/1698/1995 1588/1701/1998 4021/4236/4340
f 4026/4241/4345 1579/1694/1989 1582/1695/1992 4025/4240/4344
f 4023/4239/4343 4027/4242/4346 4026/4241/4345 4025/4240/4344
f 4028/4243/4347 1576/1686/1986 1579/1689/1989 4026/4244/4345
f 4027/4245/4346 4029/4246/4348 4028/4243/4347 4026/4244/4345
f 4030/4247/4349 1573/1683/1983 1576/1686/1986 4028/4243/4347
f 4029/4246/4348 4032/123/126 4030/4247/4349 4028/4243/4347
f 4031/4248/4350 1570/1680/1980 1573/1683/1983 4030/4247/4349
f 4032/123/126 113/122/125 4031/4248/4350 4030/4247/4349
f 114/124/127 4032/123/126 4029/4246/4348 121/131/134
f 4033/4249/4351 1567/1677/1977 1570/1680/1980 4031/4248/4350
f 113/122/125 111/119/122 4033/4249/4351 4031/4248/4350
f 4034/4250/4352 1564/1674/1974 1567/1677/1977 4033/4249/4351
f 111/119/122 108/116/119 4034/4250/4352 4033/4249/4351
f 91/104/107 1561/103/106 1564/1674/1974 4034/4250/4352
f 108/116/119 94/105/108 91/104/107 4034/4250/4352
f 121/131/134 4029/4246/4348 4027/4245/4346 124/134/137
f 124/139/137 4027/4242/4346 4023/4239/4343 127/140/140
f 4021/4236/4340 1588/1701/1998 1591/1704/2001 4019/4234/4338
f 4019/4234/4338 1591/1704/2001 1594/1707/2004 4015/4231/4335
f 145/158/158 4013/4228/4332 4011/4227/4331 148/161/161
f 148/161/161 4011/4227/4331 1522/1633/1933 151/164/164
